Price,('Close', 'AUSO.BA'),('High', 'AUSO.BA'),('Low', 'AUSO.BA'),('Open', 'AUSO.BA'),('Volume', 'AUSO.BA')
Ticker,AUSO.BA,AUSO.BA,AUSO.BA,AUSO.BA,AUSO.BA
Date,,,,,
2020-04-17,47.8812255859375,50.754099121093745,45.965976562499996,48.4557988317497,18187
2020-04-20,47.833343505859375,49.796472959219095,46.44478727927166,49.796472959219095,78352
2020-04-21,45.96597671508789,49.03037589336994,45.96597671508789,47.689700111294165,22629
2020-04-22,46.20538330078125,47.115127329540876,45.487164907504855,46.061738160906906,14360
2020-04-23,45.77444839477539,47.402410705157976,45.39140080312781,47.402410705157976,12706
2020-04-24,44.529537200927734,45.96597388482863,43.66767372936824,45.96597388482863,21429
2020-04-27,45.822330474853516,45.822330474853516,43.09310213423749,45.151996252981185,19884
2020-04-28,49.604949951171875,52.66934917949764,45.774451829026596,45.774451829026596,98409
2020-04-29,50.6583366394043,51.61596112292387,49.50918652857131,49.796473143017685,32160
2020-04-30,50.37104797363281,51.61596276423264,49.03037584590259,51.52019812100702,17125
2020-05-04,49.79647445678711,50.27528671117929,47.40241318482619,50.27528671117929,18365
2020-05-05,49.604949951171875,49.79647558788868,47.881226526816036,49.70071459605411,12735
2020-05-06,48.55156326293945,49.7007134025982,47.4024131232807,49.604948760015546,141288
2020-05-07,50.46681213378906,50.56257312305045,48.36003749261038,48.83884974501246,51078
2020-05-08,49.03037643432617,53.4354477902379,48.838850798623994,50.75409984955043,86044
2020-05-11,51.615962982177734,51.615962982177734,48.360038159710825,49.03037605293021,38877
2020-05-12,56.97865676879883,57.84052026517613,51.61596112236617,52.477820965695976,420954
2020-05-13,57.17018127441406,59.37271681266137,54.10578225669948,57.93628011558085,23198
2020-05-14,58.1278076171875,58.79814549475919,55.54222074829528,57.17018312152724,48578
2020-05-15,56.59560775756836,58.89390807031178,54.10578546296936,58.41509580957754,62457
2020-05-18,58.89390563964844,59.75576913461839,58.03204214467849,58.41509339867569,87034
2020-05-19,58.319332122802734,59.85152982510647,56.59560514140169,59.85152982510647,41418
2020-05-20,58.1278076171875,59.372718730936334,57.648995369357365,59.372718730936334,33423
2020-05-21,58.1278076171875,59.6600053490249,57.26594410987424,58.1278076171875,42878
2020-05-22,57.84052276611328,58.89390828230123,57.457471494928036,58.89390828230123,24302
2020-05-26,57.36170959472656,59.37271960396438,56.88289733985588,58.03204382910743,39248
2020-05-27,55.829505920410156,58.41509272233616,54.58459483890428,58.41509272233616,23313
2020-05-28,54.488834381103516,56.787130941607586,53.62697088775981,55.82950646146902,24552
2020-05-29,53.14815902709961,55.44645925705806,52.09477355264637,54.584595757561765,36291
2020-06-01,54.967647552490234,55.542220789089384,50.754098307271335,50.754098307271335,12078
2020-06-02,55.925270080566406,57.45746775960353,55.063406602953386,57.45746775960353,17321
2020-06-03,56.787132263183594,57.4574701454905,56.02103339185324,57.4574701454905,28512
2020-06-04,56.59560775756836,57.457471288109055,56.116795496834115,57.36171029718126,8156
2020-06-05,57.45746994018555,57.744756559276965,54.967647703996526,56.49984544118245,35691
2020-06-08,58.41509246826172,58.989665687058434,57.457468001568905,58.41509246826172,50767
2020-06-09,57.55323028564453,58.89390603048432,55.733745949701984,58.89390603048432,34113
2020-06-10,57.36170959472656,57.457470584481655,56.116794809624714,57.26594495192386,16462
2020-06-11,55.06340789794922,57.45746911090353,54.584595655358356,57.45746911090353,16521
2020-06-12,56.021034240722656,57.4574710161258,55.06340972378723,55.06340972378723,10216
2020-06-16,55.06340789794922,56.499844625721806,54.105783412767494,55.06340789794922,9971
2020-06-17,53.052398681640625,54.584596418123304,52.669347420996175,54.584596418123304,28496
2020-06-18,50.94562530517578,54.48883676747507,49.796475148072275,52.66934871430722,17423
2020-06-19,52.66934585571289,54.58459479592063,51.232909150557084,52.57358486992148,15458
2020-06-22,51.424434661865234,54.58459467563459,50.75409680366024,52.573584754067035,10564
2020-06-23,51.424434661865234,53.14815797364421,49.31766010166985,53.14815797364421,15643
2020-06-24,52.477821350097656,52.477821350097656,49.0303746454308,50.75409799776423,6062
2020-06-25,51.71172332763672,52.669347833704066,50.2752865685357,52.669347833704066,12125
2020-06-26,51.520198822021484,52.19053672153142,49.70071441254899,51.61596346655014,6874
2020-06-29,51.23291015625,52.6693468896028,49.79647342289719,51.137149168578816,14022
2020-06-30,51.23291015625,51.23291015625,49.31766117844626,50.27528566734813,6571
2020-07-01,50.17952346801758,51.232908919155065,48.93460874006745,51.232908919155065,7702
2020-07-02,47.8812255859375,50.46681249818764,47.8812255859375,50.17952587528154,20734
2020-07-03,48.4557991027832,49.79647488790746,47.78546486326871,48.07275148778172,15050
2020-07-06,50.6583366394043,51.23290986829704,49.987998770331096,50.37104637191043,18059
2020-07-07,50.46681213378906,51.23291100702288,50.27528650221871,50.84985974388218,12437
2020-07-08,51.137149810791016,51.71172305012898,50.46681192953168,50.94562417999584,8489
2020-07-13,50.94562530517578,52.19053645326806,50.754099670150595,51.615963201240135,29088
2020-07-14,53.62697219848633,54.10578445025853,48.93461066989975,51.232910939625334,12474
2020-07-15,53.052398681640625,53.9142585385193,52.669347420996175,53.62697191955974,26732
2020-07-16,53.62697219848633,54.96764796466752,53.14815994671413,53.14815994671413,16761
2020-07-17,54.5845947265625,56.49984366433662,53.62697025767544,53.62697025767544,24150
2020-07-20,53.81849670410156,54.68035654743575,52.66934659327515,54.58459556030334,18513
2020-07-21,54.488834381103516,55.82950646146902,52.66934640762124,53.14815864769053,61022
2020-07-22,55.1591682434082,55.54221949424265,53.626970546165325,54.488834034019106,18166
2020-07-23,54.68035888671875,55.54222241997186,53.72273436223648,55.54222241997186,30170
2020-07-24,54.871883392333984,55.35069564471569,54.393071139952276,54.77612240307668,6158
2020-07-27,54.871883392333984,55.542221276277886,54.01002352987546,54.01002352987546,35334
2020-07-28,54.776123046875,59.66000661735095,53.626972897043125,53.626972897043125,121417
2020-07-29,56.49984359741211,57.26594244100482,54.77612028606665,54.77612028606665,28878
2020-07-30,55.44646072387695,56.97865848235139,53.626972689271895,56.404085236185374,13264
2020-07-31,55.54222106933594,56.88289683222859,54.297309948391366,56.499845570531384,6875
2020-08-03,56.308319091796875,56.404083732302944,51.711722285883404,55.35069460502125,56940
2020-08-04,56.404083251953125,58.22356756950315,54.96764653402271,57.457468717216436,26863
2020-08-05,55.44646072387695,56.787132849280184,54.58459720158032,55.73374734695996,12731
2020-08-06,54.871883392333984,56.212559160221794,53.62697226675107,54.58459677151448,14836
2020-08-07,54.5845947265625,55.06340696100603,54.10578249211897,55.06340696100603,21014
2020-08-10,55.54222106933594,56.02103331993366,54.58459656814049,54.58459656814049,24440
2020-08-11,55.44646072387695,56.30832059312597,54.29731057849732,56.21255960311417,12174
2020-08-12,54.0100212097168,55.44645790515557,51.71172103579579,55.06340665848626,23086
2020-08-13,54.488834381103516,55.54221984803695,53.722731874554675,53.914257501191884,12406
2020-08-14,53.72273254394531,54.105783801992594,52.956633680898285,54.105783801992594,22714
2020-08-18,53.91425704956055,54.58459491065173,52.669345966418334,53.62697043853503,16549
2020-08-19,53.339683532714844,54.488833623513315,53.14815790874052,54.488833623513315,11184
2020-08-20,53.243919372558594,54.48883411305252,51.99900828511214,53.81849624964367,8108
2020-08-21,52.573585510253906,53.626970978979145,51.99900862936492,53.626970978979145,14740
2020-08-24,51.424434661865234,53.4354445834328,50.75409680366024,52.19053350565062,15141
2020-08-25,50.849857330322266,52.86087088678793,50.37104510064673,51.42443419776134,15127
2020-08-26,49.987998962402344,52.66934679595031,49.89223432185393,51.232910065151664,17748
2020-08-27,49.79647445678711,51.23291121996366,49.31766220239492,49.9880000891535,11371
2020-08-28,50.6583366394043,51.711722110056826,49.70071215588473,50.56257199922384,15228
2020-08-31,52.19053649902344,52.19053649902344,50.75409971464665,51.71172423756451,30654
2020-09-01,53.62697219848633,53.62697219848633,52.09477445403432,52.09477445403432,14656
2020-09-02,52.66934585571289,53.91425693623843,51.232909150557084,53.626970325816764,10804
2020-09-03,51.71172332763672,52.669347833704066,49.796474315502024,52.19053558067039,3903
2020-09-04,51.137149810791016,52.573586562183486,49.413422786682,50.46681192953168,8934
2020-09-07,49.126136779785156,51.99901031840473,49.030375789716885,50.754099182279106,21414
2020-09-08,49.987998962402344,50.17952459045166,47.88122435995483,49.317661090753475,32558
2020-09-09,49.79647445678711,50.56257333320508,48.455798683269954,49.9880000891535,3542
2020-09-10,50.27528762817383,50.56257425543958,49.60494972918865,50.56257425543958,9503
2020-09-11,48.55156326293945,50.17952565636871,48.55156326293945,50.17952565636871,12704
2020-09-14,48.36003875732422,49.60494991551709,47.881226492400216,48.551564393903355,8069
2020-09-15,48.64732360839844,48.83884923798042,46.923600248255696,48.36003699054924,6064
2020-09-16,46.82783889770508,48.45579760393836,46.44478764150459,48.45579760393836,13408
2020-09-17,46.636314392089844,47.78546453530257,43.76344086058182,47.01936200446235,11126
2020-09-18,47.21088790893555,47.40241354274809,45.00835225271031,45.00835225271031,15045
2020-09-21,47.593936920166016,47.68969790600852,45.008350118896516,45.008350118896516,6827
2020-09-22,48.16851043701172,48.74308731473628,47.45029207964162,47.68969819876499,4402
2020-09-23,47.8812255859375,48.360037841796874,45.965976562499996,48.360037841796874,2695
2020-09-24,47.737579345703125,47.88122448036322,46.444787745952326,47.49817322330131,12851
2020-09-25,47.689697265625,48.26427413210687,46.8757179377516,47.73757775790331,5413
2020-09-28,48.16851043701172,48.64732267525845,46.923599348179714,47.785462838242815,1935
2020-09-29,47.40241241455078,48.360036907774024,47.21088678529662,48.360036907774024,3422
2020-09-30,47.689697265625,48.072748509946244,46.444786201152056,47.40241065890777,10059
2020-10-01,48.072750091552734,48.838848952352684,46.92359997382905,47.88122446309087,3794
2020-10-02,48.36003875732422,48.83885102224822,46.92360196255221,48.83885102224822,9648
2020-10-05,48.83884811401367,49.12613472525132,48.360035877601774,48.360035877601774,11457
2020-10-06,48.83884811401367,49.31766035042557,46.923599168366074,49.31766035042557,10270
2020-10-07,48.4557991027832,48.83885037083231,47.06724647546235,48.83885037083231,4210
2020-10-08,48.74308776855469,49.317660998581296,47.21088640007123,48.36003651317195,7963
2020-10-09,47.8812255859375,49.22190136356279,46.923601074218745,48.83885009765625,27959
2020-10-13,48.36003875732422,48.36003875732422,47.01936295431794,48.36003875732422,8076
2020-10-14,48.64732360839844,48.83884923798042,47.2587673602385,48.83884923798042,9658
2020-10-15,51.23291015625,51.711722400700936,46.92359995619159,48.64732330560545,106532
2020-10-16,49.31766128540039,51.61596152496816,48.83884903991107,50.17952478850018,57641
2020-10-19,49.987998962402344,51.041384437102344,48.743087859653016,51.041384437102344,20080
2020-10-20,49.31766128540039,49.98799915969495,48.07275017773765,49.98799915969495,15924
2020-10-21,48.64732360839844,49.3176614854116,47.97698573138528,49.3176614854116,20627
2020-10-22,48.64732360839844,49.0303748675624,47.68969911353607,49.0303748675624,22414
2020-10-23,48.74308776855469,48.83884875587662,48.07274989815865,48.83884875587662,16548
2020-10-26,48.36003875732422,48.743090030482485,47.78546550063449,48.743090030482485,10225
2020-10-27,46.92359924316406,49.12613480356023,46.92359924316406,47.881223717514345,16714
2020-10-28,44.81682586669922,46.923600497182214,44.146487986129955,46.923600497182214,13794
2020-10-29,46.44478988647461,46.92360215334548,44.81682744850411,44.81682744850411,9745
2020-10-30,45.870216369628906,49.31766321050327,44.05072830452719,49.31766321050327,4223
2020-11-02,47.737579345703125,47.737579345703125,45.00835101154143,46.732074362225,11335
2020-11-03,47.785465240478516,48.551564129576555,47.40241396940567,47.8812262317229,5731
2020-11-04,46.92359924316406,48.74308720564859,46.253261380509365,47.7854627312983,2805
2020-11-05,48.64732360839844,48.64732360839844,46.06173674166055,48.16851136096726,7777
2020-11-06,48.4557991027832,48.551563746319296,46.923601336682026,48.551563746319296,5705
2020-11-09,48.74308776855469,48.83884875587662,47.97698525778921,48.83884875587662,12699
2020-11-10,48.36003875732422,48.743090030482485,48.07275212897935,48.743090030482485,15109
2020-11-11,49.604949951171875,50.27528785315683,48.3600387920842,48.83885105735236,30109
2020-11-12,49.126136779785156,50.17952593577423,48.74308916646444,49.509188046153476,9377
2020-11-13,49.509185791015625,49.604946776722,47.88122346267518,49.317660166555434,11782
2020-11-16,52.38206100463867,53.43544649591383,49.22190087776562,49.79647411790706,67120
2020-11-17,60.61763000488281,62.24559238241708,51.32867164182029,52.95663401935456,157415
2020-11-18,59.372718811035156,60.80915555646343,55.54222082322644,57.93628206560689,112842
2020-11-19,58.89390563964844,59.372717880621195,56.499844434784684,57.457468916730186,36266
2020-11-20,58.79814529418945,61.28796751319394,55.63798154685236,58.893906282209805,27435
2020-11-24,66.07608795166016,66.07608795166016,58.31933126203206,60.04305456494414,67372
2020-11-25,67.99134063720703,67.99134063720703,62.24559354110503,66.07609160517303,66665
2020-11-26,70.3853988647461,70.76845011570519,66.0760887301698,67.99133767887038,33988
2020-11-27,68.75743865966797,70.86420953419254,66.65066047904863,69.90658508102777,36145
2020-11-30,67.51252746582031,69.90658872347352,66.07609071122839,68.94896422041224,7089
2020-12-01,68.182861328125,68.94896384888398,67.89557836241171,68.94896384888398,8502
2020-12-02,71.15150451660156,72.77946327263018,67.51252843053194,68.18286266981545,17520
2020-12-03,74.88623046875,75.17352073156336,70.19387642082768,72.77945956176833,31290
2020-12-04,75.65233612060547,77.47182414675046,74.50318963361663,74.88623359188279,17335
2020-12-09,70.67269134521484,76.41843837145686,70.67269134521484,75.65233584551986,14771
2020-12-10,70.19387817382812,72.77946137934035,67.99133892017322,72.77946137934035,12097
2020-12-11,67.99134063720703,70.19387994648423,67.99134063720703,69.90658966924103,7656
2020-12-14,66.93795013427734,69.33201124561705,64.63965000617227,67.12947210074664,9070
2020-12-15,66.74642181396484,67.79981456285853,64.44812895916542,67.03371207386218,6355
2020-12-16,63.77779006958008,66.74642455048534,62.245592334863986,66.74642455048534,20500
2020-12-17,66.07608795166016,69.42777357239653,63.20321456245754,63.20321456245754,14548
2020-12-18,66.07608795166016,69.33201258730875,66.07608795166016,66.17184893674793,8594
2020-12-21,63.58626937866211,65.4057574218562,62.915927833224686,63.777791359589806,6916
2020-12-22,65.59727478027344,66.93795047057827,64.54388934721062,64.8311722983579,11370
2020-12-23,65.11846923828125,66.07609378590303,62.82016886276987,65.02270824473817,5
2020-12-28,63.87355041503906,65.59727741554993,62.341352695748874,65.59727741554993,2422
2020-12-29,65.59727478027344,66.07608700494697,63.87354784901084,64.16083810625285,6459
2020-12-30,69.23625183105469,69.52353478726755,65.11846370381657,67.03371263628176,16656
2021-01-04,67.0337142944336,69.23625354368872,65.11846531459263,68.47015102931431,16710
2021-01-05,66.84219360351562,67.03371558274253,63.20321754944296,67.03371558274253,28466
2021-01-06,67.0337142944336,68.47015102931431,65.4057555840068,66.84219231888751,8800
2021-01-07,67.51252746582031,67.99133971735095,65.1184662081671,66.07609071122839,16064
2021-01-08,66.65066528320312,67.99134107548814,65.78880175201309,67.32100683239328,13870
2021-01-11,66.84219360351562,67.03371558274253,65.98033008480418,67.03371558274253,3456
2021-01-12,67.0337142944336,68.37439004154128,64.63965306963239,66.84219231888751,8880
2021-01-13,67.0337142944336,68.37439004154128,65.11846531459263,68.37439004154128,4144
2021-01-14,67.79981994628906,68.3743932056111,66.07609286222758,67.41676867137592,8611
2021-01-15,67.0337142944336,68.37439004154128,64.54389208185935,67.0337142944336,8920
2021-01-18,66.07608795166016,67.03371241472769,64.54389027197107,67.03371241472769,2381
2021-01-19,67.0337142944336,67.0337142944336,63.58626759193887,63.58626759193887,3727
2021-01-20,66.07608795166016,67.89557589270744,63.96931705534951,67.89557589270744,5128
2021-01-21,65.11846923828125,67.03371833352482,63.77779341039165,67.03371833352482,6550
2021-01-22,63.682029724121094,64.35236395667377,62.82016620648538,63.58626873462717,6634
2021-01-25,62.724403381347656,63.96931812662155,62.724403381347656,63.20321562089993,4665
2021-01-26,62.91592788696289,64.54389395061978,62.72440590587162,64.54389395061978,6053
2021-01-27,62.14982986450195,62.341351836989354,61.1922053898751,62.24559085074565,9008
2021-01-28,60.80915451049805,62.05406925756041,59.85153003001776,62.05406925756041,8124
2021-01-29,60.04305648803711,60.33034310554927,56.88289638930832,59.66000522932254,12971
2021-02-01,58.89390563964844,59.66000449459534,57.936281157702936,59.66000449459534,12215
2021-02-02,58.03204345703125,59.372719223292364,57.93628246789013,59.372719223292364,15484
2021-02-03,57.45746994018555,58.032043178368376,56.59560642986374,58.032043178368376,11128
2021-02-04,61.38372802734375,62.24559152506363,57.45746910005874,57.45746910005874,18203
2021-02-05,61.766780853271484,62.245593107948004,61.383729588311226,61.383729588311226,10729
2021-02-08,60.42610549926758,63.203218056927376,60.330344508885226,61.383730015281635,8028
2021-02-09,60.33034133911133,61.19220481946046,59.85152910626124,60.42610232446237,3788
2021-02-10,59.18119430541992,60.33034445420478,58.41509542391256,60.33034445420478,9959
2021-02-11,58.79814529418945,62.149831017567244,57.64899517270756,60.330343020800285,6360
2021-02-12,58.89390563964844,62.14983033948215,56.021032193811934,60.3303423625667,10645
2021-02-17,56.97865676879883,60.330342461081116,56.40408353991229,58.89390573581728,8631
2021-02-18,58.319332122802734,58.41509310930392,56.212557542349494,57.45746863210221,9625
2021-02-19,58.41509246826172,58.51085345371203,56.5956045203264,56.5956045203264,9711
2021-02-22,56.11679458618164,57.93628260866452,56.11679458618164,57.45747035570035,4091
2021-02-23,54.967647552490234,56.11679402568853,53.2439205365977,56.11679402568853,2743
2021-02-24,55.44646072387695,56.49984622619718,54.58459720158032,55.54222171388875,4770
2021-02-25,54.488834381103516,58.41509328845265,53.62697088775981,55.73374547467416,5956
2021-02-26,54.0100212097168,54.967645673342645,51.8074820209394,54.967645673342645,7953
2021-03-01,54.5845947265625,55.54221919544956,52.190533554344846,55.54221919544956,10561
2021-03-02,52.66934585571289,55.5422192660245,52.19053362066096,53.148158090764824,9348
2021-03-03,52.477821350097656,52.66934697881194,50.75409799776423,52.66934697881194,4061
2021-03-04,54.29730987548828,54.584596494851674,51.711722995122635,52.28629623384942,5456
2021-03-05,53.435447692871094,55.350696740307676,51.7117242807877,54.01002459893066,11015
2021-03-08,49.892234802246094,55.5422207923412,48.838849317403465,54.10578404771169,24602
2021-03-09,50.849857330322266,51.32866955999779,50.27528411593059,50.27528411593059,10348
2021-03-10,50.17952346801758,51.13714793379618,48.93460874006745,51.13714793379618,3897
2021-03-11,49.79647445678711,51.04138558759727,47.88122543921837,51.04138558759727,15243
2021-03-12,50.27528762817383,51.6159634261442,48.838850838797434,50.7540998912993,1416
2021-03-15,50.75409698486328,51.7117214562758,49.7007115275285,51.23290922056954,11045
2021-03-16,49.126136779785156,51.615962705084016,49.126136779785156,51.615962705084016,15759
2021-03-17,50.08375930786133,51.04138378278429,47.88122374614801,49.22189947225914,9360
2021-03-18,50.37104797363281,50.75409924044009,49.03037584590259,50.56257360703645,7515
2021-03-19,50.75409698486328,55.54221934192585,49.98799813834276,50.37104573507929,8043
2021-03-22,50.27528762817383,51.71172441755022,49.03037647465715,51.71172441755022,6302
2021-03-23,50.849857330322266,51.23290857528165,49.79647188625506,50.27528411593059,3882
2021-03-25,50.27528762817383,50.46681326403355,49.796475365048366,50.37104861957986,8134
2021-03-26,49.700714111328125,50.46681299767596,49.0303762158809,50.46681299767596,4076
2021-03-29,49.604949951171875,49.988001224605476,49.030376694069155,49.030376694069155,12354
2021-03-30,50.17952346801758,50.56257106250056,49.22189900223898,49.60494659672196,2451
2021-03-31,50.27528762817383,50.7540998912993,50.179526636767804,50.7540998912993,645
2021-04-05,50.56257247924805,50.75409810837974,49.70071262772672,50.08376023294258,7173
2021-04-06,50.94562530517578,51.71172419222891,49.796475148072275,50.65833867916182,13616
2021-04-07,52.477821350097656,52.66934697881194,51.71172248828808,51.71172248828808,20706
2021-04-08,52.573585510253906,53.626970978979145,50.46681091975594,53.531209992021395,9213
2021-04-09,51.520198822021484,54.105785775532574,51.328673186011834,52.66934898503171,4764
2021-04-12,49.892234802246094,52.47782167318873,49.12613593571986,50.27528606203298,8583
2021-04-13,50.27528762817383,50.27528762817383,49.03037647465715,49.22190211051687,5186
2021-04-14,50.27528762817383,50.27528762817383,49.796475365048366,49.796475365048366,1473
2021-04-15,52.573585510253906,52.573585510253906,49.03037419710471,49.03037419710471,2057
2021-04-16,50.75409698486328,53.052397177472294,48.93460902796052,52.66934592768831,5962
2021-04-19,51.615962982177734,51.90324960697243,50.46681282995132,50.75409945474602,9666
2021-04-20,50.6583366394043,52.57358560644344,49.796473143017685,51.13714888116408,14243
2021-04-21,50.75409698486328,50.75409698486328,49.796472513450766,50.75409698486328,8533
2021-04-22,50.94562530517578,50.94562530517578,49.12613725200793,50.754099670150595,4942
2021-04-23,51.520198822021484,51.61596346655014,49.89223639551097,50.75409993103056,1077
2021-04-26,50.75409698486328,51.99900806709006,49.892233499373035,49.892233499373035,4903
2021-04-27,52.19053649902344,52.19053649902344,50.75409971464665,51.23291197610558,2352
2021-04-28,52.28629684448242,52.57358712024853,50.65833809806167,52.19053585459212,3521
2021-04-29,51.71172332763672,51.71172332763672,49.892235304889724,51.71172332763672,1767
2021-04-30,51.328670501708984,51.7117217536961,50.27528503831565,50.37104602478869,1374
2021-05-03,52.28629684448242,53.62697262123227,50.27528683240525,51.7117235990454,2472
2021-05-04,52.66934585571289,53.626970325816764,50.562571290874885,52.66934585571289,4558
2021-05-05,52.09477233886719,52.669345556445805,50.466810018331195,52.669345556445805,6669
2021-05-06,50.849857330322266,53.435444101179606,50.849857330322266,52.86087088678793,2094
2021-05-07,51.8074836730957,52.669347179063024,50.27528594365107,50.27528594365107,9849
2021-05-10,51.8074836730957,53.14815942614541,50.75409819073346,50.75409819073346,11222
2021-05-11,51.71172332763672,52.669347833704066,50.2752865685357,50.3710475579234,2060
2021-05-12,52.477821350097656,52.477821350097656,50.56257236904995,52.19053473355001,7338
2021-05-13,52.477821350097656,53.24392021190724,51.42443587174043,52.86087260752621,1068
2021-05-14,52.66934585571289,54.871881406342304,51.71172138560902,53.531209340025356,13934
2021-05-17,54.10578536987305,54.488836639020406,51.04138617583708,54.39307199520975,12448
2021-05-18,53.62697219848633,54.39307107071234,51.71172319139753,52.95663431539574,5477
2021-05-19,54.5845947265625,55.06340696100603,51.711721319901315,53.62697025767544,4587
2021-05-20,55.54222106933594,56.40408458163086,54.58459656814049,54.87188318788961,11830
2021-05-21,55.06340789794922,56.30831899807596,53.91425778512164,55.733745768185926,6689
2021-05-26,55.73374557495117,56.97865667076168,55.35069432098756,56.021032188900136,7146
2021-05-27,59.851531982421875,62.245593261718746,54.871883790874854,55.8295083025936,40567
2021-05-28,62.91592788696289,63.203218164695066,60.330344611754384,60.330344611754384,34778
2021-05-31,63.10745620727539,64.54389296173798,61.28796819040375,61.28796819040375,10613
2021-06-01,63.682029724121094,65.11846648481556,62.82016620648538,65.11846648481556,13067
2021-06-02,63.011695861816406,64.06508136462952,60.52186993682091,63.49050811819466,5562
2021-06-03,68.3743896484375,68.3743896484375,63.20321597137845,63.20321597137845,180692
2021-06-04,71.63031768798828,72.30065193581598,68.27863183665906,68.37439282833512,72552
2021-06-07,75.269287109375,75.65233838520271,71.8218402391165,71.8218402391165,111888
2021-06-08,73.7370834350586,76.60995681564529,72.77945897486302,75.07775914055135,71340
2021-06-09,75.65233612060547,78.52520964417278,71.8218380891824,73.73708710489394,115766
2021-06-10,76.2269058227539,78.81249625750034,73.73708367921999,75.65233260595298,99337
2021-06-11,75.0777587890625,76.03538324477479,73.35403184634247,76.03538324477479,41065
2021-06-14,77.56758117675781,77.75910314611434,73.73708334086854,73.73708334086854,42059
2021-06-15,78.52520751953125,79.29131002752565,76.60995855564025,79.29131002752565,23286
2021-06-16,79.86588287353516,79.86588287353516,77.95063391880335,79.48283162136981,21180
2021-06-17,85.22857666015625,85.99467914807872,80.24893240694459,80.24893240694459,37187
2021-06-18,89.44213104248047,89.72941401293873,84.46247918748972,86.18620623462022,76526
2021-06-22,90.3997573852539,90.97433064389098,88.58026931115701,90.97433064389098,25900
2021-06-23,92.50652313232422,92.60228411892463,90.01670095023873,91.35737668092936,16999
2021-06-24,92.79381561279297,92.79381561279297,90.8785666106965,92.79381561279297,21339
2021-06-25,89.44213104248047,91.93195331692823,86.18620623462022,88.29297724236173,19150
2021-06-28,89.53788757324219,90.97432427227817,88.10145087420622,89.44212658785877,16382
2021-06-29,88.48450469970703,90.9743269226879,85.13281897097643,89.53789018180335,25510
2021-06-30,90.49551391601562,91.07008714632688,88.5802649442481,89.53788943013187,14393
2021-07-01,90.97432708740234,90.97432708740234,88.67602683660685,88.67602683660685,5928
2021-07-02,91.45314025878906,91.93195251145289,89.1548399847837,90.87856701681152,3834
2021-07-05,94.13449096679688,94.32601294373698,90.68703693311417,91.4531394530648,24405
2021-07-06,93.5599136352539,94.32601618150119,92.41076712197832,94.32601618150119,1755
2021-07-07,94.4217758178711,95.7624516015113,91.74043155668592,92.69805607270104,1894
2021-07-08,94.6133041381836,96.24126287634034,91.54890133458332,93.84720161075973,820
2021-07-12,93.65567779541016,96.24126098909714,91.07008729562814,96.24126098909714,6569
2021-07-13,94.80482482910156,94.80482482910156,92.79381485455175,93.17686611306006,5637
2021-07-14,93.84719848632812,94.90058394689446,92.60228374723478,94.80482296067841,7080
2021-07-15,93.46414947509766,95.66668874132185,91.35737850347938,94.42177397239598,10572
2021-07-16,93.65567779541016,95.76244874537029,92.60228501433505,95.76244874537029,8318
2021-07-19,91.83618927001953,94.80482370251566,90.0167012932977,93.84719922067208,4809
2021-07-20,91.93195343017578,91.93195343017578,90.49551665782928,90.97432891527812,14700
2021-07-21,93.84719848632812,95.28363519785356,91.0700860494933,91.0700860494933,1262
2021-07-22,93.46414947509766,95.2836374811835,91.93195174063936,95.2836374811835,5127
2021-07-23,92.4107666015625,95.76245243685233,91.64466405962956,95.76245243685233,2067
2021-07-26,91.64466094970703,95.76244918719442,91.64466094970703,95.76244918719442,3461
2021-07-27,90.0167007446289,90.9743252206356,89.82517877186555,90.9743252206356,27817
2021-07-28,85.80315399169922,89.92094227627508,84.27095624840184,89.92094227627508,52849
2021-07-29,88.48450469970703,88.58026568788033,86.18620445307275,86.18620445307275,21510
2021-07-30,87.43112182617188,89.53789285322131,85.8031557542743,87.81416579029337,25149
2021-08-02,87.14382934570312,87.14382934570312,84.55824612271921,86.5692561079395,17192
2021-08-03,85.99468231201172,87.14382878008026,84.27095530381386,85.32434078389252,8804
2021-08-04,81.30232238769531,86.09044493931347,79.86588562220987,85.22858141880316,67594
2021-08-05,82.35570526123047,82.83451750112134,80.44045630166697,80.91926854155784,42443
2021-08-06,80.05740356445312,81.87689150352828,79.00401811743957,81.58960124248148,7368
2021-08-09,79.38706970214844,81.39807961977087,76.6099572891961,81.39807961977087,5190
2021-08-10,80.72774505615234,82.16418174892306,79.38706934834737,79.38706934834737,7235
2021-08-11,79.48283386230469,80.82350962963488,78.52520935793957,80.82350962963488,10328
2021-08-12,76.13114929199219,79.48283510987864,75.65233703229413,78.71673257192363,35630
2021-08-13,77.4718246459961,77.56758563617974,75.46081462775864,76.13114886513938,9037
2021-08-17,76.4184341430664,77.4718195783724,75.65233165951945,76.70571709482545,12812
2021-08-18,78.71672821044922,79.00401847278822,76.32266704460716,76.32266704460716,11500
2021-08-19,77.08877563476562,79.96164926090596,71.82184065350835,79.96164926090596,14744
2021-08-20,78.52520751953125,79.48283200147675,75.7480950606703,79.48283200147675,9367
2021-08-23,77.56758117675781,80.34469356899649,76.13114448829933,80.34469356899649,3182
2021-08-24,79.19554138183594,80.44045612526008,76.60995821453342,77.56758269221508,6496
2021-08-25,78.52520751953125,79.48283200147675,77.56758303758575,78.52520751953125,13543
2021-08-26,79.86588287353516,81.3980805761016,77.08877042795505,78.5252071440039,12093
2021-08-27,80.44046020507812,81.39808473132906,78.6209721439823,81.39808473132906,14820
2021-08-30,83.3133316040039,83.3133316040039,81.11079232881632,81.30232161271249,19064
2021-08-31,85.22857666015625,87.14382557386763,81.3980788327335,83.31332774644487,22585
2021-09-01,86.18620300292969,87.52687873308314,83.3133295694987,83.3133295694987,10655
2021-09-02,84.27095794677734,88.00569504427403,82.93028215458683,85.70739472996105,14806
2021-09-03,84.55824279785156,85.61162824334782,82.7387548613972,85.51586725850177,2197
2021-09-06,85.89891052246094,86.18620078083497,83.3133274214738,85.42009829590074,9645
2021-09-07,87.62264251708984,87.81416449632847,83.31333222936411,86.09044476489528,24292
2021-09-08,85.22857666015625,87.9099280617901,84.74976443172841,87.81415977122869,7409
2021-09-09,83.3133316040039,85.70739285699253,82.35570710280845,85.70739285699253,7823
2021-09-10,83.79214477539062,84.17519604129717,82.3557080078125,83.21757152957841,5879
2021-09-13,87.43112182617188,89.05908059197414,85.61163377221355,88.1014560694798,14154
2021-09-14,87.04806518554688,88.19721161920567,85.42009921408625,88.19721161920567,7306
2021-09-15,86.18620300292969,87.52687873308314,84.27095404730903,87.04806649417797,10072
2021-09-16,88.8675537109375,88.8675537109375,84.27095333392198,86.66501450818113,17764
2021-09-17,88.96331787109375,89.05907886026209,86.18620534864074,88.48450561915685,27978
2021-09-20,85.13282012939453,87.7184033757312,83.88790534791677,87.7184033757312,5704
2021-09-21,84.65400695800781,86.85653891646177,83.50485317846675,85.13281920629281,3830
2021-09-22,85.80315399169922,86.0904442649841,83.79214399699048,84.74976849981321,8218
2021-09-23,85.03705596923828,85.70739017667374,84.17519248389632,85.70739017667374,3255
2021-09-24,85.03705596923828,86.09044142639182,83.12180702674277,83.98366320598983,2315
2021-09-27,86.09044647216797,86.09044647216797,83.7921461452506,85.22858293631204,5154
2021-09-28,85.99468231201172,86.28196527598132,83.88790404575934,86.18620428799146,3288
2021-09-29,85.515869140625,86.66501559625894,84.7497666328057,86.66501559625894,3959
2021-09-30,86.09044647216797,86.85654171041021,85.13282194479368,85.22858293631204,8961
2021-10-01,86.37772369384766,86.76077494050469,84.36671378151674,86.76077494050469,1384
2021-10-04,86.18620300292969,86.18620300292969,83.98366378152795,86.09044201636765,5499
2021-10-05,86.56925201416016,86.7607739823261,84.94128606037056,86.1862007717335,13631
2021-10-06,87.9099349975586,89.53789378021527,84.36671984398912,84.36671984398912,26181
2021-10-07,89.25060272216797,89.4421320106419,88.00569522451627,88.00569522451627,11154
2021-10-12,89.05907440185547,89.53788662982244,86.95230352123873,88.96331341748103,2678
2021-10-13,88.38874053955078,89.53788696858128,88.10145027924575,89.53788696858128,2463
2021-10-14,91.74043273925781,91.83619373087467,88.10145660905438,88.3887468900003,32600
2021-10-15,92.31500244140625,92.88957567508467,91.26161696197997,91.45313893784109,9334
2021-10-18,93.7514419555664,94.61330548465996,92.3150051757756,92.3150051757756,12718
2021-10-19,95.47515869140625,97.67769793994097,93.36838773670829,93.36838773670829,22397
2021-10-20,98.87472534179688,100.07175591494212,96.72007031013544,97.43828865402259,19527
2021-10-21,99.3535385131836,101.02938133147826,98.63532016248588,98.63532016248588,19110
2021-10-22,101.74760437011719,103.423447265625,97.6777001953125,99.11413696289063,34761
2021-10-25,107.49334716796875,109.40859611528222,102.46581868127087,104.85987986541272,31874
2021-10-26,106.53572845458984,110.84503881904517,106.29632232323122,109.16919589953477,16218
2021-10-27,102.2264175415039,110.12681983393864,99.83235624076612,110.12681983393864,20904
2021-10-28,102.70523071289062,103.18404297728638,101.50820005190121,101.50820005190121,7773
2021-10-29,101.02938079833984,102.94462972342686,100.07175633579634,102.4658174921551,7681
2021-11-01,104.38107299804688,105.09929139023528,100.0717626449165,103.42344847512902,4262
2021-11-02,101.74760437011719,105.09929016113281,100.55057373046874,105.09929016113281,6431
2021-11-03,101.26879119873047,103.66285245638367,100.07176056990386,102.9446340790877,20807
2021-11-04,101.02938079833984,101.5081930296116,96.72007071689407,101.5081930296116,10551
2021-11-05,106.05691528320312,106.53572754181805,101.50819882636146,101.50819882636146,34245
2021-11-08,108.45097351074219,109.169191878363,103.42344493739651,108.21156738820191,19813
2021-11-09,108.2115707397461,109.64800751947723,107.73275847983571,108.2115707397461,21669
2021-11-10,109.64800262451172,110.1268148630467,107.2539414318368,109.16919038597673,26916
2021-11-11,111.08444213867188,111.80266051456846,109.16919313628098,111.08444213867188,17453
2021-11-12,108.2115707397461,111.56325655911876,104.85988492037343,111.32385042916357,6871
2021-11-15,108.69038391113281,111.08444523076129,105.33869806365294,105.33869806365294,2642
2021-11-16,106.05691528320312,108.9297888348926,105.33869689528076,108.69038270558515,3416
2021-11-17,107.97216033935547,109.16919094178735,104.38106853205984,109.16919094178735,21575
2021-11-18,108.45097351074219,111.08444085868516,105.33869391771867,107.73275514312137,7852
2021-11-19,107.25394439697266,109.40859952994757,105.33869538988387,106.29631989342826,14668
2021-11-23,106.29631805419922,108.21156702814876,102.94463234978754,108.21156702814876,4445
2021-11-24,104.38107299804688,106.05691591315313,103.42344847512902,105.09929139023528,4976
2021-11-25,106.05691528320312,106.05691528320312,102.46582334359128,104.38107237805093,5695
2021-11-26,99.83235168457031,102.22641287604682,97.67769661224146,101.50819451860387,7661
2021-11-29,102.70523071289062,105.3386981670673,99.83235712651606,99.83235712651606,2419
2021-11-30,102.4658203125,104.38106929030374,102.4658203125,104.38106929030374,194
2021-12-01,106.29631805419922,107.25394254117398,105.33869356722445,105.33869356722445,9794
2021-12-02,106.29631805419922,109.16919151512353,105.57809968896815,108.21156702814876,9505
2021-12-03,106.29631805419922,108.69037927163615,101.029383375838,107.25394254117398,4167
2021-12-06,107.01453399658203,107.97215846187584,103.66284836805374,107.73275234555238,572
2021-12-07,109.169189453125,109.169189453125,105.33869157757675,105.57809769479853,10380
2021-12-09,106.77513122558594,109.64800471147615,106.29631897793757,109.64800471147615,3844
2021-12-10,109.40859985351562,109.88741210670388,103.90225894185073,109.1691937269215,4758
2021-12-13,107.97216033935547,109.88740930324649,105.57809913449172,109.6480031827601,7247
2021-12-14,106.05691528320312,107.97216431766279,104.38107237805093,105.33869689528076,3576
2021-12-15,105.09928894042969,109.16919306796342,104.38107056498256,109.16919306796342,2469
2021-12-16,107.01453399658203,108.21156457819929,106.29631564761169,106.29631564761169,1008
2021-12-17,107.97216033935547,107.97216033935547,102.7052256886552,102.7052256886552,5227
2021-12-20,103.66284942626953,109.16919015791895,103.18403718873479,109.16919015791895,2648
2021-12-21,106.29631805419922,108.21156702814876,104.38106908024969,107.25394254117398,7348
2021-12-22,108.2115707397461,110.12681977938762,108.2115707397461,110.12681977938762,2239
2021-12-23,109.169189453125,109.169189453125,108.21156498423794,108.21156498423794,965
2021-12-27,108.69038391113281,113.95731881431546,106.53572872346719,110.1268207029099,16355
2021-12-28,108.2115707397461,112.04206881902914,106.29632170010457,109.16919525956686,1719
2021-12-29,107.01453399658203,110.60562574143378,104.38106671702408,110.60562574143378,4622
2021-12-30,110.12681579589844,111.08444028108016,102.46581991444462,107.25394234035326,8086
2022-01-03,108.9297866821289,111.08444180331388,107.25394381009616,111.08444180331388,9243
2022-01-04,106.29631805419922,110.1268160020983,106.29631805419922,110.1268160020983,4012
2022-01-05,106.77513122558594,107.97216184470686,104.85988223499247,105.33869448264083,2967
2022-01-06,105.09928894042969,108.21156856736725,104.62047669013161,107.25394406677108,3039
2022-01-07,104.85987854003906,108.21156415547411,104.38106630926264,108.21156415547411,931
2022-01-10,105.09928894042969,107.25394406677108,104.62047669013161,107.25394406677108,1348
2022-01-11,105.33869171142578,107.25394065163353,104.14166112379594,106.29631618152965,2557
2022-01-12,105.09928894042969,107.25394406677108,103.90225831468447,107.25394406677108,1187
2022-01-13,105.33869171142578,106.29631618152965,105.09928559389982,105.09928559389982,5751
2022-01-14,104.38107299804688,106.2963220438826,102.46582395221115,106.2963220438826,3580
2022-01-17,103.90225982666016,106.29632111298874,103.90225982666016,106.29632111298874,1635
2022-01-18,104.38107299804688,107.25394656680047,103.42344847512902,107.25394656680047,3611
2022-01-19,104.38107299804688,104.38107299804688,102.46582395221115,102.46582395221115,2159
2022-01-20,103.42344665527344,104.38107116134078,102.46582214920609,102.46582214920609,1963
2022-01-21,102.4658203125,103.42344480140187,100.55057133469626,102.70522643472546,10680
2022-01-24,98.15650939941406,105.33869301400534,96.00185431503668,104.85988077303259,11193
2022-01-25,100.07176208496094,100.55057434374065,96.72007627350291,99.59294982618121,7118
2022-01-26,102.4658203125,104.38106929030374,100.55057133469626,100.55057133469626,17576
2022-01-27,103.90225982666016,104.85988434119159,103.90225982666016,104.14166595529302,390
2022-01-28,105.8175048828125,107.73275383996747,101.98700696850254,106.29631712210124,4665
2022-01-31,110.12681579589844,112.04206476626189,104.38106888480807,106.05691173387609,43015
2022-02-01,113.95731353759766,114.91493802110688,106.53572379040118,112.76028293321113,48393
2022-02-02,118.74543762207031,122.57593560987904,113.95731513730942,114.43612738578551,40329
2022-02-03,118.50603485107422,124.491188126381,114.91494288589016,124.491188126381,7442
2022-02-04,118.74543762207031,119.7030621190225,114.9149396342616,114.9149396342616,2957
2022-02-07,118.74543762207031,118.74543762207031,115.87256413121378,116.83018862816596,4625
2022-02-08,117.30899810791016,120.18187153096102,116.83018587073501,120.18187153096102,1746
2022-02-09,119.46365356445312,119.70305968382077,115.8725617739385,119.70305968382077,2167
2022-02-10,118.2666244506836,122.57593465334008,117.30899996120438,122.57593465334008,6991
2022-02-11,119.70306396484375,121.13950073242187,116.35137817382812,118.745439453125,13612
2022-02-14,118.50603485107422,122.8153452092951,114.91494288589016,120.66069003018465,28498
2022-02-15,119.46365356445312,121.37890251939426,114.91493729646794,121.37890251939426,11323
2022-02-16,120.42127990722656,121.37890439953055,117.3090003072386,117.3090003072386,4408
2022-02-17,120.18187713623047,124.49118747179253,119.70306487672359,121.61831391475116,11458
2022-02-18,121.6183090209961,124.49118246243695,119.70306006003553,122.57593350147638,35242
2022-02-21,130.47633361816406,133.10980090220042,120.66068283221044,120.66068283221044,33163
2022-02-22,135.74327087402344,139.81317493902944,131.19455456607557,131.19455456607557,50277
2022-02-23,139.09495544433594,139.57376768338702,131.19455349999328,135.74326977097843,5194
2022-02-24,134.78564453125,137.89792406749555,127.3640548678952,137.89792406749555,10574
2022-02-25,149.38941955566406,162.79616233630057,134.06742780636517,137.8979257436899,17268
2022-03-02,146.51654052734375,149.38941387101715,136.9402960484324,149.38941387101715,10730
2022-03-03,141.96783447265625,148.43179995454784,140.7708038278615,148.43179995454784,6851
2022-03-04,141.489013671875,142.68604424439508,139.81317087034688,142.68604424439508,1779
2022-03-07,136.9403076171875,141.24961799674935,135.26446469180235,139.81318120356207,6670
2022-03-08,137.17970275878906,141.2496066800795,135.98267219370365,135.98267219370365,3473
2022-03-09,138.8555450439453,139.57376338037952,134.06742280105064,139.57376338037952,1249
2022-03-10,139.81317138671875,144.6012936944831,136.94029800206016,144.6012936944831,888
2022-03-11,139.09495544433594,141.48901663959128,134.0674269342997,141.48901663959128,3600
2022-03-14,134.0674285888672,139.81317552839008,132.63099185398647,139.81317552839008,2262
2022-03-15,129.03990173339844,135.02505487502174,127.36405885374391,134.067430372362,2683
2022-03-16,128.082275390625,132.15217946845794,121.61831009053738,132.15217946845794,53146
2022-03-17,129.51870727539062,131.194550068233,128.08227059581142,128.08227059581142,9015
2022-03-18,130.7157440185547,132.63099301516354,129.51871339567415,129.75811952025026,3839
2022-03-21,128.5610809326172,133.58860923724467,126.4064259449197,129.2792992618497,12535
2022-03-22,130.2369384765625,131.19456302418428,127.36406483369714,127.36406483369714,7746
2022-03-23,131.91278076171875,133.82802984718836,130.47634394761656,133.82802984718836,2565
2022-03-25,134.3068389892578,137.89793094084223,130.23693477746212,137.89793094084223,7810
2022-03-28,131.67337036132812,134.3068377685547,131.67337036132812,134.3068377685547,2728
2022-03-29,130.7157440185547,135.02505426092463,129.75811952025026,135.02505426092463,3730
2022-03-30,128.5610809326172,131.67336035929137,124.49117706696637,131.19454813980303,5037
2022-03-31,128.8004913330078,131.67336474563996,127.36405462669174,129.2793035684465,3660
2022-04-01,131.19454956054688,132.87039234690423,128.80048843717924,132.15217400989394,4299
2022-04-04,131.19454956054688,131.91276789755716,125.44880286446453,131.91276789755716,13177
2022-04-05,130.47633361816406,131.67336420181695,130.23692750143348,131.1945519683558,608
2022-04-06,128.32168579101562,129.2793103118441,127.60346740039427,129.2793103118441,1750
2022-04-07,128.8004913330078,130.23692803932389,127.84286686213042,129.2793035684465,1844
2022-04-08,128.32168579101562,129.2793103118441,125.4488122285302,129.2793103118441,4830
2022-04-11,124.9699935913086,127.36405477121872,123.53355688336252,127.36405477121872,5718
2022-04-12,124.4911880493164,126.40643709622896,123.77296965672419,125.92762483450082,5265
2022-04-13,123.53356170654297,127.36405974395515,123.53356170654297,125.44881072524906,7329
2022-04-18,123.29415130615234,123.53355742519341,121.8577145919059,123.53355742519341,4239
2022-04-19,122.81533813476562,124.96999318976151,122.57593201754386,122.57593201754386,1489
2022-04-20,123.29415130615234,126.88524309176843,121.61830847286484,126.88524309176843,2071
2022-04-21,120.90009307861328,124.49118495223546,118.74543795443998,124.49118495223546,10648
2022-04-22,121.13949584960938,122.57593255928853,119.46365302165034,122.57593255928853,6667
2022-04-25,124.9699935913086,126.40643029925467,119.94246511349733,120.42127734947935,11782
2022-04-26,123.53356170654297,126.4064352346021,120.66068817848382,126.4064352346021,4892
2022-04-27,128.8004913330078,131.19455251020125,125.92761792037567,127.36405462669174,13099
2022-04-28,133.34921264648438,134.06743102698607,128.8004962366402,129.279308490308,4451
2022-04-29,137.89793395996094,140.53140144877963,133.10981125301785,134.06743579440646,13304
2022-05-02,134.3068389892578,141.24961676232104,134.06743285915218,137.89793094084223,2949
2022-05-03,132.1521759033203,137.41911045019177,127.36405358798261,136.46148598712423,5486
2022-05-04,131.19454956054688,135.0250473579351,128.3216762125057,131.19454956054688,7885
2022-05-05,125.68821716308594,131.19455810546876,124.49118652343749,126.64584167480469,11143
2022-05-06,126.40643310546875,127.84286984530361,126.40643310546875,127.84286984530361,709
2022-05-09,124.7305908203125,129.27930718420106,124.01237244706694,126.40643369121881,7110
2022-05-10,124.9699935913086,126.16702418126366,123.05474464738049,124.49118135532657,19182
2022-05-11,131.19454956054688,135.98267180728217,124.49117841511747,126.40642731381159,6942
2022-05-12,131.19454956054688,131.19454956054688,130.71573733587334,131.19454956054688,1078
2022-05-13,131.19454956054688,134.06742290858804,130.4763312235366,131.19454956054688,849
2022-05-16,131.19454956054688,133.5886106839145,129.75811288652628,131.19454956054688,4238
2022-05-17,130.2369384765625,135.0250612146714,128.32168938131892,135.0250612146714,3720
2022-05-19,130.9551544189453,132.15218508091007,128.32168696262283,129.27931149219464,1234
2022-05-20,130.2369384765625,130.95515688727883,130.2369384765625,130.95515688727883,650
2022-05-23,127.8428726196289,131.67337067564776,127.36406036262656,131.19455841864539,7871
2022-05-24,132.0,132.0,125.0,131.0,2124
2022-05-26,132.0,133.25,128.0,128.0,3700
2022-05-27,133.0,133.0,131.0,132.25,2456
2022-05-30,135.0,137.5,131.0,133.25,6283
2022-05-31,135.0,137.5,131.25,137.5,14130
2022-06-01,136.5,137.5,135.0,135.0,5922
2022-06-02,136.0,137.0,133.0,137.0,4680
2022-06-03,137.25,138.0,135.0,137.0,1457
2022-06-06,136.75,140.0,135.0,137.25,1041
2022-06-07,137.75,139.75,134.5,139.75,2577
2022-06-08,136.25,139.75,136.0,139.75,376
2022-06-09,134.75,138.0,134.0,138.0,2598
2022-06-10,135.5,136.5,134.0,136.5,2886
2022-06-13,130.75,135.25,130.0,135.25,4504
2022-06-14,126.0,130.75,125.0,130.75,7553
2022-06-15,127.5,130.0,125.0,125.0,4509
2022-06-16,126.0,129.0,124.75,129.0,1598
2022-06-21,129.25,129.5,125.0,128.5,4766
2022-06-22,126.0,130.5,125.0,130.5,3731
2022-06-23,125.0,129.0,125.0,129.0,5563
2022-06-24,126.5,127.5,126.0,127.0,2082
2022-06-27,126.5,128.0,125.0,127.75,2455
2022-06-28,127.75,130.0,127.0,130.0,1807
2022-06-29,128.0,128.0,127.25,128.0,473
2022-06-30,128.0,130.0,128.0,130.0,2520
2022-07-01,128.0,129.5,127.0,129.5,3293
2022-07-04,129.5,131.0,125.0,125.0,6337
2022-07-05,132.0,134.75,128.25,132.75,4477
2022-07-06,138.25,145.0,129.0,133.5,12131
2022-07-07,151.0,155.0,138.0,138.0,12579
2022-07-08,154.0,157.0,150.0,152.0,7923
2022-07-11,154.25,158.0,151.0,157.0,9509
2022-07-12,155.0,157.0,152.0,154.0,3334
2022-07-13,156.0,163.0,150.0,157.0,7229
2022-07-14,163.25,164.0,153.25,160.0,11903
2022-07-15,165.25,169.0,161.0,165.0,7897
2022-07-18,169.25,170.0,162.0,170.0,2908
2022-07-19,165.25,173.0,164.0,171.0,15902
2022-07-20,164.75,168.5,160.25,160.25,13595
2022-07-21,170.75,172.5,162.0,165.5,3489
2022-07-22,172.5,174.0,167.0,172.5,1384
2022-07-25,176.75,177.0,163.0,173.0,3644
2022-07-26,177.5,178.75,174.0,174.0,3196
2022-07-27,195.0,199.0,177.75,177.75,4749
2022-07-28,203.0,204.0,188.75,194.0,10529
2022-07-29,207.0,211.75,198.0,204.0,9509
2022-08-01,207.0,211.0,198.0,211.0,4537
2022-08-02,208.75,211.5,203.0,207.0,4652
2022-08-03,212.25,214.0,200.0,212.0,2770
2022-08-04,217.0,219.0,212.0,215.0,6957
2022-08-05,225.25,229.0,208.0,214.0,7904
2022-08-08,235.75,236.0,222.0,226.0,5995
2022-08-09,230.5,236.0,228.5,236.0,2825
2022-08-10,233.5,236.5,230.0,232.0,2077
2022-08-11,231.25,233.5,225.0,233.25,1675
2022-08-12,232.25,234.5,226.0,231.25,6145
2022-08-16,231.5,236.5,225.0,236.5,733
2022-08-17,230.0,235.0,225.0,230.0,1811
2022-08-18,244.25,247.0,225.0,234.0,9469
2022-08-19,240.75,247.0,235.0,247.0,3425
2022-08-22,240.5,243.0,238.0,242.75,1591
2022-08-23,243.75,244.0,238.0,242.0,7233
2022-08-24,249.25,253.0,242.0,243.0,9306
2022-08-25,264.0,265.0,249.0,255.0,24140
2022-08-26,273.0,280.0,260.0,266.0,11447
2022-08-29,299.5,300.0,273.0,273.0,18553
2022-08-30,298.5,318.0,296.0,298.0,14298
2022-08-31,283.0,320.0,280.0,297.0,21110
2022-09-01,270.0,283.0,264.0,282.0,14145
2022-09-05,282.0,285.0,265.0,270.0,5825
2022-09-06,272.0,284.5,272.0,283.0,7674
2022-09-07,276.5,282.0,269.0,273.5,7790
2022-09-08,281.0,284.0,272.0,273.0,4334
2022-09-09,290.0,297.5,275.0,276.0,4972
2022-09-12,291.0,295.0,280.0,280.0,5973
2022-09-13,284.0,292.0,265.0,280.0,8757
2022-09-14,292.0,295.0,273.0,280.0,9676
2022-09-15,229.25,282.5,225.0,282.5,149258
2022-09-16,240.0,240.0,226.5,239.0,36053
2022-09-19,248.25,254.5,242.5,242.5,11111
2022-09-20,246.0,253.0,242.0,242.0,10797
2022-09-21,238.75,250.0,225.0,250.0,7280
2022-09-22,233.5,239.0,230.0,233.0,6384
2022-09-23,231.0,234.0,224.0,233.5,3650
2022-09-26,229.0,238.5,225.0,238.5,2826
2022-09-27,223.25,235.0,220.0,229.0,6441
2022-09-28,224.25,226.75,219.0,226.0,11456
2022-09-29,230.0,236.0,220.0,220.0,12756
2022-09-30,229.5,236.5,221.0,236.5,26187
2022-10-03,234.5,236.0,226.0,229.5,5350
2022-10-04,237.0,239.0,233.0,236.0,5184
2022-10-05,245.0,247.0,234.0,238.0,10424
2022-10-06,248.25,258.0,245.0,245.0,7216
2022-10-11,239.75,269.0,236.0,255.0,15390
2022-10-12,229.75,240.0,226.0,240.0,3953
2022-10-13,238.5,244.0,225.0,234.0,9479
2022-10-14,237.75,245.0,229.0,238.0,1660
2022-10-17,239.25,246.0,229.0,229.0,4135
2022-10-18,233.25,242.0,231.0,238.0,1880
2022-10-19,236.75,241.5,228.25,235.0,11275
2022-10-20,234.0,238.0,228.5,238.0,911
2022-10-21,236.5,241.0,228.0,240.0,1348
2022-10-24,242.25,260.0,234.0,235.0,11981
2022-10-25,243.0,245.0,233.0,245.0,21886
2022-10-26,243.0,245.0,238.0,243.25,6580
2022-10-27,240.75,244.5,237.5,240.0,7498
2022-10-28,240.0,241.5,240.0,240.0,3911
2022-10-31,242.0,246.0,238.0,243.0,5966
2022-11-01,248.25,255.0,235.0,244.0,11598
2022-11-02,252.0,260.0,236.0,256.0,12391
2022-11-03,251.5,260.0,246.0,260.0,15697
2022-11-04,242.0,256.0,241.0,256.0,6640
2022-11-07,241.0,245.0,235.0,242.0,3096
2022-11-08,235.0,240.0,221.0,237.75,8071
2022-11-09,224.0,238.0,219.0,226.0,21101
2022-11-10,229.0,234.75,217.25,230.0,2518
2022-11-11,230.5,240.0,225.0,229.0,37024
2022-11-14,229.0,230.0,220.0,220.0,12509
2022-11-15,239.5,240.0,226.0,236.0,8375
2022-11-16,235.0,238.0,229.0,230.0,2411
2022-11-17,234.0,240.0,226.5,235.0,3504
2022-11-18,239.0,240.0,235.0,240.0,755
2022-11-22,222.0,236.0,212.0,235.0,14300
2022-11-23,225.0,230.0,220.0,227.0,11813
2022-11-24,238.0,239.75,216.0,216.0,6292
2022-11-25,240.0,244.75,234.0,239.5,5183
2022-11-28,239.5,240.5,236.0,240.0,2681
2022-11-29,247.0,252.5,236.0,239.0,16053
2022-11-30,243.0,254.5,235.0,243.0,7992
2022-12-01,270.0,270.0,245.0,249.0,19696
2022-12-02,288.0,290.0,265.0,265.0,13536
2022-12-05,270.0,288.0,270.0,288.0,4209
2022-12-06,271.0,274.5,261.0,274.5,10886
2022-12-07,284.0,290.0,263.0,277.0,8588
2022-12-12,278.5,279.5,269.5,279.0,4335
2022-12-13,278.5,279.0,274.0,278.0,1684
2022-12-14,286.0,290.0,275.0,279.0,1720
2022-12-15,274.0,295.0,274.0,295.0,4189
2022-12-16,287.0,288.0,275.5,275.5,1475
2022-12-19,287.0,290.0,271.0,271.0,5041
2022-12-20,299.0,300.0,288.0,290.0,1859
2022-12-21,313.5,315.0,305.0,305.0,10922
2022-12-22,314.5,320.0,307.0,320.0,7937
2022-12-23,309.0,318.0,300.0,308.0,2902
2022-12-26,316.0,318.0,315.0,318.0,7931
2022-12-27,329.0,329.0,305.0,317.0,17487
2022-12-28,353.0,357.0,320.0,330.0,8492
2022-12-29,352.0,358.0,344.0,358.0,23585
2022-12-30,359.5,360.0,352.0,352.0,4248
2023-01-02,384.0,385.0,360.0,360.0,7145
2023-01-03,393.0,395.5,382.0,382.0,4475
2023-01-04,395.0,409.5,392.5,393.0,5349
2023-01-05,413.0,420.0,399.0,399.0,15973
2023-01-06,400.0,416.0,390.0,416.0,18814
2023-01-09,400.0,408.0,392.0,397.0,4982
2023-01-10,400.0,420.0,395.0,420.0,5446
2023-01-11,405.5,407.0,385.0,407.0,14955
2023-01-12,405.0,405.0,391.0,400.0,6085
2023-01-13,415.0,422.0,397.0,422.0,35544
2023-01-16,407.0,420.0,400.0,412.0,31568
2023-01-17,411.0,415.0,400.0,405.0,17752
2023-01-18,399.5,421.0,385.0,410.0,9365
2023-01-19,383.0,392.0,373.0,392.0,9555
2023-01-20,393.0,410.0,390.0,400.0,8720
2023-01-23,400.0,417.0,389.5,390.0,4584
2023-01-24,397.0,410.0,385.0,410.0,16071
2023-01-25,402.0,405.0,390.0,398.0,6881
2023-01-26,402.0,415.0,397.0,405.0,6445
2023-01-27,401.0,404.0,396.0,401.0,18553
2023-01-30,402.0,409.5,390.0,390.0,2777
2023-01-31,401.0,405.0,385.0,397.5,3536
2023-02-01,390.0,401.0,381.0,395.0,6286
2023-02-02,401.0,403.0,388.0,403.0,4462
2023-02-03,396.0,405.0,387.0,405.0,2935
2023-02-06,406.0,415.0,397.0,405.0,34014
2023-02-07,405.0,413.0,396.5,401.0,2830
2023-02-08,405.0,408.0,399.0,399.0,1483
2023-02-09,400.5,405.0,392.0,393.0,6110
2023-02-10,392.0,421.0,392.0,402.0,15818
2023-02-13,401.0,414.0,397.0,414.0,3582
2023-02-14,400.0,409.0,398.0,402.0,4201
2023-02-15,405.0,405.0,398.5,400.0,1142
2023-02-16,401.0,418.0,397.0,417.5,3110
2023-02-17,405.0,417.0,401.0,417.0,8914
2023-02-22,396.0,430.0,390.5,420.0,4398
2023-02-23,401.0,414.0,395.5,414.0,1709
2023-02-24,400.0,408.0,398.0,408.0,789
2023-02-27,396.0,402.0,396.0,396.0,11581
2023-02-28,393.0,405.0,390.0,405.0,656
2023-03-01,400.0,400.0,380.0,381.0,451
2023-03-02,386.0,400.0,382.0,382.0,851
2023-03-03,400.0,400.0,396.0,400.0,3374
2023-03-06,393.0,405.0,390.0,404.0,2187
2023-03-07,405.0,410.0,395.0,395.0,3792
2023-03-08,407.0,407.0,401.0,404.0,2268
2023-03-09,417.5,419.5,406.0,408.0,7431
2023-03-10,408.0,419.0,402.0,419.0,1375
2023-03-13,394.0,400.0,381.0,400.0,4586
2023-03-14,379.5,398.0,378.0,395.0,3579
2023-03-15,357.5,386.0,348.0,386.0,2926
2023-03-16,377.0,379.5,368.0,368.0,1792
2023-03-17,377.0,385.0,371.0,377.0,2221
2023-03-20,380.0,380.0,372.0,380.0,1154
2023-03-21,380.5,382.0,375.0,375.0,3596
2023-03-22,382.5,387.5,377.0,387.5,531
2023-03-23,380.5,390.0,380.0,380.0,1825
2023-03-27,389.5,392.0,380.0,380.0,8038
2023-03-28,412.5,420.0,394.0,394.0,3844
2023-03-29,405.5,418.5,395.0,414.0,4977
2023-03-30,407.5,415.0,395.0,402.0,6757
2023-03-31,387.5,405.0,385.0,405.0,4877
2023-04-03,387.0,392.0,374.0,386.0,54711
2023-04-04,405.5,414.0,382.0,382.0,10999
2023-04-05,415.5,419.0,410.0,414.0,11874
2023-04-10,428.5,435.0,401.0,405.0,10540
2023-04-11,442.5,453.0,434.0,440.0,20296
2023-04-12,451.0,455.0,440.0,455.0,13163
2023-04-13,475.0,479.5,453.0,453.0,14871
2023-04-14,471.0,480.0,465.5,475.0,5103
2023-04-17,479.0,481.0,460.0,472.0,6344
2023-04-18,471.0,480.0,467.0,480.0,10154
2023-04-19,448.5,478.0,446.5,465.0,3792
2023-04-20,464.0,468.0,448.5,448.5,3505
2023-04-21,473.5,475.0,450.0,470.0,6337
2023-04-24,463.5,487.0,450.0,473.0,10938
2023-04-25,456.0,462.0,441.0,462.0,29200
2023-04-26,432.0,454.0,425.0,454.0,70283
2023-04-27,423.5,440.0,405.0,440.0,67603
2023-04-28,440.0,445.0,421.0,421.0,11291
2023-05-02,433.5,440.0,428.0,440.0,6329
2023-05-03,436.5,440.0,429.0,435.0,4321
2023-05-04,435.0,438.0,423.0,423.0,2692
2023-05-05,450.5,455.0,427.5,427.5,15053
2023-05-08,447.5,455.0,441.0,441.0,2686
2023-05-09,459.5,465.0,429.0,447.0,18129
2023-05-10,487.0,505.0,460.0,460.0,16684
2023-05-11,513.0,517.0,482.0,485.0,21655
2023-05-12,506.5,515.0,495.0,515.0,11057
2023-05-15,501.0,510.0,471.0,491.0,6556
2023-05-16,519.0,520.0,490.0,505.5,16091
2023-05-17,530.0,530.0,501.0,513.0,5669
2023-05-18,538.5,545.0,515.0,535.0,5166
2023-05-19,582.5,595.0,521.0,521.0,16500
2023-05-22,591.5,595.0,570.0,583.0,7544
2023-05-23,603.5,650.0,600.0,605.0,6837
2023-05-24,603.5,620.0,567.0,600.0,12292
2023-05-29,605.5,628.0,600.0,628.0,6415
2023-05-30,592.5,605.0,582.0,600.0,5965
2023-05-31,575.5,592.0,571.0,592.0,6043
2023-06-01,601.0,604.0,574.0,580.0,5833
2023-06-02,597.5,614.5,593.0,605.0,5978
2023-06-05,590.0,599.0,576.0,599.0,13910
2023-06-06,596.0,599.0,575.0,599.0,8721
2023-06-07,598.5,602.0,586.0,597.0,4594
2023-06-08,591.0,606.0,586.0,606.0,4994
2023-06-09,574.5,583.5,570.0,575.0,8220
2023-06-12,578.0,585.0,559.5,585.0,5624
2023-06-13,568.0,588.0,562.0,588.0,3021
2023-06-14,563.0,570.0,558.0,558.0,3997
2023-06-15,587.5,589.0,556.0,557.0,10224
2023-06-16,596.0,630.0,570.0,587.0,25584
2023-06-21,636.5,644.0,603.0,603.0,30964
2023-06-22,625.5,643.0,620.0,643.0,10318
2023-06-23,624.5,625.5,611.0,625.5,11680
2023-06-26,628.0,658.0,625.0,626.0,33679
2023-06-27,625.0,640.5,617.0,635.0,3753
2023-06-28,610.0,656.0,610.0,656.0,8107
2023-06-29,600.0,614.0,593.0,611.0,40913
2023-06-30,610.0,611.0,590.0,590.0,38762
2023-07-03,617.5,619.0,605.0,615.0,12239
2023-07-04,632.5,638.0,622.0,624.0,8357
2023-07-05,632.0,654.0,625.0,625.0,5396
2023-07-06,616.5,645.0,615.0,645.0,4505
2023-07-07,618.0,619.0,605.0,618.0,8968
2023-07-10,617.0,625.0,605.5,618.0,4762
2023-07-11,629.0,629.0,602.0,621.0,3876
2023-07-12,631.5,650.0,613.0,629.0,2824
2023-07-13,623.0,640.0,615.0,640.0,6448
2023-07-14,624.0,636.0,620.0,636.0,5150
2023-07-17,632.0,635.0,620.0,635.0,14037
2023-07-18,630.5,644.5,618.0,637.0,2721
2023-07-19,641.5,653.5,617.5,630.5,5612
2023-07-20,653.0,655.0,636.0,636.0,1289
2023-07-21,662.5,669.0,653.0,662.0,4765
2023-07-24,669.0,704.5,665.0,690.0,19023
2023-07-25,662.5,681.5,655.5,658.0,2618
2023-07-26,668.5,670.0,610.0,670.0,5056
2023-07-27,643.0,700.0,642.0,670.0,6772
2023-07-28,665.0,672.0,640.0,640.0,5957
2023-07-31,669.0,675.0,645.0,660.0,5283
2023-08-01,666.0,677.0,647.5,677.0,7613
2023-08-02,655.0,669.0,641.0,669.0,6161
2023-08-03,657.5,670.0,646.0,654.0,2414
2023-08-04,670.0,688.0,650.0,657.0,13751
2023-08-07,656.0,675.0,652.5,656.0,1232
2023-08-08,654.0,670.0,651.5,670.0,2203
2023-08-09,662.0,685.0,647.5,660.0,1816
2023-08-10,677.5,678.0,648.0,665.0,2377
2023-08-11,708.0,709.0,652.0,652.0,25201
2023-08-14,758.0,761.0,705.0,707.0,7164
2023-08-15,789.5,794.0,750.0,750.0,3431
2023-08-16,812.5,815.0,776.0,788.0,5002
2023-08-17,830.0,839.0,809.0,815.0,13457
2023-08-18,844.0,844.0,798.0,828.0,4861
2023-08-22,906.0,910.0,818.0,842.0,4892
2023-08-23,993.0,999.0,920.0,920.0,11568
2023-08-24,1019.5,1025.0,965.0,993.0,15116
2023-08-25,1074.0,1110.0,1000.0,1019.0,9519
2023-08-28,1106.5,1169.5,1070.0,1073.0,8439
2023-08-29,1132.5,1196.0,1110.0,1150.0,6705
2023-08-30,1137.0,1159.0,1110.0,1145.0,5300
2023-08-31,1105.5,1160.0,1100.0,1100.0,4166
2023-09-01,1097.0,1140.0,1091.0,1100.0,6045
2023-09-04,1067.0,1119.5,1045.0,1097.0,39506
2023-09-05,1011.0,1085.0,975.0,1067.5,5172
2023-09-06,1049.0,1050.0,981.0,1010.0,2705
2023-09-07,986.5,1140.0,960.0,1049.0,6337
2023-09-08,902.0,999.0,856.0,986.0,5291
2023-09-11,880.0,938.0,861.0,938.0,12127
2023-09-12,968.0,990.0,883.5,883.5,2905
2023-09-13,983.0,1050.0,951.5,969.0,4705
2023-09-14,990.5,1040.0,951.0,984.0,7575
2023-09-15,983.0,1010.0,923.0,996.5,3822
2023-09-18,997.5,1034.5,950.0,995.0,5376
2023-09-19,988.5,1014.0,930.0,1000.0,4237
2023-09-20,975.0,1005.0,937.0,988.0,2754
2023-09-21,934.5,969.0,920.0,941.0,2301
2023-09-22,929.0,960.0,901.0,901.0,2283
2023-09-25,915.5,920.0,868.5,920.0,2751
2023-09-26,896.5,930.0,894.5,930.0,9446
2023-09-27,898.5,910.0,850.0,870.0,6336
2023-09-28,983.0,1025.0,870.0,890.0,23383
2023-09-29,992.5,1090.0,955.5,1030.0,5676
2023-10-02,941.0,970.0,930.0,970.0,4596
2023-10-03,898.5,941.0,896.0,941.0,4149
2023-10-04,931.5,939.5,880.0,908.0,9474
2023-10-05,1030.0,1065.0,960.0,970.0,18482
2023-10-06,1044.5,1120.0,1010.0,1010.0,7068
2023-10-09,1040.0,1080.0,1011.0,1044.5,14175
2023-10-10,1092.0,1105.0,1044.5,1089.5,86004
2023-10-11,1143.0,1172.5,1050.0,1050.0,22853
2023-10-12,1191.0,1218.5,1150.0,1170.0,53388
2023-10-17,1276.0,1298.0,1185.0,1238.0,67941
2023-10-18,1343.5,1350.0,1275.0,1320.0,63080
2023-10-19,1296.0,1345.0,1201.0,1345.0,41137
2023-10-20,1317.0,1350.0,1250.0,1300.0,64265
2023-10-23,1217.5,1274.0,1101.0,1274.0,8352
2023-10-24,1121.0,1255.5,1092.0,1220.0,12048
2023-10-25,1085.5,1165.0,1002.0,1165.0,20773
2023-10-26,1040.0,1119.0,1025.0,1099.0,26487
2023-10-27,970.0,1055.0,940.0,1005.0,24170
2023-10-30,901.5,1024.0,883.0,1000.0,10509
2023-10-31,891.5,935.0,849.5,910.0,2813
2023-11-01,958.0,988.0,856.0,856.0,25262
2023-11-02,1001.0,1002.0,985.0,985.0,3436
2023-11-03,1015.0,1049.5,990.0,1020.0,9701
2023-11-07,989.0,1009.5,950.0,970.0,3312
2023-11-08,934.5,991.0,910.0,990.0,7073
2023-11-09,929.0,971.0,902.0,971.0,6219
2023-11-10,983.0,985.0,940.0,950.0,9318
2023-11-13,976.5,1015.0,945.0,985.0,2441
2023-11-14,1006.5,1050.0,950.0,977.0,15176
2023-11-15,1043.5,1059.0,1000.0,1000.0,14869
2023-11-16,1014.5,1044.0,980.0,1015.0,20358
2023-11-17,1030.0,1039.5,1000.0,1014.5,5277
2023-11-21,1382.5,1495.0,1240.0,1245.0,119286
2023-11-22,1552.0,1600.0,1383.0,1400.0,46416
2023-11-23,1598.5,1650.0,1500.0,1550.0,36605
2023-11-24,1659.0,1700.0,1588.0,1588.0,82017
2023-11-27,1563.5,1705.0,1460.0,1705.0,32100
2023-11-28,1502.0,1650.0,1400.0,1580.0,22442
2023-11-29,1497.5,1551.0,1427.0,1500.0,24999
2023-11-30,1545.0,1550.0,1450.0,1550.0,15269
2023-12-01,1576.0,1620.0,1488.0,1560.0,21853
2023-12-04,1596.0,1650.0,1460.0,1600.0,15047
2023-12-05,1650.0,1700.0,1634.0,1640.0,88611
2023-12-06,1728.5,1841.0,1650.5,1650.5,91479
2023-12-07,1849.0,1900.0,1725.0,1725.0,69954
2023-12-11,1872.5,1995.0,1760.0,1854.0,82972
2023-12-12,1945.0,2080.0,1875.0,1945.0,49945
2023-12-13,2006.5,2149.0,1800.0,2049.0,40101
2023-12-14,2021.0,2100.0,1989.0,2099.0,39683
2023-12-15,1946.0,2096.0,1900.0,2096.0,27855
2023-12-18,1891.5,1950.5,1850.0,1950.0,31787
2023-12-19,1910.5,1960.0,1801.5,1960.0,15850
2023-12-20,1961.0,1981.5,1912.0,1981.5,18888
2023-12-21,1976.0,1999.5,1861.5,1930.0,38010
2023-12-22,1891.5,2050.0,1876.0,2006.0,18411
2023-12-26,1858.0,1950.0,1820.0,1950.0,35263
2023-12-27,1838.5,1950.0,1830.0,1909.0,120928
2023-12-28,1834.5,1881.0,1756.0,1838.5,26621
2023-12-29,1916.5,1950.0,1800.0,1830.0,20984
2024-01-02,1952.0,2050.0,1921.0,1989.0,16606
2024-01-03,1979.5,2019.5,1870.0,1953.0,21698
2024-01-04,2056.0,2094.5,1906.0,2000.0,38800
2024-01-05,2086.5,2160.0,2001.0,2025.0,23018
2024-01-08,2124.0,2223.0,2001.0,2086.0,31140
2024-01-09,2190.5,2212.0,2150.0,2200.0,20996
2024-01-10,2214.5,2349.0,2175.0,2246.0,45807
2024-01-11,2204.0,2300.0,2166.5,2259.0,24477
2024-01-12,2222.0,2283.5,2175.0,2280.0,21077
2024-01-15,2356.0,2399.0,2202.5,2265.0,22655
2024-01-16,2333.0,2450.0,2300.0,2350.0,49456
2024-01-17,2293.0,2410.0,2226.0,2399.0,63687
2024-01-18,2217.5,2345.0,2200.0,2300.0,31888
2024-01-19,2228.0,2278.0,2182.0,2217.5,56721
2024-01-22,2292.5,2321.5,2230.0,2250.0,83330
2024-01-23,2236.0,2390.0,2110.0,2379.0,35214
2024-01-24,2225.0,2280.0,2211.5,2280.0,39499
2024-01-25,2460.5,2549.0,2125.0,2225.0,337628
2024-01-26,2411.5,2559.0,2355.0,2555.0,98084
2024-01-29,2500.5,2545.0,2310.0,2390.0,24818
2024-01-30,2515.0,2590.0,2425.0,2500.5,69968
2024-01-31,2539.0,2595.0,2450.0,2450.0,93881
2024-02-01,2502.5,2549.0,2470.5,2540.0,29548
2024-02-02,2696.0,2760.0,2505.0,2590.0,34821
2024-02-05,2585.5,2723.5,2491.0,2710.0,29172
2024-02-06,2551.5,2665.0,2430.0,2625.0,43138
2024-02-07,2420.0,2479.0,2270.0,2479.0,28408
2024-02-08,2309.0,2465.0,2267.0,2415.0,39952
2024-02-09,2427.0,2500.0,2155.0,2290.0,17806
2024-02-14,2439.5,2548.0,2360.0,2430.0,8925
2024-02-15,2606.5,2650.0,2392.0,2450.0,32090
2024-02-16,2543.0,2698.0,2410.0,2610.0,26809
2024-02-19,2603.0,2648.0,2310.0,2531.0,12017
2024-02-20,2588.0,2602.5,2461.0,2559.0,9905
2024-02-21,2446.5,2560.0,2430.5,2500.0,16997
2024-02-22,2510.5,2515.0,2400.0,2400.0,23412
2024-02-23,2597.0,2700.0,2406.0,2530.0,10181
2024-02-26,2544.5,2700.0,2516.0,2700.0,21526
2024-02-27,2347.5,2550.0,2252.0,2550.0,18536
2024-02-28,2265.0,2345.0,2250.0,2330.0,14777
2024-02-29,2329.0,2360.0,2265.0,2265.0,5758
2024-03-01,2371.5,2390.0,2310.0,2334.0,13667
2024-03-04,2376.5,2500.0,2260.0,2400.0,13804
2024-03-05,2198.0,2450.0,2168.0,2330.0,12427
2024-03-06,2212.5,2300.5,2100.0,2198.0,28627
2024-03-07,2290.0,2359.0,2150.0,2200.0,37659
2024-03-08,2323.5,2375.0,2300.0,2300.5,13270
2024-03-11,2187.5,2344.5,2125.0,2330.0,39414
2024-03-12,2404.0,2470.0,2200.0,2200.0,45800
2024-03-13,2735.0,2756.0,2407.0,2484.0,99783
2024-03-14,2811.0,2890.0,2690.0,2755.0,82916
2024-03-15,2978.0,2998.0,2811.0,2812.0,58560
2024-03-18,2975.0,2995.0,2780.0,2993.0,46956
2024-03-19,2904.0,3000.0,2840.5,3000.0,34115
2024-03-20,2912.5,2949.0,2872.0,2949.0,63675
2024-03-21,2834.0,2980.0,2799.0,2969.0,60259
2024-03-22,2782.5,2850.5,2715.0,2770.0,34518
2024-03-25,2709.0,2827.0,2687.5,2777.0,30516
2024-03-26,2702.5,2749.0,2635.0,2749.0,62861
2024-03-27,2678.5,2757.0,2630.5,2704.5,28202
2024-04-03,2717.0,2839.5,2655.0,2660.0,38543
2024-04-04,2747.5,2817.0,2675.0,2817.0,51843
2024-04-05,2913.0,2925.0,2745.0,2798.0,39970
2024-04-08,3078.0,3158.5,2879.0,2929.0,123352
2024-04-09,3000.5,3195.0,2901.0,3080.0,80796
2024-04-10,3007.5,3090.0,2900.0,3018.0,124035
2024-04-11,3046.5,3100.0,3000.0,3100.0,4745
2024-04-12,3043.0,3097.0,2985.5,3074.0,30512
2024-04-15,2920.5,3149.5,2800.5,2951.0,18018
2024-04-16,2927.5,2960.0,2757.0,2930.0,24637
2024-04-17,2773.0,2994.0,2749.5,2950.0,24285
2024-04-18,2895.0,2952.5,2753.0,2820.0,35415
2024-04-19,2987.0,3150.5,2761.0,2890.0,262511
2024-04-22,2989.5,3119.5,2915.5,2950.5,88061
2024-04-23,2896.0,3128.5,2890.0,3128.5,40688
2024-04-24,2796.5,2947.5,2782.0,2900.5,32612
2024-04-25,2889.5,2975.5,2800.5,2885.0,24583
2024-04-26,2867.0,2999.5,2850.0,2900.0,28433
2024-04-29,2828.0,2925.0,2820.0,2897.5,25975
2024-04-30,2817.0,2920.0,2800.0,2835.0,23771
2024-05-02,2844.0,2862.0,2802.0,2862.0,62358
2024-05-03,2913.5,2990.0,2805.5,2862.0,85426
2024-05-06,2970.5,3028.0,2849.5,2900.0,59751
2024-05-07,2863.0,3022.5,2851.0,3000.5,27958
2024-05-08,2797.0,2925.0,2779.5,2860.0,25522
2024-05-09,2807.0,2824.0,2745.0,2745.0,9850
2024-05-10,2848.5,2899.0,2799.0,2800.0,23342
2024-05-13,2796.0,2904.5,2761.5,2904.5,41299
2024-05-14,2799.5,2847.5,2770.0,2770.0,38170
2024-05-15,2851.0,2905.0,2802.0,2842.0,101786
2024-05-16,2900.0,2993.0,2851.0,2965.0,65505
2024-05-17,2915.0,2950.0,2900.0,2900.0,2576
2024-05-20,2939.5,2984.5,2900.0,2917.0,121853
2024-05-21,2913.5,2960.0,2891.0,2939.5,49845
2024-05-22,2885.0,2951.5,2820.0,2951.0,38303
2024-05-23,2869.5,2950.0,2811.0,2950.0,40552
2024-05-24,2911.5,2936.0,2869.0,2870.0,60504
2024-05-27,2908.5,2949.0,2893.0,2940.0,21426
2024-05-28,2940.0,2948.0,2902.0,2912.0,19402
2024-05-29,3167.5,3300.0,2940.0,2940.0,117003
2024-05-30,3175.0,3380.0,3111.0,3195.0,82914
2024-05-31,3206.5,3280.0,3051.0,3280.0,38788
2024-06-03,3202.5,3280.0,3160.5,3220.0,27626
2024-06-04,3046.0,3202.5,3011.0,3202.5,55370
2024-06-05,3080.5,3095.0,2933.0,3002.0,37588
2024-06-06,2905.0,3149.5,2902.0,3080.5,41705
2024-06-07,2917.0,2972.5,2811.5,2907.0,17788
2024-06-10,3030.0,3045.0,2811.0,2917.0,18094
2024-06-11,2969.0,3070.0,2940.0,3040.0,16594
2024-06-12,3004.5,3060.0,2940.5,2970.0,15909
2024-06-13,3045.5,3155.0,3004.0,3155.0,34102
2024-06-14,3011.0,3100.0,2970.0,3100.0,19855
2024-06-18,2944.0,3155.0,2940.0,3025.0,28981
2024-06-19,2942.0,3040.0,2906.0,3040.0,13702
2024-06-24,2882.5,2979.0,2830.5,2979.0,9270
2024-06-25,2936.0,2949.0,2821.0,2855.0,9072
2024-06-26,2949.0,2989.5,2910.0,2938.0,25142
2024-06-27,3035.5,3040.0,2950.0,3040.0,49895
2024-06-28,2988.5,3040.0,2950.0,3040.0,12836
2024-07-01,2863.0,3030.0,2841.0,2950.0,45800
2024-07-02,2875.0,2990.0,2851.5,2990.0,27017
2024-07-03,2904.0,2995.0,2865.0,2995.0,50208
2024-07-04,2887.5,2974.5,2875.0,2905.0,12770
2024-07-05,2919.0,2933.0,2860.0,2887.5,16202
2024-07-08,3011.5,3050.0,2921.5,2999.5,36535
2024-07-10,3050.0,3120.0,3015.0,3030.0,43474
2024-07-11,3165.0,3250.0,3070.0,3070.0,51759
2024-07-12,3140.0,3220.0,3070.0,3165.0,25545
2024-07-15,2910.0,3130.0,2900.0,3100.0,24339
2024-07-16,2890.0,2950.0,2710.0,2800.0,23376
2024-07-17,2980.0,3150.0,2820.0,2960.0,14818
2024-07-18,2950.0,3045.0,2880.0,3020.0,15225
2024-07-19,3035.0,3095.0,2935.0,3000.0,16461
2024-07-22,3060.0,3200.0,3005.0,3060.0,27254
2024-07-23,3090.0,3115.0,2990.0,3115.0,34520
2024-07-24,2995.0,3060.0,2970.0,3060.0,24405
2024-07-25,2885.0,3015.0,2850.0,2990.0,13644
2024-07-26,2845.0,2925.0,2835.0,2855.0,11812
2024-07-29,2785.0,2870.0,2780.0,2800.0,7931
2024-07-30,2660.0,2825.0,2600.0,2825.0,20118
2024-07-31,2790.0,2845.0,2640.0,2730.0,908
2024-08-01,2810.0,2900.0,2770.0,2775.0,19442
2024-08-02,2745.0,2805.0,2630.0,2800.0,7060
2024-08-05,2625.0,2695.0,2525.0,2525.0,16469
2024-08-06,2725.0,2835.0,2640.0,2640.0,61972
2024-08-07,2745.0,2845.0,2705.0,2755.0,35123
2024-08-08,2815.0,2835.0,2780.0,2780.0,49849
2024-08-09,2780.0,2890.0,2730.0,2850.0,29874
2024-08-12,2730.0,2880.0,2680.0,2680.0,17317
2024-08-13,2745.0,2795.0,2710.0,2750.0,25955
2024-08-14,2770.0,2800.0,2715.0,2740.0,19508
2024-08-15,2835.0,2900.0,2770.0,2770.0,42526
2024-08-16,2870.0,2900.0,2795.0,2900.0,14088
2024-08-19,2850.0,2910.0,2750.0,2910.0,14051
2024-08-20,2875.0,2910.0,2815.0,2905.0,24255
2024-08-21,2875.0,2900.0,2765.0,2900.0,54085
2024-08-22,2805.0,2870.0,2750.0,2870.0,22146
2024-08-23,2775.0,2850.0,2745.0,2745.0,21679
2024-08-26,2800.0,2820.0,2720.0,2815.0,11311
2024-08-27,2805.0,2840.0,2730.0,2730.0,15225
2024-08-28,2780.0,2840.0,2725.0,2725.0,27577
2024-08-29,2810.0,2815.0,2715.0,2780.0,33010
2024-08-30,2815.0,2860.0,2800.0,2840.0,28965
2024-09-02,2840.0,2855.0,2795.0,2805.0,22009
2024-09-03,2805.0,2840.0,2765.0,2840.0,19554
2024-09-04,2795.0,2845.0,2770.0,2820.0,16883
2024-09-05,2830.0,2855.0,2765.0,2785.0,31218
2024-09-06,2850.0,2880.0,2790.0,2835.0,358265
2024-09-09,2985.0,3000.0,2850.0,2850.0,103045
2024-09-10,2985.0,3020.0,2920.0,2990.0,35317
2024-09-11,2990.0,3090.0,2930.0,2990.0,55448
2024-09-12,3015.0,3025.0,2970.0,2995.0,28827
2024-09-13,2990.0,3050.0,2950.0,2965.0,31965
2024-09-16,2990.0,3040.0,2980.0,3030.0,26542
2024-09-17,2965.0,3000.0,2900.0,2905.0,14207
2024-09-18,2950.0,3000.0,2920.0,2945.0,30476
2024-09-19,2945.0,3015.0,2920.0,2950.0,23388
2024-09-20,2900.0,2970.0,2860.0,2930.0,37969
2024-09-23,2845.0,2890.0,2815.0,2815.0,14919
2024-09-24,2900.0,2935.0,2820.0,2820.0,22395
2024-09-25,2925.0,2975.0,2875.0,2975.0,13131
2024-09-26,2950.0,3000.0,2915.0,2965.0,27389
2024-09-27,2975.0,2980.0,2930.0,2945.0,18856
2024-09-30,2905.0,2990.0,2820.0,2990.0,11761
2024-10-01,2910.0,2970.0,2855.0,2900.0,10767
2024-10-02,2885.0,2930.0,2805.0,2900.0,25474
2024-10-03,2885.0,2935.0,2850.0,2850.0,10368
2024-10-04,2945.0,2980.0,2865.0,2870.0,35505
2024-10-07,2950.0,2980.0,2890.0,2890.0,24983
2024-10-08,2950.0,2980.0,2850.0,2850.0,17660
2024-10-09,2935.0,3020.0,2910.0,2950.0,54839
2024-10-10,2920.0,2995.0,2900.0,2960.0,58999
2024-10-14,2900.0,2950.0,2855.0,2855.0,36995
2024-10-15,2940.0,2960.0,2850.0,2880.0,48772
2024-10-16,2925.0,2980.0,2855.0,2940.0,33263
2024-10-17,2935.0,2980.0,2920.0,2980.0,12259
2024-10-18,2945.0,3020.0,2900.0,2900.0,60365
2024-10-21,2945.0,3000.0,2910.0,2960.0,13130
2024-10-22,2940.0,2995.0,2865.0,2950.0,14201
2024-10-23,2870.0,2975.0,2850.0,2975.0,25030
2024-10-24,2830.0,3000.0,2810.0,2850.0,85771
2024-10-25,2840.0,2875.0,2805.0,2805.0,41996
2024-10-28,2830.0,2875.0,2800.0,2800.0,60209
2024-10-29,2950.0,2985.0,2790.0,2870.0,135308
2024-10-30,2920.0,3000.0,2875.0,2950.0,87160
2024-10-31,2950.0,2990.0,2850.0,2990.0,30809
2024-11-01,3050.0,3070.0,2890.0,2890.0,68799
2024-11-04,3195.0,3245.0,2960.0,2960.0,114311
2024-11-05,3240.0,3285.0,3180.0,3220.0,73594
2024-11-06,3240.0,3475.0,3215.0,3270.0,56731
2024-11-07,3450.0,3535.0,3110.0,3200.0,211924
2024-11-08,3305.0,3500.0,3230.0,3500.0,75048
2024-11-11,3310.0,3380.0,3200.0,3380.0,42424
2024-11-12,3420.0,3450.0,3235.0,3310.0,49312
2024-11-13,3445.0,3500.0,3420.0,3480.0,91465
2024-11-14,3450.0,3510.0,3315.0,3500.0,67424
2024-11-15,3420.0,3510.0,3300.0,3370.0,41354
2024-11-19,3435.0,3500.0,3315.0,3420.0,99300
2024-11-20,3420.0,3465.0,3345.0,3410.0,70097
2024-11-21,3465.0,3530.0,3370.0,3370.0,48816
2024-11-22,3550.0,3585.0,3390.0,3580.0,47109
2024-11-25,3725.0,3790.0,3435.0,3570.0,212985
2024-11-26,3730.0,3870.0,3660.0,3740.0,95249
2024-11-27,3690.0,3820.0,3615.0,3755.0,77731
2024-11-28,3720.0,3850.0,3630.0,3795.0,33798
2024-11-29,3740.0,3800.0,3610.0,3800.0,18933
2024-12-02,3640.0,3850.0,3620.0,3795.0,81652
2024-12-03,3610.0,3700.0,3540.0,3640.0,75419
2024-12-04,3445.0,3680.0,3400.0,3680.0,76087
2024-12-05,3310.0,3475.0,3280.0,3460.0,76398
2024-12-06,3255.0,3380.0,3185.0,3370.0,184226
2024-12-09,3445.0,3485.0,3210.0,3275.0,79346
2024-12-10,3520.0,3570.0,3460.0,3525.0,102295
2024-12-11,3490.0,3575.0,3410.0,3520.0,38084
2024-12-12,3455.0,3550.0,3405.0,3550.0,80863
2024-12-13,3445.0,3500.0,3375.0,3500.0,62876
2024-12-16,3580.0,3595.0,3415.0,3520.0,113798
2024-12-17,3550.0,3700.0,3465.0,3590.0,135705
2024-12-18,3625.0,3700.0,3560.0,3600.0,125793
2024-12-19,3730.0,3775.0,3560.0,3660.0,104515
2024-12-20,3910.0,3940.0,3740.0,3750.0,74909
2024-12-23,3990.0,4000.0,3915.0,3980.0,61325
2024-12-24,3970.0,4100.0,3920.0,4000.0,37087
2024-12-26,3970.0,4090.0,3855.0,3970.0,65669
2024-12-27,3920.0,4060.0,3780.0,3970.0,30790
2024-12-30,3835.0,3910.0,3780.0,3910.0,25873
2025-01-02,3895.0,3965.0,3720.0,3840.0,55454
2025-01-03,3780.0,3925.0,3755.0,3800.0,85387
2025-01-06,3740.0,3830.0,3700.0,3750.0,46837
2025-01-07,3695.0,3750.0,3610.0,3715.0,58113
2025-01-08,3645.0,3720.0,3595.0,3595.0,29108
2025-01-09,3610.0,3650.0,3550.0,3630.0,32937
2025-01-10,3805.0,3850.0,3565.0,3650.0,60620
2025-01-13,3800.0,3945.0,3665.0,3870.0,52252
2025-01-14,3825.0,3860.0,3615.0,3850.0,22989
2025-01-15,3860.0,3900.0,3750.0,3900.0,29150
2025-01-16,3700.0,3900.0,3655.0,3880.0,30435
2025-01-17,3525.0,3700.0,3400.0,3680.0,25642
2025-01-20,3575.0,3600.0,3525.0,3600.0,41291
2025-01-21,3550.0,3645.0,3470.0,3580.0,17161
2025-01-22,3595.0,3700.0,3525.0,3550.0,22048
2025-01-23,3610.0,3645.0,3510.0,3595.0,16488
2025-01-24,3555.0,3750.0,3470.0,3750.0,22713
2025-01-27,3375.0,3570.0,3310.0,3570.0,55879
2025-01-28,3315.0,3475.0,3225.0,3385.0,52773
2025-01-29,3405.0,3415.0,3250.0,3320.0,32504
2025-01-30,3410.0,3500.0,3360.0,3405.0,27524
2025-01-31,3380.0,3470.0,3325.0,3410.0,18064
2025-02-03,3355.0,3450.0,3125.0,3365.0,16101
2025-02-04,3340.0,3415.0,3280.0,3415.0,20663
2025-02-05,3275.0,3395.0,3230.0,3230.0,19000
2025-02-06,3250.0,3325.0,3205.0,3280.0,9385
2025-02-07,3180.0,3365.0,3150.0,3205.0,19435
2025-02-10,3265.0,3290.0,3060.0,3190.0,31638
2025-02-11,3200.0,3385.0,3100.0,3280.0,37552
2025-02-12,3325.0,3385.0,3075.0,3270.0,41870
2025-02-13,3330.0,3425.0,3250.0,3350.0,86487
2025-02-14,3580.0,3595.0,3310.0,3360.0,111780
2025-02-17,3415.0,3550.0,3365.0,3470.0,37091
2025-02-18,3525.0,3530.0,3295.0,3350.0,51916
2025-02-19,3585.0,3605.0,3465.0,3590.0,46111
2025-02-20,3665.0,3695.0,3555.0,3585.0,52205
2025-02-21,3505.0,3750.0,3455.0,3750.0,70713
2025-02-24,3460.0,3620.0,3400.0,3510.0,41992
2025-02-25,3315.0,3480.0,3265.0,3415.0,32517
2025-02-26,3295.0,3380.0,3250.0,3350.0,27434
2025-02-27,3160.0,3330.0,3125.0,3245.0,28801
2025-02-28,3135.0,3200.0,3040.0,3150.0,57933
2025-03-05,3165.0,3190.0,3025.0,3100.0,72415
2025-03-06,3180.0,3235.0,3100.0,3170.0,20804
2025-03-07,3180.0,3250.0,3055.0,3230.0,48983
2025-03-10,2930.0,3185.0,2900.0,3185.0,31912
2025-03-11,2850.0,3040.0,2800.0,3000.0,68570
2025-03-12,2920.0,2975.0,2845.0,2845.0,48682
2025-03-13,2840.0,2970.0,2815.0,2950.0,109147
2025-03-14,2885.0,2950.0,2815.0,2855.0,272239
2025-03-17,2910.0,2965.0,2885.0,2920.0,60663
2025-03-18,2880.0,2975.0,2850.0,2910.0,19167
2025-03-19,2900.0,2945.0,2855.0,2855.0,34035
2025-03-20,2890.0,2960.0,2860.0,2930.0,18621
2025-03-21,2945.0,2980.0,2860.0,2890.0,36634
2025-03-25,3030.0,3100.0,2870.0,2945.0,94326
2025-03-26,3030.0,3100.0,2995.0,3095.0,45603
2025-03-27,3070.0,3200.0,2980.0,3080.0,74441
2025-03-28,3025.0,3075.0,2970.0,3065.0,18954
2025-03-31,3000.0,3055.0,2910.0,3020.0,66258
2025-04-01,3015.0,3135.0,2950.0,3025.0,18847
2025-04-03,2925.0,2980.0,2805.0,2910.0,23802
2025-04-04,2760.0,2820.0,2550.0,2820.0,55670
2025-04-07,2500.0,2715.0,2450.0,2700.0,79023
2025-04-08,2225.0,2600.0,2200.0,2530.0,149383
2025-04-09,2400.0,2465.0,1950.0,2150.0,75664
2025-04-10,2360.0,2595.0,2300.0,2390.0,32656
2025-04-11,2595.0,2695.0,2360.0,2360.0,34066
2025-04-14,2700.0,2850.0,2500.0,2800.0,138352
2025-04-15,2625.0,2700.0,2600.0,2700.0,20344
