Price,('Close', 'BOLT.BA'),('High', 'BOLT.BA'),('Low', 'BOLT.BA'),('Open', 'BOLT.BA'),('Volume', 'BOLT.BA')
Ticker,BOLT.BA,BOLT.BA,BOLT.BA,BOLT.BA,BOLT.BA
Date,,,,,
2020-04-17,2.25,2.3399999141693115,2.2100000381469727,2.240000009536743,603937
2020-04-20,2.2899999618530273,2.3299999237060547,2.200000047683716,2.240000009536743,1468108
2020-04-21,2.2899999618530273,2.3299999237060547,2.2100000381469727,2.3299999237060547,1030257
2020-04-22,2.299999952316284,2.319999933242798,2.25,2.299999952316284,1450983
2020-04-23,2.319999933242798,2.3399999141693115,2.25,2.299999952316284,1844471
2020-04-24,2.4000000953674316,2.4000000953674316,2.25,2.3399999141693115,2114501
2020-04-27,2.8299999237060547,2.9000000953674316,2.4200000762939453,2.450000047683716,6152162
2020-04-28,2.890000104904175,3.1500000953674316,2.809999942779541,2.950000047683716,4832362
2020-04-29,2.8399999141693115,2.940000057220459,2.5,2.8399999141693115,2341780
2020-04-30,2.819999933242798,2.9000000953674316,2.75,2.819999933242798,1428477
2020-05-04,2.680000066757202,2.799999952316284,2.549999952316284,2.799999952316284,1199943
2020-05-05,2.7300000190734863,2.740000009536743,2.630000114440918,2.6700000762939453,956397
2020-05-06,2.9700000286102295,2.9700000286102295,2.690000057220459,2.75,2239767
2020-05-07,2.990000009536743,3.1500000953674316,2.9600000381469727,3.0299999713897705,2147730
2020-05-08,2.9600000381469727,3.0799999237060547,2.9000000953674316,3.0,1495836
2020-05-11,3.0199999809265137,3.049999952316284,2.8499999046325684,2.9600000381469727,2152181
2020-05-12,3.0199999809265137,3.109999895095825,3.009999990463257,3.049999952316284,2180782
2020-05-13,2.950000047683716,3.109999895095825,2.8499999046325684,3.049999952316284,641469
2020-05-14,2.950000047683716,3.0299999713897705,2.9100000858306885,2.950000047683716,1467940
2020-05-15,2.9700000286102295,3.0,2.9000000953674316,2.990000009536743,1204388
2020-05-18,3.2899999618530273,3.2899999618530273,3.0,3.0,5127580
2020-05-19,3.190000057220459,3.4100000858306885,3.049999952316284,3.3499999046325684,2689182
2020-05-20,3.2200000286102295,3.2899999618530273,3.109999895095825,3.2899999618530273,957317
2020-05-21,3.2300000190734863,3.240000009536743,3.140000104904175,3.2300000190734863,1041683
2020-05-22,3.2300000190734863,3.25,3.049999952316284,3.200000047683716,1012376
2020-05-26,3.190000057220459,3.2899999618530273,3.1600000858306885,3.240000009536743,845232
2020-05-27,3.1500000953674316,3.2200000286102295,3.049999952316284,3.200000047683716,744340
2020-05-28,2.9700000286102295,3.200000047683716,2.8399999141693115,3.0999999046325684,1296656
2020-05-29,2.9000000953674316,2.9700000286102295,2.819999933242798,2.9700000286102295,1296087
2020-06-01,3.069999933242798,3.0999999046325684,2.859999895095825,2.890000104904175,1330161
2020-06-02,3.119999885559082,3.25,3.0899999141693115,3.119999885559082,925769
2020-06-03,3.1500000953674316,3.2100000381469727,3.0999999046325684,3.1700000762939453,981133
2020-06-04,3.1500000953674316,3.200000047683716,3.069999933242798,3.190000057220459,1085408
2020-06-05,3.1700000762939453,3.200000047683716,3.119999885559082,3.1600000858306885,1380870
2020-06-08,3.240000009536743,3.259999990463257,3.1500000953674316,3.1600000858306885,2248136
2020-06-09,3.200000047683716,3.2699999809265137,3.109999895095825,3.2699999809265137,1270254
2020-06-10,3.2200000286102295,3.240000009536743,3.119999885559082,3.200000047683716,783749
2020-06-11,2.890000104904175,3.200000047683716,2.75,3.200000047683716,1622746
2020-06-12,2.950000047683716,3.049999952316284,2.8499999046325684,2.9100000858306885,1184956
2020-06-16,2.9700000286102295,3.049999952316284,2.869999885559082,2.950000047683716,583699
2020-06-17,2.869999885559082,3.0,2.8499999046325684,2.9700000286102295,958170
2020-06-18,2.6500000953674316,2.8499999046325684,2.5999999046325684,2.8499999046325684,1362494
2020-06-19,2.799999952316284,2.8499999046325684,2.75,2.759999990463257,493043
2020-06-22,2.9000000953674316,2.940000057220459,2.7799999713897705,2.8399999141693115,906284
2020-06-23,2.930000066757202,3.059999942779541,2.9100000858306885,2.940000057220459,824323
2020-06-24,2.859999895095825,2.9600000381469727,2.7899999618530273,2.9600000381469727,793208
2020-06-25,2.8499999046325684,2.9800000190734863,2.7899999618530273,2.799999952316284,239914
2020-06-26,2.809999942779541,2.9000000953674316,2.740000009536743,2.9000000953674316,372582
2020-06-29,2.799999952316284,2.940000057220459,2.75,2.8499999046325684,304210
2020-06-30,2.700000047683716,2.799999952316284,2.490000009536743,2.799999952316284,643409
2020-07-01,2.869999885559082,2.890000104904175,2.700000047683716,2.75,596185
2020-07-02,2.9100000858306885,2.940000057220459,2.869999885559082,2.9100000858306885,487496
2020-07-03,2.950000047683716,2.9600000381469727,2.8399999141693115,2.9000000953674316,353144
2020-07-06,3.119999885559082,3.200000047683716,3.009999990463257,3.049999952316284,1057432
2020-07-07,3.049999952316284,3.1500000953674316,2.990000009536743,3.1500000953674316,581622
2020-07-08,3.0899999141693115,3.140000104904175,3.0,3.140000104904175,522929
2020-07-13,3.0199999809265137,3.0999999046325684,2.990000009536743,3.0899999141693115,1159565
2020-07-14,3.0199999809265137,3.049999952316284,2.9700000286102295,3.0199999809265137,369438
2020-07-15,3.0299999713897705,3.0799999237060547,2.9800000190734863,3.059999942779541,481337
2020-07-16,3.049999952316284,3.059999942779541,3.0,3.0299999713897705,387291
2020-07-17,3.0299999713897705,3.069999933242798,3.0,3.059999942779541,649128
2020-07-20,3.0199999809265137,3.0799999237060547,3.0,3.0,408276
2020-07-21,3.0,3.069999933242798,2.950000047683716,3.069999933242798,882483
2020-07-22,3.009999990463257,3.049999952316284,2.9800000190734863,3.049999952316284,643394
2020-07-23,3.0199999809265137,3.069999933242798,2.9800000190734863,3.0399999618530273,1234963
2020-07-24,3.0899999141693115,3.0899999141693115,3.0199999809265137,3.049999952316284,977163
2020-07-27,4.449999809265137,4.449999809265137,3.0999999046325684,3.0999999046325684,15732013
2020-07-28,4.650000095367432,6.5,3.5199999809265137,4.670000076293945,37805522
2020-07-29,4.119999885559082,5.199999809265137,3.7699999809265137,4.860000133514404,7083117
2020-07-30,4.289999961853027,4.5,3.799999952316284,4.150000095367432,4937097
2020-07-31,4.320000171661377,4.440000057220459,4.210000038146973,4.260000228881836,2231479
2020-08-03,4.25,4.320000171661377,4.099999904632568,4.320000171661377,2936816
2020-08-04,4.170000076293945,4.5,4.099999904632568,4.420000076293945,2040223
2020-08-05,3.9700000286102295,4.269999980926514,3.940000057220459,4.199999809265137,1423545
2020-08-06,3.890000104904175,4.050000190734863,3.799999952316284,4.0,1300671
2020-08-07,4.190000057220459,4.25,3.819999933242798,3.9200000762939453,1709657
2020-08-10,4.300000190734863,4.300000190734863,4.099999904632568,4.099999904632568,1744702
2020-08-11,4.78000020980835,4.800000190734863,4.349999904632568,4.360000133514404,5608416
2020-08-12,4.699999809265137,4.980000019073486,4.460000038146973,4.900000095367432,2532113
2020-08-13,4.639999866485596,4.849999904632568,4.550000190734863,4.800000190734863,1007516
2020-08-14,4.489999771118164,4.78000020980835,4.349999904632568,4.630000114440918,1176206
2020-08-18,4.300000190734863,4.5,4.199999809265137,4.5,1044637
2020-08-19,4.329999923706055,4.389999866485596,4.210000038146973,4.300000190734863,873571
2020-08-20,4.610000133514404,4.610000133514404,4.199999809265137,4.340000152587891,1254557
2020-08-21,4.699999809265137,4.900000095367432,4.409999847412109,4.570000171661377,1807670
2020-08-24,4.579999923706055,4.699999809265137,4.449999809265137,4.699999809265137,702275
2020-08-25,4.519999980926514,4.579999923706055,4.25,4.579999923706055,692409
2020-08-26,4.420000076293945,4.599999904632568,4.349999904632568,4.599999904632568,410353
2020-08-27,4.230000019073486,4.489999771118164,4.170000076293945,4.420000076293945,947042
2020-08-28,4.380000114440918,4.429999828338623,4.090000152587891,4.269999980926514,1055944
2020-08-31,4.369999885559082,4.5,4.230000019073486,4.380000114440918,871820
2020-09-01,4.300000190734863,4.449999809265137,4.269999980926514,4.369999885559082,500209
2020-09-02,4.239999771118164,4.349999904632568,4.150000095367432,4.300000190734863,483598
2020-09-03,4.179999828338623,4.320000171661377,4.150000095367432,4.239999771118164,504433
2020-09-04,4.480000019073486,4.480000019073486,3.9600000381469727,4.179999828338623,1495258
2020-09-07,4.699999809265137,4.849999904632568,4.480000019073486,4.5,1966693
2020-09-08,4.630000114440918,4.679999828338623,4.420000076293945,4.5,1662696
2020-09-09,4.739999771118164,4.75,4.5,4.659999847412109,1700874
2020-09-10,4.75,4.849999904632568,4.690000057220459,4.739999771118164,1049700
2020-09-11,4.75,4.789999961853027,4.599999904632568,4.699999809265137,843051
2020-09-14,4.650000095367432,4.840000152587891,4.539999961853027,4.840000152587891,627558
2020-09-15,4.599999904632568,4.699999809265137,4.46999979019165,4.699999809265137,1022101
2020-09-16,4.489999771118164,4.599999904632568,4.300000190734863,4.489999771118164,1376504
2020-09-17,4.190000057220459,4.449999809265137,4.119999885559082,4.300000190734863,1002734
2020-09-18,4.380000114440918,4.429999828338623,4.119999885559082,4.130000114440918,1111202
2020-09-21,4.369999885559082,4.400000095367432,4.050000190734863,4.349999904632568,443960
2020-09-22,4.550000190734863,4.599999904632568,4.400000095367432,4.5,1297528
2020-09-23,4.519999980926514,4.710000038146973,4.449999809265137,4.550000190734863,623226
2020-09-24,4.650000095367432,4.739999771118164,4.5,4.5,1478959
2020-09-25,4.579999923706055,4.75,4.449999809265137,4.75,457173
2020-09-28,4.539999961853027,4.579999923706055,4.440000057220459,4.579999923706055,329526
2020-09-29,4.869999885559082,4.900000095367432,4.539999961853027,4.539999961853027,2741844
2020-09-30,5.010000228881836,5.289999961853027,4.869999885559082,4.869999885559082,3742381
2020-10-01,4.989999771118164,5.150000095367432,4.800000190734863,5.150000095367432,1402656
2020-10-02,5.0,5.139999866485596,4.900000095367432,4.989999771118164,968338
2020-10-05,4.96999979019165,5.099999904632568,4.940000057220459,5.050000190734863,463814
2020-10-06,4.900000095367432,5.070000171661377,4.800000190734863,5.070000171661377,739095
2020-10-07,4.769999980926514,5.0,4.71999979019165,4.900000095367432,740772
2020-10-08,4.730000019073486,4.869999885559082,4.71999979019165,4.869999885559082,375668
2020-10-09,4.599999904632568,4.820000171661377,4.559999942779541,4.730000019073486,946371
2020-10-13,4.46999979019165,4.679999828338623,4.369999885559082,4.679999828338623,1407694
2020-10-14,4.460000038146973,4.559999942779541,4.400000095367432,4.46999979019165,881442
2020-10-15,4.789999961853027,4.800000190734863,4.349999904632568,4.539999961853027,2265037
2020-10-16,4.78000020980835,4.949999809265137,4.71999979019165,4.849999904632568,1081465
2020-10-19,4.639999866485596,4.880000114440918,4.610000133514404,4.730000019073486,1121208
2020-10-20,4.599999904632568,4.699999809265137,4.420000076293945,4.699999809265137,798067
2020-10-21,4.550000190734863,4.650000095367432,4.5,4.590000152587891,1165014
2020-10-22,4.610000133514404,4.650000095367432,4.5,4.550000190734863,677769
2020-10-23,4.679999828338623,4.739999771118164,4.570000171661377,4.650000095367432,868863
2020-10-26,4.480000019073486,4.75,4.449999809265137,4.75,958695
2020-10-27,4.300000190734863,4.599999904632568,4.300000190734863,4.420000076293945,703584
2020-10-28,4.090000152587891,4.349999904632568,4.050000190734863,4.349999904632568,1403857
2020-10-29,4.28000020980835,4.300000190734863,4.090000152587891,4.090000152587891,313182
2020-10-30,4.230000019073486,4.420000076293945,4.099999904632568,4.300000190734863,421563
2020-11-02,4.440000057220459,4.480000019073486,4.150000095367432,4.300000190734863,727674
2020-11-03,4.5,4.579999923706055,4.440000057220459,4.53000020980835,554908
2020-11-04,4.349999904632568,4.570000171661377,4.320000171661377,4.570000171661377,280140
2020-11-05,4.389999866485596,4.440000057220459,4.300000190734863,4.300000190734863,349673
2020-11-06,4.389999866485596,4.489999771118164,4.230000019073486,4.480000019073486,459074
2020-11-09,4.5,4.53000020980835,4.28000020980835,4.28000020980835,683703
2020-11-10,4.590000152587891,4.599999904632568,4.460000038146973,4.519999980926514,661517
2020-11-11,4.570000171661377,4.710000038146973,4.510000228881836,4.650000095367432,692112
2020-11-12,4.389999866485596,4.599999904632568,4.340000152587891,4.599999904632568,603216
2020-11-13,4.349999904632568,4.46999979019165,4.28000020980835,4.46999979019165,438676
2020-11-16,4.699999809265137,4.849999904632568,4.429999828338623,4.559999942779541,1971301
2020-11-17,4.510000228881836,4.75,4.510000228881836,4.75,732764
2020-11-18,4.440000057220459,4.659999847412109,4.349999904632568,4.659999847412109,1246198
2020-11-19,4.329999923706055,4.449999809265137,4.289999961853027,4.449999809265137,890104
2020-11-20,4.380000114440918,4.400000095367432,4.25,4.340000152587891,1140859
2020-11-24,4.400000095367432,4.46999979019165,4.349999904632568,4.380000114440918,581684
2020-11-25,4.46999979019165,4.480000019073486,4.400000095367432,4.480000019073486,448901
2020-11-26,4.519999980926514,4.590000152587891,4.429999828338623,4.46999979019165,727236
2020-11-27,4.519999980926514,4.579999923706055,4.429999828338623,4.579999923706055,607004
2020-11-30,4.5,4.550000190734863,4.420000076293945,4.550000190734863,495730
2020-12-01,4.5,4.550000190734863,4.389999866485596,4.550000190734863,372905
2020-12-02,4.539999961853027,4.570000171661377,4.449999809265137,4.5,830162
2020-12-03,4.489999771118164,4.599999904632568,4.480000019073486,4.599999904632568,495298
2020-12-04,4.429999828338623,4.550000190734863,4.400000095367432,4.489999771118164,470306
2020-12-09,4.380000114440918,4.5,4.349999904632568,4.5,794311
2020-12-10,4.360000133514404,4.599999904632568,4.360000133514404,4.369999885559082,502954
2020-12-11,4.360000133514404,4.449999809265137,4.329999923706055,4.429999828338623,191999
2020-12-14,4.329999923706055,4.449999809265137,4.289999961853027,4.449999809265137,844460
2020-12-15,4.369999885559082,4.460000038146973,4.329999923706055,4.440000057220459,656999
2020-12-16,4.400000095367432,4.449999809265137,4.309999942779541,4.429999828338623,721044
2020-12-17,4.460000038146973,4.5,4.329999923706055,4.409999847412109,630920
2020-12-18,4.360000133514404,4.5,4.360000133514404,4.5,317329
2020-12-21,4.239999771118164,4.420000076293945,4.110000133514404,4.300000190734863,984989
2020-12-22,4.179999828338623,4.300000190734863,4.179999828338623,4.289999961853027,402708
2020-12-23,4.179999828338623,4.289999961853027,4.059999942779541,4.25,106166
2020-12-28,4.099999904632568,4.199999809265137,4.059999942779541,4.190000057220459,644900
2020-12-29,4.079999923706055,4.170000076293945,4.070000171661377,4.170000076293945,571629
2020-12-30,3.9000000953674316,4.199999809265137,3.9000000953674316,4.119999885559082,1117921
2021-01-04,4.300000190734863,4.400000095367432,4.050000190734863,4.079999923706055,1809306
2021-01-05,4.5,4.519999980926514,4.329999923706055,4.46999979019165,1436195
2021-01-06,4.650000095367432,4.659999847412109,4.5,4.550000190734863,1484306
2021-01-07,4.440000057220459,4.690000057220459,4.389999866485596,4.690000057220459,991566
2021-01-08,4.199999809265137,4.5,4.190000057220459,4.5,1765410
2021-01-11,4.190000057220459,4.269999980926514,4.130000114440918,4.190000057220459,530720
2021-01-12,4.190000057220459,4.28000020980835,4.099999904632568,4.28000020980835,723321
2021-01-13,4.21999979019165,4.260000228881836,4.119999885559082,4.260000228881836,389306
2021-01-14,4.159999847412109,4.28000020980835,4.139999866485596,4.28000020980835,273176
2021-01-15,4.110000133514404,4.179999828338623,4.050000190734863,4.150000095367432,309418
2021-01-18,4.050000190734863,4.159999847412109,4.0,4.090000152587891,783438
2021-01-19,3.950000047683716,4.079999923706055,3.950000047683716,4.019999980926514,831476
2021-01-20,3.950000047683716,4.050000190734863,3.9000000953674316,4.019999980926514,1040986
2021-01-21,3.8299999237060547,4.0,3.7799999713897705,3.990000009536743,907817
2021-01-22,3.890000104904175,3.9100000858306885,3.799999952316284,3.9000000953674316,571058
2021-01-25,3.859999895095825,3.9800000190734863,3.7699999809265137,3.9600000381469727,346445
2021-01-26,3.8399999141693115,3.9200000762939453,3.7699999809265137,3.7799999713897705,418407
2021-01-27,3.880000114440918,3.9100000858306885,3.7799999713897705,3.9100000858306885,1899832
2021-01-28,4.019999980926514,4.03000020980835,3.7899999618530273,3.950000047683716,1071210
2021-01-29,3.9800000190734863,4.190000057220459,3.930000066757202,4.099999904632568,1249150
2021-02-01,3.940000057220459,4.0,3.859999895095825,3.9800000190734863,586160
2021-02-02,3.940000057220459,4.0,3.880000114440918,4.0,478270
2021-02-03,3.940000057220459,4.0,3.890000104904175,4.0,359028
2021-02-04,3.880000114440918,3.990000009536743,3.8499999046325684,3.990000009536743,422457
2021-02-05,3.890000104904175,3.9000000953674316,3.8299999237060547,3.9000000953674316,459240
2021-02-08,3.869999885559082,3.9600000381469727,3.8399999141693115,3.9600000381469727,694272
2021-02-09,3.9700000286102295,3.9700000286102295,3.8499999046325684,3.940000057220459,343304
2021-02-10,3.9000000953674316,3.9800000190734863,3.869999885559082,3.9700000286102295,624579
2021-02-11,3.7899999618530273,3.950000047683716,3.75,3.950000047683716,1483861
2021-02-12,3.890000104904175,3.890000104904175,3.75,3.8499999046325684,477069
2021-02-17,3.9000000953674316,3.9700000286102295,3.799999952316284,3.940000057220459,809900
2021-02-18,3.819999933242798,3.940000057220459,3.7699999809265137,3.9200000762939453,684164
2021-02-19,3.799999952316284,3.9000000953674316,3.7899999618530273,3.880000114440918,443659
2021-02-22,3.680000066757202,3.9000000953674316,3.6500000953674316,3.9000000953674316,520375
2021-02-23,3.5199999809265137,3.680000066757202,3.450000047683716,3.680000066757202,742405
2021-02-24,3.7300000190734863,3.7300000190734863,3.509999990463257,3.5199999809265137,283247
2021-02-25,3.5999999046325684,3.7699999809265137,3.5899999141693115,3.7699999809265137,382392
2021-02-26,3.7899999618530273,3.799999952316284,3.5899999141693115,3.630000114440918,781994
2021-03-01,3.799999952316284,3.859999895095825,3.740000009536743,3.8399999141693115,303036
2021-03-02,3.75,3.8399999141693115,3.6600000858306885,3.8399999141693115,243888
2021-03-03,3.6700000762939453,3.7899999618530273,3.619999885559082,3.7899999618530273,465402
2021-03-04,3.6600000858306885,3.7100000381469727,3.559999942779541,3.7100000381469727,469465
2021-03-05,3.569999933242798,3.700000047683716,3.5299999713897705,3.700000047683716,291975
2021-03-08,3.5,3.5999999046325684,3.4600000381469727,3.5299999713897705,519898
2021-03-09,3.450000047683716,3.549999952316284,3.4200000762939453,3.549999952316284,359915
2021-03-10,3.4600000381469727,3.549999952316284,3.3499999046325684,3.450000047683716,595546
2021-03-11,3.609999895095825,3.680000066757202,3.319999933242798,3.509999990463257,221092
2021-03-12,3.5899999141693115,3.6500000953674316,3.4700000286102295,3.6500000953674316,416888
2021-03-15,3.5999999046325684,3.640000104904175,3.4800000190734863,3.640000104904175,354166
2021-03-16,3.5199999809265137,3.5999999046325684,3.4700000286102295,3.5999999046325684,435698
2021-03-17,3.5,3.5899999141693115,3.450000047683716,3.5899999141693115,283218
2021-03-18,3.4000000953674316,3.549999952316284,3.359999895095825,3.549999952316284,264045
2021-03-19,3.359999895095825,3.4700000286102295,3.3299999237060547,3.4200000762939453,185795
2021-03-22,3.25,3.4000000953674316,3.180000066757202,3.359999895095825,1159677
2021-03-23,3.259999990463257,3.299999952316284,3.200000047683716,3.25,530407
2021-03-25,3.140000104904175,3.2799999713897705,3.0899999141693115,3.2699999809265137,236996
2021-03-26,3.140000104904175,3.2200000286102295,3.0799999237060547,3.190000057220459,400622
2021-03-29,3.1600000858306885,3.299999952316284,3.109999895095825,3.109999895095825,218751
2021-03-30,3.200000047683716,3.2799999713897705,3.1600000858306885,3.2300000190734863,244687
2021-03-31,3.25,3.2899999618530273,3.1500000953674316,3.2899999618530273,500139
2021-04-05,3.190000057220459,3.3499999046325684,3.109999895095825,3.299999952316284,398413
2021-04-06,3.2200000286102295,3.259999990463257,3.119999885559082,3.240000009536743,764934
2021-04-07,3.190000057220459,3.2699999809265137,3.1700000762939453,3.2699999809265137,205503
2021-04-08,3.140000104904175,3.190000057220459,3.059999942779541,3.190000057220459,705945
2021-04-09,3.0399999618530273,3.140000104904175,3.0,3.140000104904175,838735
2021-04-12,3.0,3.0799999237060547,2.9700000286102295,3.069999933242798,588843
2021-04-13,2.9100000858306885,3.0299999713897705,2.890000104904175,3.0,550221
2021-04-14,2.880000114440918,2.930000066757202,2.8499999046325684,2.9000000953674316,748516
2021-04-15,2.8299999237060547,2.9200000762939453,2.7699999809265137,2.9200000762939453,364633
2021-04-16,2.9200000762939453,2.930000066757202,2.799999952316284,2.869999885559082,429967
2021-04-19,2.880000114440918,2.990000009536743,2.809999942779541,2.990000009536743,405651
2021-04-20,2.8399999141693115,2.9000000953674316,2.7899999618530273,2.880000114440918,621516
2021-04-21,2.7699999809265137,2.8299999237060547,2.7100000381469727,2.799999952316284,510785
2021-04-22,2.8299999237060547,2.8399999141693115,2.7100000381469727,2.7100000381469727,405276
2021-04-23,2.9100000858306885,2.950000047683716,2.8299999237060547,2.8399999141693115,606553
2021-04-26,3.240000009536743,3.299999952316284,2.859999895095825,2.940000057220459,1503553
2021-04-27,3.190000057220459,3.25,3.069999933242798,3.240000009536743,871974
2021-04-28,3.240000009536743,3.2699999809265137,3.130000114440918,3.2300000190734863,525156
2021-04-29,3.2699999809265137,3.299999952316284,3.180000066757202,3.2899999618530273,307092
2021-04-30,3.25,3.299999952316284,3.1600000858306885,3.2699999809265137,1760858
2021-05-03,3.2200000286102295,3.2899999618530273,3.140000104904175,3.2300000190734863,489058
2021-05-04,3.130000114440918,3.2100000381469727,3.0899999141693115,3.2100000381469727,529341
2021-05-05,3.119999885559082,3.1700000762939453,3.049999952316284,3.1700000762939453,364302
2021-05-06,3.0899999141693115,3.180000066757202,3.0299999713897705,3.0799999237060547,381976
2021-05-07,3.119999885559082,3.140000104904175,3.059999942779541,3.140000104904175,215332
2021-05-10,3.109999895095825,3.1700000762939453,3.0299999713897705,3.130000114440918,459166
2021-05-11,3.0299999713897705,3.140000104904175,2.990000009536743,3.140000104904175,743750
2021-05-12,2.9800000190734863,3.0299999713897705,2.930000066757202,3.0299999713897705,336883
2021-05-13,3.049999952316284,3.049999952316284,2.9800000190734863,3.0,222542
2021-05-14,3.109999895095825,3.119999885559082,2.990000009536743,3.0,373262
2021-05-17,3.0999999046325684,3.1600000858306885,3.069999933242798,3.1600000858306885,383470
2021-05-18,3.009999990463257,3.140000104904175,2.990000009536743,3.130000114440918,940517
2021-05-19,3.0,3.0799999237060547,2.930000066757202,3.0,701262
2021-05-20,3.0999999046325684,3.119999885559082,2.9700000286102295,3.0,481629
2021-05-21,2.9700000286102295,3.130000114440918,2.9700000286102295,3.130000114440918,942190
2021-05-26,3.25,3.25,2.990000009536743,3.0199999809265137,1130767
2021-05-27,3.380000114440918,3.4200000762939453,3.200000047683716,3.309999942779541,1940796
2021-05-28,3.5199999809265137,3.569999933242798,3.369999885559082,3.380000114440918,1885723
2021-05-31,3.5299999713897705,3.5999999046325684,3.3499999046325684,3.549999952316284,1201782
2021-06-01,3.430000066757202,3.569999933242798,3.390000104904175,3.569999933242798,1521138
2021-06-02,3.450000047683716,3.4600000381469727,3.319999933242798,3.430000066757202,878129
2021-06-03,3.549999952316284,3.5799999237060547,3.369999885559082,3.490000009536743,655164
2021-06-04,3.7100000381469727,3.7200000286102295,3.4700000286102295,3.5799999237060547,2048771
2021-06-07,3.6500000953674316,3.950000047683716,3.6500000953674316,3.799999952316284,2100356
2021-06-08,3.5999999046325684,3.7899999618530273,3.569999933242798,3.75,795484
2021-06-09,3.7300000190734863,3.7699999809265137,3.559999942779541,3.5999999046325684,589573
2021-06-10,3.6600000858306885,3.8499999046325684,3.609999895095825,3.799999952316284,1540350
2021-06-11,3.5899999141693115,3.740000009536743,3.509999990463257,3.700000047683716,781191
2021-06-14,3.5299999713897705,3.6600000858306885,3.490000009536743,3.630000114440918,340783
2021-06-15,3.430000066757202,3.5799999237060547,3.390000104904175,3.509999990463257,593045
2021-06-16,3.5299999713897705,3.6500000953674316,3.4200000762939453,3.450000047683716,656072
2021-06-17,3.509999990463257,3.5799999237060547,3.430000066757202,3.5399999618530273,696012
2021-06-18,3.4700000286102295,3.549999952316284,3.4000000953674316,3.549999952316284,271775
2021-06-22,3.5299999713897705,3.549999952316284,3.299999952316284,3.5,440864
2021-06-23,3.5299999713897705,3.5999999046325684,3.5,3.549999952316284,471280
2021-06-24,3.5299999713897705,3.569999933242798,3.4200000762939453,3.569999933242798,212320
2021-06-25,3.5199999809265137,3.5199999809265137,3.2200000286102295,3.4700000286102295,720367
2021-06-28,3.509999990463257,3.559999942779541,3.390000104904175,3.5,445459
2021-06-29,3.509999990463257,3.509999990463257,3.440000057220459,3.5,359998
2021-06-30,3.5399999618530273,3.559999942779541,3.440000057220459,3.509999990463257,336721
2021-07-01,3.7200000286102295,3.7200000286102295,3.5399999618530273,3.549999952316284,670076
2021-07-02,3.7699999809265137,3.799999952316284,3.7100000381469727,3.7799999713897705,666349
2021-07-05,3.890000104904175,3.950000047683716,3.700000047683716,3.7799999713897705,1546923
2021-07-06,4.0,4.090000152587891,3.75,3.930000066757202,1293297
2021-07-07,4.199999809265137,4.230000019073486,4.0,4.0,2593589
2021-07-08,4.039999961853027,4.190000057220459,4.0,4.099999904632568,704031
2021-07-12,4.019999980926514,4.199999809265137,3.9800000190734863,4.099999904632568,683411
2021-07-13,3.880000114440918,4.059999942779541,3.799999952316284,4.019999980926514,1001515
2021-07-14,3.8299999237060547,3.9200000762939453,3.7699999809265137,3.880000114440918,586369
2021-07-15,3.8399999141693115,3.8399999141693115,3.690000057220459,3.8299999237060547,1026006
2021-07-16,3.799999952316284,3.9200000762939453,3.7200000286102295,3.8399999141693115,250087
2021-07-19,3.619999885559082,3.8399999141693115,3.5999999046325684,3.6600000858306885,1029739
2021-07-20,3.759999990463257,3.759999990463257,3.5199999809265137,3.6500000953674316,676971
2021-07-21,3.859999895095825,3.950000047683716,3.7699999809265137,3.8299999237060547,836233
2021-07-22,3.799999952316284,3.9200000762939453,3.7799999713897705,3.9200000762939453,221679
2021-07-23,3.799999952316284,3.869999885559082,3.7799999713897705,3.8399999141693115,306404
2021-07-26,3.9000000953674316,3.940000057220459,3.799999952316284,3.8499999046325684,150426
2021-07-27,3.880000114440918,3.9100000858306885,3.819999933242798,3.9000000953674316,157684
2021-07-28,3.8499999046325684,3.859999895095825,3.609999895095825,3.8499999046325684,86789
2021-07-29,3.809999942779541,3.890000104904175,3.7799999713897705,3.8399999141693115,84715
2021-07-30,3.75,3.8499999046325684,3.7300000190734863,3.8499999046325684,164619
2021-08-02,3.690000057220459,3.799999952316284,3.6500000953674316,3.7200000286102295,243558
2021-08-03,3.740000009536743,3.740000009536743,3.6700000762939453,3.7200000286102295,198073
2021-08-04,3.759999990463257,3.8299999237060547,3.6700000762939453,3.690000057220459,322919
2021-08-05,3.75,3.799999952316284,3.690000057220459,3.799999952316284,121638
2021-08-06,3.819999933242798,3.8499999046325684,3.700000047683716,3.7699999809265137,410590
2021-08-09,3.7899999618530273,3.880000114440918,3.7300000190734863,3.869999885559082,414542
2021-08-10,3.990000009536743,3.990000009536743,3.859999895095825,3.930000066757202,1473925
2021-08-11,3.9800000190734863,4.050000190734863,3.9100000858306885,4.0,363507
2021-08-12,4.190000057220459,4.25,3.809999942779541,4.019999980926514,1737920
2021-08-13,4.059999942779541,4.159999847412109,4.019999980926514,4.159999847412109,473180
2021-08-17,3.940000057220459,4.099999904632568,3.880000114440918,4.099999904632568,648713
2021-08-18,3.859999895095825,3.9800000190734863,3.819999933242798,3.9800000190734863,331669
2021-08-19,3.8299999237060547,3.9000000953674316,3.75,3.9000000953674316,240208
2021-08-20,3.859999895095825,3.9000000953674316,3.759999990463257,3.880000114440918,359772
2021-08-23,3.8499999046325684,3.9200000762939453,3.7799999713897705,3.9000000953674316,430275
2021-08-24,4.039999961853027,4.050000190734863,3.819999933242798,3.890000104904175,488791
2021-08-25,4.050000190734863,4.090000152587891,3.950000047683716,4.039999961853027,527272
2021-08-26,4.050000190734863,4.059999942779541,3.9600000381469727,4.039999961853027,343640
2021-08-27,4.119999885559082,4.150000095367432,3.950000047683716,4.0,732278
2021-08-30,4.170000076293945,4.230000019073486,4.050000190734863,4.050000190734863,1094105
2021-08-31,4.230000019073486,4.230000019073486,4.119999885559082,4.170000076293945,707795
2021-09-01,4.170000076293945,4.409999847412109,4.110000133514404,4.25,1496432
2021-09-02,4.079999923706055,4.269999980926514,4.010000228881836,4.210000038146973,1115236
2021-09-03,4.159999847412109,4.170000076293945,4.039999961853027,4.050000190734863,631506
2021-09-06,4.170000076293945,4.269999980926514,4.159999847412109,4.179999828338623,327408
2021-09-07,4.190000057220459,4.21999979019165,4.099999904632568,4.21999979019165,727868
2021-09-08,4.110000133514404,4.300000190734863,4.079999923706055,4.190000057220459,1286331
2021-09-09,4.070000171661377,4.159999847412109,4.039999961853027,4.119999885559082,580977
2021-09-10,3.9700000286102295,4.079999923706055,3.9000000953674316,4.050000190734863,715522
2021-09-13,4.03000020980835,4.21999979019165,3.990000009536743,4.21999979019165,1969139
2021-09-14,4.0,4.070000171661377,3.950000047683716,4.059999942779541,473888
2021-09-15,3.990000009536743,4.079999923706055,3.9000000953674316,4.079999923706055,927152
2021-09-16,4.039999961853027,4.090000152587891,3.880000114440918,3.990000009536743,478065
2021-09-17,3.9600000381469727,4.079999923706055,3.930000066757202,4.079999923706055,648145
2021-09-20,3.809999942779541,3.9600000381469727,3.7200000286102295,3.9600000381469727,714757
2021-09-21,3.7899999618530273,3.8499999046325684,3.75,3.8299999237060547,281662
2021-09-22,3.8399999141693115,3.930000066757202,3.7899999618530273,3.930000066757202,292593
2021-09-23,3.880000114440918,3.930000066757202,3.819999933242798,3.930000066757202,191041
2021-09-24,3.7799999713897705,3.950000047683716,3.7799999713897705,3.9100000858306885,490556
2021-09-27,3.75,3.819999933242798,3.7300000190734863,3.819999933242798,834717
2021-09-28,3.740000009536743,3.809999942779541,3.700000047683716,3.75,564028
2021-09-29,3.799999952316284,3.799999952316284,3.7300000190734863,3.7799999713897705,324444
2021-09-30,3.8399999141693115,3.8399999141693115,3.759999990463257,3.819999933242798,344868
2021-10-01,3.880000114440918,3.9700000286102295,3.809999942779541,3.940000057220459,413737
2021-10-04,3.799999952316284,3.9600000381469727,3.759999990463257,3.9100000858306885,286784
2021-10-05,3.8499999046325684,3.859999895095825,3.7899999618530273,3.799999952316284,408548
2021-10-06,3.880000114440918,3.9100000858306885,3.75,3.9000000953674316,238033
2021-10-07,3.869999885559082,3.9000000953674316,3.8499999046325684,3.880000114440918,160536
2021-10-12,3.859999895095825,3.930000066757202,3.809999942779541,3.9000000953674316,421524
2021-10-13,3.819999933242798,3.890000104904175,3.75,3.890000104904175,277026
2021-10-14,3.8399999141693115,3.859999895095825,3.7699999809265137,3.859999895095825,359717
2021-10-15,3.890000104904175,3.890000104904175,3.7799999713897705,3.880000114440918,543266
2021-10-18,3.8499999046325684,3.9200000762939453,3.799999952316284,3.9100000858306885,371563
2021-10-19,3.9000000953674316,3.9000000953674316,3.8499999046325684,3.869999885559082,661261
2021-10-20,3.9700000286102295,3.9800000190734863,3.880000114440918,3.9100000858306885,1607822
2021-10-21,4.0,4.03000020980835,3.9200000762939453,3.9200000762939453,587725
2021-10-22,4.010000228881836,4.090000152587891,3.9100000858306885,4.050000190734863,350945
2021-10-25,4.059999942779541,4.070000171661377,3.9700000286102295,4.0,604213
2021-10-26,4.010000228881836,4.050000190734863,3.990000009536743,4.050000190734863,398441
2021-10-27,3.930000066757202,4.039999961853027,3.9000000953674316,4.019999980926514,422966
2021-10-28,3.950000047683716,3.990000009536743,3.930000066757202,3.9800000190734863,309079
2021-10-29,3.869999885559082,3.9800000190734863,3.799999952316284,3.9800000190734863,626937
2021-11-01,4.010000228881836,4.039999961853027,3.890000104904175,3.890000104904175,510191
2021-11-02,4.150000095367432,4.179999828338623,3.9600000381469727,4.019999980926514,1859141
2021-11-03,4.260000228881836,4.269999980926514,4.079999923706055,4.079999923706055,1221005
2021-11-04,4.139999866485596,4.239999771118164,4.099999904632568,4.099999904632568,586860
2021-11-05,4.079999923706055,4.179999828338623,4.059999942779541,4.170000076293945,429772
2021-11-08,4.170000076293945,4.28000020980835,4.039999961853027,4.039999961853027,989539
2021-11-09,4.21999979019165,4.289999961853027,4.159999847412109,4.199999809265137,1301734
2021-11-10,4.210000038146973,4.25,4.150000095367432,4.21999979019165,595934
2021-11-11,4.21999979019165,4.300000190734863,4.170000076293945,4.210000038146973,714968
2021-11-12,4.260000228881836,4.300000190734863,4.159999847412109,4.289999961853027,851188
2021-11-15,4.25,4.300000190734863,4.139999866485596,4.300000190734863,487231
2021-11-16,4.119999885559082,4.230000019073486,4.099999904632568,4.21999979019165,575732
2021-11-17,3.990000009536743,4.150000095367432,3.9000000953674316,4.150000095367432,717430
2021-11-18,4.130000114440918,4.150000095367432,3.9800000190734863,4.0,1147453
2021-11-19,4.130000114440918,4.199999809265137,4.090000152587891,4.159999847412109,542950
2021-11-23,4.079999923706055,4.119999885559082,3.9000000953674316,4.099999904632568,761868
2021-11-24,4.349999904632568,4.369999885559082,4.099999904632568,4.099999904632568,1131850
2021-11-25,4.539999961853027,4.639999866485596,4.369999885559082,4.369999885559082,2431876
2021-11-26,4.28000020980835,4.53000020980835,4.21999979019165,4.53000020980835,1155222
2021-11-29,4.139999866485596,4.360000133514404,4.130000114440918,4.309999942779541,494555
2021-11-30,4.119999885559082,4.199999809265137,4.0,4.199999809265137,406044
2021-12-01,4.300000190734863,4.349999904632568,4.079999923706055,4.079999923706055,703122
2021-12-02,4.389999866485596,4.409999847412109,4.150000095367432,4.199999809265137,805060
2021-12-03,4.360000133514404,4.489999771118164,4.21999979019165,4.400000095367432,710707
2021-12-06,4.449999809265137,4.46999979019165,4.400000095367432,4.429999828338623,282545
2021-12-07,4.460000038146973,4.630000114440918,4.420000076293945,4.5,553296
2021-12-09,4.340000152587891,4.5,4.300000190734863,4.5,231677
2021-12-10,4.320000171661377,4.5,4.25,4.369999885559082,632371
2021-12-13,4.190000057220459,4.300000190734863,4.130000114440918,4.300000190734863,231698
2021-12-14,4.130000114440918,4.25,4.099999904632568,4.199999809265137,459090
2021-12-15,4.050000190734863,4.300000190734863,4.03000020980835,4.199999809265137,403031
2021-12-16,4.170000076293945,4.210000038146973,4.059999942779541,4.210000038146973,288725
2021-12-17,4.090000152587891,4.150000095367432,4.059999942779541,4.150000095367432,394292
2021-12-20,4.070000171661377,4.110000133514404,4.0,4.079999923706055,237195
2021-12-21,4.210000038146973,4.21999979019165,4.039999961853027,4.039999961853027,413084
2021-12-22,4.239999771118164,4.260000228881836,4.170000076293945,4.179999828338623,344622
2021-12-23,4.239999771118164,4.340000152587891,4.199999809265137,4.199999809265137,462418
2021-12-27,4.210000038146973,4.28000020980835,4.210000038146973,4.21999979019165,37535
2021-12-28,4.139999866485596,4.239999771118164,4.119999885559082,4.21999979019165,250490
2021-12-29,4.190000057220459,4.199999809265137,4.110000133514404,4.130000114440918,244234
2021-12-30,4.210000038146973,4.230000019073486,4.159999847412109,4.210000038146973,302137
2022-01-03,4.179999828338623,4.260000228881836,4.159999847412109,4.170000076293945,278969
2022-01-04,4.119999885559082,4.190000057220459,4.099999904632568,4.190000057220459,260459
2022-01-05,4.130000114440918,4.25,4.099999904632568,4.150000095367432,149925
2022-01-06,4.150000095367432,4.179999828338623,4.03000020980835,4.099999904632568,539314
2022-01-07,4.239999771118164,4.300000190734863,4.039999961853027,4.079999923706055,511421
2022-01-10,4.139999866485596,4.269999980926514,4.099999904632568,4.269999980926514,369670
2022-01-11,4.130000114440918,4.199999809265137,4.099999904632568,4.159999847412109,127874
2022-01-12,4.110000133514404,4.150000095367432,4.079999923706055,4.150000095367432,193132
2022-01-13,4.090000152587891,4.179999828338623,4.079999923706055,4.130000114440918,139239
2022-01-14,4.130000114440918,4.139999866485596,4.039999961853027,4.079999923706055,355081
2022-01-17,4.130000114440918,4.199999809265137,4.099999904632568,4.150000095367432,162980
2022-01-18,4.119999885559082,4.150000095367432,4.070000171661377,4.099999904632568,212223
2022-01-19,4.079999923706055,4.130000114440918,4.039999961853027,4.119999885559082,130368
2022-01-20,4.139999866485596,4.170000076293945,4.0,4.050000190734863,513601
2022-01-21,4.119999885559082,4.130000114440918,4.070000171661377,4.099999904632568,92012
2022-01-24,4.0,4.119999885559082,3.9600000381469727,4.119999885559082,398276
2022-01-25,4.090000152587891,4.139999866485596,3.950000047683716,4.059999942779541,474637
2022-01-26,4.03000020980835,4.130000114440918,4.019999980926514,4.130000114440918,139912
2022-01-27,4.090000152587891,4.139999866485596,4.0,4.0,306877
2022-01-28,4.139999866485596,4.199999809265137,4.099999904632568,4.119999885559082,184249
2022-01-31,4.25,4.300000190734863,4.079999923706055,4.150000095367432,736743
2022-02-01,4.230000019073486,4.25,4.130000114440918,4.150000095367432,485289
2022-02-02,4.170000076293945,4.230000019073486,4.099999904632568,4.199999809265137,470694
2022-02-03,4.159999847412109,4.199999809265137,4.139999866485596,4.190000057220459,223805
2022-02-04,4.170000076293945,4.199999809265137,4.119999885559082,4.150000095367432,204176
2022-02-07,4.210000038146973,4.300000190734863,4.199999809265137,4.230000019073486,636985
2022-02-08,4.179999828338623,4.21999979019165,4.079999923706055,4.210000038146973,427657
2022-02-09,4.159999847412109,4.199999809265137,4.139999866485596,4.150000095367432,251301
2022-02-10,4.130000114440918,4.199999809265137,4.110000133514404,4.170000076293945,224944
2022-02-11,4.159999847412109,4.170000076293945,4.119999885559082,4.119999885559082,292955
2022-02-14,4.199999809265137,4.320000171661377,4.099999904632568,4.130000114440918,779938
2022-02-15,4.190000057220459,4.21999979019165,4.150000095367432,4.21999979019165,229966
2022-02-16,4.139999866485596,4.21999979019165,4.0,4.21999979019165,695364
2022-02-17,4.130000114440918,4.179999828338623,4.03000020980835,4.130000114440918,451833
2022-02-18,4.159999847412109,4.179999828338623,4.099999904632568,4.159999847412109,243743
2022-02-21,4.099999904632568,4.199999809265137,4.079999923706055,4.199999809265137,211681
2022-02-22,4.139999866485596,4.360000133514404,4.110000133514404,4.150000095367432,384643
2022-02-23,4.179999828338623,4.25,4.110000133514404,4.170000076293945,618777
2022-02-24,4.0,4.170000076293945,3.9100000858306885,4.099999904632568,590389
2022-02-25,4.0,4.079999923706055,4.0,4.050000190734863,261615
2022-03-02,3.9800000190734863,4.059999942779541,3.9700000286102295,4.050000190734863,235578
2022-03-03,3.990000009536743,4.050000190734863,3.950000047683716,4.050000190734863,414184
2022-03-04,3.950000047683716,4.010000228881836,3.9200000762939453,3.9600000381469727,278555
2022-03-07,4.019999980926514,4.03000020980835,3.930000066757202,3.950000047683716,762035
2022-03-08,4.0,4.099999904632568,3.9600000381469727,4.0,415752
2022-03-09,4.170000076293945,4.199999809265137,3.9800000190734863,3.990000009536743,721637
2022-03-10,4.21999979019165,4.239999771118164,4.130000114440918,4.199999809265137,907924
2022-03-11,4.199999809265137,4.199999809265137,4.139999866485596,4.150000095367432,249896
2022-03-14,4.130000114440918,4.239999771118164,4.099999904632568,4.170000076293945,905228
2022-03-15,4.099999904632568,4.199999809265137,4.0,4.139999866485596,839780
2022-03-16,4.239999771118164,4.25,4.119999885559082,4.130000114440918,902104
2022-03-17,4.400000095367432,4.449999809265137,4.25,4.289999961853027,1935319
2022-03-18,4.510000228881836,4.550000190734863,4.429999828338623,4.46999979019165,1523204
2022-03-21,4.449999809265137,4.550000190734863,4.409999847412109,4.550000190734863,470952
2022-03-22,4.449999809265137,4.519999980926514,4.400000095367432,4.449999809265137,766028
2022-03-23,4.429999828338623,4.539999961853027,4.400000095367432,4.449999809265137,398885
2022-03-25,4.409999847412109,4.5,4.349999904632568,4.5,280718
2022-03-28,4.429999828338623,4.480000019073486,4.349999904632568,4.480000019073486,50636
2022-03-29,4.420000076293945,4.489999771118164,4.409999847412109,4.489999771118164,118809
2022-03-30,4.400000095367432,4.46999979019165,4.380000114440918,4.449999809265137,371555
2022-03-31,4.400000095367432,4.460000038146973,4.380000114440918,4.460000038146973,709803
2022-04-01,4.400000095367432,4.449999809265137,4.369999885559082,4.400000095367432,302167
2022-04-04,4.400000095367432,4.449999809265137,4.369999885559082,4.400000095367432,447873
2022-04-05,4.340000152587891,4.440000057220459,4.300000190734863,4.440000057220459,363138
2022-04-06,4.349999904632568,4.400000095367432,4.260000228881836,4.300000190734863,610528
2022-04-07,4.360000133514404,4.409999847412109,4.349999904632568,4.389999866485596,138354
2022-04-08,4.349999904632568,4.409999847412109,4.340000152587891,4.340000152587891,1010656
2022-04-11,4.349999904632568,4.400000095367432,4.340000152587891,4.369999885559082,510802
2022-04-12,4.349999904632568,4.400000095367432,4.300000190734863,4.389999866485596,172186
2022-04-13,4.400000095367432,4.449999809265137,4.369999885559082,4.369999885559082,406603
2022-04-18,4.429999828338623,4.460000038146973,4.380000114440918,4.400000095367432,1141762
2022-04-19,4.46999979019165,4.5,4.400000095367432,4.429999828338623,651197
2022-04-20,4.389999866485596,4.480000019073486,4.389999866485596,4.480000019073486,494328
2022-04-21,4.380000114440918,4.480000019073486,4.360000133514404,4.480000019073486,185964
2022-04-22,4.5,4.599999904632568,4.340000152587891,4.369999885559082,368134
2022-04-25,4.480000019073486,4.630000114440918,4.429999828338623,4.539999961853027,910416
2022-04-26,4.449999809265137,4.550000190734863,4.409999847412109,4.5,380801
2022-04-27,4.440000057220459,4.480000019073486,4.400000095367432,4.460000038146973,66900
2022-04-28,4.420000076293945,4.46999979019165,4.400000095367432,4.429999828338623,193696
2022-04-29,4.409999847412109,4.480000019073486,4.349999904632568,4.480000019073486,233705
2022-05-02,4.400000095367432,4.449999809265137,4.289999961853027,4.380000114440918,606377
2022-05-03,4.420000076293945,4.46999979019165,4.260000228881836,4.400000095367432,615692
2022-05-04,4.440000057220459,4.449999809265137,4.389999866485596,4.449999809265137,66875
2022-05-05,4.349999904632568,4.5,4.309999942779541,4.409999847412109,353184
2022-05-06,4.329999923706055,4.429999828338623,4.289999961853027,4.420000076293945,204903
2022-05-09,4.179999828338623,4.369999885559082,4.170000076293945,4.320000171661377,320181
2022-05-10,4.159999847412109,4.239999771118164,4.099999904632568,4.239999771118164,435403
2022-05-11,4.199999809265137,4.239999771118164,4.130000114440918,4.130000114440918,594698
2022-05-12,4.179999828338623,4.25,4.139999866485596,4.150000095367432,856914
2022-05-13,4.199999809265137,4.230000019073486,4.150000095367432,4.179999828338623,315865
2022-05-16,4.199999809265137,4.239999771118164,4.130000114440918,4.199999809265137,549843
2022-05-17,4.210000038146973,4.289999961853027,4.199999809265137,4.230000019073486,445011
2022-05-19,4.21999979019165,4.28000020980835,4.170000076293945,4.230000019073486,404968
2022-05-20,4.21999979019165,4.349999904632568,4.179999828338623,4.28000020980835,504941
2022-05-23,4.239999771118164,4.260000228881836,4.159999847412109,4.230000019073486,511820
2022-05-24,4.239999771118164,4.269999980926514,4.170000076293945,4.269999980926514,231205
2022-05-26,4.309999942779541,4.329999923706055,4.210000038146973,4.210000038146973,543921
2022-05-27,4.320000171661377,4.349999904632568,4.25,4.340000152587891,403146
2022-05-30,4.289999961853027,4.389999866485596,4.269999980926514,4.349999904632568,402213
2022-05-31,4.300000190734863,4.300000190734863,4.269999980926514,4.300000190734863,98639
2022-06-01,4.300000190734863,4.349999904632568,4.300000190734863,4.349999904632568,216958
2022-06-02,4.360000133514404,4.400000095367432,4.28000020980835,4.300000190734863,506809
2022-06-03,4.389999866485596,4.53000020980835,4.369999885559082,4.440000057220459,400473
2022-06-06,4.349999904632568,4.429999828338623,4.309999942779541,4.360000133514404,467503
2022-06-07,4.349999904632568,4.400000095367432,4.309999942779541,4.349999904632568,160321
2022-06-08,4.320000171661377,4.400000095367432,4.289999961853027,4.340000152587891,463225
2022-06-09,4.300000190734863,4.389999866485596,4.210000038146973,4.389999866485596,231207
2022-06-10,4.289999961853027,4.289999961853027,4.159999847412109,4.239999771118164,281634
2022-06-13,4.170000076293945,4.360000133514404,4.099999904632568,4.28000020980835,597798
2022-06-14,4.050000190734863,4.210000038146973,4.050000190734863,4.210000038146973,597431
2022-06-15,4.110000133514404,4.150000095367432,4.03000020980835,4.039999961853027,476983
2022-06-16,4.010000228881836,4.139999866485596,3.950000047683716,4.130000114440918,341757
2022-06-21,4.019999980926514,4.099999904632568,4.0,4.039999961853027,374605
2022-06-22,3.8499999046325684,4.03000020980835,3.8299999237060547,4.0,2172906
2022-06-23,3.759999990463257,3.940000057220459,3.700000047683716,3.940000057220459,359594
2022-06-24,3.859999895095825,3.890000104904175,3.700000047683716,3.890000104904175,639809
2022-06-27,3.9800000190734863,4.0,3.9000000953674316,4.0,528996
2022-06-28,4.010000228881836,4.179999828338623,3.8499999046325684,3.990000009536743,570398
2022-06-29,4.0,4.050000190734863,3.9600000381469727,4.050000190734863,274274
2022-06-30,4.010000228881836,4.050000190734863,3.990000009536743,4.0,758820
2022-07-01,4.0,4.039999961853027,3.950000047683716,4.010000228881836,178332
2022-07-04,3.9800000190734863,4.03000020980835,3.8499999046325684,4.03000020980835,762728
2022-07-05,3.9000000953674316,4.050000190734863,3.890000104904175,4.050000190734863,727169
2022-07-06,3.8499999046325684,3.950000047683716,3.819999933242798,3.950000047683716,1992511
2022-07-07,4.25,4.25,3.880000114440918,3.9100000858306885,2273322
2022-07-08,4.409999847412109,4.449999809265137,4.25,4.289999961853027,2161980
2022-07-11,4.630000114440918,4.670000076293945,4.300000190734863,4.449999809265137,1461745
2022-07-12,5.059999942779541,5.119999885559082,4.599999904632568,4.699999809265137,2459611
2022-07-13,5.03000020980835,5.28000020980835,4.96999979019165,5.010000228881836,4062807
2022-07-14,5.110000133514404,5.170000076293945,4.920000076293945,5.070000171661377,2301621
2022-07-15,5.159999847412109,5.239999771118164,5.03000020980835,5.110000133514404,1070467
2022-07-18,5.329999923706055,5.369999885559082,5.159999847412109,5.159999847412109,1122729
2022-07-19,5.260000228881836,5.440000057220459,5.199999809265137,5.309999942779541,1217181
2022-07-20,5.050000190734863,5.300000190734863,5.0,5.199999809265137,1431237
2022-07-21,5.300000190734863,5.320000171661377,4.989999771118164,5.099999904632568,1632037
2022-07-22,5.070000171661377,5.349999904632568,5.0,5.300000190734863,1255504
2022-07-25,5.369999885559082,5.590000152587891,5.070000171661377,5.070000171661377,1531556
2022-07-26,5.340000152587891,5.679999828338623,5.260000228881836,5.309999942779541,1441304
2022-07-27,5.460000038146973,5.550000190734863,5.309999942779541,5.5,1196266
2022-07-28,5.679999828338623,5.75,5.46999979019165,5.5,1724383
2022-07-29,5.590000152587891,5.889999866485596,5.329999923706055,5.679999828338623,881186
2022-08-01,5.210000038146973,5.679999828338623,5.150000095367432,5.679999828338623,1404484
2022-08-02,5.099999904632568,5.329999923706055,5.070000171661377,5.239999771118164,1555004
2022-08-03,5.130000114440918,5.269999980926514,5.010000228881836,5.190000057220459,976881
2022-08-04,5.340000152587891,5.369999885559082,5.150000095367432,5.199999809265137,788360
2022-08-05,5.610000133514404,5.650000095367432,5.349999904632568,5.400000095367432,1278968
2022-08-08,5.760000228881836,5.980000019073486,5.559999942779541,5.630000114440918,1604816
2022-08-09,5.630000114440918,5.900000095367432,5.480000019073486,5.860000133514404,1235664
2022-08-10,5.789999961853027,5.849999904632568,5.630000114440918,5.699999809265137,712165
2022-08-11,6.03000020980835,6.25,5.820000171661377,5.820000171661377,1415073
2022-08-12,6.239999771118164,6.300000190734863,6.059999942779541,6.099999904632568,841387
2022-08-16,6.239999771118164,6.400000095367432,6.050000190734863,6.25,1001342
2022-08-17,6.360000133514404,6.400000095367432,6.21999979019165,6.329999923706055,882530
2022-08-18,6.25,6.5,6.199999809265137,6.400000095367432,1353689
2022-08-19,6.260000228881836,6.380000114440918,6.119999885559082,6.300000190734863,1215293
2022-08-22,6.159999847412109,6.360000133514404,6.119999885559082,6.300000190734863,742561
2022-08-23,6.159999847412109,6.260000228881836,6.099999904632568,6.199999809265137,649597
2022-08-24,6.199999809265137,6.320000171661377,6.090000152587891,6.159999847412109,686619
2022-08-25,6.199999809265137,6.289999961853027,6.139999866485596,6.260000228881836,506749
2022-08-26,5.960000038146973,6.25,5.929999828338623,6.239999771118164,959797
2022-08-29,5.949999809265137,6.050000190734863,5.800000190734863,5.929999828338623,1179071
2022-08-30,5.78000020980835,6.039999961853027,5.75,6.0,942399
2022-08-31,5.78000020980835,5.880000114440918,5.699999809265137,5.800000190734863,423502
2022-09-01,5.53000020980835,5.769999980926514,5.440000057220459,5.760000228881836,1422978
2022-09-05,5.739999771118164,5.769999980926514,5.559999942779541,5.570000171661377,517918
2022-09-06,5.739999771118164,5.769999980926514,5.630000114440918,5.769999980926514,612536
2022-09-07,5.940000057220459,5.989999771118164,5.679999828338623,5.690000057220459,999635
2022-09-08,6.230000019073486,6.260000228881836,5.940000057220459,5.940000057220459,765647
2022-09-09,6.25,6.349999904632568,6.0,6.289999961853027,900150
2022-09-12,6.239999771118164,6.309999942779541,6.179999828338623,6.25,324460
2022-09-13,6.070000171661377,6.25,6.0,6.199999809265137,786132
2022-09-14,6.019999980926514,6.139999866485596,5.980000019073486,6.099999904632568,576343
2022-09-15,5.929999828338623,6.119999885559082,5.869999885559082,6.050000190734863,848576
2022-09-16,5.78000020980835,5.960000038146973,5.619999885559082,5.849999904632568,639608
2022-09-19,5.679999828338623,5.809999942779541,5.590000152587891,5.800000190734863,858522
2022-09-20,5.590000152587891,5.690000057220459,5.570000171661377,5.650000095367432,551290
2022-09-21,5.53000020980835,5.639999866485596,5.46999979019165,5.590000152587891,357171
2022-09-22,5.559999942779541,5.599999904632568,5.460000038146973,5.550000190734863,438539
2022-09-23,5.340000152587891,5.5,5.340000152587891,5.5,859301
2022-09-26,5.179999828338623,5.460000038146973,5.139999866485596,5.329999923706055,501241
2022-09-27,5.050000190734863,5.300000190734863,5.039999961853027,5.199999809265137,574021
2022-09-28,5.119999885559082,5.239999771118164,4.869999885559082,5.150000095367432,448823
2022-09-29,5.429999828338623,5.449999809265137,5.099999904632568,5.150000095367432,611240
2022-09-30,5.539999961853027,5.789999961853027,5.449999809265137,5.5,823579
2022-10-03,5.889999866485596,5.980000019073486,5.570000171661377,5.570000171661377,742863
2022-10-04,5.860000133514404,5.96999979019165,5.789999961853027,5.889999866485596,829586
2022-10-05,5.809999942779541,5.96999979019165,5.789999961853027,5.900000095367432,189081
2022-10-06,5.630000114440918,5.949999809265137,5.599999904632568,5.949999809265137,394584
2022-10-11,5.21999979019165,5.699999809265137,5.199999809265137,5.699999809265137,972286
2022-10-12,5.03000020980835,5.329999923706055,5.0,5.300000190734863,1018163
2022-10-13,5.239999771118164,5.25,4.96999979019165,4.96999979019165,307442
2022-10-14,5.320000171661377,5.400000095367432,5.199999809265137,5.329999923706055,205143
2022-10-17,5.489999771118164,5.53000020980835,5.260000228881836,5.300000190734863,326295
2022-10-18,5.139999866485596,5.559999942779541,5.119999885559082,5.559999942779541,1275535
2022-10-19,5.25,5.300000190734863,5.090000152587891,5.150000095367432,541516
2022-10-20,5.179999828338623,5.349999904632568,5.150000095367432,5.300000190734863,836689
2022-10-21,5.179999828338623,5.25,5.099999904632568,5.25,567486
2022-10-24,5.010000228881836,5.190000057220459,4.949999809265137,5.150000095367432,1087837
2022-10-25,5.059999942779541,5.099999904632568,5.0,5.0,291859
2022-10-26,5.320000171661377,5.349999904632568,5.019999980926514,5.059999942779541,684859
2022-10-27,5.400000095367432,5.480000019073486,5.269999980926514,5.269999980926514,561290
2022-10-28,5.190000057220459,5.480000019073486,5.190000057220459,5.349999904632568,1156507
2022-10-31,5.210000038146973,5.269999980926514,5.150000095367432,5.190000057220459,162457
2022-11-01,5.090000152587891,5.309999942779541,5.0,5.239999771118164,1213430
2022-11-02,5.050000190734863,5.179999828338623,5.0,5.179999828338623,848753
2022-11-03,5.210000038146973,5.28000020980835,5.090000152587891,5.110000133514404,290569
2022-11-04,5.260000228881836,5.300000190734863,5.190000057220459,5.210000038146973,326062
2022-11-07,5.090000152587891,5.289999961853027,5.0,5.289999961853027,1749529
2022-11-08,5.090000152587891,5.199999809265137,5.039999961853027,5.079999923706055,350237
2022-11-09,5.099999904632568,5.199999809265137,5.050000190734863,5.150000095367432,320843
2022-11-10,5.059999942779541,5.150000095367432,5.03000020980835,5.150000095367432,410462
2022-11-11,5.0,5.150000095367432,4.980000019073486,5.099999904632568,821203
2022-11-14,5.170000076293945,5.170000076293945,4.989999771118164,5.099999904632568,497568
2022-11-15,5.199999809265137,5.309999942779541,5.159999847412109,5.170000076293945,659653
2022-11-16,5.0,5.289999961853027,5.0,5.289999961853027,1008209
2022-11-17,5.050000190734863,5.099999904632568,4.980000019073486,5.099999904632568,1259150
2022-11-18,5.050000190734863,5.119999885559082,5.0,5.110000133514404,381054
2022-11-22,5.119999885559082,5.130000114440918,5.03000020980835,5.03000020980835,147112
2022-11-23,5.139999866485596,5.159999847412109,5.050000190734863,5.070000171661377,298177
2022-11-24,5.159999847412109,5.199999809265137,5.079999923706055,5.170000076293945,466232
2022-11-25,5.25,5.289999961853027,5.190000057220459,5.289999961853027,359920
2022-11-28,5.349999904632568,5.460000038146973,5.230000019073486,5.320000171661377,774381
2022-11-29,5.699999809265137,5.75,5.460000038146973,5.5,2015067
2022-11-30,5.880000114440918,5.920000076293945,5.769999980926514,5.769999980926514,955942
2022-12-01,5.829999923706055,5.949999809265137,5.699999809265137,5.889999866485596,955007
2022-12-02,5.880000114440918,5.989999771118164,5.800000190734863,5.940000057220459,797445
2022-12-05,5.710000038146973,5.860000133514404,5.610000133514404,5.860000133514404,269774
2022-12-06,5.690000057220459,5.690000057220459,5.539999961853027,5.650000095367432,499313
2022-12-07,5.71999979019165,5.789999961853027,5.639999866485596,5.789999961853027,395073
2022-12-12,5.690000057220459,5.809999942779541,5.690000057220459,5.809999942779541,395596
2022-12-13,5.929999828338623,5.949999809265137,5.699999809265137,5.699999809265137,211345
2022-12-14,5.880000114440918,5.989999771118164,5.869999885559082,5.940000057220459,188893
2022-12-15,5.900000095367432,5.949999809265137,5.800000190734863,5.849999904632568,384810
2022-12-16,5.889999866485596,6.139999866485596,5.809999942779541,5.989999771118164,320559
2022-12-19,5.920000076293945,6.150000095367432,5.809999942779541,6.150000095367432,198939
2022-12-20,5.909999847412109,5.989999771118164,5.849999904632568,5.909999847412109,41825
2022-12-21,6.199999809265137,6.199999809265137,5.900000095367432,5.900000095367432,684533
2022-12-22,6.699999809265137,6.75,6.199999809265137,6.199999809265137,1657268
2022-12-23,6.75,6.900000095367432,6.679999828338623,6.679999828338623,537323
2022-12-26,6.739999771118164,6.849999904632568,6.639999866485596,6.849999904632568,430219
2022-12-27,7.050000190734863,7.090000152587891,6.679999828338623,6.75,1033782
2022-12-28,7.059999942779541,7.199999809265137,7.0,7.199999809265137,549187
2022-12-29,6.849999904632568,7.150000095367432,6.670000076293945,7.0,627755
2022-12-30,6.929999828338623,6.940000057220459,6.739999771118164,6.940000057220459,301389
2023-01-02,7.25,7.25,6.900000095367432,6.949999809265137,711759
2023-01-03,7.019999980926514,7.349999904632568,7.010000228881836,7.300000190734863,459814
2023-01-04,7.090000152587891,7.300000190734863,7.039999961853027,7.300000190734863,571738
2023-01-05,7.289999961853027,7.400000095367432,7.119999885559082,7.119999885559082,932731
2023-01-06,7.269999980926514,7.400000095367432,7.21999979019165,7.400000095367432,869457
2023-01-09,7.199999809265137,7.380000114440918,7.199999809265137,7.25,385264
2023-01-10,7.010000228881836,7.349999904632568,6.949999809265137,7.300000190734863,2474550
2023-01-11,6.96999979019165,7.099999904632568,6.849999904632568,7.039999961853027,1703213
2023-01-12,7.119999885559082,7.150000095367432,6.900000095367432,6.949999809265137,653461
2023-01-13,7.460000038146973,7.46999979019165,7.099999904632568,7.119999885559082,608455
2023-01-16,7.860000133514404,7.889999866485596,7.550000190734863,7.599999904632568,1382095
2023-01-17,8.0600004196167,8.229999542236328,7.789999961853027,7.880000114440918,3911649
2023-01-18,7.300000190734863,8.34000015258789,7.21999979019165,8.199999809265137,2274292
2023-01-19,6.900000095367432,7.349999904632568,6.699999809265137,7.349999904632568,1203598
2023-01-20,7.380000114440918,7.380000114440918,6.949999809265137,7.099999904632568,1899065
2023-01-23,7.53000020980835,7.650000095367432,7.179999828338623,7.400000095367432,1009948
2023-01-24,7.550000190734863,7.610000133514404,7.400000095367432,7.599999904632568,375987
2023-01-25,7.699999809265137,7.699999809265137,7.380000114440918,7.5,542825
2023-01-26,7.900000095367432,8.039999961853027,7.800000190734863,7.800000190734863,776636
2023-01-27,7.849999904632568,8.069999694824219,7.849999904632568,7.96999979019165,339242
2023-01-30,7.699999809265137,8.029999732971191,7.699999809265137,8.029999732971191,300365
2023-01-31,7.920000076293945,7.96999979019165,7.349999904632568,7.769999980926514,737739
2023-02-01,8.199999809265137,8.289999961853027,7.599999904632568,7.599999904632568,674335
2023-02-02,8.100000381469727,8.239999771118164,8.0600004196167,8.119999885559082,533788
2023-02-03,7.800000190734863,8.199999809265137,7.690000057220459,8.199999809265137,690339
2023-02-06,7.869999885559082,7.889999866485596,7.650000095367432,7.849999904632568,234311
2023-02-07,8.0,8.15999984741211,7.75,8.050000190734863,592842
2023-02-08,7.730000019073486,8.100000381469727,7.699999809265137,8.100000381469727,206184
2023-02-09,7.800000190734863,7.949999809265137,7.769999980926514,7.949999809265137,140082
2023-02-10,7.880000114440918,8.149999618530273,7.800000190734863,7.800000190734863,239229
2023-02-13,8.239999771118164,8.289999961853027,7.900000095367432,8.0,484040
2023-02-14,8.25,8.34000015258789,8.09000015258789,8.260000228881836,338987
2023-02-15,7.949999809265137,8.100000381469727,7.889999866485596,8.069999694824219,550599
2023-02-16,7.909999847412109,8.0,7.75,7.869999885559082,420757
2023-02-17,7.880000114440918,7.949999809265137,7.760000228881836,7.929999828338623,417064
2023-02-22,7.760000228881836,7.900000095367432,7.650000095367432,7.900000095367432,370405
2023-02-23,7.880000114440918,8.0,7.71999979019165,7.849999904632568,697688
2023-02-24,7.880000114440918,7.989999771118164,7.789999961853027,7.989999771118164,123697
2023-02-27,7.920000076293945,8.069999694824219,7.789999961853027,8.069999694824219,399050
2023-02-28,7.860000133514404,8.069999694824219,7.789999961853027,8.069999694824219,334394
2023-03-01,7.699999809265137,7.940000057220459,7.679999828338623,7.940000057220459,1437697
2023-03-02,7.360000133514404,7.849999904632568,7.300000190734863,7.800000190734863,2543740
2023-03-03,7.099999904632568,7.360000133514404,7.050000190734863,7.360000133514404,1618647
2023-03-06,7.0,7.179999828338623,7.0,7.050000190734863,887327
2023-03-07,6.980000019073486,7.090000152587891,6.800000190734863,7.0,1278281
2023-03-08,7.090000152587891,7.21999979019165,6.849999904632568,6.929999828338623,1180815
2023-03-09,7.0,7.139999866485596,7.0,7.110000133514404,389245
2023-03-10,6.849999904632568,7.03000020980835,6.800000190734863,6.920000076293945,604609
2023-03-13,6.769999980926514,6.989999771118164,6.71999979019165,6.989999771118164,438179
2023-03-14,7.010000228881836,7.03000020980835,6.699999809265137,6.699999809265137,684123
2023-03-15,6.690000057220459,7.03000020980835,6.619999885559082,7.019999980926514,3153320
2023-03-16,6.900000095367432,6.989999771118164,6.699999809265137,6.800000190734863,429217
2023-03-17,6.739999771118164,6.860000133514404,6.679999828338623,6.78000020980835,747147
2023-03-20,6.699999809265137,6.820000171661377,6.650000095367432,6.699999809265137,563405
2023-03-21,6.690000057220459,6.789999961853027,6.599999904632568,6.599999904632568,551932
2023-03-22,6.699999809265137,6.739999771118164,6.599999904632568,6.739999771118164,222203
2023-03-23,6.579999923706055,6.690000057220459,6.570000171661377,6.690000057220459,205706
2023-03-27,6.630000114440918,6.639999866485596,6.5,6.5,347813
2023-03-28,6.579999923706055,6.699999809265137,6.53000020980835,6.699999809265137,680884
2023-03-29,6.5,6.670000076293945,6.400000095367432,6.670000076293945,2306490
2023-03-30,6.650000095367432,6.699999809265137,6.519999980926514,6.599999904632568,1487849
2023-03-31,6.53000020980835,6.730000019073486,6.5,6.659999847412109,661308
2023-04-03,6.619999885559082,6.679999828338623,6.539999961853027,6.539999961853027,1222443
2023-04-04,6.889999866485596,6.909999847412109,6.650000095367432,6.820000171661377,1384952
2023-04-05,6.929999828338623,6.980000019073486,6.849999904632568,6.889999866485596,542356
2023-04-10,6.960000038146973,7.03000020980835,6.820000171661377,6.960000038146973,372547
2023-04-11,6.889999866485596,7.0,6.829999923706055,7.0,445919
2023-04-12,6.869999885559082,6.960000038146973,6.849999904632568,6.960000038146973,827561
2023-04-13,6.929999828338623,6.980000019073486,6.869999885559082,6.980000019073486,476785
2023-04-14,6.909999847412109,6.960000038146973,6.820000171661377,6.909999847412109,1123774
2023-04-17,6.880000114440918,6.980000019073486,6.829999923706055,6.900000095367432,529826
2023-04-18,6.900000095367432,6.949999809265137,6.860000133514404,6.949999809265137,851425
2023-04-19,6.800000190734863,6.889999866485596,6.800000190734863,6.889999866485596,512353
2023-04-20,6.75,6.829999923706055,6.730000019073486,6.820000171661377,307679
2023-04-21,6.820000171661377,6.900000095367432,6.619999885559082,6.800000190734863,821218
2023-04-24,7.050000190734863,7.110000133514404,6.769999980926514,6.900000095367432,1751923
2023-04-25,6.920000076293945,7.099999904632568,6.900000095367432,7.079999923706055,1840540
2023-04-26,6.889999866485596,6.940000057220459,6.820000171661377,6.940000057220459,653429
2023-04-27,6.789999961853027,6.96999979019165,6.730000019073486,6.940000057220459,503058
2023-04-28,6.920000076293945,6.949999809265137,6.71999979019165,6.760000228881836,642339
2023-05-02,6.860000133514404,7.0,6.630000114440918,7.0,657297
2023-05-03,6.75,6.960000038146973,6.710000038146973,6.960000038146973,361828
2023-05-04,6.739999771118164,6.820000171661377,6.71999979019165,6.820000171661377,357631
2023-05-05,6.789999961853027,6.849999904632568,6.710000038146973,6.710000038146973,578679
2023-05-08,6.820000171661377,6.869999885559082,6.610000133514404,6.769999980926514,597409
2023-05-09,6.75,6.880000114440918,6.739999771118164,6.860000133514404,1209421
2023-05-10,6.710000038146973,6.800000190734863,6.659999847412109,6.800000190734863,1036256
2023-05-11,7.71999979019165,8.0,7.039999961853027,7.039999961853027,3502727
2023-05-12,7.800000190734863,7.829999923706055,7.71999979019165,7.769999980926514,1790005
2023-05-15,8.0600004196167,8.34000015258789,7.809999942779541,7.900000095367432,1232749
2023-05-16,8.239999771118164,8.319999694824219,8.119999885559082,8.199999809265137,1718672
2023-05-17,8.399999618530273,8.420000076293945,8.25,8.270000457763672,1724950
2023-05-18,8.539999961853027,8.5600004196167,8.430000305175781,8.449999809265137,1224584
2023-05-19,8.569999694824219,8.59000015258789,8.5,8.5600004196167,1947485
2023-05-22,8.569999694824219,8.579999923706055,8.510000228881836,8.569999694824219,1368212
2023-05-23,8.569999694824219,8.609999656677246,8.489999771118164,8.550000190734863,920067
2023-05-24,8.770000457763672,8.850000381469727,8.529999732971191,8.529999732971191,1770468
2023-05-29,8.779999732971191,8.920000076293945,8.6899995803833,8.710000038146973,1151701
2023-05-30,8.760000228881836,8.829999923706055,8.729999542236328,8.779999732971191,1292848
2023-05-31,8.770000457763672,8.800000190734863,8.649999618530273,8.800000190734863,1618355
2023-06-01,8.920000076293945,8.920000076293945,8.729999542236328,8.770000457763672,2871442
2023-06-02,8.989999771118164,9.020000457763672,8.829999923706055,8.989999771118164,1677283
2023-06-05,9.09000015258789,9.149999618530273,8.90999984741211,8.90999984741211,2027878
2023-06-06,9.100000381469727,9.1899995803833,9.010000228881836,9.1899995803833,1169966
2023-06-07,9.100000381469727,9.109999656677246,9.0,9.100000381469727,1861033
2023-06-08,9.020000457763672,9.100000381469727,9.0,9.09000015258789,1551622
2023-06-09,9.0,9.100000381469727,9.0,9.0,1189731
2023-06-12,9.0,9.1899995803833,8.720000267028809,9.1899995803833,751591
2023-06-13,8.829999923706055,9.0,8.720000267028809,9.0,127549
2023-06-14,9.050000190734863,9.149999618530273,8.899999618530273,9.149999618530273,122006
2023-06-15,8.850000381469727,9.100000381469727,8.829999923706055,8.899999618530273,275608
2023-06-16,9.029999732971191,9.100000381469727,8.859999656677246,8.859999656677246,692980
2023-06-21,9.079999923706055,9.289999961853027,9.0,9.199999809265137,634960
2023-06-22,8.9399995803833,9.5,8.920000076293945,9.5,589425
2023-06-23,8.920000076293945,9.0,8.880000114440918,8.899999618530273,329292
2023-06-26,8.899999618530273,9.199999809265137,8.84000015258789,8.899999618530273,944686
2023-06-27,8.579999923706055,9.0,8.5,8.899999618530273,965575
2023-06-28,8.729999542236328,9.199999809265137,8.600000381469727,8.600000381469727,271415
2023-06-29,8.829999923706055,9.149999618530273,8.649999618530273,8.649999618530273,102197
2023-06-30,9.350000381469727,9.600000381469727,8.920000076293945,8.920000076293945,428747
2023-07-03,9.399999618530273,9.5,9.199999809265137,9.5,303789
2023-07-04,9.399999618530273,9.59000015258789,9.239999771118164,9.399999618530273,213322
2023-07-05,9.050000190734863,9.5,8.699999809265137,9.5,265232
2023-07-06,8.800000190734863,9.199999809265137,8.75,9.149999618530273,408356
2023-07-07,8.920000076293945,9.180000305175781,8.75,9.0,210243
2023-07-10,8.880000114440918,8.949999809265137,8.789999961853027,8.800000190734863,78952
2023-07-11,8.789999961853027,8.880000114440918,8.720000267028809,8.880000114440918,207233
2023-07-12,8.760000228881836,8.899999618530273,8.699999809265137,8.720000267028809,230972
2023-07-13,8.789999961853027,8.899999618530273,8.720000267028809,8.800000190734863,164830
2023-07-14,8.930000305175781,8.9399995803833,8.800000190734863,8.84000015258789,184129
2023-07-17,9.0,9.25,8.90999984741211,9.100000381469727,482415
2023-07-18,9.100000381469727,9.25,8.90999984741211,9.0,142616
2023-07-19,9.0,9.279999732971191,9.0,9.100000381469727,216420
2023-07-20,9.15999984741211,9.199999809265137,8.899999618530273,8.899999618530273,91337
2023-07-21,9.329999923706055,9.350000381469727,9.0,9.0,551625
2023-07-24,9.460000038146973,9.649999618530273,9.100000381469727,9.350000381469727,303587
2023-07-25,9.350000381469727,9.5,9.149999618530273,9.5,384992
2023-07-26,9.329999923706055,9.489999771118164,9.199999809265137,9.199999809265137,84286
2023-07-27,9.3100004196167,9.470000267028809,9.25,9.350000381469727,281026
2023-07-28,9.520000457763672,9.550000190734863,9.180000305175781,9.399999618530273,160309
2023-07-31,9.520000457763672,9.579999923706055,9.229999542236328,9.520000457763672,164104
2023-08-01,9.40999984741211,9.600000381469727,9.329999923706055,9.600000381469727,136674
2023-08-02,9.270000457763672,9.5,9.100000381469727,9.25,372811
2023-08-03,9.140000343322754,9.579999923706055,9.09000015258789,9.5,204709
2023-08-04,9.210000038146973,9.390000343322754,9.0,9.100000381469727,230707
2023-08-07,9.130000114440918,9.380000114440918,9.020000457763672,9.25,273900
2023-08-08,9.15999984741211,9.34000015258789,9.020000457763672,9.100000381469727,235489
2023-08-09,9.050000190734863,9.390000343322754,9.0,9.3100004196167,309108
2023-08-10,9.170000076293945,9.380000114440918,9.0,9.100000381469727,250703
2023-08-11,9.289999961853027,9.489999771118164,9.0,9.0,346737
2023-08-14,9.399999618530273,9.760000228881836,9.25,9.600000381469727,284872
2023-08-15,9.489999771118164,9.649999618530273,9.300000190734863,9.449999809265137,330304
2023-08-16,9.9399995803833,10.5,9.34000015258789,9.34000015258789,673708
2023-08-17,10.5,11.0,9.989999771118164,10.199999809265137,738457
2023-08-18,10.800000190734863,11.0,10.199999809265137,10.5,451323
2023-08-22,10.800000190734863,11.050000190734863,10.5,10.800000190734863,303852
2023-08-23,10.899999618530273,11.0,10.699999809265137,10.899999618530273,208439
2023-08-24,11.300000190734863,11.699999809265137,10.699999809265137,10.899999618530273,359493
2023-08-25,11.25,11.449999809265137,11.100000381469727,11.25,288377
2023-08-28,11.649999618530273,11.699999809265137,11.149999618530273,11.199999809265137,269341
2023-08-29,13.149999618530273,13.649999618530273,11.649999618530273,11.949999809265137,588842
2023-08-30,15.850000381469727,16.5,13.5,13.5,1546511
2023-08-31,19.350000381469727,20.899999618530273,16.100000381469727,16.100000381469727,3515715
2023-09-01,17.5,22.799999237060547,16.799999237060547,19.399999618530273,2442952
2023-09-04,16.5,18.549999237060547,16.299999237060547,18.0,1338093
2023-09-05,15.100000381469727,16.450000762939453,14.800000190734863,16.0,1078945
2023-09-06,15.399999618530273,15.75,14.300000190734863,15.5,374117
2023-09-07,14.800000190734863,15.649999618530273,14.600000381469727,15.5,307923
2023-09-08,14.75,15.5,14.300000190734863,14.800000190734863,261582
2023-09-11,13.449999809265137,14.800000190734863,13.25,14.800000190734863,898687
2023-09-12,14.149999618530273,14.300000190734863,13.0,13.050000190734863,369081
2023-09-13,16.149999618530273,16.600000381469727,14.350000381469727,14.600000381469727,586927
2023-09-14,17.049999237060547,17.75,16.200000762939453,16.299999237060547,857917
2023-09-15,17.0,17.899999618530273,15.0,17.299999237060547,797987
2023-09-18,17.100000381469727,17.549999237060547,16.350000381469727,16.700000762939453,524564
2023-09-19,16.700000762939453,17.350000381469727,16.0,17.100000381469727,189736
2023-09-20,16.049999237060547,17.5,16.0,16.75,225033
2023-09-21,15.399999618530273,16.149999618530273,15.300000190734863,16.0,104242
2023-09-22,15.050000190734863,15.649999618530273,14.649999618530273,15.399999618530273,173783
2023-09-25,14.550000190734863,15.600000381469727,14.399999618530273,15.0,167261
2023-09-26,14.350000381469727,15.199999809265137,14.050000190734863,15.100000381469727,215164
2023-09-27,15.350000381469727,15.699999809265137,13.899999618530273,14.399999618530273,227866
2023-09-28,15.399999618530273,16.0,15.300000190734863,15.5,149142
2023-09-29,14.949999809265137,15.800000190734863,14.350000381469727,15.800000190734863,279557
2023-10-02,14.800000190734863,15.899999618530273,14.399999618530273,15.5,99008
2023-10-03,14.75,15.600000381469727,14.050000190734863,14.699999809265137,165794
2023-10-04,14.800000190734863,15.0,14.0,14.600000381469727,217686
2023-10-05,15.649999618530273,16.0,15.0,15.0,257021
2023-10-06,17.200000762939453,18.200000762939453,15.399999618530273,16.0,498484
2023-10-09,16.75,17.799999237060547,16.25,17.799999237060547,570676
2023-10-10,17.399999618530273,17.799999237060547,16.649999618530273,17.0,494509
2023-10-11,16.799999237060547,17.850000381469727,16.649999618530273,17.850000381469727,556847
2023-10-12,17.299999237060547,17.5,16.75,16.799999237060547,670226
2023-10-17,18.899999618530273,19.0,17.0,17.299999237060547,714426
2023-10-18,18.149999618530273,19.700000762939453,17.799999237060547,19.299999237060547,495770
2023-10-19,17.350000381469727,18.450000762939453,16.799999237060547,18.149999618530273,274032
2023-10-20,17.75,18.049999237060547,17.25,17.299999237060547,390459
2023-10-23,17.25,17.850000381469727,15.300000190734863,17.850000381469727,208174
2023-10-24,16.149999618530273,17.549999237060547,16.100000381469727,17.399999618530273,282585
2023-10-25,16.950000762939453,17.299999237060547,15.800000190734863,15.800000190734863,91536
2023-10-26,16.899999618530273,17.350000381469727,16.5,16.850000381469727,142061
2023-10-27,16.350000381469727,17.200000762939453,16.299999237060547,17.0,79425
2023-10-30,15.949999809265137,17.0,15.199999809265137,16.399999618530273,47014
2023-10-31,15.300000190734863,16.600000381469727,15.0,16.0,2533
2023-11-01,16.600000381469727,17.149999618530273,15.0,15.300000190734863,223145
2023-11-02,16.75,17.100000381469727,16.149999618530273,16.149999618530273,76600
2023-11-03,16.0,16.950000762939453,16.0,16.950000762939453,59063
2023-11-07,15.300000190734863,15.899999618530273,15.0,15.899999618530273,91646
2023-11-08,15.449999809265137,16.0,15.050000190734863,15.25,91752
2023-11-09,15.699999809265137,15.899999618530273,15.199999809265137,15.600000381469727,82073
2023-11-10,15.800000190734863,15.899999618530273,15.399999618530273,15.899999618530273,208929
2023-11-13,15.5,16.0,15.300000190734863,15.899999618530273,163161
2023-11-14,15.550000190734863,15.850000381469727,15.050000190734863,15.050000190734863,165959
2023-11-15,15.649999618530273,15.800000190734863,15.149999618530273,15.75,142229
2023-11-16,15.100000381469727,15.949999809265137,15.0,15.949999809265137,48956
2023-11-17,15.300000190734863,15.949999809265137,14.899999618530273,15.300000190734863,342966
2023-11-21,17.299999237060547,18.0,15.699999809265137,15.899999618530273,315261
2023-11-22,18.350000381469727,19.950000762939453,16.649999618530273,17.5,926324
2023-11-23,19.399999618530273,19.450000762939453,18.5,19.0,289413
2023-11-24,20.049999237060547,20.299999237060547,18.799999237060547,19.399999618530273,549982
2023-11-27,19.299999237060547,21.950000762939453,19.049999237060547,19.549999237060547,460314
2023-11-28,19.0,19.5,17.0,19.0,219163
2023-11-29,18.5,20.0,18.5,18.5,170266
2023-11-30,18.399999618530273,18.649999618530273,17.200000762939453,18.5,99469
2023-12-01,17.950000762939453,18.799999237060547,17.700000762939453,17.899999618530273,538493
2023-12-04,17.850000381469727,18.649999618530273,17.5,18.399999618530273,303297
2023-12-05,18.0,19.0,17.700000762939453,18.0,382048
2023-12-06,18.450000762939453,19.200000762939453,17.649999618530273,18.0,295957
2023-12-07,21.100000381469727,21.649999618530273,18.100000381469727,18.5,722187
2023-12-11,21.75,22.899999618530273,20.899999618530273,21.950000762939453,383108
2023-12-12,23.75,24.0,21.799999237060547,22.0,360957
2023-12-13,23.0,25.200000762939453,22.0,23.75,496005
2023-12-14,22.25,23.899999618530273,21.25,23.0,160515
2023-12-15,20.299999237060547,23.0,20.0,22.0,324043
2023-12-18,19.5,20.399999618530273,19.299999237060547,20.200000762939453,384568
2023-12-19,21.700000762939453,21.799999237060547,20.0,20.0,545315
2023-12-20,22.950000762939453,23.0,21.0,22.0,580693
2023-12-21,23.149999618530273,24.700000762939453,22.200000762939453,23.850000381469727,475235
2023-12-22,22.649999618530273,23.299999237060547,21.549999237060547,22.5,121091
2023-12-26,21.850000381469727,23.299999237060547,21.149999618530273,22.399999618530273,150628
2023-12-27,20.799999237060547,21.850000381469727,20.5,21.0,468244
2023-12-28,21.0,21.899999618530273,20.100000381469727,20.450000762939453,181954
2023-12-29,22.200000762939453,22.5,20.899999618530273,21.600000381469727,215521
2024-01-02,22.200000762939453,23.25,21.899999618530273,22.399999618530273,315179
2024-01-03,23.100000381469727,23.5,21.100000381469727,22.100000381469727,234152
2024-01-04,23.700000762939453,23.950000762939453,23.0,23.950000762939453,383329
2024-01-05,23.649999618530273,24.0,23.149999618530273,23.799999237060547,201474
2024-01-08,24.600000381469727,25.600000381469727,22.5,23.5,376837
2024-01-09,24.149999618530273,25.299999237060547,24.0,24.600000381469727,217419
2024-01-10,25.649999618530273,26.0,24.100000381469727,24.700000762939453,1646735
2024-01-11,30.899999618530273,33.0,26.0,26.0,1999161
2024-01-12,35.5,36.0,31.5,31.5,3041767
2024-01-15,35.849998474121094,41.0,33.0,36.900001525878906,1535150
2024-01-16,33.79999923706055,35.29999923706055,30.399999618530273,35.0,1609205
2024-01-17,33.5,35.900001525878906,32.0,34.5,1073941
2024-01-18,34.400001525878906,34.79999923706055,32.599998474121094,34.0,1061093
2024-01-19,39.150001525878906,40.0,32.29999923706055,34.04999923706055,1839224
2024-01-22,46.849998474121094,48.0,40.0,40.0,2609355
2024-01-23,57.70000076293945,57.70000076293945,45.0,48.0,3335355
2024-01-24,73.5,75.0,55.5,55.5,6823976
2024-01-25,89.69999694824219,93.0,73.5999984741211,73.69999694824219,6848268
2024-01-26,77.80000305175781,104.5,75.0,89.9000015258789,5346122
2024-01-29,69.80000305175781,85.0,66.0,80.9000015258789,3254136
2024-01-30,90.0,94.0,70.69999694824219,70.69999694824219,7525632
2024-01-31,88.80000305175781,99.9000015258789,80.5999984741211,94.0,5751485
2024-02-01,88.0999984741211,94.0,83.69999694824219,90.5,3667767
2024-02-02,86.5999984741211,91.80000305175781,82.30000305175781,88.0999984741211,3552085
2024-02-05,82.5,89.80000305175781,78.0999984741211,89.69999694824219,2034012
2024-02-06,77.0,83.9000015258789,75.0,83.9000015258789,1452498
2024-02-07,71.0,80.19999694824219,64.0,75.0,2452518
2024-02-08,80.0999984741211,82.0,71.0,71.0,4489593
2024-02-09,76.5,87.9000015258789,73.9000015258789,82.5,2986987
2024-02-14,71.0999984741211,78.5,70.0,73.0,2166942
2024-02-15,67.9000015258789,75.0,66.5,73.0,1661867
2024-02-16,64.30000305175781,67.69999694824219,61.900001525878906,67.69999694824219,1338381
2024-02-19,61.70000076293945,67.0,59.400001525878906,67.0,1697668
2024-02-20,58.20000076293945,61.599998474121094,57.0,61.599998474121094,1028449
2024-02-21,54.0,60.0,53.5,60.0,1092916
2024-02-22,66.5,69.0,53.0,54.0,3801194
2024-02-23,65.69999694824219,77.30000305175781,62.099998474121094,69.0999984741211,3648018
2024-02-26,61.70000076293945,70.0,60.70000076293945,66.0,1215180
2024-02-27,59.20000076293945,67.0,58.20000076293945,62.099998474121094,1833180
2024-02-28,55.400001525878906,60.0,55.0,59.20000076293945,1298295
2024-02-29,54.599998474121094,58.79999923706055,53.400001525878906,57.900001525878906,1989399
2024-03-01,57.5,61.0,54.29999923706055,57.0,1601943
2024-03-04,57.5,65.0,56.5,60.29999923706055,2202254
2024-03-05,52.79999923706055,60.0,51.5,58.79999923706055,887717
2024-03-06,49.599998474121094,52.79999923706055,46.95000076293945,51.599998474121094,1784525
2024-03-07,46.70000076293945,51.20000076293945,45.5,51.20000076293945,1495669
2024-03-08,44.54999923706055,46.5,42.5,46.0,1507865
2024-03-11,41.099998474121094,45.70000076293945,40.0,45.0,1238644
2024-03-12,54.099998474121094,56.400001525878906,40.95000076293945,41.0,3415376
2024-03-13,59.70000076293945,72.0,56.5,56.5,7531662
2024-03-14,52.900001525878906,62.0,51.099998474121094,59.599998474121094,2946043
2024-03-15,53.79999923706055,62.0,49.29999923706055,52.29999923706055,3183022
2024-03-18,54.20000076293945,59.0,53.099998474121094,54.5,2649515
2024-03-19,54.400001525878906,56.29999923706055,52.5,55.900001525878906,2472277
2024-03-20,55.400001525878906,57.0,53.400001525878906,55.5,2379426
2024-03-21,54.5,58.900001525878906,53.599998474121094,56.900001525878906,2159446
2024-03-22,53.599998474121094,56.0,52.0,54.29999923706055,1431793
2024-03-25,50.70000076293945,54.400001525878906,49.79999923706055,54.0,1563411
2024-03-26,49.29999923706055,51.70000076293945,48.79999923706055,51.0,1370018
2024-03-27,49.0,51.5,47.599998474121094,49.70000076293945,1425028
2024-04-03,46.900001525878906,49.849998474121094,45.70000076293945,49.849998474121094,1444631
2024-04-04,47.5,48.5,46.20000076293945,48.400001525878906,1845766
2024-04-05,47.150001525878906,48.70000076293945,46.099998474121094,47.5,1029381
2024-04-08,47.400001525878906,48.900001525878906,46.900001525878906,48.20000076293945,1182929
2024-04-09,46.650001525878906,48.0,45.400001525878906,47.79999923706055,1503381
2024-04-10,45.04999923706055,47.099998474121094,44.95000076293945,46.75,1414223
2024-04-11,54.099998474121094,55.0,45.150001525878906,45.150001525878906,800685
2024-04-12,52.099998474121094,59.5,50.0,55.5,5209149
2024-04-15,49.5,51.5,48.400001525878906,50.599998474121094,1465541
2024-04-16,51.20000076293945,52.5,46.75,47.5,1422500
2024-04-17,49.349998474121094,52.79999923706055,49.0,51.5,1058085
2024-04-18,48.54999923706055,51.099998474121094,48.0,49.599998474121094,1179087
2024-04-19,49.70000076293945,50.599998474121094,47.54999923706055,48.29999923706055,1495370
2024-04-22,51.20000076293945,51.599998474121094,48.25,49.79999923706055,2059677
2024-04-23,49.79999923706055,51.900001525878906,48.650001525878906,51.900001525878906,1324182
2024-04-24,46.650001525878906,49.0,45.0,49.0,3970423
2024-04-25,46.650001525878906,46.650001525878906,46.650001525878906,46.650001525878906,0
2024-04-26,46.650001525878906,46.650001525878906,46.650001525878906,46.650001525878906,0
2024-04-29,43.900001525878906,47.5,39.849998474121094,40.0,345947
2024-04-30,50.5,53.0,44.099998474121094,44.20000076293945,2041704
2024-05-02,54.79999923706055,57.400001525878906,49.5,50.0,2333932
2024-05-03,52.0,58.29999923706055,50.79999923706055,56.0,2494317
2024-05-06,51.0,53.0,49.54999923706055,52.20000076293945,2656370
2024-05-07,49.349998474121094,51.79999923706055,47.5,51.79999923706055,1968059
2024-05-08,48.849998474121094,50.900001525878906,47.0,48.70000076293945,669505
2024-05-09,49.0,50.599998474121094,46.20000076293945,48.849998474121094,1241444
2024-05-10,48.45000076293945,52.0,48.150001525878906,49.0,1833926
2024-05-13,48.650001525878906,49.75,47.70000076293945,48.5,539524
2024-05-14,48.75,49.400001525878906,48.099998474121094,49.400001525878906,686648
2024-05-15,49.849998474121094,50.79999923706055,48.5,48.900001525878906,1251609
2024-05-16,52.20000076293945,52.400001525878906,50.0,50.099998474121094,2021270
2024-05-17,51.70000076293945,54.099998474121094,50.79999923706055,52.5,516341
2024-05-20,50.79999923706055,52.0,50.20000076293945,52.0,1297629
2024-05-21,51.20000076293945,52.5,49.29999923706055,51.400001525878906,1647494
2024-05-22,50.5,51.599998474121094,49.599998474121094,51.599998474121094,1169478
2024-05-23,50.400001525878906,51.400001525878906,49.75,51.0,417812
2024-05-24,50.20000076293945,51.70000076293945,49.75,50.5,787851
2024-05-27,51.599998474121094,52.0,50.099998474121094,51.0,662868
2024-05-28,53.099998474121094,53.900001525878906,51.400001525878906,51.900001525878906,1159895
2024-05-29,57.70000076293945,58.5,52.099998474121094,53.099998474121094,2987443
2024-05-30,66.5,69.0,56.20000076293945,59.0,5173943
2024-05-31,65.5999984741211,74.0,63.0,67.5,4070761
2024-06-03,64.0,68.0,60.20000076293945,65.80000305175781,2441417
2024-06-04,60.0,65.0,59.29999923706055,65.0,1410865
2024-06-05,63.5,65.0,56.79999923706055,59.900001525878906,1601505
2024-06-06,59.79999923706055,65.9000015258789,59.29999923706055,65.80000305175781,1420907
2024-06-07,62.099998474121094,64.4000015258789,58.900001525878906,59.900001525878906,1080178
2024-06-10,68.9000015258789,72.0,61.099998474121094,62.5,2500617
2024-06-11,65.5,73.19999694824219,64.4000015258789,70.0,2761102
2024-06-12,70.4000015258789,71.69999694824219,66.0999984741211,68.0999984741211,2572019
2024-06-13,69.5999984741211,81.0,69.0,74.0999984741211,3631521
2024-06-14,69.5,72.0,68.0,70.80000305175781,1496040
2024-06-18,67.80000305175781,70.5,65.0,69.30000305175781,950295
2024-06-19,67.0999984741211,69.0,66.4000015258789,68.5,889239
2024-06-24,65.4000015258789,67.0999984741211,64.0,67.0,1529595
2024-06-25,65.5999984741211,67.0,64.0999984741211,67.0,1006975
2024-06-26,70.5999984741211,71.80000305175781,65.9000015258789,65.9000015258789,2279602
2024-06-27,73.5,75.0,69.0,70.5999984741211,1935803
2024-06-28,71.80000305175781,77.0,69.69999694824219,74.0,1224439
2024-07-01,69.30000305175781,74.9000015258789,69.0,74.9000015258789,1193280
2024-07-02,70.5999984741211,72.0,69.30000305175781,69.5,462160
2024-07-03,69.0,73.5999984741211,67.5,71.30000305175781,951244
2024-07-04,68.9000015258789,70.5,67.0,69.69999694824219,665326
2024-07-05,69.80000305175781,70.5,68.30000305175781,69.0,553624
2024-07-08,68.30000305175781,70.9000015258789,67.80000305175781,70.9000015258789,463454
2024-07-10,66.5,70.80000305175781,66.0,70.80000305175781,1550169
2024-07-11,66.5,68.5,64.0,66.30000305175781,1579202
2024-07-12,66.19999694824219,67.69999694824219,65.4000015258789,67.69999694824219,757844
2024-07-15,60.400001525878906,68.0,60.099998474121094,68.0,1231441
2024-07-16,60.0,62.5,53.400001525878906,60.5,1102711
2024-07-17,60.099998474121094,63.29999923706055,59.5,62.5,1061695
2024-07-18,59.900001525878906,61.900001525878906,57.400001525878906,60.099998474121094,401815
2024-07-19,59.900001525878906,61.900001525878906,58.5,61.900001525878906,487756
2024-07-22,59.900001525878906,61.29999923706055,59.29999923706055,60.099998474121094,258028
2024-07-23,64.0999984741211,64.80000305175781,60.0,60.79999923706055,1863001
2024-07-24,61.5,67.0,60.5,65.0,1177022
2024-07-25,60.70000076293945,62.20000076293945,58.099998474121094,60.5,313676
2024-07-26,59.900001525878906,61.5,58.70000076293945,60.900001525878906,349499
2024-07-29,58.0,61.400001525878906,57.5,59.5,545240
2024-07-30,54.400001525878906,57.900001525878906,54.0,57.20000076293945,857728
2024-07-31,58.5,59.20000076293945,55.400001525878906,57.0,48766
2024-08-01,57.900001525878906,58.900001525878906,56.400001525878906,57.599998474121094,719177
2024-08-02,55.20000076293945,58.0,55.0,58.0,548437
2024-08-05,53.0,54.5,46.0,52.0,865823
2024-08-06,54.20000076293945,56.0,52.900001525878906,52.900001525878906,882230
2024-08-07,52.099998474121094,55.70000076293945,50.79999923706055,53.900001525878906,585312
2024-08-08,52.79999923706055,54.5,52.099998474121094,53.400001525878906,983084
2024-08-09,51.900001525878906,53.900001525878906,51.29999923706055,53.900001525878906,982787
2024-08-12,53.599998474121094,54.5,51.400001525878906,52.400001525878906,838229
2024-08-13,53.400001525878906,56.0,52.099998474121094,56.0,607092
2024-08-14,54.900001525878906,55.29999923706055,53.20000076293945,54.0,642006
2024-08-15,59.20000076293945,59.5,53.20000076293945,55.0,1768139
2024-08-16,57.70000076293945,60.0,56.599998474121094,60.0,985860
2024-08-19,57.400001525878906,59.900001525878906,56.5,58.0,744712
2024-08-20,55.599998474121094,58.5,55.20000076293945,58.29999923706055,971479
2024-08-21,54.0,56.900001525878906,53.20000076293945,56.900001525878906,824465
2024-08-22,53.79999923706055,54.900001525878906,52.0,54.900001525878906,514256
2024-08-23,53.400001525878906,54.900001525878906,53.0,54.400001525878906,1041208
2024-08-26,53.0,54.900001525878906,52.599998474121094,54.5,483782
2024-08-27,52.900001525878906,54.70000076293945,51.70000076293945,53.099998474121094,439193
2024-08-28,52.599998474121094,54.20000076293945,52.20000076293945,53.599998474121094,650788
2024-08-29,53.5,54.400001525878906,52.400001525878906,53.20000076293945,449117
2024-08-30,54.29999923706055,55.5,53.099998474121094,53.70000076293945,836305
2024-09-02,55.20000076293945,55.900001525878906,53.099998474121094,54.900001525878906,735268
2024-09-03,54.400001525878906,55.79999923706055,52.400001525878906,54.900001525878906,716510
2024-09-04,53.70000076293945,55.599998474121094,53.0,54.0,882678
2024-09-05,53.79999923706055,55.400001525878906,53.70000076293945,54.0,679062
2024-09-06,52.5,54.900001525878906,52.29999923706055,54.900001525878906,454014
2024-09-09,53.400001525878906,54.79999923706055,52.5,53.79999923706055,739137
2024-09-10,52.29999923706055,53.900001525878906,51.099998474121094,53.599998474121094,826489
2024-09-11,53.20000076293945,53.900001525878906,51.79999923706055,52.099998474121094,937055
2024-09-12,53.400001525878906,54.400001525878906,53.0,53.599998474121094,1157768
2024-09-13,53.099998474121094,54.20000076293945,52.70000076293945,54.20000076293945,565215
2024-09-16,53.099998474121094,54.0,52.599998474121094,53.20000076293945,756121
2024-09-17,52.599998474121094,53.0,52.20000076293945,53.0,492312
2024-09-18,50.5,53.099998474121094,49.5,53.099998474121094,889830
2024-09-19,50.099998474121094,52.0,49.900001525878906,51.400001525878906,982229
2024-09-20,49.599998474121094,50.0,48.900001525878906,50.0,890896
2024-09-23,49.150001525878906,50.599998474121094,47.5,49.79999923706055,443293
2024-09-24,48.849998474121094,50.20000076293945,48.5,50.20000076293945,549949
2024-09-25,48.5,50.0,48.0,50.0,275833
2024-09-26,48.45000076293945,49.349998474121094,47.900001525878906,47.900001525878906,330132
2024-09-27,48.900001525878906,49.75,48.29999923706055,49.0,457169
2024-09-30,48.099998474121094,50.0,46.5,50.0,377803
2024-10-01,48.5,48.79999923706055,47.650001525878906,48.29999923706055,414634
2024-10-02,48.150001525878906,49.150001525878906,47.900001525878906,49.150001525878906,209513
2024-10-03,49.95000076293945,50.0,48.150001525878906,48.25,399936
2024-10-04,53.5,54.5,50.0,50.0,2626522
2024-10-07,51.79999923706055,53.5,51.20000076293945,53.0,938178
2024-10-08,50.099998474121094,52.400001525878906,49.29999923706055,52.400001525878906,989824
2024-10-09,49.45000076293945,51.900001525878906,49.150001525878906,49.5,799424
2024-10-10,49.0,50.099998474121094,48.5,49.0,642359
2024-10-14,48.150001525878906,50.0,48.0,48.0,522312
2024-10-15,47.25,49.0,46.5,49.0,658051
2024-10-16,47.099998474121094,49.0,47.0,49.0,388137
2024-10-17,47.54999923706055,49.0,46.0,47.0,603997
2024-10-18,47.29999923706055,49.20000076293945,46.25,47.45000076293945,577534
2024-10-21,46.900001525878906,48.79999923706055,46.400001525878906,46.900001525878906,267549
2024-10-22,45.849998474121094,47.45000076293945,45.75,46.70000076293945,434863
2024-10-23,45.400001525878906,47.599998474121094,44.70000076293945,45.400001525878906,431203
2024-10-24,46.150001525878906,46.900001525878906,45.099998474121094,46.900001525878906,463754
2024-10-25,46.95000076293945,48.54999923706055,46.5,47.650001525878906,691898
2024-10-28,49.54999923706055,50.0,47.04999923706055,47.25,722264
2024-10-29,47.70000076293945,49.900001525878906,46.599998474121094,49.900001525878906,1268191
2024-10-30,48.099998474121094,48.79999923706055,47.5,48.79999923706055,449398
2024-10-31,48.650001525878906,49.0,47.54999923706055,48.70000076293945,654134
2024-11-01,49.150001525878906,49.20000076293945,47.5,48.5,389223
2024-11-04,51.099998474121094,51.5,48.70000076293945,48.95000076293945,1463210
2024-11-05,49.29999923706055,51.900001525878906,48.0,51.900001525878906,972313
2024-11-06,50.099998474121094,51.20000076293945,49.849998474121094,50.599998474121094,734242
2024-11-07,49.29999923706055,51.29999923706055,48.0,51.29999923706055,1024648
2024-11-08,47.400001525878906,50.5,47.20000076293945,49.0,1190949
2024-11-11,47.04999923706055,49.0,46.349998474121094,49.0,593052
2024-11-12,48.5,49.5,46.5,47.20000076293945,996683
2024-11-13,48.75,49.5,47.79999923706055,48.54999923706055,792700
2024-11-14,49.349998474121094,49.900001525878906,47.0,49.20000076293945,822581
2024-11-15,52.70000076293945,54.900001525878906,49.95000076293945,50.0,3205246
2024-11-19,53.0,55.79999923706055,52.599998474121094,52.900001525878906,1392013
2024-11-20,52.099998474121094,53.29999923706055,51.0,53.29999923706055,1269828
2024-11-21,52.599998474121094,53.5,51.20000076293945,53.0,716097
2024-11-22,56.599998474121094,57.0,52.0,53.0,1951433
2024-11-25,57.900001525878906,62.20000076293945,56.20000076293945,57.0,2624723
2024-11-26,57.099998474121094,59.900001525878906,55.70000076293945,58.0,1413568
2024-11-27,53.5,59.400001525878906,51.099998474121094,56.900001525878906,1161301
2024-11-28,52.900001525878906,54.5,52.20000076293945,52.20000076293945,797926
2024-11-29,52.79999923706055,54.099998474121094,51.5,53.599998474121094,714610
2024-12-02,54.599998474121094,55.5,51.599998474121094,51.599998474121094,1062584
2024-12-03,54.20000076293945,54.79999923706055,52.599998474121094,54.79999923706055,1101887
2024-12-04,52.5,54.29999923706055,51.5,54.0,828014
2024-12-05,52.900001525878906,53.5,51.599998474121094,52.79999923706055,777184
2024-12-06,51.099998474121094,53.5,50.5,53.0,607502
2024-12-09,51.70000076293945,52.20000076293945,50.400001525878906,51.20000076293945,837422
2024-12-10,53.70000076293945,54.5,51.70000076293945,51.70000076293945,1473033
2024-12-11,53.20000076293945,55.5,52.599998474121094,54.79999923706055,1012546
2024-12-12,53.0,54.0,51.400001525878906,54.0,1689199
2024-12-13,52.900001525878906,53.900001525878906,52.20000076293945,53.900001525878906,566009
2024-12-16,53.099998474121094,53.70000076293945,52.29999923706055,53.0,1954766
2024-12-17,54.20000076293945,54.70000076293945,53.0,53.400001525878906,1555225
2024-12-18,54.29999923706055,57.900001525878906,54.0,54.599998474121094,1179475
2024-12-19,53.400001525878906,55.79999923706055,51.0,53.0,867840
2024-12-20,53.29999923706055,55.0,50.400001525878906,54.29999923706055,590678
2024-12-23,52.099998474121094,54.599998474121094,51.29999923706055,53.0,534805
2024-12-24,52.79999923706055,53.0,52.0,52.0,169426
2024-12-26,53.900001525878906,54.29999923706055,52.099998474121094,53.0,522965
2024-12-27,53.0,54.400001525878906,52.5,53.900001525878906,293518
2024-12-30,52.0,53.79999923706055,51.70000076293945,52.599998474121094,269124
2025-01-02,51.5,52.79999923706055,50.5,52.79999923706055,609044
2025-01-03,52.099998474121094,52.20000076293945,50.900001525878906,51.5,456844
2025-01-06,52.0,53.20000076293945,51.5,53.0,451962
2025-01-07,51.599998474121094,52.70000076293945,50.5,52.70000076293945,679944
2025-01-08,50.70000076293945,52.20000076293945,50.099998474121094,51.599998474121094,600973
2025-01-09,50.29999923706055,51.20000076293945,48.5,50.5,838071
2025-01-10,51.400001525878906,51.5,50.20000076293945,50.400001525878906,627607
2025-01-13,50.0,51.900001525878906,50.0,51.900001525878906,659740
2025-01-14,49.70000076293945,50.70000076293945,49.5,50.70000076293945,651788
2025-01-15,49.0,50.599998474121094,48.099998474121094,50.599998474121094,645922
2025-01-16,48.79999923706055,49.5,48.099998474121094,49.45000076293945,419467
2025-01-17,47.54999923706055,49.0,47.20000076293945,48.900001525878906,430763
2025-01-20,48.25,49.599998474121094,47.0,47.54999923706055,230082
2025-01-21,48.650001525878906,48.95000076293945,47.599998474121094,48.25,248272
2025-01-22,49.04999923706055,49.5,47.79999923706055,48.79999923706055,404227
2025-01-23,48.79999923706055,49.29999923706055,48.599998474121094,49.29999923706055,147597
2025-01-24,48.150001525878906,49.349998474121094,46.79999923706055,49.349998474121094,580757
2025-01-27,47.900001525878906,49.0,47.5,48.099998474121094,407892
2025-01-28,47.75,48.5,47.25,47.900001525878906,356931
2025-01-29,47.900001525878906,48.25,47.099998474121094,48.0,389739
2025-01-30,48.54999923706055,48.75,46.54999923706055,47.25,362641
2025-01-31,48.400001525878906,48.79999923706055,48.099998474121094,48.400001525878906,241378
2025-02-03,47.29999923706055,48.0,46.5,48.0,530193
2025-02-04,47.400001525878906,47.79999923706055,47.0,47.29999923706055,274487
2025-02-05,47.25,47.900001525878906,47.0,47.900001525878906,220977
2025-02-06,47.45000076293945,48.150001525878906,47.29999923706055,47.29999923706055,194591
2025-02-07,45.599998474121094,47.79999923706055,45.20000076293945,47.0,607535
2025-02-10,46.150001525878906,47.849998474121094,45.599998474121094,45.599998474121094,161101
2025-02-11,44.5,46.79999923706055,43.5,45.650001525878906,543224
2025-02-12,44.900001525878906,45.79999923706055,43.54999923706055,45.0,425652
2025-02-13,46.29999923706055,46.5,44.0,44.0,222606
2025-02-14,46.54999923706055,47.150001525878906,44.099998474121094,46.0,407375
2025-02-17,44.75,46.54999923706055,43.650001525878906,46.54999923706055,398596
2025-02-18,45.95000076293945,46.5,44.0,44.0,201174
2025-02-19,46.79999923706055,47.599998474121094,46.0,46.0,180458
2025-02-20,46.79999923706055,47.5,45.95000076293945,46.0,196222
2025-02-21,45.79999923706055,47.650001525878906,45.25,46.70000076293945,89857
2025-02-24,45.0,46.70000076293945,44.79999923706055,46.0,257019
2025-02-25,43.75,45.400001525878906,43.0,45.099998474121094,218892
2025-02-26,43.0,44.70000076293945,42.099998474121094,44.0,293041
2025-02-27,41.79999923706055,45.0,40.5,45.0,318275
2025-02-28,40.5,42.79999923706055,40.099998474121094,41.400001525878906,418227
2025-03-05,41.099998474121094,41.45000076293945,37.04999923706055,40.599998474121094,547545
2025-03-06,43.150001525878906,44.54999923706055,41.29999923706055,41.29999923706055,789758
2025-03-07,42.45000076293945,45.0,41.29999923706055,45.0,240169
2025-03-10,40.599998474121094,43.349998474121094,40.349998474121094,42.900001525878906,191452
2025-03-11,40.099998474121094,41.5,40.0,40.5,198589
2025-03-12,41.099998474121094,41.599998474121094,38.70000076293945,40.099998474121094,388896
2025-03-13,40.400001525878906,41.70000076293945,39.5,41.400001525878906,158763
2025-03-14,42.25,42.79999923706055,40.349998474121094,40.400001525878906,238452
2025-03-17,44.0,44.5,42.04999923706055,42.400001525878906,433670
2025-03-18,43.75,44.400001525878906,43.29999923706055,44.0,334104
2025-03-19,44.650001525878906,45.849998474121094,43.0,43.0,263827
2025-03-20,44.79999923706055,45.29999923706055,44.0,44.849998474121094,198501
2025-03-21,45.54999923706055,45.79999923706055,44.599998474121094,44.75,380272
2025-03-25,46.5,47.70000076293945,44.150001525878906,47.70000076293945,533357
2025-03-26,46.20000076293945,47.599998474121094,44.400001525878906,46.70000076293945,149335
2025-03-27,47.20000076293945,48.5,45.5,45.5,567662
2025-03-28,46.349998474121094,48.349998474121094,46.04999923706055,48.349998474121094,477170
2025-03-31,45.400001525878906,47.79999923706055,44.29999923706055,46.70000076293945,223875
2025-04-01,45.400001525878906,46.5,45.0,45.29999923706055,218763
2025-04-03,43.95000076293945,46.5,42.79999923706055,44.900001525878906,399946
2025-04-04,42.20000076293945,43.900001525878906,40.099998474121094,42.5,1053332
2025-04-07,42.75,44.5,38.0,42.0,591753
2025-04-08,43.099998474121094,45.5,43.0,43.0,1304591
2025-04-09,45.0,45.5,41.0,43.04999923706055,1360040
2025-04-10,44.95000076293945,45.79999923706055,43.099998474121094,44.70000076293945,179363
2025-04-11,46.45000076293945,46.79999923706055,42.349998474121094,44.95000076293945,381290
2025-04-14,48.70000076293945,48.900001525878906,46.54999923706055,46.54999923706055,850350
2025-04-15,47.79999923706055,49.45000076293945,47.400001525878906,48.54999923706055,370669
