Price,('Close', 'CAPX.BA'),('High', 'CAPX.BA'),('Low', 'CAPX.BA'),('Open', 'CAPX.BA'),('Volume', 'CAPX.BA')
Ticker,CAPX.BA,CAPX.BA,CAPX.BA,CAPX.BA,CAPX.BA
Date,,,,,
2020-04-17,48.93323516845703,48.93323516845703,45.700949444782644,45.79073382736346,2848
2020-04-20,50.2800178527832,50.54937440626937,47.58644546781267,50.54937440626937,7942
2020-04-21,47.49665832519531,50.28001492419137,46.4192287489518,50.28001492419137,809
2020-04-22,47.22730255126953,47.40687473408002,46.68858942789257,47.40687473408002,4049
2020-04-23,46.68859100341797,47.58644852271447,46.68859100341797,47.22730414497402,1103
2020-04-24,49.1128044128418,49.83108970556884,47.58644602513781,48.03537476122402,4256
2020-04-27,51.17787551879883,51.89616080598161,48.93323185569361,48.93323185569361,3123
2020-04-28,52.97359085083008,54.76930579492601,50.36980281186919,50.36980281186919,2704
2020-04-29,55.21823501586914,55.21823501586914,53.7816644179984,53.8714487959699,1939
2020-04-30,56.56502151489258,62.850023905436196,56.56502151489258,56.56502151489258,3776
2020-05-04,54.76930618286133,57.46287861808402,54.76930618286133,57.46287861808402,2279
2020-05-05,57.01395034790039,57.01395034790039,54.32037789051927,56.56502160500354,328
2020-05-06,60.60538101196289,62.580664764161014,53.961234168036995,54.76930728488498,5312
2020-05-07,65.99252319335938,65.99252319335938,60.60537844288106,60.60537844288106,9005
2020-05-08,64.10702514648438,66.44145321370073,62.85002331025745,66.44145321370073,24646
2020-05-11,62.85002517700195,63.92745143999262,62.85002517700195,63.74788267953055,3814
2020-05-12,63.38873291015625,64.64573467666874,62.85001982453905,62.85001982453905,12736
2020-05-13,63.47852325439453,63.47852325439453,59.258595694949385,59.258595694949385,238
2020-05-14,65.54359436035156,66.44145181734268,63.747879446369325,63.747879446369325,14979
2020-05-15,66.890380859375,67.33930958997483,64.73552158247405,65.99252339817534,2280
2020-05-18,70.03288269042969,70.03288269042969,64.19680913289388,68.23716774964944,4257
2020-05-19,69.85330963134766,70.03287837431535,67.33930612914936,69.13502095926002,9005
2020-05-20,67.42909240722656,72.72645267586034,67.33930803320402,72.72645267586034,778
2020-05-21,64.82530975341797,66.44145601822939,63.74788347694982,66.44145601822939,4821
2020-05-22,64.64573669433594,66.44145160251193,64.64573669433594,66.44145160251193,1201
2020-05-26,64.64573669433594,70.48181014590793,64.64573669433594,66.44145160251193,4575
2020-05-27,64.19680786132812,64.64573658763112,62.04194860505201,63.74787913502514,1419
2020-05-28,61.05430603027344,64.55595142261967,61.05430603027344,61.95216347189511,3768
2020-05-29,58.36073303222656,61.32366529544457,58.36073303222656,59.258590463491586,2860
2020-06-01,61.95216369628906,61.95216369628906,58.36073391679405,58.36073391679405,1175
2020-06-02,65.36402130126953,67.3393048364281,61.05430305169481,61.95216044951385,6656
2020-06-03,64.64573669433594,65.72316289919803,63.74787924024794,65.36402539764984,43645
2020-06-04,66.35166931152344,66.35166931152344,61.9521662782627,62.85002376055637,29109
2020-06-05,67.15974426269531,67.15974426269531,65.54359801007448,66.3516711363849,6861
2020-06-08,66.62102508544922,68.68610011657962,66.62102508544922,67.33931383978394,2198
2020-06-09,65.99252319335938,66.89038065177243,62.85002208891369,66.89038065177243,4926
2020-06-10,63.74788284301758,65.99252660509566,63.029594099108934,65.99252660509566,8818
2020-06-11,61.503238677978516,62.8500249264014,61.05430992850422,62.8500249264014,4966
2020-06-12,61.503238677978516,61.503238677978516,61.05430992850422,61.503238677978516,2537
2020-06-16,61.95216369628906,62.40109241872594,60.60537752897843,60.60537752897843,29
2020-06-17,63.38873291015625,64.64573467666874,61.05430497240936,61.9521623984742,1993
2020-06-18,60.60538101196289,62.40109600490994,60.60538101196289,62.40109600490994,671
2020-06-19,60.33601760864258,60.78494633147507,58.54030271731264,60.60537758238554,4375
2020-06-22,59.3483772277832,60.33601907194578,59.25859285106094,60.33601907194578,206
2020-06-23,62.22152328491211,63.568309443891955,60.60537715409285,60.60537715409285,2193
2020-06-24,59.797306060791016,64.64573776304086,59.61773730704834,64.64573776304086,197
2020-06-25,59.887088775634766,61.05430619289535,59.43816005362818,61.05430619289535,3632
2020-06-26,57.01395034790039,62.85002400555948,56.56502160500354,62.85002400555948,1375
2020-06-29,58.80966567993164,58.80966567993164,55.66716446039331,55.66716446039331,528
2020-06-30,57.01395034790039,59.70752280528151,55.66716411920983,56.56502160500354,4283
2020-07-01,57.01395034790039,57.01395034790039,54.76930663341612,54.76930663341612,3705
2020-07-02,59.25859451293945,60.15645200555975,58.36073702031916,58.36073702031916,7975
2020-07-03,60.15644836425781,62.85002067907533,59.88708839273261,61.95216324080282,7796
2020-07-06,66.44145202636719,66.44145202636719,61.05430726747255,62.850022187104095,32168
2020-07-07,67.33930969238281,68.23716715494791,64.6457373046875,66.4414522298177,17238
2020-07-08,69.13502502441406,70.0328824922636,67.339310088715,69.22480940117724,4301
2020-07-13,68.23716735839844,68.68609609101948,66.44145242791427,68.68609609101948,2274
2020-07-14,64.64573669433594,68.23716651068793,64.19680796729193,67.33930905659993,25000
2020-07-15,65.54359436035156,68.14738235564755,62.85002198937821,62.85002198937821,13447
2020-07-16,66.53124237060547,66.53124237060547,63.74788536551339,65.54360044623208,3925
2020-07-17,65.54359436035156,66.35166744166533,62.93980636505557,63.747879446369325,1359
2020-07-20,66.35166931152344,67.2495267938171,62.40109501940953,62.40109501940953,7375
2020-07-21,64.64573669433594,66.35166722712488,63.74787924024794,66.35166722712488,7552
2020-07-22,65.09467315673828,65.54360193712958,63.29895803517309,63.29895803517309,5826
2020-07-23,64.64573669433594,67.24952468121289,64.19680796729193,64.91509667060583,10226
2020-07-24,65.99252319335938,65.99252319335938,64.8253057573789,64.8253057573789,1608
2020-07-27,67.33930969238281,67.33930969238281,66.4414522298177,66.4414522298177,3502
2020-07-28,68.77588653564453,70.21245723675928,65.0946719733788,65.54360074560898,13376
2020-07-29,69.04524230957031,71.82859915687752,68.95545793064602,71.82859915687752,1150
2020-07-30,68.23716735839844,69.04524044713807,64.2865931413115,69.04524044713807,4732
2020-07-31,68.05760192871094,68.23717069048433,65.0946694086857,68.23717069048433,924
2020-08-03,67.96781158447266,68.05760281664,63.74788397675907,68.05760281664,11072
2020-08-04,67.33930969238281,70.84095516640848,64.6457373046875,70.84095516640848,1102
2020-08-05,67.24952697753906,67.33931135599192,65.27423640103125,65.5435963864988,1003
2020-08-06,65.99252319335938,67.06994940341153,65.99252319335938,67.06994940341153,340
2020-08-07,65.54359436035156,66.35166744166533,64.19680817486488,65.54359436035156,7593
2020-08-10,65.99252319335938,66.35166754674636,65.99252319335938,66.35166754674636,833
2020-08-11,65.09467315673828,67.33931705869477,64.19681559595568,64.19681559595568,10065
2020-08-12,66.44145202636719,67.33930948618296,65.54359456655142,65.54359456655142,2761
2020-08-13,65.09467315673828,66.44145949791218,63.92745558767707,66.44145949791218,1788
2020-08-14,64.64573669433594,65.18444979676698,63.74787924024794,65.18444979676698,2038
2020-08-18,64.01724243164062,64.28659557132943,64.01724243164062,64.19681119143317,483
2020-08-19,64.91510009765625,65.5435976086545,61.952167602700825,61.952167602700825,569
2020-08-20,64.64573669433594,64.64573669433594,61.95216433207194,64.64573669433594,1311
2020-08-21,64.37638092041016,64.64574091426326,60.51559772587384,64.64574091426326,634
2020-08-24,61.593021392822266,64.28659381685334,61.50323701537634,64.28659381685334,3825
2020-08-25,61.593021392822266,61.593021392822266,59.43816208357562,61.593021392822266,1542
2020-08-26,61.05430603027344,61.95216347189511,61.05430603027344,61.593019125224714,363
2020-08-27,60.60538101196289,62.131736015924254,57.911808522542316,62.131736015924254,2144
2020-08-28,61.05430603027344,62.85002091351678,59.2585911470301,62.85002091351678,3023
2020-08-31,60.60538101196289,62.8500247531467,59.43816352650368,60.15645226372613,235
2020-09-01,61.503238677978516,62.76024054652836,61.503238677978516,62.401096176927105,2020
2020-09-02,59.43815994262695,62.76023658933688,59.258591194203134,62.76023658933688,1287
2020-09-03,58.80966567993164,58.80966567993164,58.80966567993164,58.80966567993164,167
2020-09-04,59.887088775634766,60.156448748882184,56.654803347209096,57.46287641684268,1032
2020-09-07,60.24623489379883,60.246234893798835,57.4628781055815,60.15645051678064,633
2020-09-08,58.36073303222656,59.258590463491586,56.565018169696515,59.258590463491586,469
2020-09-09,57.4628791809082,58.360736668109894,56.11609295010567,56.11609295010567,5779
2020-09-10,59.887088775634766,60.0666643745026,57.64244516560185,57.64244516560185,2410
2020-09-11,60.87474060058594,61.77259809115441,59.97688311001747,59.97688311001747,573
2020-09-14,58.80966567993164,61.0543094081733,57.10373507644616,61.0543094081733,1328
2020-09-15,58.36073303222656,58.809661747859074,57.19351905659289,57.46287560096154,1017
2020-09-16,55.7569465637207,57.462877097576765,53.871447278978216,57.013948370251946,2736
2020-09-17,54.76930618286133,55.667163661268894,53.87144870445377,53.87144870445377,1390
2020-09-18,56.56502151489258,57.46287899925595,50.280019124348954,50.280019124348954,1542
2020-09-21,56.56502151489258,56.56502151489258,54.76930654616583,55.6671640305292,732
2020-09-22,57.01395034790039,57.01395034790039,54.32037789051927,56.56502160500354,2487
2020-09-23,55.03866195678711,55.66716286772391,54.76930540211546,54.76930540211546,483
2020-09-24,56.83437728881836,56.83437728881836,55.0386623449375,56.83437728881836,508
2020-09-25,59.25859451293945,61.05430949818005,58.80966576662931,58.80966576662931,1918
2020-09-28,57.91180419921875,63.29894877589026,57.91180419921875,61.054305202277135,15089
2020-09-29,57.4628791809082,57.73223916711231,55.308019841602345,56.11609295010567,2243
2020-09-30,55.5773811340332,57.46288053144956,55.487593328170064,57.46288053144956,2974
2020-10-01,58.18116760253906,60.78494882154505,57.46287887653874,57.46287887653874,5616
2020-10-02,58.45051956176758,58.80966391754534,56.02630714795809,58.36073518535034,4869
2020-10-05,58.540306091308594,60.69516545512252,58.36073733186955,58.450521711589076,4245
2020-10-06,59.25859451293945,61.50323824449019,58.540305778799606,58.540305778799606,9256
2020-10-07,59.25859451293945,59.25859451293945,58.71988138738909,59.25859451293945,12
2020-10-08,59.3483772277832,61.054307785941575,59.3483772277832,61.054307785941575,369
2020-10-09,57.01395034790039,61.413453398311354,57.01395034790039,59.70752280528151,1625
2020-10-13,60.78494644165039,61.503235139527774,58.360734074004455,58.360734074004455,5529
2020-10-14,61.23387908935547,61.23387908935547,57.19352374267549,60.33602158452557,1708
2020-10-15,61.503238677978516,61.952167427452814,58.36073743165844,61.503238677978516,3453
2020-10-16,60.96452331542969,62.31130951451823,58.27095091725261,62.31130951451823,2550
2020-10-19,59.25859451293945,61.95216699080034,58.80966576662931,61.95216699080034,1599
2020-10-20,60.60538101196289,60.60538101196289,59.797307895114905,59.797307895114905,864
2020-10-21,61.503238677978516,62.401096176927105,60.15645242955563,60.96452554863118,4258
2020-10-22,62.401092529296875,63.029590001778686,61.50323508283217,61.50323508283217,11240
2020-10-23,60.60538101196289,62.8500247531467,60.15645226372613,60.15645226372613,1961
2020-10-26,61.95216369628906,61.95216369628906,60.156448806541555,60.60537752897843,2415
2020-10-27,60.15644836425781,61.95216324080282,60.15644836425781,61.50323452166657,2196
2020-10-28,59.25859451293945,59.707523259249605,56.56502203507857,56.56502203507857,2616
2020-10-29,57.91180419921875,58.809661628664,57.91180419921875,58.809661628664,563
2020-10-30,57.91180419921875,57.91180419921875,57.91180419921875,57.91180419921875,300
2020-11-02,57.4628791809082,58.360736668109894,57.4628791809082,57.4628791809082,403
2020-11-03,57.73223876953125,62.401094930783714,57.73223876953125,62.401094930783714,575
2020-11-04,58.36073303222656,61.054305326021634,58.36073303222656,61.054305326021634,1145
2020-11-05,60.425811767578125,61.503238014652524,60.15645178075502,60.15645178075502,4489
2020-11-06,61.503238677978516,61.952167427452814,61.05430992850422,61.05430992850422,42
2020-11-09,61.95216369628906,62.40109241872594,59.2585913616678,61.95216369628906,7643
2020-11-10,63.92744445800781,64.10702004896623,61.95216090822374,62.76023394226572,15369
2020-11-11,63.74788284301758,64.28659597589449,62.85002533818634,63.74788284301758,10315
2020-11-12,61.05430603027344,63.74787835513845,57.46287626378677,63.74787835513845,4211
2020-11-13,62.401092529296875,62.850021252529224,61.952163806064526,61.952163806064526,1489
2020-11-16,61.95216369628906,62.85002114116281,61.95216369628906,61.95216369628906,2317
2020-11-17,61.95216369628906,62.85002114116281,59.5279513351734,59.5279513351734,1840
2020-11-18,61.95216369628906,62.85002114116281,61.95216369628906,61.95216369628906,2939
2020-11-19,62.401092529296875,62.401092529296875,61.05430635959982,61.05430635959982,3106
2020-11-20,61.77259826660156,62.40109577174095,61.05430953206309,62.40109577174095,900
2020-11-24,62.85002517700195,63.478522688728326,61.233878932406824,61.413454542978016,6159
2020-11-25,61.05430603027344,63.74787835513845,61.05430603027344,63.74787835513845,6145
2020-11-26,62.401092529296875,62.850021252529224,58.36073402020571,58.36073402020571,3328
2020-11-27,61.503238677978516,64.19681117482429,61.05430992850422,62.8500249264014,250
2020-11-30,61.05430603027344,63.29894963432761,60.246232962792206,61.593019125224714,1426
2020-12-01,61.14409637451172,63.74788457946967,60.15645446231645,60.24623884522342,3761
2020-12-02,63.2989501953125,63.2989501953125,60.87473782149295,60.87473782149295,2871
2020-12-03,61.14409637451172,63.56831581365574,61.14409637451172,63.29895581482552,2956
2020-12-04,60.33601760864258,63.65809426766818,60.33601760864258,63.65809426766818,1791
2020-12-09,59.61773681640625,62.850022307935454,59.61773681640625,62.850022307935454,1951
2020-12-10,60.15644836425781,60.15644836425781,59.617735271316036,59.617735271316036,689
2020-12-11,60.06666564941406,60.33601877826982,60.06666564941406,60.33601877826982,598
2020-12-14,60.06666564941406,60.06666564941406,60.06666564941406,60.06666564941406,0
2020-12-15,60.60538101196289,61.413454128810876,57.462879774305556,57.462879774305556,10055
2020-12-16,60.96452331542969,60.96452331542969,60.1564502259548,60.33601897912307,87
2020-12-17,60.06666564941406,60.9645231124842,60.06666564941406,60.9645231124842,91
2020-12-18,59.707523345947266,61.05430958683329,58.27095272569065,58.27095272569065,27437
2020-12-21,59.16880798339844,59.438161111330324,59.16880798339844,59.438161111330324,203
2020-12-22,59.25859451293945,61.95216699080034,59.16881013369924,59.16881013369924,3784
2020-12-23,59.25859451293945,59.25859451293945,59.25859451293945,59.25859451293945,2000
2020-12-28,58.63009262084961,60.51559184423821,58.63009262084961,59.25859007860963,829
2020-12-29,60.51559066772461,61.0543037424896,58.18116277700404,58.18116277700404,5251
2020-12-30,62.85002517700195,62.85002517700195,60.156452669416154,61.95216767447335,10103
2021-01-04,61.14409637451172,67.33931469662289,60.6053832269606,63.9274533452836,437
2021-01-05,60.87474060058594,62.85002433979296,58.98923439030492,61.14409373769106,250
2021-01-06,63.6580924987793,63.6580924987793,63.6580924987793,63.6580924987793,17
2021-01-07,60.69516372680664,61.50323682149034,60.69516372680664,61.50323682149034,105
2021-01-08,61.05430603027344,61.05430603027344,59.438159895310974,60.605377309462604,216
2021-01-11,59.707523345947266,60.60538083987129,58.45052148443183,58.45052148443183,3738
2021-01-12,60.15644836425781,61.054305802530315,60.15644836425781,60.15644836425781,87
2021-01-13,60.24623489379883,61.86238108056186,58.36073557598122,61.86238108056186,332
2021-01-14,61.05430603027344,62.76023653937634,61.05430603027344,62.76023653937634,4016
2021-01-15,61.95216369628906,62.40109241872594,61.054306251415305,61.054306251415305,408
2021-01-18,61.95216369628906,61.95216369628906,61.50323497385219,61.50323497385219,1342
2021-01-19,61.413448333740234,61.95216141076872,59.70751788139304,61.054303999018444,1540
2021-01-20,61.05430603027344,62.401092192705946,60.605377309462604,62.401092192705946,1515
2021-01-21,60.60538101196289,61.95216725667318,58.36073727077908,59.2585947672526,5339
2021-01-22,60.15644836425781,61.50323452166657,60.15644836425781,61.50323452166657,4697
2021-01-25,60.15644836425781,60.33601711186886,59.617735271316036,59.617735271316036,6943
2021-01-26,60.60538101196289,61.413454128810876,58.54030603003016,58.54030603003016,4989
2021-01-27,59.25859451293945,60.6053807518699,59.25859451293945,60.6053807518699,2863
2021-01-28,58.80966567993164,61.95216689946997,58.80966567993164,61.95216689946997,3383
2021-01-29,58.989234924316406,59.97688365296983,58.809666164620744,58.809666164620744,668
2021-02-01,57.73223876953125,60.605379968746774,57.73223876953125,58.89944938478989,3245
2021-02-02,58.27095031738281,59.07902339853901,57.55266161188648,58.0015903402945,353
2021-02-03,59.16880798339844,59.16880798339844,58.36073489938519,58.36073489938519,343
2021-02-04,60.425811767578125,61.05430927002002,60.425811767578125,61.05430927002002,93
2021-02-05,59.25859451293945,60.42581199338946,57.91180827400901,57.91180827400901,412
2021-02-08,58.80966567993164,60.33602067509236,57.732239430419256,58.36073693428331,1971
2021-02-09,59.25859451293945,59.707523259249605,58.80966576662931,58.80966576662931,12854
2021-02-10,60.15644836425781,60.15644836425781,57.373091675634775,59.2585909259853,1967
2021-02-11,59.887088775634766,60.156448748882184,59.887088775634766,60.156448748882184,1430
2021-02-12,59.5279541015625,60.87474033146112,59.5279541015625,60.87474033146112,2635
2021-02-17,60.15644836425781,60.15644836425781,57.4628760494403,57.4628760494403,1480
2021-02-18,59.25859451293945,60.15645200555975,59.25859451293945,59.25859451293945,822
2021-02-19,59.25859451293945,60.15645200555975,59.25859451293945,59.25859451293945,1251
2021-02-22,58.80966567993164,58.80966567993164,58.80966567993164,58.80966567993164,1500
2021-02-23,58.36073303222656,58.36073303222656,56.83437471406516,56.83437471406516,699
2021-02-24,61.503238677978516,61.503238677978516,58.36073743165844,58.36073743165844,4794
2021-02-25,61.503238677978516,61.952167427452814,59.70752368008133,61.86238304757977,1477
2021-02-26,61.503238677978516,61.503238677978516,58.63009742138666,58.63009742138666,317
2021-03-01,59.5279541015625,61.05430908873734,58.45052100757821,61.05430908873734,3524
2021-03-02,59.5279541015625,59.5279541015625,59.5279541015625,59.5279541015625,0
2021-03-03,58.001590728759766,58.80966381532802,58.001590728759766,58.80966381532802,1134
2021-03-04,58.001590728759766,58.001590728759766,58.001590728759766,58.001590728759766,200
2021-03-05,58.36073303222656,58.36073303222656,57.01394688532903,57.283303429697675,3256
2021-03-08,58.36073303222656,58.36073303222656,58.36073303222656,58.36073303222656,0
2021-03-09,57.37309265136719,57.37309265136719,57.013948299928565,57.19352047564788,681
2021-03-10,57.37309265136719,57.37309265136719,57.37309265136719,57.37309265136719,3
2021-03-11,57.55266189575195,59.61773679665787,57.013948789027005,57.013948789027005,449
2021-03-12,58.36073303222656,59.43815920970116,57.46287560096154,57.46287560096154,2180
2021-03-15,59.16880798339844,59.16880798339844,56.7445921564131,56.7445921564131,1048
2021-03-16,58.36073303222656,58.45051740533135,56.29566162532787,58.45051740533135,20330
2021-03-17,60.51559066772461,60.9645193717135,59.43815766808622,60.695159409276805,1897
2021-03-18,59.25859451293945,61.05430949818005,59.25859451293945,61.05430949818005,266
2021-03-19,60.69516372680664,61.05430808556705,59.2585931418739,61.05430808556705,4239
2021-03-22,61.05430603027344,61.05430603027344,60.605377309462604,61.05430603027344,1821
2021-03-23,61.05430603027344,61.05430603027344,61.05430603027344,61.05430603027344,0
2021-03-25,59.25859451293945,60.15645200555975,59.25859451293945,60.15645200555975,6412
2021-03-26,59.25859451293945,59.25859451293945,59.25859451293945,59.25859451293945,0
2021-03-29,57.4628791809082,59.258594155311584,57.01395043730736,59.258594155311584,1321
2021-03-30,57.4628791809082,57.4628791809082,57.4628791809082,57.4628791809082,0
2021-03-31,55.846736907958984,60.3360209606334,55.846736907958984,60.3360209606334,237
2021-04-05,55.846736907958984,56.565022219384716,54.76930722829314,54.76930722829314,4321
2021-04-06,55.846736907958984,55.846736907958984,55.846736907958984,55.846736907958984,0
2021-04-07,58.36073303222656,58.36073303222656,55.21823202279898,55.21823202279898,23
2021-04-08,59.25859451293945,59.25859451293945,58.36073702031916,58.36073702031916,24
2021-04-09,58.36073303222656,58.36073303222656,56.20587382716879,58.36073303222656,65
2021-04-12,57.01395034790039,57.462879090797244,55.66716411920983,55.66716411920983,179
2021-04-13,57.01395034790039,57.01395034790039,57.01395034790039,57.01395034790039,0
2021-04-14,56.924163818359375,56.924163818359375,54.76930456385797,56.924163818359375,983
2021-04-15,56.924163818359375,56.924163818359375,56.924163818359375,56.924163818359375,0
2021-04-16,56.74459457397461,56.74459457397461,55.66716489107199,55.66716489107199,19
2021-04-19,56.1160888671875,56.1160888671875,54.769302734374996,54.769302734374996,347
2021-04-20,55.936519622802734,56.11609180157867,55.936519622802734,55.936519622802734,404
2021-04-21,57.01395034790039,57.462879090797244,54.14080570834963,54.14080570834963,851
2021-04-22,56.56502151489258,56.56502151489258,56.116092772710886,56.116092772710886,363
2021-04-23,57.4628791809082,57.73223916711231,57.4628791809082,57.73223916711231,7
2021-04-26,57.91180419921875,57.91180419921875,57.91180419921875,57.91180419921875,100
2021-04-27,57.4628791809082,57.4628791809082,57.4628791809082,57.4628791809082,1750
2021-04-28,59.25859451293945,59.25859451293945,57.46287952769887,57.46287952769887,554
2021-04-29,58.27095031738281,59.168807774198854,58.27095031738281,59.168807774198854,138
2021-04-30,58.27095031738281,58.27095031738281,58.27095031738281,58.27095031738281,18
2021-05-03,58.36073303222656,59.258590463491586,58.36073303222656,58.36073303222656,1651
2021-05-04,58.36073303222656,58.36073303222656,58.36073303222656,58.36073303222656,0
2021-05-05,61.05430603027344,61.05430603027344,57.46287626378677,58.360733705408435,3895
2021-05-06,61.95216369628906,62.131732445220344,61.593019348317824,62.131732445220344,3511
2021-05-07,61.95216369628906,61.95216369628906,61.50323497385219,61.50323497385219,1805
2021-05-10,61.86238098144531,62.13173411206834,59.168808574561844,59.168808574561844,1631
2021-05-11,58.80966567993164,58.80966567993164,58.80966567993164,58.80966567993164,10
2021-05-12,57.4628791809082,57.4628791809082,57.4628791809082,57.4628791809082,233
2021-05-13,61.23387908935547,61.86238345280188,60.33602158452557,60.33602158452557,1443
2021-05-14,61.05430603027344,62.401092192705946,58.360733705408435,61.95216347189511,5439
2021-05-17,60.15644836425781,61.054305802530315,57.91180476857655,59.88708839273261,12938
2021-05-18,61.503238677978516,61.86238304757977,61.05430992850422,61.05430992850422,2688
2021-05-19,59.25859451293945,61.95216699080034,59.25859451293945,60.15645200555975,448
2021-05-20,61.86238098144531,61.952165358319654,59.70752168591677,59.70752168591677,2515
2021-05-21,61.95216369628906,61.95216369628906,61.054306251415305,61.054306251415305,932
2021-05-26,61.95216369628906,62.85002114116281,59.70752008410467,61.95216369628906,7827
2021-05-27,61.95216369628906,62.85002114116281,60.156448806541555,62.40109241872594,6039
2021-05-28,62.85002517700195,64.10702705056381,62.40109642573765,62.40109642573765,947
2021-05-31,63.74788284301758,63.74788284301758,62.85002533818634,62.85002533818634,390
2021-06-01,64.55595397949219,65.90274019526696,63.38873651911049,63.74788088000554,9761
2021-06-02,64.73551940917969,64.91509500545621,64.55595066301174,64.55595066301174,3081
2021-06-03,65.54359436035156,65.8129543374924,65.094665631856,65.54359436035156,5118
2021-06-04,70.12266540527344,71.02052285438093,65.99252250940071,65.99252250940071,22998
2021-06-07,73.62431335449219,75.42002831435785,70.9307409146937,71.3796696546601,15707
2021-06-08,73.17538452148438,73.62431326087999,73.17538452148438,73.62431326087999,505
2021-06-09,75.86895751953125,76.31788626225037,73.62431380593564,73.62431380593564,4144
2021-06-10,71.82859802246094,79.9093152999878,71.82859802246094,77.48510285677331,9335
2021-06-11,70.75117492675781,70.93074368972609,70.66138369516446,70.93074368972609,710
2021-06-14,71.82859802246094,71.82859802246094,69.31459435163124,70.03288307189942,109
2021-06-15,70.93074035644531,72.72645530217811,70.93074035644531,72.72645530217811,912
2021-06-16,71.37966918945312,71.37966918945312,71.37966918945312,71.37966918945312,258
2021-06-17,69.67373657226562,70.66137839472476,69.58395219751638,70.03288092137132,3395
2021-06-18,66.62102508544922,69.13502887551151,66.62102508544922,69.13502887551151,903
2021-06-22,67.78823852539062,67.78823852539062,66.6210210822609,67.3393097934344,323
2021-06-23,70.03288269042969,70.03288269042969,68.1473833726322,68.23716774964944,343
2021-06-24,69.94309997558594,70.03288435473688,69.58395560887318,69.58395560887318,1020
2021-06-25,66.44145202636719,68.14738257003891,66.08230767241912,67.33930948618296,6831
2021-06-28,65.54359436035156,66.44145181734268,65.54359436035156,66.44145181734268,2148
2021-06-29,63.83766555786133,65.54359614255229,63.74788117974264,65.54359614255229,1545
2021-06-30,65.09467315673828,65.54360193712958,64.37638436806837,65.54360193712958,3883
2021-07-01,66.890380859375,66.890380859375,65.09466593697567,65.09466593697567,469
2021-07-02,71.2000961303711,71.46944924624671,69.04523695282371,69.13502132478224,2537
2021-07-05,73.62431335449219,74.52217083442503,73.62431335449219,74.52217083442503,178
2021-07-06,73.17538452148438,73.62431326087999,73.17538452148438,73.62431326087999,171
2021-07-07,72.72645568847656,72.72645568847656,72.72645568847656,72.72645568847656,123
2021-07-08,76.67703247070312,76.67703247070312,73.17538682324971,73.17538682324971,3975
2021-07-12,75.958740234375,76.31788459070597,71.82859726184091,76.31788459070597,383
2021-07-13,75.958740234375,75.958740234375,75.958740234375,75.958740234375,0
2021-07-14,72.72645568847656,75.42002812138311,69.58395451675227,75.42002812138311,482
2021-07-15,71.82859802246094,72.7264554977417,70.03288307189942,72.7264554977417,1253
2021-07-16,71.82859802246094,71.82859802246094,71.82859802246094,71.82859802246094,2600
2021-07-19,67.33930969238281,70.03288208007812,62.85002237955729,68.68609588623046,3428
2021-07-20,69.13502502441406,69.13502502441406,67.2495257119518,67.2495257119518,909
2021-07-21,65.7231674194336,70.48181499342851,65.7231674194336,69.13502871966872,878
2021-07-22,70.661376953125,70.84095254906858,67.33930720441718,67.33930720441718,716
2021-07-23,70.4818115234375,70.93074025925557,67.33931037271098,70.66138027772118,3483
2021-07-26,70.21245574951172,70.93074450990895,70.21245574951172,70.481815747188,775
2021-07-27,71.82859802246094,72.18774238259503,70.48181180953979,70.48181180953979,9753
2021-07-28,70.03288269042969,74.34260128834583,70.03288269042969,72.99581508276064,284
2021-07-29,70.93074035644531,70.93074035644531,69.13502541071252,69.13502541071252,101
2021-07-30,70.93074035644531,70.93074035644531,70.93074035644531,70.93074035644531,921
2021-08-02,71.0205307006836,71.0205307006836,68.2371736709686,68.77588682992804,873
2021-08-03,71.82859802246094,71.82859802246094,70.03288307189942,70.03288307189942,4197
2021-08-04,73.62431335449219,73.62431335449219,73.5345289765207,73.62431335449219,658
2021-08-05,71.64903259277344,72.72645887307155,70.03288632221705,70.03288632221705,6660
2021-08-06,71.64903259277344,71.64903259277344,71.64903259277344,71.64903259277344,0
2021-08-09,68.05760192871094,70.03288570865497,67.78824193594167,70.03288570865497,123
2021-08-10,67.78823852539062,68.0575985046079,66.44145232952194,68.0575985046079,655
2021-08-11,70.03288269042969,70.03288269042969,67.87802339147161,69.58395395523462,2510
2021-08-12,70.03288269042969,70.03288269042969,69.58395395523462,70.03288269042969,474
2021-08-13,69.13502502441406,69.13502502441406,69.13502502441406,69.13502502441406,172
2021-08-17,67.33930969238281,67.33930969238281,66.17209225100464,66.17209225100464,351
2021-08-18,67.33930969238281,67.33930969238281,67.33930969238281,67.33930969238281,235
2021-08-19,66.44145202636719,67.33930948618296,66.44145202636719,67.33930948618296,770
2021-08-20,66.44145202636719,66.44145202636719,66.44145202636719,66.44145202636719,0
2021-08-23,66.26188659667969,66.53123973806395,66.17209536610913,66.17209536610913,1182
2021-08-24,67.33930969238281,67.33930969238281,66.2618834773482,66.2618834773482,231
2021-08-25,67.78823852539062,67.78823852539062,67.3393097934344,67.3393097934344,362
2021-08-26,70.03288269042969,70.03288269042969,69.13502522003957,69.13502522003957,1866
2021-08-27,71.82859802246094,72.7264554977417,71.73881364495465,71.73881364495465,1882
2021-08-30,75.42002868652344,75.42002868652344,68.23716881161644,68.68609755379812,8845
2021-08-31,80.35824584960938,80.80717459737255,76.31788711974075,76.31788711974075,10087
2021-09-01,80.2684555053711,80.80716859263362,79.90931116382657,79.90931116382657,3427
2021-09-02,81.70502471923828,85.29645437722678,80.17866985463655,80.17866985463655,1896
2021-09-03,79.01145935058594,81.70503182844682,79.01145935058594,81.70503182844682,1003
2021-09-06,79.01145935058594,79.90931684320624,79.01145935058594,79.01145935058594,927
2021-09-07,80.53781127929688,80.80717125686327,79.90931379845368,80.80717125686327,3625
2021-09-08,79.01145935058594,82.60288932106712,78.8318905921055,82.60288932106712,939
2021-09-09,76.31788635253906,79.01145881204044,76.31788635253906,79.01145881204044,2225
2021-09-10,79.90931701660156,80.35824576388585,71.82859956548455,75.42002954375877,5755
2021-09-13,84.39860534667969,89.78575036880818,82.60289033930353,82.60289033930353,16381
2021-09-14,82.9620361328125,84.84753555285407,82.9620361328125,84.39860679331517,860
2021-09-15,83.05181121826172,83.05181121826172,82.60288250897382,82.60288250897382,957
2021-09-16,87.00238800048828,87.00238800048828,83.50074258651587,86.19431492801638,3136
2021-09-17,85.5658187866211,91.13253230564138,85.5658187866211,87.99003119165374,2805
2021-09-20,86.7330322265625,87.09217659284346,82.87224912684208,85.56582159878569,968
2021-09-21,85.29645538330078,86.73302589341888,85.29645538330078,86.73302589341888,2870
2021-09-22,85.29645538330078,86.55345714844482,85.29645538330078,85.29645538330078,580
2021-09-23,85.29645538330078,87.2717389784496,84.3985979582134,87.2717389784496,3585
2021-09-24,82.4233169555664,86.19431551950109,82.4233169555664,86.19431551950109,49
2021-09-27,87.81046295166016,88.43896043808013,79.90931450750388,82.60288690663322,320
2021-09-28,86.1943130493164,87.09217047691345,85.29645562171936,85.29645562171936,724
2021-09-29,87.99003601074219,87.99003601074219,86.19432099011479,86.19432099011479,970
2021-09-30,87.99003601074219,87.99003601074219,87.99003601074219,87.99003601074219,163
2021-10-01,88.79810333251953,89.78574515924953,87.99003025606454,89.78574515924953,391
2021-10-04,92.47932434082031,94.2750393765644,89.78575178720418,89.78575178720418,1675
2021-10-05,93.37718200683594,93.37718200683594,91.80593134806706,92.03039572789119,3761
2021-10-06,93.37718200683594,94.27503952613243,93.37718200683594,94.27503952613243,192
2021-10-07,93.37718200683594,94.27503952613243,93.37718200683594,94.27503952613243,1390
2021-10-12,96.9686050415039,96.9686050415039,96.9686050415039,96.9686050415039,40
2021-10-13,97.86647033691406,100.1111141519809,96.0707552848606,98.7643278629408,5050
2021-10-14,97.41753387451172,100.11110623970559,96.5196764194471,96.9686051469794,132
2021-10-15,98.76432037353516,100.56003528941761,98.76432037353516,100.56003528941761,847
2021-10-18,96.9686050415039,98.7643199496799,96.9686050415039,98.7643199496799,340
2021-10-19,99.66217803955078,99.66217803955078,94.27503328065615,97.86646311991923,2133
2021-10-20,104.1514663696289,104.1514663696289,101.4578939635178,101.4578939635178,44595
2021-10-21,107.7428970336914,109.53861198425294,105.04932460784913,105.04932460784913,766
2021-10-22,107.7428970336914,107.7428970336914,107.7428970336914,107.7428970336914,300
2021-10-25,108.64075469970703,109.53861217656411,107.74289722284995,107.74289722284995,1941
2021-10-26,107.7428970336914,107.7428970336914,103.2536096572876,107.7428970336914,1321
2021-10-27,107.7428970336914,107.7428970336914,107.7428970336914,107.7428970336914,0
2021-10-28,107.7428970336914,107.7428970336914,107.7428970336914,107.7428970336914,0
2021-10-29,107.7428970336914,107.7428970336914,107.7428970336914,107.7428970336914,0
2021-11-01,110.43647003173828,111.33432751167112,105.94718263207413,107.7428975919398,1583
2021-11-02,107.96736145019531,111.33432698398519,105.94718212992139,110.4364695083079,2914
2021-11-03,107.7428970336914,108.64075450897218,107.7428970336914,107.7428970336914,1350
2021-11-04,111.33432006835938,114.02789232807775,108.64074780864101,108.64074780864101,1665
2021-11-05,111.78325653076172,113.5789714951113,110.43647030749952,110.43647030749952,1583
2021-11-08,109.53861236572266,114.02789975776048,107.06950430010187,107.74289740890754,3116
2021-11-09,109.53861236572266,109.98754110492645,108.6407548873151,109.98754110492645,969
2021-11-10,113.80343627929688,114.92575813609467,105.94718328171227,105.94718328171227,10411
2021-11-11,113.35450744628906,114.47682930219291,113.35450744628906,114.47682930219291,303
2021-11-12,108.86521911621094,113.13004213313467,108.64075474689916,109.53861222414626,2614
2021-11-15,106.17163848876953,113.13003340029564,104.15145932090711,113.13003340029564,11656
2021-11-16,104.1514663696289,105.9471813070363,102.35575143222151,105.9471813070363,200
2021-11-17,98.76432037353516,103.2536076632413,94.49949744831433,103.2536076632413,8039
2021-11-18,97.86647033691406,99.66218538896753,96.51968404787397,98.7643278629408,1679
2021-11-19,95.84628295898438,98.76431967670521,95.17288987027958,98.76431967670521,1191
2021-11-23,98.98878479003906,100.56003534226191,96.07074805019664,98.53985606083253,858
2021-11-24,102.13128662109375,103.25360845209478,99.21324986049108,99.21324986049108,1102
2021-11-25,103.25360870361328,105.04932363758917,103.25360870361328,105.04932363758917,75
2021-11-26,96.9686050415039,98.7643199496799,96.9686050415039,98.7643199496799,14618
2021-11-29,98.76432037353516,98.76432037353516,98.76432037353516,98.76432037353516,2075
2021-11-30,98.76432037353516,98.76432037353516,98.76432037353516,98.76432037353516,100
2021-12-01,105.04932403564453,105.04932403564453,97.41753553732848,97.41753553732848,855
2021-12-02,105.04932403564453,105.04932403564453,105.04932403564453,105.04932403564453,2000
2021-12-03,105.04932403564453,105.04932403564453,105.04932403564453,105.04932403564453,0
2021-12-06,105.04932403564453,105.04932403564453,105.04932403564453,105.04932403564453,0
2021-12-07,103.02914428710938,103.25360865374796,98.9887856876149,101.4578937206393,6604
2021-12-09,97.64199829101562,103.02914302431304,97.19306956324084,103.02914302431304,1383
2021-12-10,100.3355712890625,100.56003565436242,100.3355712890625,100.56003565436242,1727
2021-12-13,98.09092712402344,101.90682131420284,97.86646275989524,99.21324894466444,2330
2021-12-14,102.80467987060547,102.80467987060547,100.5600362053084,100.5600362053084,1905
2021-12-15,101.45789337158203,103.25360829851269,101.45789337158203,103.25360829851269,930
2021-12-16,101.45789337158203,101.45789337158203,101.45789337158203,101.45789337158203,0
2021-12-17,102.35575103759766,105.0493234333239,101.00896483973452,105.0493234333239,766
2021-12-20,98.53985595703125,98.98878468576487,98.53985595703125,98.98878468576487,1015
2021-12-21,103.02914428710938,103.25360865374796,97.86646385442198,98.76432132097631,3205
2021-12-22,105.49825286865234,105.49825286865234,105.49825286865234,105.49825286865234,25
2021-12-23,105.04932403564453,105.94718150603465,104.15146656525441,105.4982527708396,1383
2021-12-27,103.7025375366211,111.33432601334212,103.7025375366211,107.51843177498161,1341
2021-12-28,103.25360870361328,103.70253743710725,103.0291443368663,103.70253743710725,746
2021-12-29,101.23342895507812,101.45789332083217,101.23342895507812,101.45789332083217,900
2021-12-30,100.78450012207031,101.2334288531263,100.33557139101431,101.2334288531263,89
2022-01-03,105.94718170166016,105.94718170166016,102.35575181346829,102.35575181346829,1478
2022-01-04,106.84503936767578,107.74289684135373,106.84503936767578,106.84503936767578,2517
2022-01-05,103.7025375366211,107.74289614194399,101.45789386699725,107.74289614194399,944
2022-01-06,101.68235778808594,104.15146581384519,101.68235778808594,104.15146581384519,825
2022-01-07,101.45789337158203,101.45789337158203,99.43771407878504,99.66217844465137,1715
2022-01-10,98.98878479003906,103.25360771750107,98.98878479003906,103.25360771750107,800
2022-01-11,106.84503936767578,106.84503936767578,102.35575199928604,102.35575199928604,4695
2022-01-12,106.84503936767578,106.84503936767578,106.84503936767578,106.84503936767578,0
2022-01-13,107.96736145019531,108.19182581911464,106.84503960559869,106.84503960559869,1519
2022-01-14,108.86521911621094,109.31414785483449,108.64075474689916,109.08968348552271,1380
2022-01-17,110.43647003173828,110.43647003173828,107.29396885197337,107.7428975919398,5851
2022-01-18,107.96736145019531,109.53861203263058,107.74289708127598,108.64075455695328,10164
2022-01-19,107.96736145019531,108.19182581911464,107.96736145019531,108.19182581911464,332
2022-01-20,107.96736145019531,110.4364695083079,107.74289708127598,108.64075455695328,936
2022-01-21,107.96736145019531,107.96736145019531,107.96736145019531,107.96736145019531,400
2022-01-24,107.96736145019531,107.96736145019531,107.96736145019531,107.96736145019531,0
2022-01-25,109.08968353271484,109.08968353271484,104.15146740571953,106.39611109980831,1701
2022-01-26,107.7428970336914,112.23218441009521,106.84503955841065,112.23218441009521,389
2022-01-27,110.8853988647461,110.8853988647461,107.74289768234438,107.74289768234438,1164
2022-01-28,110.8853988647461,110.8853988647461,110.8853988647461,110.8853988647461,0
2022-01-31,114.47682189941406,114.47682189941406,110.43646347943474,110.43646347943474,76
2022-02-01,117.17040252685547,118.51718876279634,116.72147378154185,117.61933127216909,2578
2022-02-02,114.9257583618164,116.72147333621979,114.02790087461472,116.72147333621979,1063
2022-02-03,114.9257583618164,114.9257583618164,114.9257583618164,114.9257583618164,0
2022-02-04,120.08843994140625,120.3129043151285,114.02790185090537,114.92575934579439,10335
2022-02-07,121.8841552734375,122.55754839649516,119.8639759042645,120.31290465296962,4470
2022-02-08,125.7000503540039,125.7000503540039,119.863976587568,122.1086203438895,1524
2022-02-09,129.7404022216797,131.08718840391165,129.29147349426904,131.08718840391165,713
2022-02-10,135.57647705078125,137.37219197860617,130.6382609992627,132.88290465904387,9564
2022-02-11,123.90432739257812,136.4743316208107,123.90432739257812,135.57647417593694,2879
2022-02-14,122.10861206054688,128.39361415189856,120.76182589811438,123.90432694379022,3369
2022-02-15,123.00647735595703,123.90433485490563,123.00647735595703,123.90433485490563,2324
2022-02-16,142.08595275878906,143.65720342120855,125.70005299355748,126.59791051494003,10015
2022-02-17,136.02540588378906,136.4743346160788,134.67861968691986,136.4743346160788,1068
2022-02-18,137.8211212158203,141.8614798182385,131.98504767899405,136.02540628141224,11869
2022-02-21,137.8211212158203,137.8211212158203,132.88290514619808,137.8211212158203,1402
2022-02-22,147.02415466308594,148.59540517093572,138.27004469078005,138.27004469078005,15153
2022-02-23,151.96237182617188,153.53362234726967,148.1464777035058,149.04433514413313,20049
2022-02-24,152.1868438720703,152.1868438720703,148.1464851852012,151.96237950057758,1136
2022-02-25,149.94219970703125,155.32934460668505,149.04434222375562,152.18684341522032,1708
2022-03-02,153.08470153808594,154.43148776862628,145.90184164187076,151.7379153075456,4235
2022-03-03,153.98255920410156,157.12506041234855,151.28898673988988,156.9005960403309,5974
2022-03-04,150.39112854003906,151.2889860238602,150.39112854003906,151.2889860238602,140
2022-03-07,150.16665649414062,159.36969523294448,149.9421921346576,156.22719420018217,7515
2022-03-08,144.33058166503906,150.84004802318236,143.657188593507,150.84004802318236,612
2022-03-09,150.84005737304688,150.84005737304688,144.55505498250324,144.55505498250324,1660
2022-03-10,154.4314727783203,156.22718757806823,151.73790057869846,151.73790057869846,1779
2022-03-11,158.02291870117188,158.47184744748202,154.43148873069072,158.47184744748202,1456
2022-03-14,156.22720336914062,156.67613211445425,156.22720336914062,156.22720336914062,921
2022-03-15,149.94219970703125,153.9825583817716,149.94219970703125,153.9825583817716,2252
2022-03-16,149.94219970703125,149.94219970703125,149.49327096539344,149.49327096539344,267
2022-03-17,153.08470153808594,153.5336302815994,149.9422003334918,149.9422003334918,160
2022-03-18,158.02291870117188,158.02291870117188,154.88041747700086,154.88041747700086,2124
2022-03-21,151.7379150390625,151.7379150390625,151.7379150390625,151.7379150390625,1000
2022-03-22,144.5550537109375,148.14648361679932,135.576478946283,148.14648361679932,10093
2022-03-23,156.22720336914062,161.6143483129041,143.6571985003592,143.6571985003592,5200
2022-03-25,174.18434143066406,175.08219886071905,158.0229076896746,158.0229076896746,12157
2022-03-28,182.26507568359375,184.0607907149592,179.57150313654557,179.57150313654557,588
2022-03-29,177.5513153076172,182.26506704144774,177.5513153076172,182.26506704144774,3225
2022-03-30,184.28524780273438,184.958640912854,179.57149603189708,179.57149603189708,11234
2022-03-31,189.4479217529297,194.8350664473258,185.85649195666562,185.85649195666562,8420
2022-04-01,210.54757690429688,215.48579299373665,194.83507116517023,194.83507116517023,21261
2022-04-04,226.2600860595703,237.93223335629418,210.54758008321124,210.99650882539294,16563
2022-04-05,228.95364379882812,242.42150519875918,215.48578239889704,228.95364379882812,14088
2022-04-06,215.7102508544922,237.03436514291752,215.4857864935614,229.85150559313215,14258
2022-04-07,231.19830322265625,231.64723196677792,212.79222471366808,215.48579717839806,7017
2022-04-08,246.4618682861328,269.3572330995987,239.2790087368102,242.42150978963883,17431
2022-04-11,249.1554412841797,258.5829444679054,245.11508277686866,255.88937212969805,25594
2022-04-12,251.4001007080078,269.80617950984407,250.5022432054792,260.3786757332938,15956
2022-04-13,249.6043701171875,252.2979424565816,235.23865097375224,252.2979424565816,7142
2022-04-18,239.72793579101562,251.40008247746957,238.8300783535961,251.40008247746957,10230
2022-04-19,240.62579345703125,250.5022252780288,237.0343637039412,240.62579345703125,7651
2022-04-20,229.8515167236328,242.42152154445648,225.36222928762436,242.42152154445648,7901
2022-04-21,229.402587890625,229.85151663405088,218.179369304978,224.4643717129403,3597
2022-04-22,235.23866271972656,235.23866271972656,235.23866271972656,235.23866271972656,5000
2022-04-25,244.66616821289062,246.910811957963,231.64723449147075,235.23866448358658,18461
2022-04-26,264.8679504394531,269.3572377350371,245.11508633888374,245.11508633888374,15102
2022-04-27,269.35723876953125,272.4997398885091,263.9700939941406,263.9700939941406,25696
2022-04-28,288.6611633300781,314.2501000482966,280.13151775733866,280.13151775733866,20049
2022-04-29,319.1883239746094,332.20725701998725,300.78224622079927,300.78224622079927,29371
2022-05-02,312.9033203125,327.7179681895624,305.2715320121951,327.7179681895624,5635
2022-05-03,314.2500915527344,323.2286655970982,305.27151750837055,323.2286655970982,3028
2022-05-04,306.6183166503906,318.73939212558906,298.98652838822863,318.73939212558906,1974
2022-05-05,311.1076354980469,311.55656426499934,296.29298618861606,306.16941906156995,19161
2022-05-06,306.6183166503906,312.45439002733804,300.7822432734432,312.45439002733804,1704
2022-05-09,254.09364318847656,291.80365383835647,250.50221360277374,291.80365383835647,8497
2022-05-10,261.2765197753906,267.5615219693004,258.58294740657215,258.58294740657215,5229
2022-05-11,291.8036804199219,311.55654494065504,269.3572434645433,269.3572434645433,2513
2022-05-12,301.68011474609375,311.5565470740909,291.8036824180966,300.78225726173036,10083
2022-05-13,312.45440673828125,314.25012171953574,307.965119285145,314.25012171953574,5534
2022-05-16,306.1694030761719,323.2286953296829,304.3736881021181,320.53512286860223,3633
2022-05-17,297.6397399902344,309.760815374452,287.3143794777526,307.0672430668481,1354
2022-05-19,291.8036804199219,296.2929678109976,287.31439302884615,296.2929678109976,1825
2022-05-20,287.31439208984375,314.2501163482666,287.31439208984375,303.92475538253785,1597
2022-05-23,273.3975830078125,287.31437294745484,260.37865048363096,287.31437294745484,4146
2022-05-24,290.90582275390625,296.2929676197193,273.8465306788315,273.8465306788315,6295
2022-05-26,308.8629455566406,311.5565177562625,300.78222895777503,305.2715159571448,10817
2022-05-27,298.9865417480469,314.2501189544036,297.19082678259315,309.7608315407693,2411
2022-05-30,300.7822570800781,309.7608319182894,299.4354708543464,309.7608319182894,2563
2022-05-31,293.599365234375,312.45437034116975,287.31436353211006,312.45437034116975,8142
2022-06-01,285.5186767578125,301.6801112912736,280.13153191332543,301.6801112912736,5532
2022-06-02,287.31439208984375,291.80367946624756,287.31439208984375,291.80367946624756,559
2022-06-03,287.31439208984375,296.29296684265137,273.8465299606323,296.29296684265137,9601
2022-06-06,287.31439208984375,296.29296684265137,287.31439208984375,294.4972518920899,3395
2022-06-07,285.5186767578125,287.3143917059748,278.33581696516313,278.33581696516313,509
2022-06-08,290.0079650878906,291.8036800419952,278.3358178862108,278.3358178862108,1543
2022-06-09,276.0911560058594,291.80366081920096,275.19329858795413,291.80366081920096,3402
2022-06-10,279.2336730957031,284.6208179142697,260.8275949656005,275.6422432166587,1941
2022-06-13,276.54010009765625,278.3358150333553,264.41902428168754,276.54010009765625,571
2022-06-14,272.0508117675781,284.62081627169067,266.66366698010137,278.3358140196344,1499
2022-06-15,272.499755859375,278.33582970809306,265.3168957378758,276.5401146777183,536
2022-06-16,259.4808044433594,264.86794917228724,255.88937462407412,264.86794917228724,3023
2022-06-21,258.1340026855469,272.0507923955503,255.88935918393344,264.86793319038725,2675
2022-06-22,255.88937377929688,255.88937377929688,251.40008652001097,255.88937377929688,1054
2022-06-23,255.44044494628906,255.88937367202945,243.31936935129818,251.40008641462543,4316
2022-06-24,272.94866943359375,282.82510155125664,264.867952246415,264.867952246415,3316
2022-06-27,297.6397399902344,305.2715281951122,282.82509229841276,282.82509229841276,5827
2022-06-28,303.92474365234375,313.35224677893046,296.2929554070116,311.5565318976759,2299
2022-06-29,312.45440673828125,314.25012171953574,305.2715468132633,306.16940430389053,4072
2022-06-30,310.65869140625,314.2501213647037,306.1694039581828,312.4544063854769,4873
2022-07-01,316.8753356933594,323.53637878601256,308.31113743137666,322.58480120134783,2163
2022-07-04,310.6900939941406,314.9721932988072,294.9890632103632,314.9721932988072,1387
2022-07-05,304.50482177734375,310.214287185669,294.98904609680176,310.214287185669,532
2022-07-06,298.7953796386719,306.4080007759629,285.4732926484126,304.50484549164014,6119
2022-07-07,328.2942810058594,328.2942810058594,298.79537459663726,299.2711634096892,7820
2022-07-08,324.9637451171875,325.9153227017181,312.1174477260249,312.1174477260249,4467
2022-07-11,318.3027038574219,324.48795819246897,304.50482880231687,323.5363806024617,7338
2022-07-12,307.35955810546875,314.02060116038604,304.0290365780101,304.0290365780101,1929
2022-07-13,303.5532531738281,316.8753395200149,303.5532531738281,311.1658739430777,843
2022-07-14,308.78692626953125,309.2627150619342,295.9406288746509,300.69851679868066,3274
2022-07-15,312.1174621582031,314.02061741526535,304.50484112995423,314.02061741526535,5434
2022-07-18,307.35955810546875,319.7300666360294,304.5048253676471,318.7784890567555,965
2022-07-19,310.6900939941406,314.02061567554796,301.6501065731779,314.02061567554796,18791
2022-07-20,309.7384948730469,310.69007243026056,309.26270609444003,310.69007243026056,1645
2022-07-21,332.1005859375,342.56793964899714,309.2627232942335,309.2627232942335,11155
2022-07-22,332.1005859375,337.81005159831665,323.5363874462751,333.0521635476361,2039
2022-07-25,346.85003662109375,347.3258254230431,323.53638532557443,323.53638532557443,17882
2022-07-26,351.60791015625,366.3573624090832,346.8500223327554,356.84158676209404,4707
2022-07-27,364.9300231933594,371.1152778237553,363.50265674019107,371.1152778237553,5548
2022-07-28,390.1468200683594,390.1468200683594,371.5910566748642,381.1068327740925,4651
2022-07-29,450.09619140625,456.75723440803387,391.098381961879,391.098381961879,38152
2022-08-01,438.20147705078125,475.78879158608174,437.7256882591952,456.75723992263846,7028
2022-08-02,437.2499084472656,439.6288524540516,404.4204811536189,439.6288524540516,10769
2022-08-03,455.32989501953125,461.51514960182374,449.14464043723876,451.52358450735125,6175
2022-08-04,458.660400390625,465.32144354982495,447.24146926056795,456.75724520228215,3380
2022-08-05,461.51513671875,475.7888007409794,458.66040391430414,459.6119815157861,2615
2022-08-08,450.09619140625,480.54667370011896,447.2414586911998,466.2730101248679,3065
2022-08-09,442.48358154296875,450.09620230069726,437.72569356938845,450.09620230069726,849
2022-08-10,437.2499084472656,442.48358526219477,409.1783691671909,442.48358526219477,5910
2022-08-11,436.77410888671875,447.24146225873164,436.77410888671875,447.24146225873164,1912
2022-08-12,436.29833984375,437.7257062772628,407.2752223623228,428.20993005384406,4903
2022-08-16,458.18463134765625,460.5635754356503,412.0331160405715,437.7257121909073,4568
2022-08-17,458.660400390625,472.4582755061106,429.16149497131096,461.51513317313925,2839
2022-08-18,484.82879638671875,494.8203613760427,458.6604118908703,458.6604118908703,9524
2022-08-19,502.4329833984375,509.0940267389471,473.88565479625356,484.35300861705434,5499
2022-08-22,518.134033203125,551.9150399592517,475.788827551079,504.3361572041437,15170
2022-08-23,548.58447265625,589.9780972192108,528.1255547688096,542.3992184112099,12535
2022-08-24,567.6160278320312,575.7044372814399,561.4307735471893,566.1886614586061,8525
2022-08-25,608.5338745117188,623.2833272950364,568.0918265574606,569.0434041563844,12872
2022-08-26,626.1380615234375,642.3148807421281,610.9128199058463,618.525440714642,13878
2022-08-29,615.1949462890625,637.5570209028181,613.7675798243547,628.0412444714327,19802
2022-08-30,594.7360229492188,632.7991284179687,571.4223708496094,618.5254638671875,7362
2022-08-31,614.2433471679688,621.3801792419575,594.7360061657328,594.7360061657328,8074
2022-09-01,609.9612426757812,617.5738634892075,595.687578650607,616.6222858875292,6688
2022-09-05,586.1718139648438,617.5738754272461,580.4623482444069,617.5738754272461,3516
2022-09-06,557.6244506835938,589.9780877539729,557.6244506835938,585.2201999495054,4519
2022-09-07,577.6076049804688,580.4623377892684,551.9150097012716,580.4623377892684,10890
2022-09-08,571.8981323242188,580.4623306452137,570.9465547329971,580.4623306452137,3828
2022-09-09,570.946533203125,593.78439453125,570.946533203125,593.3086057535808,1889
2022-09-12,570.946533203125,580.4623087565104,570.946533203125,575.7044209798178,2558
2022-09-13,628.9927978515625,632.7991082772905,575.7044518913696,599.4938920521699,14686
2022-09-14,690.3695678710938,693.7000895630977,637.5570096121749,637.5570096121749,34199
2022-09-15,720.34423828125,780.2936266718956,695.6032208501899,712.7316175332315,24992
2022-09-16,708.4495239257812,720.344243937967,647.072768662903,713.683200731143,6072
2022-09-19,693.7000732421875,713.6832029240612,656.5885466901362,713.6832029240612,5488
2022-09-20,675.144287109375,708.9252909041359,666.1043001783827,694.6516273288848,12670
2022-09-21,666.1043090820312,685.1358607700893,646.1211798095703,675.1442961338588,15331
2022-09-22,684.6600952148438,689.8937721066876,661.3464436057212,667.0559093059145,14749
2022-09-23,646.5969848632812,692.7484988675037,637.5569975841037,685.1358780008278,5801
2022-09-26,619.4769897460938,666.1042900495631,585.2201976864019,646.596950126683,4849
2022-09-27,619.001220703125,666.1043112869908,618.5254319093485,632.7990957226413,4240
2022-09-28,663.2495727539062,673.7169261259191,632.7990902171416,649.9274866440717,17727
2022-09-29,695.6032104492188,742.2305118336398,666.1043054917279,666.1043054917279,14959
2022-09-30,734.617919921875,742.2305408537079,713.6832123593344,729.8600318394795,11792
2022-10-03,761.2620849609375,789.8094131469726,735.0937007904053,767.9231282043456,18044
2022-10-04,756.97998046875,789.809407654384,737.4726396772863,761.2620796668762,4729
2022-10-05,780.0,800.0,758.0,775.0,9932
2022-10-06,790.5,820.0,775.0,799.5,5608
2022-10-11,719.0,799.0,715.0,799.0,11282
2022-10-12,643.5,742.5,627.0,730.0,16357
2022-10-13,650.0,688.0,644.0,645.0,16176
2022-10-14,650.0,669.0,650.0,659.0,11893
2022-10-17,658.0,690.0,650.0,690.0,8485
2022-10-18,665.0,672.5,655.0,658.0,3649
2022-10-19,647.0,665.0,630.0,665.0,4797
2022-10-20,639.0,675.0,630.0,650.0,4357
2022-10-21,634.5,658.0,605.0,630.0,8387
2022-10-24,601.5,634.0,592.0,634.0,5254
2022-10-25,616.0,617.0,595.0,602.0,11498
2022-10-26,604.5,630.0,595.0,620.0,14824
2022-10-27,606.0,615.5,593.0,615.5,8434
2022-10-28,598.0,601.0,585.0,600.0,3412
2022-10-31,601.0,610.0,577.0,598.0,8257
2022-11-01,633.5,649.0,602.0,605.0,10609
2022-11-02,661.5,675.0,630.0,649.0,11665
2022-11-03,679.0,695.0,651.0,651.0,6066
2022-11-04,709.5,712.0,677.5,690.0,5814
2022-11-07,720.0,744.0,715.0,719.0,7978
2022-11-08,700.0,723.0,675.5,723.0,4616
2022-11-09,695.0,700.0,651.0,685.0,5681
2022-11-10,680.0,700.0,660.5,680.0,3141
2022-11-11,675.0,700.0,670.0,679.0,6858
2022-11-14,690.0,699.5,671.0,690.0,4387
2022-11-15,685.0,695.0,680.0,695.0,4471
2022-11-16,654.0,678.0,646.0,676.5,15414
2022-11-17,645.0,665.0,620.0,625.5,3422
2022-11-18,665.0,669.0,640.0,640.0,6386
2022-11-22,650.0,658.0,635.0,640.0,5701
2022-11-23,653.0,655.0,630.0,630.0,3176
2022-11-24,649.0,650.0,642.0,648.0,1689
2022-11-25,640.0,648.0,630.0,648.0,3157
2022-11-28,645.0,645.0,615.0,637.0,7428
2022-11-29,677.0,677.0,641.0,655.0,13123
2022-11-30,697.0,697.0,670.0,670.0,16405
2022-12-01,745.0,745.0,698.0,698.0,15282
2022-12-02,744.0,770.0,737.0,750.0,6795
2022-12-05,730.0,769.0,730.0,751.0,7132
2022-12-06,695.0,729.5,695.0,729.5,5965
2022-12-07,725.0,735.0,700.0,700.0,5573
2022-12-12,720.0,729.0,691.0,715.0,2981
2022-12-13,674.0,720.0,655.0,720.0,9325
2022-12-14,654.5,662.0,628.5,662.0,10432
2022-12-15,645.0,650.0,625.0,650.0,4176
2022-12-16,640.0,648.0,615.0,640.0,4394
2022-12-19,621.0,650.0,621.0,650.0,3850
2022-12-20,645.0,645.0,645.0,645.0,125
2022-12-21,645.0,698.0,641.0,670.0,14224
2022-12-22,689.0,689.0,648.0,650.0,47872
2022-12-23,686.0,699.0,673.0,699.0,31231
2022-12-26,677.0,699.0,675.0,699.0,2870
2022-12-27,680.0,700.0,655.0,677.0,13249
2022-12-28,720.0,725.0,655.0,661.0,13721
2022-12-29,735.0,752.0,721.0,722.0,11566
2022-12-30,731.5,749.0,715.0,746.0,4764
2023-01-02,779.0,800.0,755.5,755.5,5617
2023-01-03,757.0,800.0,742.0,782.0,4200
2023-01-04,705.0,760.0,650.0,725.0,20706
2023-01-05,725.5,726.0,698.0,698.0,5974
2023-01-06,730.0,730.0,687.0,720.0,4337
2023-01-09,705.0,723.0,687.0,723.0,3815
2023-01-10,735.0,735.0,697.0,705.0,5730
2023-01-11,777.0,777.0,734.0,734.0,14229
2023-01-12,784.5,790.0,761.0,790.0,6103
2023-01-13,778.0,784.0,740.0,784.0,7707
2023-01-16,804.0,804.0,745.0,780.0,10554
2023-01-17,782.0,799.0,767.5,797.0,5188
2023-01-18,725.0,796.0,710.0,795.0,9988
2023-01-19,704.0,729.5,704.0,705.0,4481
2023-01-20,754.0,762.0,701.0,701.5,2915
2023-01-23,751.0,754.0,735.0,754.0,6038
2023-01-24,741.0,755.0,719.0,721.0,1548
2023-01-25,746.0,764.0,720.0,726.0,6894
2023-01-26,780.0,780.0,745.0,759.0,14032
2023-01-27,755.0,800.0,755.0,787.0,3620
2023-01-30,748.5,775.0,746.0,746.0,526
2023-01-31,735.0,750.0,710.0,750.0,6259
2023-02-01,740.0,749.0,717.0,720.0,3834
2023-02-02,734.0,745.0,734.0,745.0,547
2023-02-03,730.5,740.0,730.5,731.0,1082
2023-02-06,711.0,753.0,711.0,720.0,3686
2023-02-07,728.0,735.0,690.0,722.0,1341
2023-02-08,720.0,730.0,707.0,730.0,1017
2023-02-09,739.5,740.0,711.0,719.0,2494
2023-02-10,713.0,733.0,711.0,724.5,1639
2023-02-13,724.0,727.0,690.0,690.0,2971
2023-02-14,710.5,724.0,702.0,703.0,1667
2023-02-15,704.0,711.0,704.0,710.0,1393
2023-02-16,742.0,742.0,706.5,707.0,8123
2023-02-17,729.0,744.0,720.0,744.0,4911
2023-02-22,700.0,730.0,682.0,730.0,1288
2023-02-23,696.0,700.0,695.0,700.0,2244
2023-02-24,736.0,740.0,695.0,718.0,8901
2023-02-27,734.5,735.0,703.0,703.0,776
2023-02-28,715.0,740.0,625.0,740.0,36081
2023-03-01,720.0,725.0,690.5,719.0,3200
2023-03-02,725.0,735.0,696.0,721.0,2375
2023-03-03,714.5,730.0,700.0,730.0,1438
2023-03-06,710.0,725.0,675.0,707.5,17501
2023-03-07,699.0,720.0,685.0,695.0,5498
2023-03-08,700.0,700.0,693.0,695.5,2424
2023-03-09,710.0,726.5,710.0,710.0,3703
2023-03-10,693.0,710.0,693.0,700.5,1322
2023-03-13,681.0,690.0,660.0,680.0,3901
2023-03-14,686.5,700.0,681.0,690.0,3747
2023-03-15,652.5,680.0,635.0,680.0,18955
2023-03-16,680.0,690.0,652.0,652.0,2432
2023-03-17,680.0,699.0,675.0,692.0,2391
2023-03-20,681.0,681.0,680.0,680.0,321
2023-03-21,674.5,690.0,667.0,677.0,1693
2023-03-22,670.0,690.0,650.0,650.0,356
2023-03-23,660.0,670.0,651.0,670.0,11016
2023-03-27,678.5,685.0,650.0,650.5,3101
2023-03-28,695.0,711.0,650.0,650.0,4840
2023-03-29,714.0,715.0,700.0,712.0,4880
2023-03-30,723.5,725.0,702.0,710.0,5075
2023-03-31,727.5,730.0,708.0,710.0,4198
2023-04-03,749.5,785.0,730.0,730.0,3284
2023-04-04,720.0,749.5,710.0,743.0,1936
2023-04-05,722.0,722.0,705.0,720.0,893
2023-04-10,715.0,725.0,715.0,725.0,485
2023-04-11,725.5,739.0,705.0,735.0,2324
2023-04-12,734.5,740.0,713.0,713.0,1679
2023-04-13,737.0,755.0,717.0,755.0,1758
2023-04-14,748.5,755.0,730.0,730.0,3423
2023-04-17,761.5,765.0,725.0,725.0,3937
2023-04-18,780.0,780.0,751.0,780.0,4703
2023-04-19,785.0,785.0,752.5,770.0,2768
2023-04-20,778.5,780.0,753.5,770.0,5320
2023-04-21,865.5,900.0,788.0,800.0,8534
2023-04-24,919.0,944.0,860.0,860.0,10293
2023-04-25,991.5,1050.0,957.0,960.0,7618
2023-04-26,1018.0,1080.0,1010.0,1035.0,8779
2023-04-27,956.5,1025.0,936.0,1025.0,2464
2023-04-28,1001.0,1005.0,901.0,950.0,2454
2023-05-02,1003.0,1024.0,1000.0,1024.0,626
2023-05-03,1018.5,1069.0,1000.0,1024.0,1211
2023-05-04,1025.0,1025.0,990.0,1000.0,7075
2023-05-05,1038.5,1055.0,1025.0,1055.0,513
2023-05-08,1020.0,1039.0,1000.0,1039.0,1312
2023-05-09,1058.5,1060.0,1005.0,1040.0,1757
2023-05-10,1028.5,1096.0,1007.0,1080.0,1561
2023-05-11,993.0,1039.0,985.5,1039.0,1953
2023-05-12,1052.5,1090.0,990.0,990.0,7251
2023-05-15,1070.0,1089.0,1053.0,1089.0,4051
2023-05-16,1114.0,1149.0,1060.0,1080.0,4059
2023-05-17,1125.0,1140.0,1100.0,1140.0,2100
2023-05-18,1189.5,1200.0,1145.0,1145.0,2728
2023-05-19,1208.0,1210.0,1170.0,1210.0,1084
2023-05-22,1219.0,1220.0,1200.0,1220.0,3779
2023-05-23,1278.5,1319.5,1222.0,1267.0,2208
2023-05-24,1237.5,1270.0,1210.0,1230.0,4275
2023-05-29,1239.5,1284.5,1188.0,1220.0,2105
2023-05-30,1279.0,1280.0,1211.0,1250.0,571
2023-05-31,1254.5,1279.0,1180.0,1279.0,4449
2023-06-01,1263.0,1290.0,1256.0,1256.0,1508
2023-06-02,1267.5,1313.0,1233.5,1263.0,4052
2023-06-05,1264.5,1294.0,1223.0,1260.0,2764
2023-06-06,1285.0,1301.0,1250.0,1280.0,3344
2023-06-07,1250.0,1270.0,1220.0,1233.5,2935
2023-06-08,1303.5,1320.0,1200.0,1250.0,4104
2023-06-09,1291.0,1320.0,1260.0,1314.0,2923
2023-06-12,1298.0,1316.0,1250.0,1315.5,3203
2023-06-13,1250.5,1310.0,1246.0,1260.0,1429
2023-06-14,1208.0,1260.0,1200.0,1260.0,3056
2023-06-15,1305.0,1310.0,1205.0,1205.0,4568
2023-06-16,1360.0,1361.0,1295.0,1300.0,1844
2023-06-21,1359.5,1400.0,1350.0,1370.0,5063
2023-06-22,1347.0,1440.0,1340.0,1400.0,1196
2023-06-23,1307.0,1398.0,1300.0,1376.0,3340
2023-06-26,1348.0,1400.0,1301.5,1335.0,4835
2023-06-27,1370.5,1390.0,1359.0,1365.0,3178
2023-06-28,1394.0,1410.5,1355.0,1400.0,2306
2023-06-29,1417.0,1430.0,1400.0,1430.0,1860
2023-06-30,1416.0,1434.0,1365.5,1417.0,926
2023-07-03,1557.0,1560.0,1450.0,1450.0,1942
2023-07-04,1633.5,1700.0,1549.0,1599.5,4485
2023-07-05,1687.0,1780.0,1650.0,1705.0,8859
2023-07-06,1805.0,1836.0,1690.0,1690.0,5522
2023-07-07,1889.5,2000.0,1800.0,1840.0,10142
2023-07-10,1910.0,2018.0,1900.0,1950.0,9115
2023-07-11,1844.5,1990.0,1750.0,1922.0,8677
2023-07-12,1885.5,1915.0,1822.0,1855.0,1861
2023-07-13,1918.0,1930.0,1850.0,1850.0,5087
2023-07-14,1865.0,1920.0,1850.0,1850.0,3162
2023-07-17,1928.0,1935.0,1850.0,1850.0,1726
2023-07-18,1940.0,1979.0,1875.0,1936.0,3269
2023-07-19,1946.0,1980.0,1865.0,1941.0,1253
2023-07-20,1875.5,1945.0,1861.5,1945.0,1893
2023-07-21,1901.0,1915.0,1881.0,1900.0,3651
2023-07-24,2050.0,2200.0,1977.0,1980.0,5677
2023-07-25,2196.0,2300.0,2150.0,2150.0,10740
2023-07-26,2399.0,2439.0,2300.0,2300.0,18376
2023-07-27,2409.0,2510.0,2200.0,2400.0,9716
2023-07-28,2608.5,2640.0,2490.0,2505.0,15494
2023-07-31,2752.0,2800.0,2551.0,2551.0,12650
2023-08-01,2665.5,2800.0,2550.0,2760.0,4639
2023-08-02,2585.5,2665.5,2400.0,2556.0,5585
2023-08-03,2475.5,2654.5,2420.0,2585.5,4160
2023-08-04,2447.5,2565.0,2400.0,2565.0,5353
2023-08-07,2375.5,2500.0,2330.0,2446.5,7874
2023-08-08,2237.0,2380.0,2151.5,2380.0,9254
2023-08-09,2205.0,2292.0,2185.0,2237.0,4974
2023-08-10,2281.0,2350.0,2200.0,2210.0,2359
2023-08-11,2354.5,2435.0,2310.0,2350.0,3528
2023-08-14,2566.0,2630.0,2350.0,2354.5,3157
2023-08-15,2801.0,2810.0,2600.0,2600.0,6107
2023-08-16,3037.5,3050.0,2791.0,2791.0,6144
2023-08-17,3171.0,3425.0,2900.0,3055.0,3148
2023-08-18,3335.0,3515.0,2900.0,3150.0,6666
2023-08-22,3547.0,3600.0,3330.0,3332.0,5067
2023-08-23,3708.5,3800.0,3600.0,3700.0,13454
2023-08-24,3646.0,3879.0,3605.0,3879.0,4459
2023-08-25,3933.0,4000.0,3550.0,3750.0,46589
2023-08-28,4160.5,4300.0,4100.0,4100.0,18261
2023-08-29,4266.0,4400.0,4210.0,4350.0,18215
2023-08-30,4070.0,4500.0,3960.0,4400.0,62772
2023-08-31,4024.5,4274.0,4000.0,4100.0,3057
2023-09-01,4197.5,4242.0,4001.0,4140.0,5058
2023-09-04,4029.5,4200.0,3970.0,4130.0,3613
2023-09-05,3892.5,4100.0,3653.0,4100.0,4578
2023-09-06,3757.0,3910.0,3672.5,3890.0,3018
2023-09-07,3479.0,3760.0,3415.0,3760.0,6728
2023-09-08,3327.5,3625.0,3279.5,3460.0,5983
2023-09-11,3059.0,3443.0,3000.0,3443.0,6494
2023-09-12,3108.0,3130.0,2861.0,3020.0,17130
2023-09-13,3270.0,3400.0,3050.0,3110.0,9823
2023-09-14,3555.5,3670.0,3300.0,3300.0,15927
2023-09-15,3750.0,3850.0,3450.0,3450.0,11007
2023-09-18,3713.0,3850.0,3657.0,3825.0,3170
2023-09-19,3741.0,3790.0,3480.5,3750.0,5632
2023-09-20,3879.5,3930.0,3835.0,3840.0,16869
2023-09-21,4235.0,4289.0,3900.0,3915.0,16800
2023-09-22,4455.0,4700.0,4090.0,4090.0,11227
2023-09-25,4813.5,5039.0,4530.0,4615.0,20443
2023-09-26,5170.5,5210.0,4670.0,4810.0,23239
2023-09-27,5578.0,5718.0,5350.0,5350.0,34924
2023-09-28,5759.5,5900.0,5550.0,5550.0,17276
2023-09-29,5280.0,5850.0,5065.0,5850.0,28622
2023-10-02,5115.0,5499.0,5080.0,5499.0,7378
2023-10-03,4703.0,5150.0,4630.0,5150.0,12656
2023-10-04,4805.0,4850.0,4460.0,4607.0,23715
2023-10-05,5415.0,5500.0,4900.0,4900.0,15306
2023-10-06,5527.5,5845.0,5215.0,5400.0,8294
2023-10-09,5744.5,5822.0,5590.0,5725.0,5470
2023-10-10,5849.5,6055.0,5702.0,5790.0,7359
2023-10-11,5624.5,5980.5,5302.5,5875.0,8046
2023-10-12,5855.5,5900.0,5601.0,5620.0,6867
2023-10-17,5630.0,5970.0,5452.0,5850.0,9528
2023-10-18,5401.5,5625.0,5200.0,5625.0,6099
2023-10-19,5343.5,5750.0,5132.0,5500.0,3522
2023-10-20,5573.5,5690.0,5151.0,5343.5,5626
2023-10-23,5383.0,5570.0,4805.0,5200.0,3574
2023-10-24,5117.5,5640.0,5000.0,5598.5,2271
2023-10-25,5073.5,5400.0,4505.0,5000.0,5473
2023-10-26,5253.5,5400.0,5100.0,5130.0,3709
2023-10-27,5015.0,5490.0,4980.0,5400.0,2106
2023-10-30,4463.0,4850.0,4400.0,4850.0,8072
2023-10-31,4236.5,4463.0,3951.0,4400.0,1088
2023-11-01,4850.0,4875.0,4100.0,4250.0,6504
2023-11-02,4849.5,5200.0,4800.0,4900.0,2568
2023-11-03,4915.5,5099.0,4600.5,4950.0,4428
2023-11-07,4665.0,4800.0,4535.0,4800.0,3845
2023-11-08,4395.0,4600.0,4301.0,4550.0,2496
2023-11-09,4601.0,4699.0,4150.0,4300.0,3294
2023-11-10,4857.0,5000.0,4630.0,4660.0,2328
2023-11-13,4671.5,4790.0,4560.0,4650.0,2330
2023-11-14,4464.0,4605.0,4400.0,4599.0,2162
2023-11-15,4464.5,4680.0,4236.5,4460.0,5712
2023-11-16,4280.5,4449.5,4180.0,4300.0,1776
2023-11-17,4221.5,4300.0,4020.0,4190.0,3145
2023-11-21,4953.0,5450.0,4705.5,4825.0,7842
2023-11-22,5228.5,5600.0,5000.0,5000.0,8554
2023-11-23,5314.0,5600.0,5225.0,5304.0,4919
2023-11-24,5371.5,5550.0,5200.0,5314.0,8004
2023-11-27,4939.5,5400.0,4900.0,5400.0,3055
2023-11-28,4634.0,4985.0,4581.0,4900.0,2518
2023-11-29,4689.5,4820.0,4530.0,4650.0,4240
2023-11-30,4565.0,4700.0,4400.0,4700.0,2810
2023-12-01,4875.0,4900.0,4598.0,4598.0,6755
2023-12-04,4993.0,5250.0,4800.0,5000.5,5323
2023-12-05,5204.5,5250.0,4704.0,5000.0,12281
2023-12-06,5240.0,5300.0,5030.0,5030.0,11169
2023-12-07,5513.0,5700.0,5120.0,5225.5,11051
2023-12-11,5691.5,5799.0,5400.0,5700.0,9480
2023-12-12,5763.5,5880.0,5451.0,5700.0,14903
2023-12-13,5785.5,6040.0,5660.0,5800.0,11773
2023-12-14,5955.5,6000.0,5670.0,6000.0,10135
2023-12-15,5655.5,6100.0,5500.0,6100.0,3139
2023-12-18,5466.5,5700.0,5222.5,5650.0,3752
2023-12-19,5310.5,5500.0,5106.0,5500.0,3640
2023-12-20,5221.0,5345.0,5100.0,5299.0,3810
2023-12-21,5404.5,5699.0,5270.5,5270.5,4213
2023-12-22,5391.0,5600.0,5355.0,5390.0,1879
2023-12-26,5136.0,5402.0,4950.0,5402.0,1334
2023-12-27,4841.5,5136.0,4800.0,5136.0,1714
2023-12-28,4813.0,4850.0,4300.0,4800.0,12953
2023-12-29,5025.0,5080.0,4850.0,4950.0,4408
2024-01-02,5095.5,5204.5,4850.0,5000.0,3577
2024-01-03,5199.5,5265.0,4830.0,5200.0,7913
2024-01-04,5243.0,5320.0,5003.0,5200.0,7908
2024-01-05,5356.0,5545.0,5155.0,5246.0,5641
2024-01-08,5526.5,5699.0,5105.0,5295.0,7664
2024-01-09,5441.0,5795.0,5311.0,5699.0,4018
2024-01-10,5533.0,5550.0,5236.0,5441.5,5168
2024-01-11,5673.5,5720.0,5551.0,5551.0,6255
2024-01-12,5594.0,5850.0,5481.0,5800.0,8244
2024-01-15,5785.0,6148.5,5355.0,5750.0,10504
2024-01-16,6000.0,6050.0,5510.0,6000.0,6608
2024-01-17,6296.0,6422.0,5900.0,6100.0,9854
2024-01-18,6332.0,6449.0,6120.0,6250.0,4151
2024-01-19,6229.5,6400.0,5750.0,6300.0,11147
2024-01-22,6352.5,6400.0,6020.0,6299.0,6583
2024-01-23,6100.0,6395.0,6070.0,6388.0,2051
2024-01-24,6210.5,6300.0,5850.0,6200.0,10022
2024-01-25,6342.5,6457.0,6150.0,6150.0,5214
2024-01-26,6227.5,6450.0,6100.0,6420.0,2470
2024-01-29,6067.5,6200.0,5850.0,6001.0,1630
2024-01-30,6165.5,6270.0,5885.0,6067.0,1385
2024-01-31,6116.5,6300.0,5916.0,6160.0,3327
2024-02-01,6189.5,6200.0,5905.0,6198.0,4128
2024-02-02,6384.5,6450.0,5915.0,6200.0,7507
2024-02-05,6003.0,6575.0,6000.0,6385.0,9016
2024-02-06,6055.0,6098.0,5600.0,6098.0,3614
2024-02-07,5650.0,6020.0,5400.0,5950.0,7619
2024-02-08,6067.5,6430.0,5400.0,5610.0,3659
2024-02-09,5800.5,6400.0,5455.0,6310.5,7881
2024-02-14,5652.0,5801.0,5600.0,5800.0,2142
2024-02-15,5449.0,5750.0,5151.0,5571.0,6273
2024-02-16,5567.5,5600.0,5351.0,5590.0,2020
2024-02-19,5494.0,5700.5,5300.0,5600.0,1272
2024-02-20,5313.5,5600.0,5201.0,5494.0,1754
2024-02-21,5054.5,5395.0,5020.0,5300.0,1725
2024-02-22,5181.0,5300.0,4968.0,5300.0,5896
2024-02-23,5225.0,5440.0,5030.5,5440.0,3646
2024-02-26,5292.5,5300.0,5016.0,5016.0,7665
2024-02-27,5067.5,5300.0,5050.0,5300.0,7969
2024-02-28,4738.0,5040.0,4600.0,5040.0,5174
2024-02-29,4781.0,4880.0,4660.0,4880.0,4547
2024-03-01,4981.0,5070.0,4720.5,4850.0,7115
2024-03-04,4993.0,5398.5,4936.0,5220.0,5500
2024-03-05,4735.5,4980.0,4680.0,4980.0,3432
2024-03-06,4800.0,5100.0,4600.0,4750.0,3279
2024-03-07,4666.0,4750.0,4400.0,4400.0,1616
2024-03-08,4754.5,5000.0,4610.0,4610.0,3144
2024-03-11,4632.0,4915.5,4300.0,4915.5,6891
2024-03-12,5095.0,5100.0,4600.0,4600.0,2477
2024-03-13,5014.0,5250.0,4900.0,5100.0,3198
2024-03-14,4880.0,5100.0,4752.0,5100.0,2009
2024-03-15,5008.5,5049.0,4805.0,4850.0,1312
2024-03-18,4990.0,5140.0,4780.0,5030.0,3292
2024-03-19,5105.5,5200.0,4750.0,5000.0,9188
2024-03-20,5163.5,5300.0,5011.5,5284.0,10589
2024-03-21,5240.0,5299.0,4970.0,5250.0,9264
2024-03-22,5269.5,5600.0,5150.0,5355.0,4946
2024-03-25,5198.0,5500.0,5016.5,5269.0,2113
2024-03-26,5131.5,5269.5,5010.0,5199.0,1266
2024-03-27,5090.5,5245.0,5010.0,5245.0,2294
2024-04-03,5048.5,5250.0,4877.0,5080.0,9488
2024-04-04,5163.0,5250.0,4853.0,5055.0,5731
2024-04-05,5112.0,5367.0,5030.0,5271.0,4453
2024-04-08,5074.5,5223.0,4980.0,5221.0,1607
2024-04-09,5087.5,5249.5,5000.0,5220.0,7413
2024-04-10,4739.0,5144.0,4605.0,4900.0,8125
2024-04-11,4792.5,4900.0,4702.0,4900.0,67
2024-04-12,4769.5,4888.0,4709.0,4800.0,2700
2024-04-15,4740.5,4870.0,4613.0,4617.0,2002
2024-04-16,4598.5,4620.0,4250.0,4555.0,5356
2024-04-17,4581.5,4700.0,4531.0,4666.0,4015
2024-04-18,4554.0,4631.0,4451.0,4585.0,3695
2024-04-19,4528.5,4615.0,4470.0,4615.0,2103
2024-04-22,4686.5,4785.0,4445.5,4452.0,6224
2024-04-23,4693.5,4899.5,4615.0,4898.0,1825
2024-04-24,4570.0,4700.0,4505.0,4647.0,471
2024-04-25,4521.5,4590.0,4482.0,4515.0,1612
2024-04-26,4573.5,4693.5,4490.0,4490.0,637
2024-04-29,4547.5,4700.0,4391.0,4391.0,4392
2024-04-30,4704.5,4886.0,4600.0,4600.0,3795
2024-05-02,5195.0,5280.0,4725.0,4750.0,3644
2024-05-03,5188.0,5323.5,4900.0,5245.0,10978
2024-05-06,5519.0,5769.0,4910.0,5000.0,12045
2024-05-07,5322.5,5552.0,5100.0,5550.0,7631
2024-05-08,5197.0,5330.0,5100.0,5300.0,2010
2024-05-09,5031.5,5350.0,4990.0,5350.0,2867
2024-05-10,5300.0,5390.0,5032.0,5230.0,13201
2024-05-13,5284.5,5599.0,5210.0,5325.0,1191
2024-05-14,5215.5,5500.0,5115.0,5300.0,2029
2024-05-15,5299.5,5448.5,5202.0,5202.0,2611
2024-05-16,5283.0,5550.0,5202.0,5550.0,2328
2024-05-17,5303.5,5338.0,5172.0,5338.0,3867
2024-05-20,5282.5,5388.0,5210.0,5300.0,3204
2024-05-21,5553.0,5600.0,5250.0,5351.5,11704
2024-05-22,5599.5,5695.0,5511.0,5615.0,6534
2024-05-23,5579.0,5800.0,5550.0,5800.0,6064
2024-05-24,5706.0,5750.0,5250.0,5646.0,4379
2024-05-27,6441.0,6922.0,5700.5,5700.5,15324
2024-05-28,6648.0,6820.0,6500.0,6500.0,15129
2024-05-29,6718.0,6800.0,6600.0,6800.0,12274
2024-05-30,6895.5,7200.0,6600.0,6880.0,14651
2024-05-31,6864.5,7140.0,6673.0,7000.0,6956
2024-06-03,6811.0,6948.5,6702.5,6865.0,3895
2024-06-04,6479.5,6944.0,6310.0,6900.0,2697
2024-06-05,6645.5,6770.0,6251.0,6770.0,2154
2024-06-06,6603.5,6800.0,6060.0,6659.0,5856
2024-06-07,6988.0,7150.0,6370.5,6597.0,4001
2024-06-10,7126.0,7295.0,6652.0,6929.0,6226
2024-06-11,7192.0,7299.0,7000.0,7000.0,7674
2024-06-12,7085.5,7300.0,6950.0,7000.0,12411
2024-06-13,7180.5,7368.5,7011.0,7368.5,4307
2024-06-14,7281.5,7450.0,7000.0,7250.0,2808
2024-06-18,7142.0,7399.5,7031.0,7200.0,1600
2024-06-19,7212.5,7250.0,7100.0,7140.0,2067
2024-06-24,7009.5,7220.0,6800.0,7220.0,3738
2024-06-25,6982.5,7159.5,6756.0,7020.0,4783
2024-06-26,6999.5,7190.0,6950.0,7150.0,3201
2024-06-27,7107.5,7200.0,6953.0,6953.0,4010
2024-06-28,7165.5,7280.5,6850.5,7280.5,2655
2024-07-01,7127.0,7165.5,6950.0,7165.0,971
2024-07-02,7107.5,7450.0,7070.0,7130.5,2720
2024-07-03,7358.5,7395.0,7130.5,7200.0,4840
2024-07-04,7368.5,7585.0,7300.0,7585.0,3096
2024-07-05,7227.5,7595.0,6999.0,7595.0,2696
2024-07-08,7231.0,7277.5,6972.0,7277.5,5486
2024-07-10,7260.0,7530.0,7110.0,7300.0,4925
2024-07-11,7320.0,7400.0,7250.0,7250.0,2933
2024-07-12,7170.0,7290.0,7150.0,7260.0,1489
2024-07-15,6410.0,7250.0,6400.0,7100.0,11498
2024-07-16,6730.0,6950.0,6100.0,6460.0,5202
2024-07-17,6980.0,7060.0,6610.0,6800.0,1737
2024-07-18,7120.0,7250.0,6950.0,6960.0,2336
2024-07-19,7100.0,7240.0,7060.0,7240.0,1147
2024-07-22,7200.0,7250.0,6960.0,7090.0,2465
2024-07-23,7040.0,7150.0,6970.0,7020.0,3236
2024-07-24,7040.0,7100.0,6800.0,6910.0,1662
2024-07-25,6810.0,7200.0,6800.0,7200.0,473
2024-07-26,6700.0,6890.0,6700.0,6890.0,2463
2024-07-29,6590.0,6900.0,6520.0,6700.0,2025
2024-07-30,6040.0,6420.0,5920.0,6310.0,3658
2024-07-31,6460.0,6680.0,6150.0,6150.0,238
2024-08-01,6760.0,6890.0,6140.0,6700.0,3677
2024-08-02,6600.0,7010.0,6330.0,6890.0,1641
2024-08-05,6340.0,6430.0,5780.0,6430.0,8686
2024-08-06,6420.0,6560.0,6370.0,6400.0,1090
2024-08-07,6350.0,6590.0,6260.0,6260.0,2956
2024-08-08,6570.0,6740.0,6230.0,6250.0,9049
2024-08-09,6370.0,6550.0,6320.0,6500.0,867
2024-08-12,6310.0,6400.0,6060.0,6060.0,2372
2024-08-13,6170.0,6480.0,6110.0,6230.0,3229
2024-08-14,6070.0,6300.0,6040.0,6220.0,3175
2024-08-15,6170.0,6210.0,5990.0,5990.0,1736
2024-08-16,6330.0,6540.0,6090.0,6250.0,20704
2024-08-19,6380.0,6550.0,6330.0,6460.0,3056
2024-08-20,6310.0,6430.0,6270.0,6380.0,2207
2024-08-21,6300.0,6390.0,6160.0,6160.0,1210
2024-08-22,6140.0,6390.0,6000.0,6390.0,4154
2024-08-23,6260.0,6280.0,6160.0,6160.0,2718
2024-08-26,6350.0,6390.0,6160.0,6350.0,3255
2024-08-27,6220.0,6390.0,6150.0,6330.0,988
2024-08-28,6120.0,6290.0,6070.0,6130.0,1671
2024-08-29,6050.0,6310.0,6000.0,6020.0,5415
2024-08-30,6160.0,6300.0,6040.0,6040.0,3214
2024-09-02,6090.0,6350.0,6050.0,6330.0,7924
2024-09-03,6040.0,6100.0,5950.0,6100.0,7368
2024-09-04,6040.0,6130.0,5950.0,6090.0,4410
2024-09-05,6220.0,6250.0,5940.0,6050.0,11597
2024-09-06,6000.0,6250.0,5970.0,6250.0,1150
2024-09-09,6090.0,6130.0,5910.0,5920.0,1915
2024-09-10,6110.0,6250.0,5900.0,6190.0,3803
2024-09-11,6280.0,6390.0,6000.0,6250.0,4151
2024-09-12,6270.0,6340.0,6150.0,6280.0,3489
2024-09-13,6230.0,6290.0,6050.0,6280.0,4066
2024-09-16,6400.0,6430.0,6080.0,6300.0,4881
2024-09-17,6390.0,6420.0,6090.0,6090.0,2262
2024-09-18,6400.0,6570.0,6160.0,6450.0,1654
2024-09-19,6440.0,6560.0,6070.0,6400.0,13494
2024-09-20,6550.0,6600.0,6220.0,6500.0,4174
2024-09-23,6720.0,6750.0,6420.0,6670.0,3590
2024-09-24,6620.0,6800.0,6490.0,6800.0,4643
2024-09-25,6650.0,6690.0,6350.0,6460.0,4256
2024-09-26,6500.0,6600.0,6390.0,6390.0,11301
2024-09-27,6400.0,6590.0,6310.0,6590.0,12324
2024-09-30,6480.0,6480.0,6240.0,6390.0,3334
2024-10-01,6520.0,6560.0,6230.0,6560.0,3283
2024-10-02,6510.0,6600.0,6290.0,6600.0,927
2024-10-03,6570.0,6620.0,6370.0,6610.0,3150
2024-10-04,6450.0,6620.0,6300.0,6620.0,3725
2024-10-07,6270.0,6560.0,6250.0,6560.0,5648
2024-10-08,6450.0,6600.0,6190.0,6280.0,6279
2024-10-09,6460.0,6650.0,6260.0,6650.0,4765
2024-10-10,6410.0,6530.0,6300.0,6310.0,3041
2024-10-14,6240.0,6530.0,6200.0,6310.0,1608
2024-10-15,6110.0,6300.0,6020.0,6300.0,4780
2024-10-16,5970.0,6200.0,5950.0,6110.0,1610
2024-10-17,5890.0,6010.0,5860.0,6010.0,2180
2024-10-18,5910.0,5980.0,5660.0,5780.0,4553
2024-10-21,5810.0,6250.0,5710.0,6050.0,2039
2024-10-22,5670.0,5950.0,5600.0,5950.0,2416
2024-10-23,5450.0,5720.0,5360.0,5710.0,1744
2024-10-24,5600.0,5810.0,5340.0,5450.0,9026
2024-10-25,6200.0,6270.0,5700.0,5760.0,5657
2024-10-28,6190.0,6300.0,5950.0,6200.0,3707
2024-10-29,6110.0,6190.0,5960.0,6090.0,3761
2024-10-30,6230.0,6250.0,6060.0,6190.0,3731
2024-10-31,6120.0,6340.0,6030.0,6070.0,2250
2024-11-01,6280.0,6350.0,6140.0,6300.0,2317
2024-11-04,6380.0,6400.0,6150.0,6400.0,1917
2024-11-05,6360.0,6510.0,6270.0,6270.0,2775
2024-11-06,6340.0,6480.0,6300.0,6300.0,1239
2024-11-07,6550.0,6640.0,6170.0,6300.0,4352
2024-11-08,6290.0,6640.0,6250.0,6640.0,2502
2024-11-11,6100.0,6290.0,6060.0,6060.0,17447
2024-11-12,6190.0,6380.0,6120.0,6380.0,2028
2024-11-13,6250.0,6290.0,6090.0,6090.0,7881
2024-11-14,6310.0,6400.0,6200.0,6390.0,4406
2024-11-15,6470.0,6670.0,6150.0,6170.0,15347
2024-11-19,6490.0,6690.0,6410.0,6580.0,5596
2024-11-20,6710.0,6850.0,6150.0,6600.0,8998
2024-11-21,6670.0,6850.0,6650.0,6720.0,9996
2024-11-22,7100.0,7250.0,6520.0,6700.0,32387
2024-11-25,7470.0,8000.0,7170.0,7250.0,37701
2024-11-26,8430.0,8900.0,7500.0,7640.0,43462
2024-11-27,9000.0,9400.0,8640.0,8640.0,29026
2024-11-28,8750.0,9290.0,8400.0,9210.0,7640
2024-11-29,8930.0,9000.0,8530.0,8750.0,9183
2024-12-02,8800.0,9100.0,8700.0,9100.0,10099
2024-12-03,9070.0,9250.0,8790.0,8850.0,8694
2024-12-04,8720.0,9100.0,8700.0,8870.0,9404
2024-12-05,8490.0,8840.0,8200.0,8720.0,7785
2024-12-06,8000.0,8510.0,7950.0,8510.0,6848
2024-12-09,8210.0,8390.0,7950.0,8200.0,4862
2024-12-10,8210.0,8410.0,7950.0,8290.0,2027
2024-12-11,8180.0,8300.0,7970.0,7990.0,2115
2024-12-12,8020.0,8320.0,7880.0,8200.0,4446
2024-12-13,8760.0,8980.0,7810.0,7900.0,29530
2024-12-16,9300.0,9650.0,8800.0,8800.0,30029
2024-12-17,9440.0,10200.0,8950.0,9650.0,31568
2024-12-18,9210.0,9870.0,9130.0,9870.0,7433
2024-12-19,8550.0,9630.0,8350.0,9300.0,10592
2024-12-20,8750.0,8850.0,8020.0,8590.0,6490
2024-12-23,8880.0,9200.0,8430.0,8900.0,3168
2024-12-24,8930.0,9170.0,8600.0,8890.0,1078
2024-12-26,8860.0,9010.0,8810.0,8930.0,7569
2024-12-27,9020.0,9280.0,8800.0,8860.0,7991
2024-12-30,8700.0,9250.0,8660.0,9100.0,4094
2025-01-02,9130.0,9200.0,8560.0,8700.0,2989
2025-01-03,9000.0,9260.0,8700.0,9260.0,5390
2025-01-06,8710.0,8950.0,8700.0,8790.0,5428
2025-01-07,8560.0,8930.0,8490.0,8770.0,3411
2025-01-08,9000.0,9550.0,8160.0,8850.0,16244
2025-01-09,9010.0,9200.0,8710.0,9000.0,6919
2025-01-10,9030.0,9090.0,8600.0,8710.0,1792
2025-01-13,8990.0,9090.0,8600.0,8830.0,4005
2025-01-14,8980.0,9270.0,8720.0,8860.0,1353
2025-01-15,8760.0,9080.0,8740.0,9000.0,2422
2025-01-16,8320.0,8810.0,8110.0,8770.0,912
2025-01-17,7850.0,8850.0,7610.0,8400.0,8494
2025-01-20,8880.0,8930.0,7610.0,7820.0,4625
2025-01-21,8580.0,8890.0,8400.0,8890.0,962
2025-01-22,8700.0,8800.0,8180.0,8600.0,6432
2025-01-23,8460.0,8900.0,8300.0,8900.0,889
2025-01-24,8550.0,8610.0,8250.0,8280.0,4025
2025-01-27,7830.0,8590.0,7720.0,8590.0,5567
2025-01-28,7630.0,8150.0,7410.0,8090.0,1830
2025-01-29,7700.0,7980.0,7550.0,7890.0,4941
2025-01-30,7780.0,7800.0,7630.0,7800.0,4968
2025-01-31,7680.0,7900.0,7600.0,7900.0,1830
2025-02-03,7280.0,7740.0,7150.0,7740.0,3709
2025-02-04,7260.0,7530.0,7220.0,7300.0,3903
2025-02-05,7140.0,7450.0,6950.0,7350.0,6278
2025-02-06,7220.0,7300.0,6970.0,7290.0,3471
2025-02-07,6930.0,7550.0,6910.0,7550.0,3756
2025-02-10,6860.0,7150.0,6750.0,6980.0,3613
2025-02-11,6440.0,6900.0,6300.0,6800.0,15899
2025-02-12,6530.0,6750.0,6450.0,6580.0,6613
2025-02-13,6690.0,6760.0,6510.0,6510.0,8033
2025-02-14,6890.0,6930.0,6700.0,6750.0,2771
2025-02-17,6550.0,6700.0,6360.0,6700.0,21116
2025-02-18,6780.0,6860.0,6550.0,6550.0,13184
2025-02-19,6680.0,6800.0,6600.0,6710.0,4518
2025-02-20,7010.0,7460.0,6550.0,6800.0,8009
2025-02-21,7080.0,7520.0,7030.0,7030.0,5726
2025-02-24,6970.0,7400.0,6830.0,7140.0,2560
2025-02-25,6690.0,6970.0,6500.0,6970.0,2930
2025-02-26,6610.0,6850.0,6510.0,6840.0,3002
2025-02-27,6150.0,6690.0,6060.0,6600.0,6396
2025-02-28,6020.0,6450.0,5970.0,6200.0,2580
2025-03-05,6130.0,6240.0,5960.0,6010.0,4207
2025-03-06,6150.0,6230.0,6050.0,6090.0,4505
2025-03-07,6150.0,6300.0,6000.0,6100.0,4867
2025-03-10,5490.0,6290.0,5460.0,6150.0,5248
2025-03-11,5800.0,5900.0,5470.0,5550.0,7877
2025-03-12,5960.0,6100.0,5620.0,5900.0,2485
2025-03-13,6020.0,6180.0,5890.0,5950.0,1402
2025-03-14,6360.0,6580.0,5920.0,5920.0,9712
2025-03-17,6310.0,6570.0,6160.0,6500.0,3764
2025-03-18,5920.0,6300.0,5900.0,6300.0,4965
2025-03-19,6060.0,6120.0,5970.0,6010.0,3507
2025-03-20,6030.0,6180.0,5950.0,6130.0,3911
2025-03-21,6370.0,6540.0,5990.0,6180.0,7818
2025-03-25,6570.0,6850.0,6260.0,6260.0,5049
2025-03-26,6400.0,6790.0,6340.0,6580.0,5941
2025-03-27,6260.0,6690.0,6220.0,6500.0,2463
2025-03-28,5980.0,6390.0,5850.0,6190.0,2903
2025-03-31,5890.0,6080.0,5530.0,5950.0,4261
2025-04-01,6100.0,6220.0,5710.0,5800.0,2494
2025-04-03,6000.0,6100.0,5730.0,6000.0,1123
2025-04-04,5500.0,6010.0,5250.0,6010.0,4436
2025-04-07,5360.0,5400.0,5230.0,5350.0,4942
2025-04-08,4690.0,5580.0,4560.0,5380.0,3918
2025-04-09,5000.0,5180.0,4050.0,4750.0,6321
2025-04-10,4910.0,5050.0,4850.0,5050.0,2811
2025-04-11,5170.0,5350.0,4900.0,4900.0,2652
2025-04-14,5430.0,5600.0,5200.0,5600.0,2453
2025-04-15,5730.0,6090.0,5480.0,5500.0,7642
