Price,('Close', 'CECO2.BA'),('High', 'CECO2.BA'),('Low', 'CECO2.BA'),('Open', 'CECO2.BA'),('Volume', 'CECO2.BA')
Ticker,CECO2.BA,CECO2.BA,CECO2.BA,CECO2.BA,CECO2.BA
Date,,,,,
2020-04-17,9.399675369262695,9.49967230125883,9.349677856906048,9.49967230125883,15812
2020-04-20,9.699666023254395,9.799662963618033,9.099687241997065,9.799662963618033,94844
2020-04-21,9.599669456481934,9.649666970001203,9.499672522160509,9.51967229048137,73423
2020-04-22,9.599669456481934,9.79966237148334,9.50967240632094,9.599669456481934,26209
2020-04-23,9.349678039550781,9.599669420783247,9.24968110560122,9.599669420783247,40901
2020-04-24,9.24968147277832,9.54967133289402,8.999690081622148,9.54967133289402,75487
2020-04-27,9.449674606323242,9.449674606323242,8.899693342750673,9.299680149731405,148139
2020-04-28,10.1996488571167,10.2996457978659,9.049688806708424,9.19968326419072,272098
2020-04-29,10.499638557434082,10.89962440673688,9.849661313906662,10.599635496580525,94770
2020-04-30,10.399641036987305,10.399641036987305,10.04965367682069,10.299645057071743,128779
2020-05-04,11.099617958068848,11.099617958068848,9.929658191269752,10.399641311945897,128933
2020-05-05,11.349609375,11.499603826057205,10.499638275965275,11.29961090676711,87633
2020-05-06,11.699596405029297,11.74959487180783,11.299610578083902,11.499603491556599,243078
2020-05-07,12.049585342407227,12.249578266229618,11.44960561729857,11.799593949218867,208663
2020-05-08,11.99958610534668,12.499568859736126,11.399606418622778,12.04958457151391,181226
2020-05-11,12.149580955505371,12.499569276709828,11.649598184436977,11.999586505641435,95688
2020-05-12,12.649563789367676,13.199545031001369,12.14958101581731,12.249577951983966,280351
2020-05-13,12.799559593200684,12.899555578847606,11.999586939817862,12.499569728976939,47539
2020-05-14,13.449536323547363,13.54953325901343,12.649563700743197,12.649563700743197,216503
2020-05-15,13.799524307250977,13.999517219660701,12.999551703970651,13.6995273742254,149941
2020-05-18,13.799524307250977,14.149511665557638,13.649528907712613,14.149511665557638,115506
2020-05-19,13.499534606933594,13.899520436052827,13.299541692373976,13.69952752149321,106722
2020-05-20,13.449536323547363,13.849523111770173,13.049550488966007,13.749526176304107,140178
2020-05-21,13.499534606933594,13.849522922644002,13.049550310764095,13.649529054442946,272533
2020-05-22,13.499534606933594,13.649529054442946,13.149546291223183,13.649529054442946,45560
2020-05-26,13.349540710449219,13.59953210237792,13.19954530310711,13.299542241335182,63955
2020-05-27,12.999551773071289,13.24954315332266,12.699561926041357,13.099548706628411,108753
2020-05-28,12.899555206298828,13.249543530058855,12.549567836180264,12.999552142699253,51972
2020-05-29,12.599566459655762,12.899555365271134,12.349575069215302,12.899555365271134,77327
2020-06-01,12.699562072753906,12.79955900746625,12.399572222258321,12.79955900746625,38702
2020-06-02,13.199544906616211,13.349540309452724,12.699562137777404,12.999551989808978,246142
2020-06-03,13.499534606933594,13.649529054442946,12.749560462103949,13.399537672833064,117738
2020-06-04,13.399538040161133,13.44953650858203,12.999552200076891,13.399538040161133,17170
2020-06-05,13.699527740478516,13.799524676177484,13.299541904965556,13.449536354872551,109876
2020-06-08,14.399503707885742,14.399503707885742,13.599532021391013,13.849523411830985,203854
2020-06-09,13.899520874023438,14.299507669387602,13.499535032300745,14.249509200761898,122702
2020-06-10,13.899520874023438,13.899520874023438,13.349540580065103,13.599531969552153,30215
2020-06-11,13.299542427062988,13.749526748090375,12.9995525618309,13.499535352670549,87267
2020-06-12,12.999551773071289,13.599531467131152,12.499569012568546,13.299541620101222,307138
2020-06-16,12.799559593200684,13.099549457424429,12.399572789688527,12.999552518136017,71736
2020-06-17,11.99958610534668,12.799558703098077,11.799593194319186,12.799558703098077,139412
2020-06-18,11.349609375,11.799593681813077,10.799628131721146,11.64959827711441,263209
2020-06-19,11.649598121643066,11.799593524339949,11.199613820835317,11.3496092235322,71037
2020-06-22,11.649598121643066,11.749595056774321,11.099617839345512,11.499603672587632,120069
2020-06-23,11.399606704711914,11.849591957868565,11.399606704711914,11.849591957868565,129322
2020-06-24,11.29961109161377,11.499604014175482,10.849626777439546,11.149615684461377,35926
2020-06-25,11.549602508544922,11.549602508544922,11.199614178063584,11.549602508544922,12160
2020-06-26,11.199613571166992,11.549601882682792,10.899623726102226,11.549601882682792,72560
2020-06-29,11.149615287780762,11.24961222232467,10.949622372334389,11.049619306878299,26254
2020-06-30,10.849626541137695,11.14961544162585,10.599635154969928,11.14961544162585,48696
2020-07-01,11.049619674682617,11.299611065722308,10.249647032627312,10.649632876834227,56023
2020-07-02,10.89962387084961,11.249612187013264,10.749629423146008,11.04961927219465,36960
2020-07-03,10.89962387084961,10.999620805079637,10.699630956030994,10.849626357376037,22486
2020-07-06,11.549602508544922,11.69959696238465,11.299611116384389,11.49960403938452,99939
2020-07-07,11.399606704711914,11.749595023024543,11.249612256087328,11.499603639555936,44594
2020-07-08,11.29961109161377,11.54960248322628,11.199614153512174,11.399607076073888,135962
2020-07-13,11.29961109161377,11.599600952277077,11.29961109161377,11.29961109161377,88591
2020-07-14,11.449604988098145,11.449604988098145,11.149615142029429,11.449604988098145,42786
2020-07-15,11.899589538574219,11.899589538574219,11.249612319356848,11.549602171934655,140893
2020-07-16,11.94958782196045,12.099583222756467,11.49960352685527,11.849591841737874,94625
2020-07-17,11.849592208862305,12.14958111246573,11.59960082009847,11.949588192182958,16493
2020-07-20,11.649598121643066,11.899589505829754,11.649598121643066,11.699596589208694,27539
2020-07-21,11.799593925476074,12.049585318161409,11.649598517679983,11.649598517679983,74421
2020-07-22,12.449570655822754,12.449570655822754,11.749594975660623,11.799593442881084,164918
2020-07-23,12.34957504272461,12.699562416405621,12.049585184111262,12.44957102650141,138107
2020-07-24,12.599566459655762,12.69956244364706,12.049585209958455,12.249578131582528,25633
2020-07-27,12.899555206298828,13.449536449218243,12.44957089977984,12.69956228713944,271721
2020-07-28,12.399572372436523,13.499534853028786,12.249577922192787,12.899555144770924,167418
2020-07-29,11.99958610534668,12.899554681791113,11.99958610534668,12.499568859736126,135881
2020-07-30,11.799593925476074,11.999586848896044,11.39960712499465,11.999586848896044,86801
2020-07-31,11.699596405029297,11.99958625205906,11.299610578083902,11.799593338586362,210672
2020-08-03,12.249577522277832,12.449570433954083,11.399606455601983,11.999586144272161,313997
2020-08-04,12.199579238891602,12.89955491707593,11.549602027786463,12.699562002400613,324974
2020-08-05,11.99958610534668,12.199579016374173,11.849591660486416,11.99958610534668,41613
2020-08-06,11.799593925476074,12.199579772316016,11.54960253279074,12.099583787426772,97533
2020-08-07,11.899589538574219,12.049584941683849,11.599600639637865,11.999586473980639,101610
2020-08-10,12.249577522277832,12.29957598860725,11.79959323259591,12.149580589618994,171393
2020-08-11,12.299576759338379,12.399572744621862,12.099583835129927,12.399572744621862,57955
2020-08-12,12.049585342407227,12.199579796863649,11.749595479852898,11.949588403675289,52012
2020-08-13,12.099583625793457,12.299576546541806,11.7995937678502,12.049585157196002,64429
2020-08-14,12.199579238891602,12.199579238891602,11.799593409540968,12.199579238891602,135378
2020-08-18,11.99958610534668,12.299575948708632,11.749594728151958,12.299575948708632,85137
2020-08-19,11.849592208862305,12.099583597626138,11.699596803419123,11.999586660664018,71141
2020-08-20,11.899589538574219,11.999586473980639,11.549602171934655,11.799593556809251,167318
2020-08-21,11.849592208862305,12.14958111246573,11.59960082009847,12.049585129145077,184815
2020-08-24,11.549602508544922,11.899589885384781,11.09961819338426,11.899589885384781,166907
2020-08-25,11.99958610534668,11.99958610534668,10.799627685540298,11.649597795817499,246661
2020-08-26,11.599600791931152,11.999586631525414,11.499603855211856,11.949588163165766,75765
2020-08-27,11.549602508544922,11.899589885384781,11.199614178063584,11.199614178063584,57964
2020-08-28,12.599566459655762,12.599566459655762,11.349609507453463,11.349609507453463,358787
2020-08-31,12.999551773071289,12.999551773071289,12.049584718844367,12.599565946125669,177807
2020-09-01,12.999551773071289,13.04955023984985,12.449570545789985,12.999551773071289,65202
2020-09-02,12.849557876586914,12.99955232970383,12.199579687916838,12.99955232970383,91390
2020-09-03,12.449570655822754,12.849557439945002,12.299576207802811,12.299576207802811,18591
2020-09-04,12.599566459655762,12.799559381279835,12.199579662766142,12.69956244364706,178764
2020-09-07,12.799559593200684,12.799559593200684,12.199579864753195,12.59956666826535,80081
2020-09-08,12.499568939208984,12.849557250963407,12.199579093939683,12.849557250963407,121824
2020-09-09,12.799559593200684,12.799559593200684,12.449571259332734,12.799559593200684,117166
2020-09-10,12.499568939208984,12.999551696777344,12.39957200623874,12.94955323029222,280998
2020-09-11,12.849557876586914,12.849557876586914,12.099583703719386,12.099583703719386,284828
2020-09-14,12.399572372436523,12.999552080694386,11.999586536025587,12.999552080694386,276873
2020-09-15,12.449570655822754,12.449570655822754,11.899589423680563,11.999586358121487,263495
2020-09-16,12.299576759338379,12.449571214084346,11.399607169938115,11.949588426742473,125195
2020-09-17,11.449604988098145,12.399572039281223,11.299610541884503,12.299576059685938,159672
2020-09-18,12.099583625793457,12.149581140749442,11.499603909906941,11.499603909906941,43161
2020-09-21,12.099583625793457,12.199579609346896,11.749595299252745,12.149581140749442,63268
2020-09-22,12.699562072753906,12.699562072753906,11.699596540196254,12.349574708543596,160663
2020-09-23,12.899555206298828,12.899555206298828,12.549567836180264,12.69956228713944,198670
2020-09-24,12.899555206298828,13.099549079099678,12.599566304380476,12.999552142699253,63102
2020-09-25,13.599532127380371,13.749526581356761,12.7995594810095,13.199545327374194,318568
2020-09-28,13.649529457092285,13.799524862667813,13.199545147648639,13.649529457092285,136764
2020-09-29,13.699527740478516,13.799524676177484,13.049550519359592,13.649529272629032,219818
2020-09-30,13.899520874023438,13.949519342649142,13.499535032300745,13.699527953162091,81534
2020-10-01,13.899520874023438,13.949519342649142,13.549533500926449,13.949519342649142,55397
2020-10-02,14.099514961242676,14.099514961242676,13.699528159843995,13.849523567984058,114880
2020-10-05,13.999517440795898,14.249508823667254,13.999517440795898,14.099514375401018,85887
2020-10-06,13.999517440795898,13.999517440795898,13.249543292181833,13.999517440795898,333268
2020-10-07,13.799524307250977,14.149511665557638,13.499534461815676,13.849522773763766,67932
2020-10-08,14.499500274658203,14.499500274658203,13.199544886891593,13.799524590058166,304848
2020-10-09,14.299507141113281,14.599496988143352,13.999517294083212,14.599496988143352,22055
2020-10-13,14.449501991271973,14.449501991271973,13.499534910519278,13.999517684982957,208150
2020-10-14,14.799489974975586,14.849488442002007,13.999517363477175,13.999517363477175,71421
2020-10-15,14.899486541748047,14.999483479736213,14.49950069707834,14.94948501074213,102908
2020-10-16,14.999483108520508,15.149477558149131,14.099514503465858,14.899486173007123,25231
2020-10-19,15.24947452545166,15.699458828917024,14.499500368462234,14.999483139788518,65554
2020-10-20,15.799455642700195,15.799455642700195,14.89948608907389,15.249474407757695,95471
2020-10-21,15.949450492858887,15.999448961592156,15.049481870225916,15.799456040300548,51416
2020-10-22,16.999414443969727,16.999414443969727,15.349471658805722,15.999448888442096,219088
2020-10-23,17.449399948120117,17.449399948120117,15.999449109645324,16.749423286659948,112048
2020-10-26,16.999414443969727,17.099411380979078,16.299437792187213,16.999414443969727,64078
2020-10-27,16.349437713623047,16.999414963108848,15.34947212755782,16.999414963108848,69016
2020-10-28,15.24947452545166,15.999448682441086,14.999483139788518,15.949450214580166,66242
2020-10-29,15.449467658996582,15.4994661275557,14.999483349247452,15.299473206960695,56718
2020-10-30,15.699459075927734,15.699459075927734,15.199476296734867,15.449467686331301,11000
2020-11-02,15.899452209472656,16.399434995350934,14.999483576348348,15.699459285849642,33338
2020-11-03,15.899452209472656,16.499431933983182,15.699459285849642,16.299438056718685,67213
2020-11-04,16.39943504333496,16.499431982259797,15.699459331785569,15.699459331785569,121599
2020-11-05,17.099411010742188,17.24940545936706,16.04944605580228,16.399434374115582,65168
2020-11-06,17.099411010742188,17.24940545936706,16.699425178648227,17.149408524522848,9850
2020-11-09,16.899417877197266,17.599394544315054,16.599428966879913,17.299403726714726,41394
2020-11-10,16.499431610107422,16.899417449501925,16.299437736768706,16.799420512832565,39031
2020-11-11,16.449434280395508,16.89941763954349,15.999449013964574,16.749423186494163,49940
2020-11-12,16.099445343017578,16.899417000554664,16.099445343017578,16.899417000554664,8136
2020-11-13,15.599462509155273,15.99944833610123,15.499465575598066,15.99944833610123,30340
2020-11-16,15.749457359313965,15.999448745969742,15.299473054061858,15.999448745969742,22503
2020-11-17,15.999448776245117,16.099445712553234,14.999483227729797,15.599462938295574,84422
2020-11-18,16.19944190979004,16.299436934253137,15.999448046298179,15.999448046298179,85436
2020-11-19,16.2994384765625,16.349437900808002,15.599463702672615,16.349437900808002,72509
2020-11-20,15.899452209472656,16.549429449657826,15.79945622448189,15.999449148104905,11079
2020-11-24,15.849453926086426,16.349436687746675,15.499465611467679,15.649460058509177,6952
2020-11-25,15.999448776245117,16.349437099682063,15.499466001987457,15.999448776245117,15534
2020-11-26,16.099445343017578,16.24943979039542,15.849453961626878,15.999448409004723,9824
2020-11-27,16.099445343017578,16.099445343017578,15.749457027614024,16.099445343017578,11511
2020-11-30,15.799455642700195,16.099445493908966,15.699458707750123,16.099445493908966,11803
2020-12-01,16.19944190979004,16.299436934253137,15.699458204701804,15.699458204701804,21826
2020-12-02,16.39943504333496,16.499431982259797,16.099446133843426,16.499431982259797,35833
2020-12-03,16.2994384765625,16.499432358978474,15.999449560221551,16.499432358978474,42192
2020-12-04,16.2994384765625,16.44943484201599,15.999449560221551,16.09944650142954,62451
2020-12-09,15.749457359313965,15.799455827373412,15.499465972658188,15.499465972658188,7502
2020-12-10,15.649460792541504,15.899452185097383,15.449467869225096,15.899452185097383,11227
2020-12-11,16.19944190979004,16.249439422021588,15.699458204701804,15.699458204701804,24715
2020-12-14,15.899452209472656,16.1994430253694,15.549464831542751,15.549464831542751,45357
2020-12-15,16.04944610595703,16.19944246233354,15.84945414292652,16.19944246233354,27348
2020-12-16,16.2994384765625,16.2994384765625,15.499466761464628,15.999449560221551,126076
2020-12-17,16.2994384765625,16.2994384765625,15.899452619013564,15.899452619013564,18274
2020-12-18,16.04944610595703,16.449433846583855,15.899451656863423,16.399434425364053,54300
2020-12-21,15.449467658996582,15.899451968745712,15.349471675519814,15.349471675519814,5436
2020-12-22,15.949450492858887,15.999448961592156,15.149477854050984,15.999448961592156,6285
2020-12-23,15.799455642700195,15.999448558958893,15.249474407757695,15.999448558958893,97
2020-12-28,15.1494779586792,15.449467819509193,14.99948350508494,15.399469350430614,30420
2020-12-29,15.449467658996582,15.799455985268942,14.999483349247452,15.14947780128334,563
2020-12-30,15.19947624206543,15.49946609923044,15.049481790303657,15.49946609923044,15732
2021-01-04,14.999483108520508,15.249474493662516,14.49950033823649,15.249474493662516,66470
2021-01-05,14.799489974975586,14.94948442241341,14.249508744967839,14.499500126458502,257125
2021-01-06,14.799489974975586,14.999482889439829,14.39950319240566,14.999482889439829,80269
2021-01-07,15.19947624206543,15.19947624206543,14.399503607505887,14.49950054444138,144490
2021-01-08,14.999483108520508,15.099480044033893,14.7494917233785,15.099480044033893,43090
2021-01-11,14.849489212036133,15.599463395398736,14.549499347962794,15.599463395398736,18885
2021-01-12,14.799489974975586,14.999482889439829,14.34950567902068,14.999482889439829,26456
2021-01-13,14.899486541748047,14.999483479736213,14.299507774743486,14.79949055740136,76764
2021-01-14,14.749491691589355,14.8994861408947,14.399503371688281,14.8994861408947,13792
2021-01-15,14.649495124816895,14.649495124816895,14.299507749752925,14.449502202831559,28327
2021-01-18,14.649495124816895,14.649495124816895,14.199510811939518,14.399503733924854,63372
2021-01-19,14.349506378173828,14.499500832919853,14.099514984502797,14.499500832919853,21262
2021-01-20,14.19951057434082,14.349505978551074,13.999517655701942,14.149512106270736,85816
2021-01-21,13.999517440795898,14.199510356364694,13.499534675053187,14.199510356364694,102139
2021-01-22,13.799524307250977,13.799524307250977,13.299541549405951,13.299541549405951,20860
2021-01-25,13.399538040161133,14.149512205550185,13.299542056960806,14.149512205550185,68329
2021-01-26,13.899520874023438,13.999517811274846,13.499535032300745,13.649529484536387,27216
2021-01-27,13.699527740478516,14.199510511690443,13.599531758421003,14.199510511690443,16093
2021-01-28,13.54953384399414,13.949519695844284,13.54953384399414,13.949519695844284,4711
2021-01-29,13.299542427062988,13.849523687714901,12.9995525618309,13.749526748090375,11412
2021-02-01,13.899520874023438,13.899520874023438,13.149546705562285,13.149546705562285,35944
2021-02-02,13.899520874023438,14.14951226351049,13.599531969552153,14.14951226351049,6574
2021-02-03,13.849523544311523,13.8995210599646,13.449536743596529,13.599532151480208,22505
2021-02-04,13.999517440795898,13.999517440795898,13.499534675053187,13.499534675053187,36170
2021-02-05,14.14951229095459,14.14951229095459,14.099514775873383,14.14951229095459,21158
2021-02-08,14.299507141113281,14.4495015878076,13.699527447053143,13.699527447053143,100318
2021-02-09,14.299507141113281,14.349505607891865,13.999517294083212,14.199510207556115,26799
2021-02-10,14.19951057434082,14.399503492979699,13.899520719561773,14.09951459184211,32225
2021-02-11,13.899520874023438,14.099514748526255,13.699527953162091,13.899520874023438,11964
2021-02-12,13.849523544311523,13.99951799855372,13.599532151480208,13.99951799855372,11631
2021-02-17,14.19951057434082,14.19951057434082,13.299541963645137,13.849523205133147,61077
2021-02-18,13.649529457092285,14.199510703586284,13.399538068107875,14.099514720177401,6254
2021-02-19,13.599532127380371,13.649529642944847,13.299542265786108,13.649529642944847,68140
2021-02-22,13.399538040161133,13.949519285508064,13.299542056960806,13.949519285508064,12035
2021-02-23,13.399538040161133,13.44953650858203,12.849557748455668,12.999552200076891,10954
2021-02-24,13.399538040161133,13.59953191384472,13.349540525381704,13.499534977002927,18779
2021-02-25,13.299542427062988,13.299542427062988,12.9995525618309,13.299542427062988,14108
2021-02-26,13.199544906616211,13.449536291035615,12.849557540613917,12.999551989808978,63981
2021-03-01,13.599532127380371,13.999517973745066,13.049550873397804,13.049550873397804,137815
2021-03-02,13.499534606933594,13.599531541034121,13.499534606933594,13.499534606933594,20003
2021-03-03,13.299542427062988,13.299542427062988,12.899555622206373,12.899555622206373,28042
2021-03-04,13.199544906616211,13.599531693872127,12.549567688582343,13.599531693872127,90550
2021-03-05,13.599532127380371,13.599532127380371,13.199545327374194,13.199545327374194,105268
2021-03-08,13.499534606933594,13.499534606933594,13.299541692373976,13.499534606933594,61623
2021-03-09,13.899520874023438,13.899520874023438,12.999552253326643,13.499535032300745,58048
2021-03-10,13.849523544311523,13.99951799855372,13.299542289354331,13.499535212891088,96453
2021-03-11,13.999517440795898,13.999517440795898,13.499534675053187,13.799524525227103,73616
2021-03-12,13.799524307250977,13.999517219660701,13.799524307250977,13.999517219660701,49191
2021-03-15,14.499500274658203,14.499500274658203,13.799524590058166,13.799524590058166,101762
2021-03-16,14.19951057434082,14.94948473446771,13.799524737063063,14.499500429119868,52579
2021-03-17,14.099514961242676,14.199510946361231,14.099514961242676,14.199510946361231,3273
2021-03-18,13.699527740478516,14.049516061783446,13.649529272629032,13.649529272629032,1276
2021-03-19,13.899520874023438,14.099514748526255,13.299542111439397,14.099514748526255,212148
2021-03-22,13.699527740478516,13.699527740478516,13.299541904965556,13.299541904965556,3480
2021-03-23,13.599532127380371,13.699528112150805,13.349540734992067,13.649529642944847,14544
2021-03-25,13.199544906616211,13.399537823423444,13.149546439004041,13.149546439004041,83494
2021-03-26,13.399538040161133,13.399538040161133,13.099549136918686,13.099549136918686,453
2021-03-29,13.349540710449219,13.349540710449219,12.999552380292446,12.999552380292446,23399
2021-03-30,13.749526023864746,13.999517406116832,13.299541726539278,13.999517406116832,36029
2021-03-31,14.499500274658203,14.499500274658203,13.299541821966505,13.89952057149163,101314
2021-04-05,14.999483108520508,14.999483108520508,14.099514503465858,14.49950033823649,146040
2021-04-06,15.699459075927734,15.849454481870477,14.699493517542,14.899486438490854,75285
2021-04-07,15.799455642700195,15.799455642700195,15.049481491498998,15.499465791491428,205160
2021-04-08,15.999448776245117,15.999448776245117,15.499466001987457,15.499466001987457,70659
2021-04-09,15.849453926086426,16.09944530691655,15.499465611467679,15.499465611467679,43715
2021-04-12,15.699459075927734,15.849454481870477,15.099480313081177,15.849454481870477,49324
2021-04-13,15.649460792541504,15.699459261780977,15.349471884387633,15.699459261780977,59335
2021-04-14,15.399469375610352,15.749457706091192,15.099480467931322,15.099480467931322,82176
2021-04-15,15.649460792541504,15.649460792541504,14.999483553352807,15.399469399985623,40564
2021-04-16,15.799455642700195,15.849454110175232,14.999483024023961,14.999483024023961,54392
2021-04-19,15.899452209472656,15.999449148104905,15.549464831542751,15.79945622448189,45441
2021-04-20,15.549464225769043,15.999448524800776,14.999482992000727,15.849454076337347,71032
2021-04-21,15.999448776245117,15.999448776245117,15.19947614670457,15.19947614670457,27893
2021-04-22,15.499465942382812,16.14944316496164,15.299473024177132,16.09944565064131,17045
2021-04-23,16.04944610595703,16.04944610595703,14.999483055018871,15.499465823519499,14950
2021-04-26,16.19944190979004,16.19944190979004,16.049445558529726,16.149442490275657,20144
2021-04-27,16.499431610107422,16.599428546776778,15.99944883404356,15.99944883404356,34806
2021-04-28,16.499431610107422,16.799420512832565,15.69945897767695,16.599428546776778,15998
2021-04-29,16.749422073364258,16.749422073364258,15.899451019528014,16.399433767986647,20105
2021-04-30,16.799421310424805,16.84942073477479,16.399435452040027,16.74942379335784,39694
2021-05-03,16.899417877197266,16.94941730043881,16.399435088479695,16.799420937997155,37081
2021-05-04,16.449434280395508,16.999414577337358,16.149443467013903,16.999414577337358,3372
2021-05-05,16.2994384765625,16.499432358978474,15.999449560221551,16.399435417770487,37797
2021-05-06,16.499431610107422,16.599428546776778,15.74945744601163,16.599428546776778,26133
2021-05-07,16.999414443969727,17.049411958832934,15.749457499560188,15.749457499560188,65241
2021-05-10,16.699424743652344,16.999413633087816,16.099445057498556,16.999413633087816,29300
2021-05-11,16.699424743652344,17.14940807780555,16.44943336669517,16.499430879173467,164425
2021-05-12,16.899417877197266,17.199408694797594,16.199443117362453,17.14940927155605,65283
2021-05-13,16.799421310424805,16.899418251841755,16.799421310424805,16.899418251841755,153428
2021-05-14,16.999414443969727,16.999414443969727,16.54942918106912,16.54942918106912,110153
2021-05-17,16.999414443969727,16.999414443969727,16.699425540224613,16.699425540224613,35817
2021-05-18,16.999414443969727,17.099411380979078,16.799420569951028,16.799420569951028,49886
2021-05-19,16.799421310424805,16.899418251841755,16.799421310424805,16.799421310424805,12946
2021-05-20,17.19940757751465,17.19940757751465,16.799419846697635,16.99941371210614,232973
2021-05-21,16.999414443969727,17.299403347714843,16.699425540224613,17.299403347714843,52486
2021-05-26,17.449399948120117,17.449399948120117,16.89941774060628,16.999414678998157,99513
2021-05-27,17.599393844604492,17.649391358575276,17.299403038931093,17.499396909380028,200499
2021-05-28,17.49939727783203,17.749388667515344,17.299403403172203,17.299403403172203,43510
2021-05-31,17.699390411376953,17.7993854372369,16.899416853517344,17.29940267880572,23376
2021-06-01,18.49936294555664,18.99934572786898,17.699391256770074,17.74938877208813,97936
2021-06-02,18.999345779418945,18.999345779418945,17.9493826966274,18.499362995750026,52225
2021-06-03,19.699321746826172,20.09930757824092,18.649356793669195,19.249336494432768,52392
2021-06-04,19.999311447143555,19.999311447143555,19.199339752171,19.699322538349588,29803
2021-06-07,20.24930191040039,20.399296357909744,19.099341936451513,20.049308042199332,190032
2021-06-08,20.14930534362793,20.14930534362793,19.699321992896536,19.699321992896536,17698
2021-06-09,22.69921875,22.69921875,19.499328226792652,19.999311001838617,108979
2021-06-10,22.799213409423828,24.34916113129893,21.99924174523744,22.499224512174656,61102
2021-06-11,21.69925308227539,22.899210591510926,21.34926476018393,22.899210591510926,45523
2021-06-14,22.59922218322754,22.799214152147776,21.29926580247271,21.999242461900923,24390
2021-06-15,21.999242782592773,22.599222512665538,21.549257508217455,22.599222512665538,45563
2021-06-16,21.59925651550293,21.9992423587509,21.39926264023747,21.9992423587509,12939
2021-06-17,21.399261474609375,21.899244228255775,21.299264542423526,21.499258406795224,4928
2021-06-18,20.69928741455078,21.19927018391401,20.69928741455078,21.19927018391401,12905
2021-06-22,20.69928741455078,20.69928741455078,19.39933106983665,19.79931690387065,9615
2021-06-23,20.49929428100586,20.49929428100586,20.09930843258917,20.49929428100586,11686
2021-06-24,20.79928207397461,21.399261768033714,20.449295667449427,21.399261768033714,11321
2021-06-25,20.999277114868164,20.999277114868164,19.199339839364082,19.999311537969678,111946
2021-06-28,20.449296951293945,21.399263111518856,20.29930058789997,20.999277259461895,1455
2021-06-29,20.49929428100586,20.49929428100586,19.899314554739338,20.399297342080946,34386
2021-06-30,20.999277114868164,20.999277114868164,20.09930847711612,20.89928017572172,57130
2021-07-01,20.79928207397461,21.29926483447672,20.79928207397461,20.9992759410886,12483
2021-07-02,20.79928207397461,20.899279007531604,20.64928762728055,20.899279007531604,50628
2021-07-05,20.999277114868164,20.999277114868164,20.799283236575278,20.799283236575278,12589
2021-07-06,21.099273681640625,21.099273681640625,20.699287839397044,20.999276744258996,62269
2021-07-07,20.999277114868164,21.19927099316105,20.499294326418923,21.19927099316105,6432
2021-07-08,20.549291610717773,20.89927994014375,20.29930021931107,20.89927994014375,28422
2021-07-12,21.299264907836914,21.299264907836914,20.299299383388554,21.09927294731697,29192
2021-07-13,21.999242782592773,21.999242782592773,21.29926611296072,21.29926611296072,47521
2021-07-14,22.69921875,22.899210715648632,21.799248229090924,22.899210715648632,14077
2021-07-15,21.79924774169922,22.999207137893787,21.79924774169922,22.599221308256556,30871
2021-07-16,21.49925994873047,22.89921137788888,21.199271037940445,22.599222467098855,5800
2021-07-19,20.999277114868164,20.999277114868164,19.999311537969678,20.999277114868164,5468
2021-07-20,20.79928207397461,20.9992759410886,20.79928207397461,20.79928207397461,4269
2021-07-21,21.099273681640625,21.099273681640625,20.84928229182802,20.999276744258996,65769
2021-07-22,21.449262619018555,21.999242929338827,20.99927734164161,20.99927734164161,7474
2021-07-23,20.89927864074707,21.999241076003827,20.39929588901971,21.999241076003827,7859
2021-07-26,21.79924774169922,21.79924774169922,21.099273016654788,21.099273016654788,58539
2021-07-27,21.999242782592773,21.999242782592773,21.39926305252001,21.39926305252001,37060
2021-07-28,22.69921875,22.69921875,21.599256263442292,21.799248229090924,90369
2021-07-29,22.499225616455078,22.649220072441512,21.79924894547439,22.649220072441512,143689
2021-07-30,20.999277114868164,21.84924823668847,20.69928820471181,21.59925684246385,114487
2021-08-02,21.399261474609375,21.399261474609375,20.69928676387412,20.99927565314882,22145
2021-08-03,21.099273681640625,21.399262586502577,20.999276744258996,21.34926507145323,35062
2021-08-04,21.199270248413086,21.349264698221834,20.699287477528653,21.099273312779616,29972
2021-08-05,20.79928207397461,21.249267321339655,20.599290114143486,20.599290114143486,23691
2021-08-06,20.79928207397461,20.9992759410886,20.699287047700484,20.9992759410886,15624
2021-08-09,20.999277114868164,21.19927099316105,20.6492887814971,20.799283236575278,26722
2021-08-10,21.69925308227539,21.69925308227539,20.949278923772088,20.999276438092476,45023
2021-08-11,21.79924774169922,21.899244675929246,21.349264398588417,21.699252714752074,17055
2021-08-12,21.89924430847168,21.89924430847168,20.599289907142502,21.799247375919546,97970
2021-08-13,21.89924430847168,21.99924124102381,21.499258485545997,21.99924124102381,9434
2021-08-17,21.69925308227539,21.899245046839855,21.49925921042801,21.899245046839855,23994
2021-08-18,21.69925308227539,21.999241982763547,20.69928753760432,20.69928753760432,2138
2021-08-19,20.999277114868164,21.499259903317405,20.599291265565366,20.999277114868164,25289
2021-08-20,21.89924430847168,21.89924430847168,20.999275730068184,20.999275730068184,29570
2021-08-23,22.59922218322754,22.89921109024937,21.5992566167775,21.5992566167775,67396
2021-08-24,23.149202346801758,23.149202346801758,21.99924233355005,22.399228176339825,88943
2021-08-25,22.69921875,23.499190427160375,22.099239038488257,22.99920765211441,81087
2021-08-26,23.049205780029297,23.049205780029297,22.099239626533773,22.099239626533773,83007
2021-08-27,23.24919891357422,23.699184171588822,23.04920504172708,23.699184171588822,30903
2021-08-30,24.99913787841797,25.199131744358453,23.49918960571289,23.49918960571289,251997
2021-08-31,24.99913787841797,25.649115081800264,23.799178497340762,24.99913787841797,16610
2021-09-01,24.34916114807129,25.099135298993712,24.29916172697339,24.99913836408081,136222
2021-09-02,23.799179077148438,24.199166818774117,23.149201857931068,23.149201857931068,124537
2021-09-03,23.799179077148438,24.199166818774117,23.499190178212082,23.799179077148438,92365
2021-09-06,23.5491886138916,23.69918497651292,23.499191097873148,23.5491886138916,33756
2021-09-07,24.299161911010742,24.699149653691784,23.549187754408152,23.549187754408152,127555
2021-09-08,23.799179077148438,23.999172947961277,23.299196307399242,23.999172947961277,73815
2021-09-09,23.799179077148438,23.999172947961277,23.69918404902492,23.999172947961277,92692
2021-09-10,23.499191284179688,23.499191284179688,22.799214610673904,23.499191284179688,81300
2021-09-13,25.249130249023438,25.49912163762763,24.69914995700739,24.999138860419244,196190
2021-09-14,24.799144744873047,24.999138616719975,23.999173072051175,23.999173072051175,119662
2021-09-15,25.099136352539062,25.799111111745283,24.099170776001912,25.599119140807638,163840
2021-09-16,26.29909324645996,26.599084056335876,23.999173240492592,23.999173240492592,172173
2021-09-17,26.099102020263672,26.69908174973882,25.899108141344293,26.499087870819444,52947
2021-09-20,24.399158477783203,25.89910676831024,23.299196016606803,25.89910676831024,44363
2021-09-21,24.99913787841797,24.99913787841797,24.399158187879365,24.399158187879365,8805
2021-09-22,24.899141311645508,24.99913824608643,23.999172716242974,24.99913824608643,12576
2021-09-23,25.399124145507812,25.399124145507812,24.69914941708719,24.69914941708719,30359
2021-09-24,24.799144744873047,24.999138616719975,24.399158908462113,24.999138616719975,2447
2021-09-27,24.99913787841797,24.99913787841797,23.599186538683135,24.79914401247748,7354
2021-09-28,24.799144744873047,25.499121389054373,24.499155844385573,24.799144744873047,10987
2021-09-29,24.899141311645508,24.99913824608643,24.499155481164703,24.499155481164703,68540
2021-09-30,25.199132919311523,25.199132919311523,24.79914516878043,24.999139044045975,18066
2021-10-01,25.999103546142578,26.149097992836825,24.999138025137093,25.199131892251337,17855
2021-10-04,25.999103546142578,26.199097413256823,25.04913553827422,25.999103546142578,31165
2021-10-05,25.999103546142578,26.0991004796997,25.999103546142578,26.049101059279703,520
2021-10-06,25.949106216430664,25.999103729921206,25.34912651812975,25.999103729921206,1166
2021-10-07,25.3491268157959,26.099100970658007,25.29912739443535,25.949106521142166,13172
2021-10-12,25.799110412597656,26.199098158199355,25.59911844707973,26.049101799957256,21128
2021-10-13,25.499120712280273,25.79910960480572,25.19913181975483,25.79910960480572,13948
2021-10-14,26.499086380004883,26.699080247672786,25.949106104842457,25.949106104842457,300834
2021-10-15,27.39905548095703,27.44905490244797,26.99906964544407,26.99906964544407,7126
2021-10-18,27.999034881591797,27.999034881591797,27.399055181243966,27.399055181243966,12917
2021-10-19,28.29902458190918,28.39902151935454,27.299059022021464,27.899038739410685,3153
2021-10-20,29.798973083496094,29.998966959472426,27.949038313488327,27.99903582884093,31415
2021-10-21,30.2989559173584,30.998932577175545,28.899004505007063,29.99896701016988,60150
2021-10-22,31.198925018310547,31.198925018310547,29.798971763075393,30.298954523578555,53164
2021-10-25,32.04889678955078,32.99886487461191,31.49891647122046,31.49891647122046,61754
2021-10-26,33.498844146728516,33.99882689518715,32.19888976364919,32.19888976364919,61202
2021-10-27,33.54884338378906,33.69883974186593,32.998863095116945,33.198856967697495,36761
2021-10-28,35.498775482177734,35.79876437122666,33.99882722236741,33.99882722236741,52792
2021-10-29,35.898765563964844,36.998726167440765,34.99879502325478,34.99879502325478,26614
2021-11-01,35.898765563964844,36.0987556267307,34.798801145922994,35.54877532499274,34097
2021-11-02,34.99879455566406,36.29874901910412,34.898799525617086,35.49877733503069,24061
2021-11-03,34.2988166809082,35.19878717756363,34.24881916766418,35.19878717756363,20763
2021-11-04,33.498844146728516,33.94882938325441,32.99886139826988,33.498844146728516,18060
2021-11-05,33.99882888793945,34.49881166570327,33.09885836213824,34.49881166570327,36996
2021-11-08,33.59884262084961,33.998830386517405,33.19885866974785,33.49884758671568,49275
2021-11-09,32.9488639831543,33.998826995089516,32.9488639831543,33.148857846038545,89525
2021-11-10,33.79883575439453,33.89883460087762,32.99886405535961,33.49884684407718,37792
2021-11-11,33.498844146728516,33.99882689518715,32.99886139826988,33.89883187132168,174899
2021-11-12,35.7487678527832,35.998759236369104,33.99882816768193,34.998793702025516,83837
2021-11-15,35.44878005981445,36.99872592342305,34.99879479242721,36.99872592342305,37176
2021-11-16,34.3988151550293,34.998792936689114,34.3988151550293,34.998792936689114,9000
2021-11-17,32.34888458251953,34.498812078452346,31.498915375978232,34.498812078452346,4929
2021-11-18,31.348920822143555,32.698874715400066,31.19892636895571,32.698874715400066,7471
2021-11-19,30.39895248413086,31.998897753249942,30.39895248413086,31.998897753249942,6296
2021-11-23,29.49898338317871,31.998897229210804,28.999000613972292,30.29895505099582,12672
2021-11-24,29.348989486694336,29.548981453774232,28.799007285838005,29.498983938824992,30624
2021-11-25,30.94893455505371,32.898868141704334,28.99900096840309,29.39898680720034,38068
2021-11-26,28.999000549316406,29.99896608549973,28.69901165137457,29.99896608549973,27039
2021-11-29,27.6490478515625,28.749010368871573,27.49905339631194,28.749010368871573,9288
2021-11-30,27.999034881591797,28.499017647334508,27.799041012381558,27.999034881591797,7620
2021-12-01,29.9489688873291,30.99893194847726,28.499018081664577,28.499018081664577,19412
2021-12-02,30.548946380615234,31.298920533075016,29.098997496896068,30.498948866697745,39518
2021-12-03,30.04896354675293,31.898900166907755,29.998966032944516,31.198925437175454,34323
2021-12-06,30.698942184448242,30.79893721048363,29.498982799194962,29.498982799194962,28346
2021-12-07,30.798938751220703,30.99893262786203,30.04896457474017,30.698943720183,13101
2021-12-09,30.39895248413086,30.49894942106635,30.298955547195366,30.298955547195366,8817
2021-12-10,29.998966217041016,29.998966217041016,29.398986511243614,29.998966217041016,2535
2021-12-13,29.998966217041016,30.79893788658228,28.499017906188964,30.298955116298263,23916
2021-12-14,29.39898681640625,29.498983752957606,28.999000977483746,28.999000977483746,11270
2021-12-15,28.84900665283203,28.99900110467549,27.599049708664985,28.99900110467549,1566
2021-12-16,28.19902992248535,28.999001617999742,28.19902992248535,28.849007163501163,3154
2021-12-17,29.49898338317871,29.49898338317871,28.499017844765874,28.499017844765874,2300
2021-12-20,28.4990177154541,28.799006612703618,28.4990177154541,28.799006612703618,6278
2021-12-21,29.698978424072266,29.748975940049913,28.79900787821076,28.79900787821076,4564
2021-12-22,29.39898681640625,29.39898681640625,29.39898681640625,29.39898681640625,200
2021-12-23,29.29899024963379,29.29899024963379,28.499018561692445,29.29899024963379,5348
2021-12-27,29.39898681640625,29.94896901379725,29.298989879854894,29.94896901379725,7090
2021-12-28,28.84900665283203,28.99900110467549,28.699012200988573,28.99900110467549,2078
2021-12-29,28.999000549316406,29.49898331740807,28.849006100345488,28.849006100345488,7317
2021-12-30,29.39898681640625,29.998966528431463,29.39898681640625,29.998966528431463,2230
2022-01-03,29.49898338317871,29.898969217087267,28.999000613972292,29.398986447880848,16361
2022-01-04,28.599014282226562,29.498982869675338,28.549014861806544,29.498982869675338,15750
2022-01-05,28.39902114868164,28.59901502096198,28.349023634253015,28.59901502096198,1608
2022-01-06,28.4990177154541,28.999000482391892,27.99903494851631,28.999000482391892,12438
2022-01-07,28.899003982543945,28.999000918893266,27.749043982734072,27.999035369965913,4445
2022-01-10,27.999034881591797,28.8990034784721,27.999034881591797,28.8990034784721,5585
2022-01-11,28.74901008605957,28.799007601556923,28.699012570562214,28.799007601556923,1750
2022-01-12,28.249027252197266,28.99900142703436,28.199029736787978,28.99900142703436,5940
2022-01-13,28.04903221130371,28.84900577561545,27.999034697970487,28.79900635499935,3849
2022-01-14,28.04903221130371,28.999000222898,27.69904580340538,28.09903163191981,32806
2022-01-17,28.64901351928711,28.64901351928711,27.899039333403767,27.99903627297814,1722
2022-01-18,28.4990177154541,28.4990177154541,28.4990177154541,28.4990177154541,500
2022-01-19,28.39902114868164,28.59901502096198,28.39902114868164,28.59901502096198,500
2022-01-20,28.599014282226562,28.599014282226562,27.49905182766345,27.49905182766345,1809
2022-01-21,28.599014282226562,28.599014282226562,28.599014282226562,28.599014282226562,0
2022-01-24,27.199064254760742,27.999035947490132,26.999070377936913,27.999035947490132,7140
2022-01-25,27.599048614501953,27.849039993424466,26.899071990605776,26.999068923631352,38451
2022-01-26,28.04903221130371,28.09903163191981,27.24906055427485,27.24906055427485,3537
2022-01-27,27.349058151245117,28.499018151333573,27.199063700326263,27.399055665790428,30550
2022-01-28,27.999034881591797,28.499017647334508,27.69904598505933,28.499017647334508,16407
2022-01-31,30.348955154418945,30.49894960709561,28.49901848531885,28.49901848531885,80614
2022-02-01,30.348955154418945,30.448952091964372,29.09899820330847,29.49898404620723,10060
2022-02-02,30.19896125793457,30.998932958465655,29.89897043977318,29.998967379160312,41365
2022-02-03,29.998966217041016,30.0989631525544,28.99900067647298,29.89896928152763,24695
2022-02-04,29.798973083496094,30.19896083544876,29.098998332144845,30.19896083544876,23950
2022-02-07,31.348920822143555,31.498915275331402,29.898969991000836,30.098963866773264,39708
2022-02-08,31.098928451538086,31.29892041372836,30.698942619874646,31.29892041372836,7586
2022-02-09,30.998931884765625,30.998931884765625,30.498949112430697,30.998931884765625,1762
2022-02-10,30.998931884765625,31.198925756612763,30.798938012918487,30.998931884765625,24133
2022-02-11,31.49891471862793,32.89886800972662,30.798938073078585,30.798938073078585,39790
2022-02-14,31.448917388916016,31.49891490362765,30.498949351131532,31.49891490362765,25972
2022-02-15,31.84890365600586,31.998898109437256,30.798938667420177,31.448917811094486,20625
2022-02-16,32.898868560791016,33.09885862181285,31.198926340144098,31.198926340144098,60063
2022-02-17,32.998863220214844,33.3488496376332,32.998863220214844,32.998863220214844,5390
2022-02-18,32.998863220214844,32.998863220214844,31.798903794748405,32.998863220214844,49819
2022-02-21,33.298851013183594,33.59883990591096,32.49887936105538,33.59883990591096,15217
2022-02-22,33.748836517333984,33.79883403074281,33.198856240705396,33.29885126752304,19946
2022-02-23,34.09882354736328,34.34881493353036,33.89883349008228,33.99882851872278,33463
2022-02-24,33.198856353759766,33.798834145840324,32.598874747113435,33.798834145840324,3440
2022-02-25,33.6988410949707,34.99879559709236,33.498847214359834,33.498847214359834,5340
2022-03-02,34.2988166809082,34.99879331002179,33.898832760390256,34.99879331002179,9038
2022-03-03,34.898799896240234,35.898765465593065,33.59884160442881,35.898765465593065,9801
2022-03-04,33.948829650878906,34.49880991560587,32.99886165840561,34.19882102707895,4009
2022-03-07,32.39888381958008,33.94882958615208,32.39888381958008,33.94882958615208,3352
2022-03-08,32.9488639831543,34.498809745017304,31.99889599537837,31.99889599537837,8886
2022-03-09,33.39884948730469,33.44884699978299,31.698907361082767,32.39888397947599,14991
2022-03-10,34.3988151550293,34.3988151550293,31.79890253385011,31.898899466554365,38125
2022-03-11,33.198856353759766,35.4987763094896,32.998862484877655,35.4987763094896,3753
2022-03-14,30.098962783813477,33.49884519863642,29.598980019654725,33.49884519863642,67094
2022-03-15,29.998966217041016,30.0989631525544,29.89896928152763,30.0989631525544,11121
2022-03-16,31.39891815185547,31.39891815185547,29.798972876981708,29.848972299270756,62912
2022-03-17,31.49891471862793,31.49891471862793,30.048963913111255,31.49891471862793,7765
2022-03-18,31.298921585083008,31.89890130867371,30.998932676929137,31.89890130867371,18579
2022-03-21,30.698942184448242,31.198924943756634,30.098962491821602,31.198924943756634,4358
2022-03-22,28.39902114868164,30.99893195191144,27.999035311403883,30.34895472792472,328678
2022-03-23,28.19902992248535,28.999001617999742,27.599050197208072,28.399021892722462,98162
2022-03-25,28.949003219604492,29.398986569380206,28.29902409112361,28.29902409112361,53347
2022-03-28,28.599014282226562,29.298989002561004,27.899037654609256,29.298989002561004,4448
2022-03-29,28.149030685424805,29.498984599396138,27.99903622993532,29.198995688417167,35378
2022-03-30,28.149030685424805,28.799007930734565,27.599050379535697,27.599050379535697,12470
2022-03-31,28.449020385742188,28.899003734527913,27.199063460310335,27.599049294991946,120175
2022-04-01,28.39902114868164,28.699011957102147,27.799041439123545,27.999035311403883,67597
2022-04-04,28.449020385742188,28.999000670019043,27.99903512967356,27.99903512967356,33792
2022-04-05,28.74901008605957,28.799007601556923,27.799042033346158,28.19902978645683,24342
2022-04-06,28.699012756347656,28.8990047269147,28.59901581742265,28.8990047269147,10423
2022-04-07,28.349023818969727,28.349023818969727,27.699046590747884,27.99903549384014,22067
2022-04-08,28.39902114868164,28.799006985959398,27.84904086083509,28.799006985959398,23805
2022-04-11,28.449020385742188,28.69901177082856,27.99903512967356,28.19902900065582,20492
2022-04-12,28.099031448364258,28.44901976125918,27.699045622462712,28.44901976125918,19835
2022-04-13,28.19902992248535,28.399021892722462,27.499053258448033,27.499053258448033,39882
2022-04-18,27.949037551879883,28.09903200113332,27.549049810826844,28.09903200113332,18491
2022-04-19,27.6490478515625,28.599015913621013,27.04906812327728,27.04906812327728,88846
2022-04-20,27.199064254760742,27.799042070666303,26.849075923960523,27.799042070666303,72277
2022-04-21,27.199064254760742,27.299059285889694,26.249096200771998,26.299093716336476,188514
2022-04-22,27.949037551879883,28.149029515123498,26.99906952780327,27.19906339832979,85478
2022-04-25,28.899003982543945,29.198994791591907,26.54908456110808,27.499052595502235,44400
2022-04-26,28.64901351928711,28.899004914581557,28.149030728698214,28.899004914581557,22657
2022-04-27,28.899003982543945,28.999000918893266,28.59901508077891,28.649012595312108,68166
2022-04-28,29.14899444580078,29.398985825108305,28.299023374698624,28.899003066493254,31675
2022-04-29,30.19896125793457,30.29895629003872,28.299025131428035,28.999001799854966,139730
2022-05-02,29.998966217041016,30.398952051811648,28.99900067647298,29.998966217041016,57501
2022-05-03,31.49891471862793,31.74890610528371,28.999000852070157,30.09896333481216,66037
2022-05-04,31.198925018310547,32.698873299820036,31.198925018310547,32.49887943270562,51365
2022-05-05,30.94893455505371,32.69887426866424,30.498949294354976,32.69887426866424,8312
2022-05-06,30.898935317993164,30.9989322551114,29.998966698494904,30.9989322551114,15505
2022-05-09,29.448986053466797,29.998966340122546,28.999000795451792,29.998966340122546,680
2022-05-10,28.999000549316406,29.99896608549973,27.54904975893743,29.448985803512063,6284
2022-05-11,29.998966217041016,29.998966217041016,28.99900067647298,28.99900067647298,1200
2022-05-12,29.49898338317871,31.298920589408656,29.49898338317871,31.298920589408656,2679
2022-05-13,30.49894905090332,31.498914593555888,29.498983508250753,29.498983508250753,21929
2022-05-16,31.448917388916016,31.598911840333848,29.498983798635418,29.548981313347053,4604
2022-05-17,31.098928451538086,31.998897049601553,28.999000451201407,30.998931516801505,14289
2022-05-19,31.39891815185547,31.498915089150632,31.39891815185547,31.498915089150632,600
2022-05-20,31.298921585083008,31.398918523561953,29.5989812600728,30.998932676929137,2036
2022-05-23,32.04889678955078,32.09889430675062,31.24892507065522,31.298922587855056,45825
2022-05-24,32.04889678955078,32.39888703908175,30.998933670089976,30.998933670089976,26163
2022-05-26,33.498844146728516,33.498844146728516,31.498913152893977,31.498913152893977,62507
2022-05-27,33.24885559082031,33.49884698624001,33.24885559082031,33.3488506231618,12446
2022-05-30,33.99882888793945,34.198822761958155,32.79886945839312,32.99886333241182,12157
2022-05-31,33.99882888793945,33.99882888793945,32.54887806951122,33.99882888793945,5248
2022-06-01,34.198822021484375,34.54880843251478,33.89883312423463,33.99882815179595,23259
2022-06-02,34.79880142211914,35.99876088106793,33.89883468883202,34.49881251102343,144469
2022-06-03,34.84879684448242,35.398780932108316,33.09885718456735,33.99882767834997,362082
2022-06-06,35.648773193359375,36.748733766671506,33.99882851882534,34.848797705969645,151574
2022-06-07,34.99879455566406,35.99876011439732,34.49881177629743,35.99876011439732,81977
2022-06-08,34.648807525634766,35.49877670976045,33.948830883937596,34.998793939200446,228150
2022-06-09,34.148826599121094,34.99879582914536,33.74883883524731,34.99879582914536,258258
2022-06-10,33.498844146728516,34.39881461978032,33.498844146728516,34.39881461978032,213700
2022-06-13,32.04889678955078,33.998830476872875,31.598913412903162,33.998830476872875,102778
2022-06-14,30.998931884765625,32.69887407361755,30.498949112430697,32.29888632992328,62277
2022-06-15,31.49891471862793,31.49891471862793,30.998931945316375,31.49891471862793,14060
2022-06-16,31.348920822143555,31.498915275331402,29.99896692888705,30.998932493183283,7355
2022-06-21,30.84893798828125,31.49891522252761,30.59894659762627,30.698943535344853,3808
2022-06-22,31.39891815185547,31.39891815185547,30.09896368886719,30.09896368886719,35657
2022-06-23,30.348955154418945,30.49894960709561,29.998966826651422,30.24895821687352,29822
2022-06-24,29.998966217041016,30.34895453769641,29.998966217041016,30.34895453769641,4200
2022-06-27,29.998966217041016,31.448917013777827,29.998966217041016,29.998966217041016,10332
2022-06-28,31.898900985717773,31.998897923184312,30.9989323630848,30.9989323630848,167300
2022-06-29,35.59877014160156,36.99872336221431,30.998930384557934,31.698906994864306,138662
2022-06-30,36.99872589111328,36.99872589111328,33.99882919723923,33.99882919723923,65340
2022-07-01,37.09872055053711,37.99869107552052,36.198753840119565,36.99872552090156,14834
2022-07-04,36.99872589111328,36.99872589111328,35.49877754417626,35.49877754417626,37120
2022-07-05,36.99872589111328,37.99869145573796,36.99872589111328,37.99869145573796,700
2022-07-06,37.99869155883789,37.99869155883789,36.49874320783113,37.99869155883789,13257
2022-07-07,38.9986572265625,39.99862279647436,38.49867444160657,38.9986572265625,13877
2022-07-08,39.398643493652344,39.99862128713303,37.04872220429381,37.998690222776375,12092
2022-07-11,39.49863815307617,39.49863815307617,38.048687382012126,39.44864063984619,67084
2022-07-12,39.99862289428711,40.998588466644286,39.99862289428711,39.99862289428711,44856
2022-07-13,40.99858856201172,41.7985602588451,39.99862298732851,39.99862298732851,15437
2022-07-14,40.99858856201172,41.59856638099527,40.99858856201172,41.39857631771138,29952
2022-07-15,41.84855651855469,42.84852206322329,40.99858733141271,41.74856148991416,7114
2022-07-18,41.99855422973633,42.74852841241019,40.998588652837846,41.99855422973633,39792
2022-07-19,43.89849090576172,43.998485938887335,42.89852531624155,42.89852531624155,10489
2022-07-20,44.94845199584961,45.99841505484041,43.99848396549952,45.99841505484041,21810
2022-07-21,47.24837112426758,47.49836250587746,43.498500400119354,43.54849791352818,31791
2022-07-22,47.94834899902344,48.99831206609808,47.24837234945172,47.24837234945172,6164
2022-07-25,48.84831619262695,48.99831255279861,47.9983469904966,48.498329771647605,423
2022-07-26,48.39833450317383,48.998312311777404,46.99838119701098,46.99838119701098,18011
2022-07-27,50.5982551574707,50.99824290213733,49.89828232615286,49.89828232615286,32383
2022-07-28,51.398231506347656,51.99820931881532,50.99824375499195,50.99824375499195,1600
2022-07-29,50.99824142456055,51.99820694268919,50.99824142456055,50.99824142456055,4178
2022-08-01,49.048309326171875,51.998208453260396,47.998346264548054,51.998208453260396,30312
2022-08-02,49.598289489746094,49.99827723343995,48.998311688771146,48.998311688771146,9321
2022-08-03,51.09823989868164,51.39823262601647,48.99831369473373,48.99831369473373,2759
2022-08-04,50.89824676513672,52.99817284250397,49.398298477141324,51.09823681855017,16358
2022-08-05,57.79800796508789,57.99800183778653,51.49822576975873,51.49822576975873,25806
2022-08-08,59.49795150756836,61.4978826506799,58.39799090468338,59.99793429334624,34981
2022-08-09,58.99796676635742,59.49794953556384,57.998001227944584,59.49794953556384,2438
2022-08-10,57.198028564453125,61.1978906484769,56.998034697338795,61.1978906484769,9447
2022-08-11,59.49795150756836,59.99793429334624,57.09803261000813,57.9980031502347,12008
2022-08-12,60.29792022705078,61.197890722876544,58.897970784679956,58.99796581107582,21091
2022-08-16,58.49798583984375,60.29792310277191,57.99800305488782,60.29792310277191,6495
2022-08-17,58.29798889160156,58.89797049067905,57.19802834847474,58.49798275796073,9900
2022-08-18,60.09792709350586,60.39791980548794,58.4979837642418,59.99793206588903,42885
2022-08-19,61.79787063598633,61.9978645102228,60.097928426825106,60.097928426825106,14164
2022-08-22,59.49795150756836,62.89783597668435,59.49795150756836,62.89783597668435,7950
2022-08-23,59.99793243408203,61.197891845676835,58.997966893514,60.1979263051088,28025
2022-08-24,62.397850036621094,62.997827823398595,59.7979373932652,60.69790788799719,95022
2022-08-25,63.79780197143555,63.997795846368625,62.997830286269114,62.997830286269114,22979
2022-08-26,62.2978515625,63.797799852839,59.59794387697664,63.797799852839,65277
2022-08-29,63.99779510498047,67.49767452478409,61.99786400794983,63.297818458106576,36206
2022-08-30,61.99786376953125,64.99776040354082,60.997898224861395,64.99776040354082,25857
2022-08-31,60.39792251586914,64.49777986519467,59.997934758320625,60.997900337625964,8336
2022-09-01,59.99793243408203,59.99793243408203,58.997966893514,59.99793243408203,16983
2022-09-05,61.49788284301758,61.89787059871724,59.99793448099276,60.09792951263471,7206
2022-09-06,61.89786911010742,62.497846914661835,59.99793303807536,61.49788136402724,8127
2022-09-07,63.99779510498047,64.09779013400566,60.19792678353542,62.99782955646515,67032
2022-09-08,66.89769744873047,67.9976580382284,65.99772691945698,66.89769744873047,65682
2022-09-09,64.69776916503906,66.99769302192195,62.997830751956464,66.99769302192195,6656
2022-09-12,64.69776916503906,66.99769302192195,64.69776916503906,66.89769799099918,6167
2022-09-13,62.99782943725586,63.99779498387897,62.49784666394431,63.99779498387897,9567
2022-09-14,63.4978141784668,65.89773309056594,62.99783138965997,65.89773309056594,27600
2022-09-15,62.49784851074219,64.99776245117188,62.49784851074219,64.99776245117188,3408
2022-09-16,60.99789810180664,61.99786364445921,60.49791533048035,61.99786364445921,8454
2022-09-19,60.09792709350586,60.99789760032051,58.097996024642896,60.99789760032051,42174
2022-09-20,58.99796676635742,59.99793230477026,58.99796676635742,59.99793230477026,9154
2022-09-21,58.69797897338867,60.697910087885276,58.69797897338867,60.697910087885276,5622
2022-09-22,58.49798583984375,58.697979716739304,57.898008023723,58.59798087100856,46848
2022-09-23,57.39802551269531,57.69801442218736,54.69811769813498,56.99803775699529,10605
2022-09-26,55.49808883666992,56.99803718360695,54.99810605435758,54.99810605435758,19110
2022-09-27,55.398094177246094,56.998037565540145,54.298129760048745,56.998037565540145,22817
2022-09-28,56.29806137084961,56.498055249690914,55.79807858102934,56.498055249690914,42740
2022-09-29,58.49798583984375,58.997968624799675,54.098135806405196,54.098135806405196,53391
2022-09-30,59.39795684814453,61.997865824641835,58.99796909119143,58.99796909119143,12674
2022-10-03,61.397884368896484,61.397884368896484,58.997965598389925,60.09792614304209,8507
2022-10-04,60.39792251586914,61.19789421640023,59.997934758320625,61.19789421640023,14557
2022-10-05,60.89790344238281,62.99782956885153,58.49798459964784,58.997967374003814,74634
2022-10-06,63.09782409667969,63.09782409667969,59.997932446122995,62.99782906842914,108198
2022-10-11,62.2978515625,62.99782819423802,59.99793161356001,62.99782819423802,12067
2022-10-12,61.79787063598633,62.697841162767524,61.49788173191455,62.29785341429457,3365
2022-10-13,61.79787063598633,62.79783619260282,61.69787560615102,61.69787560615102,28984
2022-10-14,62.19785690307617,62.897833538949364,60.99789750080296,61.39788523974929,5181
2022-10-17,62.09785842895508,62.9978289396333,60.49791509282246,61.99786340090896,16155
2022-10-18,62.19785690307617,62.39785077254934,60.89790247334927,60.99789750080296,42648
2022-10-19,61.79787063598633,62.9978300668393,60.29792230106158,62.9978300668393,75070
2022-10-20,62.2978515625,64.49777648457702,60.997897140452686,61.49787990389902,15128
2022-10-21,64.39778137207031,64.99775916158168,60.997897059330505,62.79783424243038,27100
2022-10-24,64.4977798461914,64.99776263569676,64.29778978204203,64.4977798461914,10557
2022-10-25,65.6977310180664,65.99772372300535,61.99786167918685,61.99786167918685,20799
2022-10-26,64.99775695800781,67.99765343299279,64.99775695800781,67.99765343299279,4488
2022-10-27,68.99761962890625,69.49760237984036,64.99775762143342,64.99775762143342,17715
2022-10-28,67.9976577758789,70.89755941273539,67.0976872500777,70.79756438300898,6778
2022-10-31,69.99758911132812,69.99758911132812,67.99765799386161,69.99758911132812,29339
2022-11-01,69.79759979248047,70.99755542405113,68.99762428534547,69.99758985469829,38050
2022-11-02,70.8975601196289,71.4975379331013,68.9976240193565,68.9976240193565,94238
2022-11-03,69.99758911132812,70.8975596400144,69.99758911132812,70.8975596400144,12360
2022-11-04,70.99755096435547,71.99751647089569,70.99755096435547,71.99751647089569,910
2022-11-07,70.8975601196289,73.9974518468461,69.79759952340756,73.9974518468461,28167
2022-11-08,70.8975601196289,70.99755515035234,70.49757236760338,70.49757236760338,10631
2022-11-09,69.09761810302734,70.79756411855342,69.09761810302734,70.79756411855342,10025
2022-11-10,70.8975601196289,72.3975084678758,68.9976240193565,68.9976240193565,5206
2022-11-11,71.09754943847656,71.89752493417205,69.59760110589633,70.89755937911856,40932
2022-11-14,71.99752044677734,73.99745157029894,69.99758932325575,69.99758932325575,13913
2022-11-15,73.99745178222656,74.99741734685124,72.99748621760187,72.99748621760187,23812
2022-11-16,73.99745178222656,75.49740012916358,71.99752065297719,73.99745178222656,130110
2022-11-17,75.99738311767578,75.99738311767578,72.49750363199334,74.49743476666903,13000
2022-11-18,80.49722290039062,81.99717115319294,74.99741264011548,74.99741264011548,43582
2022-11-22,81.99717712402344,83.99710827338987,80.49722876199863,80.49722876199863,23851
2022-11-23,79.49726104736328,84.99707156007395,78.99727827348049,83.99710601230838,76533
2022-11-24,80.7972183227539,80.7972183227539,77.99731177160767,79.99724284267452,28840
2022-11-25,81.4971923828125,83.49712348423121,80.49722683210314,80.89721457821322,41917
2022-11-28,81.99717712402344,83.49712548604826,81.09720658098217,81.99717712402344,34853
2022-11-29,82.49715423583984,83.9971024946733,79.99724047111742,83.9971024946733,38044
2022-11-30,84.9970703125,84.9970703125,81.9971737132353,83.99710477941177,8685
2022-12-01,88.99693298339844,88.99693298339844,87.49698467468947,88.99693298339844,33076
2022-12-02,92.49681091308594,92.49681091308594,87.99696605785472,89.09692660775161,28679
2022-12-05,88.99693298339844,95.9966917573736,88.59694524191639,94.99672621823429,29729
2022-12-06,87.9969711303711,89.99690229242498,85.9970399683172,87.9969711303711,41622
2022-12-07,90.09689331054688,90.99686381920044,87.99696720977626,88.49694997801362,24396
2022-12-12,91.4968490600586,92.99679740530546,89.99690071481173,92.99679740530546,5772
2022-12-13,90.49687957763672,93.9967588983188,90.49687957763672,92.99679337812391,5139
2022-12-14,88.29695892333984,92.19681836816126,88.0969612408288,91.49684555220139,4730
2022-12-15,90.99686431884766,90.99686431884766,90.49688154786497,90.79687426210724,7371
2022-12-16,91.99683380126953,94.8967355230055,91.99683380126953,91.99683380126953,24690
2022-12-19,93.49678039550781,93.9967631783715,88.09696481475372,91.99683204691678,5765
2022-12-20,92.39682006835938,95.99669458964469,91.99683231507616,91.99683231507616,1102
2022-12-21,96.89665985107422,96.99665487666718,91.99682730570495,91.99682730570495,8145
2022-12-22,96.99665832519531,97.99662387493959,95.09672225485484,97.99662387493959,11124
2022-12-23,104.99638366699219,104.99638366699219,97.99662475585937,97.99662475585937,21953
2022-12-26,114.99604034423828,114.99604034423828,97.99662568465523,97.99662568465523,24141
2022-12-27,113.74607849121094,113.99606987251029,111.99613882211538,111.99613882211538,29172
2022-12-28,113.9960708618164,114.4960536287542,111.99613979406524,113.9960708618164,16690
2022-12-29,109.99620819091797,112.996104777943,108.99624266190962,112.996104777943,25063
2022-12-30,111.24617004394531,113.49609258415994,106.99631635687325,108.99624750373069,21767
2023-01-02,116.2459945678711,119.99586536038306,111.99614100302419,112.99610654769405,41038
2023-01-03,110.99617767333984,118.49591940802496,110.4961948910275,114.99603993183857,20351
2023-01-04,114.24606323242188,114.24606323242188,108.99624413421431,111.74614937613255,17226
2023-01-05,114.49605560302734,114.99603837858642,108.99624507187757,108.99624507187757,147972
2023-01-06,112.24613189697266,116.24599405811199,111.49615774175902,114.99603713275594,45478
2023-01-09,113.74607849121094,115.74600954160584,111.99613882211538,115.74600954160584,46412
2023-01-10,111.99613952636719,113.99607058933803,110.99617399488177,113.99607058933803,26794
2023-01-11,111.99613952636719,114.49605335508075,110.99617399488177,114.49605335508075,39979
2023-01-12,113.24610137939453,113.49609277316803,111.74615301675354,112.99610998562103,13570
2023-01-13,112.99610900878906,115.74601431652509,111.49616065911488,111.74615205072725,23712
2023-01-16,113.9960708618164,114.99603639569199,110.24620010978298,112.24613117753414,46109
2023-01-17,112.99610900878906,115.99600570813745,111.9961434423396,112.99610900878906,61016
2023-01-18,107.99627685546875,116.99596659342447,107.49629409224899,116.7459752118146,55616
2023-01-19,104.99638366699219,107.99628034319196,102.99645254952567,107.99628034319196,25378
2023-01-20,106.9963150024414,108.99624612398236,103.99641832012996,108.99624612398236,88899
2023-01-23,107.49629974365234,110.4961964806845,106.24634276988894,106.49633416464162,30789
2023-01-24,107.49629974365234,107.49629974365234,103.99642021711483,104.99638579612555,32257
2023-01-25,111.99613952636719,112.4961222921099,107.9962774004255,107.9962774004255,55376
2023-01-26,116.9959716796875,118.49592003455528,111.49616104517227,111.9961438301282,97344
2023-01-27,117.99593353271484,120.74583876335015,116.7459766096988,118.74590768652448,43838
2023-01-30,115.24603271484375,118.99590362747425,114.99604132066838,118.99590362747425,33643
2023-01-31,116.9959716796875,117.49595446464342,116.49598889473157,116.49598889473157,15211
2023-02-01,114.99604034423828,116.99597148065982,114.99604034423828,116.99597148065982,11013
2023-02-02,115.99600219726562,117.24595911749479,113.24609697276149,114.9960366610823,32612
2023-02-03,111.24617004394531,117.74594627123201,111.24617004394531,114.49605815758866,48154
2023-02-06,112.99610900878906,112.99610900878906,110.74618648427779,111.9961434423396,25561
2023-02-07,111.99613952636719,114.49605335508075,111.24616537775313,112.99610505785262,11138
2023-02-08,112.24613189697266,113.99607159247111,111.99614051190144,112.99610605218628,12614
2023-02-09,110.74618530273438,112.9961078032414,110.74618530273438,110.9961766916796,34557
2023-02-10,111.74614715576172,111.74614715576172,110.24619887179176,110.49619025245342,20317
2023-02-13,111.24617004394531,113.24610119080276,109.99621307715941,113.24610119080276,12141
2023-02-14,109.99620819091797,112.49612201343882,109.99620819091797,111.2461651021784,51890
2023-02-15,110.4961929321289,110.4961929321289,108.99624461178327,109.4962273852318,3431
2023-02-16,110.99617767333984,111.246169064496,109.24623793524664,111.246169064496,11554
2023-02-17,110.4961929321289,112.74611541264737,107.99627906488617,112.74611541264737,73347
2023-02-22,79.99724578857422,93.99676380157472,77.99731464385987,93.99676380157472,267960
2023-02-23,83.29713439941406,84.7970827430112,78.79728936862264,82.99714167904192,136031
2023-02-24,86.49701690673828,86.99699966342463,81.69717939089676,84.3970908544819,88166
2023-02-27,86.49701690673828,87.99696517679733,82.99713760993384,87.99696517679733,19193
2023-02-28,85.49705505371094,87.39699113628642,83.99710671943531,87.39699113628642,30427
2023-03-01,82.99713897705078,86.99700109642673,81.9971734472068,86.99700109642673,50441
2023-03-02,81.4971923828125,83.49712348423121,80.49722683210314,83.49712348423121,27634
2023-03-03,82.69715118408203,82.9971439125271,81.59719056167012,81.99717832321954,8118
2023-03-06,81.89717864990234,82.99713920999159,80.59722040580407,81.99717367734108,41734
2023-03-07,77.997314453125,81.4971939478165,77.6973217304987,80.49722837790465,67441
2023-03-08,78.09730529785156,79.9972413046636,76.99734475573872,79.89724627885907,25975
2023-03-09,79.49726104736328,80.99720936901164,77.39733492288191,80.7972193111112,30540
2023-03-10,77.8973159790039,79.99724205717854,76.99734548003434,79.99724205717854,34200
2023-03-13,78.49729919433594,79.9972475865844,71.99752282792596,76.99735080208748,69557
2023-03-14,78.79728698730469,79.49725980817689,76.29737315685887,77.19733603251412,12014
2023-03-15,75.39740753173828,77.89732152397674,73.99745417025834,74.99741976715372,39746
2023-03-16,79.49726104736328,81.99717491677723,73.99745053465261,75.99738163018377,32032
2023-03-17,78.19730377197266,79.4972620521511,75.49739981053344,78.4972964917467,7597
2023-03-20,78.49729919433594,78.99728199175209,77.99731639691979,78.99728199175209,25737
2023-03-21,78.39730072021484,78.49729574948338,75.19740637969956,77.99731297400898,18179
2023-03-22,79.29727172851562,81.49719290245055,76.99734789556678,77.99731345265205,30690
2023-03-23,79.29727172851562,79.49726178827999,77.99731345265205,79.29727172851562,78159
2023-03-27,78.6972885131836,79.49726403309393,78.19730572052262,79.29727396768233,22429
2023-03-28,84.3970947265625,85.49705531591162,78.09730865163209,78.09730865163209,278579
2023-03-29,84.59708404541016,87.19699295085114,83.99710624094405,85.9970373419189,65443
2023-03-30,86.29702758789062,86.99700040153776,84.19709388868625,84.19709388868625,57249
2023-03-31,86.49701690673828,87.49698242011098,84.99706863667923,86.99699966342463,87840
2023-04-03,91.3968505859375,91.99682837560427,86.99700074649535,86.99700074649535,107616
2023-04-04,100.24654388427734,102.99644907811039,91.79683824942478,91.79683824942478,122274
2023-04-05,114.49605560302734,115.4960211541455,102.9964517651687,102.9964517651687,144326
2023-04-10,111.99613952636719,118.49591548102242,108.99624293191093,114.99603612082345,70549
2023-04-11,116.9959716796875,117.99593724959935,111.9961438301282,112.24613522260617,222794
2023-04-12,120.99583435058594,121.99579992373127,113.4960925519959,117.99593763114991,160700
2023-04-13,123.74573516845703,124.99569208935053,118.745907484883,121.99579547920612,58529
2023-04-14,126.24565124511719,128.9955565197633,119.99586653001238,124.99569430209623,52518
2023-04-17,128.9955596923828,129.99552527139352,120.4958522707917,129.99552527139352,40432
2023-04-18,135.24534606933594,135.74532886441665,126.99562995050398,128.99556113082687,85885
2023-04-19,137.9952392578125,138.99520475968072,133.9953772503397,134.74535137674084,76272
2023-04-20,142.24510192871094,146.99493837272766,134.9953515667907,138.99521383543635,63817
2023-04-21,151.2447967529297,153.99470214843748,144.49502896395597,146.99494295987216,27654
2023-04-24,159.74449157714844,167.9942071046068,151.99475880892996,151.99475880892996,60256
2023-04-25,158.49453735351562,165.9942788686662,155.9946235151321,162.994382262606,13058
2023-04-26,150.74481201171875,156.99459692099398,145.99497548066958,155.99463133550995,12449
2023-04-27,147.99490356445312,154.9946625168259,143.99504130595437,149.99483469370247,6133
2023-04-28,144.74501037597656,148.99486387578935,129.9955188178028,143.9950362289508,49972
2023-05-02,149.9948272705078,151.99475830078126,144.9949996948242,148.9948617553711,109220
2023-05-03,146.99493408203125,152.99472730986926,146.99493408203125,150.99479623392327,18305
2023-05-04,148.49488830566406,149.99483667238795,146.99493993894018,149.99483667238795,1300
2023-05-05,152.4947509765625,152.9947337666496,142.99507796490778,144.99500912525616,31152
2023-05-08,150.2448272705078,155.49464652621606,147.74491333921816,154.99466373995813,30373
2023-05-09,152.2447509765625,152.49474235747638,145.9949664537151,148.74487164376796,61330
2023-05-10,151.99476623535156,153.24472319452386,150.99480066801374,153.24472319452386,5530
2023-05-11,151.99476623535156,152.99473180268942,148.49488674966912,149.99483510067589,18483
2023-05-12,154.99465942382812,158.24454744400518,150.9947972451487,154.99465942382812,75423
2023-05-15,154.99465942382812,159.9944871471774,145.49498674946446,159.9944871471774,31530
2023-05-16,155.74462890625,155.99462028491172,149.9948271970305,154.99465477026484,31960
2023-05-17,158.99452209472656,158.99452209472656,152.99472880813312,155.99462545142984,40768
2023-05-18,157.9945526123047,164.9943112723435,154.99465604371662,161.99441470375544,10147
2023-05-19,160.99444580078125,162.99437680451766,155.99461829144022,158.99451479704484,57044
2023-05-22,160.49447631835938,160.9944591106284,157.99456235701422,157.99456235701422,29250
2023-05-23,159.99449157714844,163.49437108039857,157.9945604324341,158.49454321861268,54886
2023-05-24,155.99462890625,159.99449118589743,151.99476662660257,159.99449118589743,19953
2023-05-29,154.99465942382812,154.99465942382812,151.99476278981854,154.99465942382812,42769
2023-05-30,155.99462890625,159.99449118589743,149.99483548677884,149.99483548677884,78793
2023-05-31,155.99462890625,157.49457726111777,149.99483548677884,154.24468915890424,117180
2023-06-01,157.2445831298828,161.9944195042354,150.49481565053966,161.74442811611158,25629
2023-06-02,156.49461364746094,157.99456202107876,150.99480294419553,155.994630856255,289011
2023-06-05,157.9945526123047,158.49453537373603,154.49467328228528,154.49467328228528,211174
2023-06-06,159.2445068359375,160.99444647149727,154.9946534352924,159.49449821244605,58893
2023-06-07,157.74456787109375,164.49433543451616,155.24465395871508,164.49433543451616,99033
2023-06-08,156.74459838867188,157.99455531362142,155.99462423370215,155.99462423370215,37024
2023-06-09,156.49461364746094,156.9945964386669,152.9947341090193,155.994630856255,130742
2023-06-12,159.99449157714844,162.99438829422,149.99483585357666,153.4947153568268,315205
2023-06-13,169.24417114257812,179.99380091972859,161.9944208277557,161.9944208277557,40180
2023-06-14,174.49398803710938,178.74384161394443,167.99421197842048,169.9941430734017,40831
2023-06-15,171.74407958984375,184.99362284786665,165.99427779862629,180.9937607322371,34990
2023-06-16,172.2440643310547,175.99393510749275,169.99414186519186,170.99410740557533,34878
2023-06-21,170.244140625,174.99397714757708,168.99418364537445,174.99397714757708,41159
2023-06-22,168.24420166015625,171.99407242524146,165.4942964324271,166.9942447384612,61866
2023-06-23,168.49420166015625,170.9941156313752,165.49430489469353,169.49416724864383,71754
2023-06-26,169.24417114257812,175.99393867706794,164.49433472941863,174.99397311640277,124420
2023-06-27,165.99427795410156,169.9941400734775,163.4943641294916,168.99417454363353,57461
2023-06-28,171.2440948486328,173.99400002138458,164.99431036510606,166.99424139983464,236839
2023-06-29,172.2440643310547,176.99390064787622,168.99417632480836,176.74390926278036,77843
2023-06-30,172.74404907226562,174.9939715638002,168.99417825304133,174.9939715638002,128848
2023-07-03,183.24368286132812,190.99341569720966,169.49415686218344,173.74401035282816,451881
2023-07-04,184.99362182617188,188.2435097771722,182.2437166368639,185.4936045878642,95427
2023-07-05,180.7437744140625,184.7436366417596,178.24386052175183,184.7436366417596,79870
2023-07-06,181.49374389648438,182.99369219314954,177.49388177204395,179.74380421704168,41723
2023-07-07,184.74363708496094,187.99352515276132,177.99386955952934,179.99380067817575,309902
2023-07-10,183.49368286132812,188.493510732209,179.49382056462343,179.9938033517115,149108
2023-07-11,183.74366760253906,187.49353836993782,181.9937279110863,183.4936762180458,64946
2023-07-12,187.49354553222656,189.99345947265624,183.49368322753907,185.4936143798828,64395
2023-07-13,192.7433624267578,194.9932849453581,186.9935604347793,187.99352599860165,57854
2023-07-14,194.9932861328125,195.99325170272434,188.99349271334134,189.9934582832532,32866
2023-07-17,194.9932861328125,199.9931139823718,192.49337220803284,199.9931139823718,66262
2023-07-18,195.49327087402344,196.99321924390085,191.49340855435034,194.99328808406432,33707
2023-07-19,199.99310302734375,199.99310302734375,194.99327545166014,197.9931719970703,25008
2023-07-20,198.4931640625,202.49302631061084,196.24324154793766,199.99311240554155,14132
2023-07-21,199.99310302734375,200.4930857849121,193.99330993652345,199.99310302734375,29972
2023-07-24,199.24313354492188,200.99307323728632,196.99321108331046,198.9931421602984,54082
2023-07-25,199.99310302734375,199.99310302734375,197.9931719970703,198.2431633758545,41440
2023-07-26,199.99310302734375,201.9930340576172,198.49315475463865,198.49315475463865,33856
2023-07-27,198.2431640625,201.99303475725094,190.99341405264818,196.99320716424967,103154
2023-07-28,199.7431182861328,200.99307522159046,194.99328193139374,198.99314412485822,107961
2023-07-31,196.49322509765625,199.74311304456404,192.49336300915434,199.74311304456404,49231
2023-08-01,198.99314880371094,199.99311437558887,192.9933553724433,199.99311437558887,34532
2023-08-02,198.2431640625,198.9931382014502,194.99327612704917,198.9931382014502,37145
2023-08-03,199.99310302734375,201.9930340576172,195.99324096679686,198.99313751220703,86032
2023-08-04,200.24310302734375,201.99304275417447,196.99321496322955,201.99304275417447,96861
2023-08-07,196.9932098388672,204.9929340962831,194.74328739146895,204.9929340962831,43436
2023-08-08,204.2429656982422,204.99293986849278,193.99331870481757,193.99331870481757,65135
2023-08-09,200.24310302734375,208.49281888240284,198.9931460796075,199.9931116377965,97010
2023-08-10,203.9929656982422,204.99293121637083,197.99317258947036,199.99310362572766,39847
2023-08-11,195.24327087402344,203.99296931268006,194.9932794900618,199.99310716929418,42910
2023-08-14,204.2429656982422,214.99259547183388,186.99355978247877,194.99328426515166,28395
2023-08-15,222.49234008789062,223.99228844803372,202.4930286193162,209.9927704200316,74472
2023-08-16,237.99180603027344,238.99177160182919,225.99221917160418,225.99221917160418,14796
2023-08-17,255.49119567871094,258.99107507157,233.99193655114817,245.99152304095063,78150
2023-08-18,258.9910888671875,259.4910716642284,249.99139852045124,249.99139852045124,28527
2023-08-22,262.490966796875,269.9907087053571,259.99105282738094,269.9907087053571,131128
2023-08-23,291.4899597167969,299.98966694696077,261.9909758003457,268.9907346957748,42382
2023-08-24,283.9902038574219,299.98965196206535,279.990341831261,292.98989341628385,13529
2023-08-25,287.4900817871094,293.98985754925275,283.49021977963656,283.9902025305707,16442
2023-08-28,313.98919677734375,324.9888183204991,284.49021172979076,288.99005690653615,36549
2023-08-29,328.4886779785156,339.4882988545085,319.98897093797564,319.98897093797564,61091
2023-08-30,322.4888916015625,339.9882888202519,319.9889777131783,338.98832326489827,28133
2023-08-31,306.48944091796875,322.48888970977134,291.9899404503976,322.48888970977134,44725
2023-09-01,298.4897155761719,314.9891470904326,291.98993952509943,291.98993952509943,11021
2023-09-04,294.4898681640625,297.9897477517508,284.9901949974798,297.9897477517508,4994
2023-09-05,274.49053955078125,294.98983303271575,264.99086696159213,294.98983303271575,13115
2023-09-06,270.99066162109375,273.9905582442055,263.99090283383305,273.9905582442055,4447
2023-09-07,264.9908752441406,269.9907030789357,228.9921148336159,269.9907030789357,50803
2023-09-08,257.9911193847656,277.99043096498,254.99122264773348,266.9908095958621,13221
2023-09-11,244.4915771484375,257.9911120830138,240.99169772095473,257.9911120830138,52199
2023-09-12,249.99139404296875,250.9913596191406,245.4915489501953,249.99139404296875,12659
2023-09-13,249.99139404296875,256.9911530761719,249.99139404296875,254.9912219238281,8221
2023-09-14,255.49119567871094,262.490954464429,241.4916781072747,249.99138520421812,41570
2023-09-15,254.9912109375,269.4907111672794,254.49122817095588,264.9908662683824,48626
2023-09-18,268.99072265625,269.9906881679833,249.99137793331786,249.99137793331786,28842
2023-09-19,274.99053955078125,278.99040194424714,265.9908491654829,273.99057395241476,13639
2023-09-20,270.4906921386719,274.9905372943984,269.99070934359116,274.9905372943984,14700
2023-09-21,269.9906921386719,270.99065766511137,256.99114029495803,270.4906749018916,12876
2023-09-22,270.4906921386719,274.4905544993177,250.99136313052364,256.9911566714923,202029
2023-09-25,271.49066162109375,272.99061002784015,255.49121194913243,272.4906272255913,55073
2023-09-26,272.9906005859375,274.99053172576123,254.99122032752402,266.9908071664663,9842
2023-09-27,286.4901428222656,287.99009121400525,269.9907105131299,269.9907105131299,41019
2023-09-28,298.98968505859375,306.98940907353943,277.99040951936144,277.99040951936144,16173
2023-09-29,301.9895935058594,323.98883541688224,294.9898347159885,309.98931783714045,9129
2023-10-02,290.489990234375,294.98983517776463,284.9901797480099,293.98986963478916,4541
2023-10-03,293.9898681640625,298.9896958539275,279.9903506324405,281.9902817083865,36512
2023-10-04,301.4896240234375,304.98950357263163,291.4899681685971,293.98988213230723,33479
2023-10-05,322.4888916015625,328.48868493368457,299.98966660610466,299.98966660610466,51677
2023-10-06,324.48883056640625,329.98864125397245,309.9893296628226,329.98864125397245,8513
2023-10-09,334.48846435546875,341.9882057087304,315.98910235075675,322.98886094713424,17995
2023-10-10,353.98779296875,362.98748262049793,339.98827573269773,339.98827573269773,19371
2023-10-11,349.9879455566406,353.98780779157363,344.9881177629743,353.98780779157363,7091
2023-10-12,367.4873352050781,375.9870422778486,320.98893768933357,339.9882829108206,29987
2023-10-17,395.9863586425781,396.98632419470584,356.98770210959697,364.9874265266187,147272
2023-10-18,381.9868469238281,399.486244361438,372.9871568130573,399.486244361438,56445
2023-10-19,357.4876708984375,385.48670526251095,344.98810198590473,369.98723981097027,43987
2023-10-20,389.486572265625,394.98638265705233,354.98776162849003,364.98741688563064,44951
2023-10-23,365.4873962402344,389.98655139176856,359.987585900094,360.9875514164832,8690
2023-10-24,355.98773193359375,369.9872494815441,350.9879042378972,364.9874217858475,6226
2023-10-25,359.48760986328125,365.9873858413378,354.98776495539596,355.98773049048157,13820
2023-10-26,350.9879150390625,373.4871403620793,349.98794946915064,373.4871403620793,42667
2023-10-27,356.48773193359375,359.98761148974404,349.9879556150289,358.9876459022725,40354
2023-10-30,338.48834228515625,349.98794623280554,329.9886350195024,349.98794623280554,5027
2023-10-31,328.9886779785156,349.98795529629325,319.9889876994681,349.98795529629325,2470
2023-11-01,343.9881591796875,356.4877289173215,339.9882968636446,344.98812475869823,18700
2023-11-02,354.9877624511719,369.98724537164395,349.98793481101455,349.98793481101455,34576
2023-11-03,350.9879150390625,364.9874330178285,349.98794946915064,349.98794946915064,5049
2023-11-07,335.4884338378906,350.9878994846486,334.988451075092,334.988451075092,4336
2023-11-08,318.489013671875,339.9882720516091,308.9893413645506,339.9882720516091,15745
2023-11-09,328.9886779785156,328.9886779785156,314.9891597666639,324.9888156322723,17729
2023-11-10,340.48828125,343.98816079295153,325.9887802863436,329.9886426211454,13955
2023-11-13,340.48828125,340.48828125,340.48828125,340.48828125,0
2023-11-14,345.9880676269531,347.9879986536985,319.98896427926303,329.98861941299,42202
2023-11-15,337.4883728027344,351.9878732638889,329.98863118489584,349.98794216579864,10295
2023-11-16,335.4884338378906,339.98827870307844,317.98903713993803,337.9883476518838,67524
2023-11-17,334.98846435546875,339.98829218166975,316.989084181145,321.9889120073461,26829
2023-11-21,397.4862976074219,424.9853496431555,349.98793500024567,370.9872111002604,63756
2023-11-22,383.98675537109375,449.9844789505005,374.98706579208374,414.9856861432394,83631
2023-11-23,401.98614501953125,410.9858348334013,382.9867998569166,389.98655860103776,28056
2023-11-24,420.9855041503906,425.98533199065656,409.9858829018056,409.9858829018056,19794
2023-11-27,407.9859313964844,449.9844831578872,396.98631069706937,429.98517279531444,22362
2023-11-28,389.986572265625,400.9861935346554,378.4869682116386,400.9861935346554,11175
2023-11-29,393.4864501953125,399.98622637388814,379.9869150551938,397.98629524201874,5606
2023-11-30,403.986083984375,422.98542951829364,394.98639399462405,404.9860495387918,6573
2023-12-01,443.9847106933594,449.98450408110745,404.9860536729967,404.9860536729967,44798
2023-12-04,439.9848327636719,458.9841778148304,419.98552218350494,458.9841778148304,20485
2023-12-05,444.98468017578125,459.9841637772121,430.4851793610648,459.9841637772121,34912
2023-12-06,444.5,450.0,420.0,420.0,19986
2023-12-07,457.5,462.5,445.0,450.0,29433
2023-12-11,511.5,530.0,480.0,480.0,85967
2023-12-12,579.0,609.0,531.0,535.0,80966
2023-12-13,543.0,658.0,515.0,658.0,139436
2023-12-14,532.0,565.0,510.0,550.0,104607
2023-12-15,501.5,547.0,481.0,532.0,88417
2023-12-18,489.0,507.0,465.0,503.5,64425
2023-12-19,485.0,493.0,480.0,493.0,81716
2023-12-20,474.0,499.0,465.0,499.0,88012
2023-12-21,496.5,498.0,470.0,480.0,150045
2023-12-22,461.0,510.0,456.0,501.0,176991
2023-12-26,439.5,498.0,435.5,462.5,103979
2023-12-27,408.0,450.0,405.5,445.0,94370
2023-12-28,383.5,433.0,378.5,424.5,794336
2023-12-29,344.0,425.0,339.5,400.0,2315722
2024-01-02,335.0,357.0,333.0,356.0,3281502
2024-01-03,334.0,389.0,330.0,348.0,14995244
2024-01-04,379.0,383.0,341.0,347.5,3312118
2024-01-05,402.5,406.0,383.0,392.0,1547388
2024-01-08,410.0,429.0,395.0,403.0,1217462
2024-01-09,422.5,429.0,392.0,429.0,1322904
2024-01-10,425.5,438.0,415.0,429.5,535052
2024-01-11,418.5,450.0,412.5,426.0,424554
2024-01-12,402.5,421.0,393.0,416.0,449210
2024-01-15,417.0,419.0,394.0,400.0,320302
2024-01-16,418.5,424.0,412.0,423.0,517981
2024-01-17,429.5,434.0,418.0,424.5,482811
2024-01-18,440.5,446.0,427.0,432.5,603159
2024-01-19,464.5,471.0,444.0,444.0,567491
2024-01-22,484.0,494.0,470.5,470.5,524592
2024-01-23,469.5,496.0,446.5,485.0,373577
2024-01-24,454.0,486.5,444.0,480.0,437611
2024-01-25,446.0,464.0,440.0,457.0,560570
2024-01-26,462.0,475.0,423.0,452.5,2107269
2024-01-29,448.0,470.0,442.0,457.0,606252
2024-01-30,439.0,455.0,437.0,450.0,312595
2024-01-31,432.0,447.0,425.0,447.0,299415
2024-02-01,451.0,455.0,425.0,443.5,342712
2024-02-02,462.0,469.0,453.0,458.5,388309
2024-02-05,443.0,469.0,438.0,463.0,340476
2024-02-06,428.5,445.0,424.5,438.0,387050
2024-02-07,424.5,433.0,390.0,414.0,548071
2024-02-08,414.0,435.0,390.0,434.5,411982
2024-02-09,416.5,422.0,404.0,412.0,386909
2024-02-14,408.5,424.0,397.0,420.0,244699
2024-02-15,401.0,416.0,394.0,416.0,203382
2024-02-16,395.0,407.5,371.0,403.0,246674
2024-02-19,398.0,406.0,389.0,406.0,147527
2024-02-20,391.0,404.0,388.5,398.0,93996
2024-02-21,378.0,394.0,366.0,391.0,197251
2024-02-22,386.0,395.0,375.0,379.0,241707
2024-02-23,382.0,396.0,371.5,396.0,303322
2024-02-26,371.5,383.5,361.0,377.0,112038
2024-02-27,351.5,375.5,340.0,359.5,100958
2024-02-28,342.0,354.0,330.0,340.0,242329
2024-02-29,350.0,359.0,340.0,347.0,118534
2024-03-01,362.5,369.0,346.5,349.0,264955
2024-03-04,367.5,378.0,345.0,370.0,407582
2024-03-05,345.0,372.0,341.0,369.0,102951
2024-03-06,346.0,360.0,337.0,350.0,164983
2024-03-07,339.0,350.0,335.0,337.0,65184
2024-03-08,389.0,395.0,333.5,340.0,700089
2024-03-11,359.0,388.5,356.0,388.5,103272
2024-03-12,384.0,392.0,364.0,372.0,104365
2024-03-13,385.0,400.0,381.0,390.0,116535
2024-03-14,365.5,385.0,363.5,384.0,45128
2024-03-15,399.0,405.0,357.5,362.0,326824
2024-03-18,414.0,418.0,395.0,395.0,117931
2024-03-19,400.5,415.0,385.5,415.0,178334
2024-03-20,400.5,410.0,397.0,409.0,180758
2024-03-21,394.5,408.0,393.0,404.0,144596
2024-03-22,407.0,410.0,374.0,391.5,338976
2024-03-25,391.0,409.5,388.5,409.5,82609
2024-03-26,382.0,405.0,378.0,405.0,123768
2024-03-27,388.0,398.0,370.0,387.0,67010
2024-04-03,379.5,389.0,372.5,372.5,93750
2024-04-04,363.0,388.5,362.0,388.0,102658
2024-04-05,369.5,385.5,366.0,370.0,213915
2024-04-08,388.0,397.0,363.5,375.0,340391
2024-04-09,394.5,404.5,382.0,398.5,175358
2024-04-10,387.5,398.0,380.0,398.0,69008
2024-04-11,415.0,420.0,370.0,393.5,235093
2024-04-12,392.5,417.5,382.0,417.5,299823
2024-04-15,364.0,402.0,350.0,402.0,101445
2024-04-16,361.5,369.0,345.0,368.0,202270
2024-04-17,356.5,370.0,352.0,370.0,76775
2024-04-18,370.0,373.5,345.5,349.0,125873
2024-04-19,367.0,375.0,360.0,370.0,39228
2024-04-22,384.0,388.0,353.0,367.0,141319
2024-04-23,372.5,390.0,372.0,386.0,118564
2024-04-24,365.5,378.0,355.0,370.0,62161
2024-04-25,378.5,388.0,361.0,375.0,104198
2024-04-26,377.5,394.5,370.0,394.5,80979
2024-04-29,350.5,381.5,340.0,377.5,2515125
2024-04-30,353.0,360.0,350.0,360.0,469622
2024-05-02,357.5,361.5,344.0,357.0,201121
2024-05-03,373.5,382.5,354.5,360.0,451311
2024-05-06,385.5,387.5,366.5,366.5,441605
2024-05-07,398.5,409.0,385.5,390.5,932599
2024-05-08,399.0,408.5,383.0,403.0,451133
2024-05-09,385.0,399.0,380.0,399.0,203198
2024-05-10,387.0,395.0,376.0,395.0,206844
2024-05-13,379.0,390.0,365.0,390.0,169593
2024-05-14,380.5,397.0,373.0,383.0,227672
2024-05-15,403.0,405.5,373.0,386.0,501139
2024-05-16,406.5,413.5,390.0,403.5,259964
2024-05-17,399.5,416.0,395.0,403.0,24209
2024-05-20,396.0,403.0,383.0,395.0,263431
2024-05-21,395.5,401.5,390.0,394.0,252606
2024-05-22,397.0,402.0,386.0,395.0,392257
2024-05-23,395.0,405.0,390.0,402.5,295950
2024-05-24,392.0,401.5,390.0,401.5,127839
2024-05-27,400.0,407.5,386.0,388.0,252662
2024-05-28,407.5,412.0,393.5,405.0,232459
2024-05-29,408.0,414.0,394.0,410.0,234303
2024-05-30,431.5,436.5,403.0,412.0,425601
2024-05-31,431.0,445.0,417.0,431.5,214418
2024-06-03,426.5,435.0,415.0,425.0,343101
2024-06-04,398.0,424.0,390.0,424.0,279256
2024-06-05,385.5,398.5,374.0,398.5,284861
2024-06-06,352.5,387.5,350.0,372.5,686124
2024-06-07,361.5,379.0,354.0,358.0,396540
2024-06-10,381.5,383.0,353.0,353.0,322912
2024-06-11,370.0,385.0,365.0,385.0,219132
2024-06-12,370.5,377.5,366.0,375.0,283177
2024-06-13,387.0,392.0,369.5,378.0,318455
2024-06-14,376.5,395.0,371.0,390.0,167131
2024-06-18,366.0,379.0,363.0,379.0,262123
2024-06-19,369.0,375.0,363.0,369.5,194203
2024-06-24,354.5,367.0,350.5,364.0,567303
2024-06-25,380.5,383.5,350.0,358.5,1037172
2024-06-26,411.0,415.0,384.0,384.0,841217
2024-06-27,413.5,428.0,402.0,415.0,578093
2024-06-28,396.5,425.0,392.0,419.0,492000
2024-07-01,375.5,405.0,370.0,396.0,259418
2024-07-02,377.0,396.5,373.5,378.5,431243
2024-07-03,373.5,394.5,361.0,376.0,294329
2024-07-04,374.5,380.0,368.0,374.5,270856
2024-07-05,378.5,381.0,370.5,380.0,184892
2024-07-08,395.0,399.5,378.5,380.0,385495
2024-07-10,399.0,408.5,380.0,408.5,305093
2024-07-11,398.5,405.0,395.0,403.0,344977
2024-07-12,393.0,399.5,392.0,399.5,226773
2024-07-15,340.5,395.0,336.0,395.0,904804
2024-07-16,336.5,345.0,310.0,341.0,1055914
2024-07-17,341.5,350.0,332.5,336.5,505393
2024-07-18,340.0,347.0,334.0,340.0,396852
2024-07-19,340.5,345.5,338.0,339.0,242886
2024-07-22,351.5,360.0,340.0,343.0,308805
2024-07-23,351.5,361.5,346.0,360.0,323027
2024-07-24,333.0,362.0,330.0,362.0,451998
2024-07-25,320.5,336.0,319.0,336.0,296599
2024-07-26,318.0,330.0,317.0,325.0,258884
2024-07-29,303.5,324.0,300.0,322.0,510660
2024-07-30,283.0,308.0,281.0,303.5,481616
2024-07-31,297.0,300.0,286.0,290.0,106488
2024-08-01,297.0,308.0,286.0,303.0,164184
2024-08-02,289.0,299.0,282.0,299.0,170798
2024-08-05,288.5,296.0,250.0,271.0,131691
2024-08-06,300.5,306.5,290.0,300.0,242459
2024-08-07,293.5,308.0,292.0,307.0,170629
2024-08-08,294.5,305.0,286.0,299.5,405213
2024-08-09,307.0,310.0,292.0,306.0,288944
2024-08-12,310.5,314.0,303.0,309.0,68136
2024-08-13,317.0,322.0,312.0,315.0,242233
2024-08-14,309.5,324.0,300.0,320.5,213603
2024-08-15,331.5,333.0,310.0,314.5,514465
2024-08-16,329.0,344.0,323.0,323.0,192481
2024-08-19,364.0,370.0,315.5,332.0,602131
2024-08-20,352.5,370.0,345.0,369.5,184391
2024-08-21,341.5,358.0,335.5,350.0,148622
2024-08-22,327.5,342.0,325.5,342.0,111390
2024-08-23,331.0,334.0,326.0,328.0,52593
2024-08-26,333.0,335.5,329.5,331.0,63938
2024-08-27,326.0,338.0,325.0,338.0,79173
2024-08-28,318.5,332.0,316.5,322.5,115817
2024-08-29,320.0,335.0,318.5,324.5,350256
2024-08-30,312.0,331.0,310.0,320.0,621954
2024-09-02,319.5,325.0,314.0,315.0,253251
2024-09-03,314.5,320.0,308.0,315.0,281037
2024-09-04,310.5,317.5,307.0,310.5,341310
2024-09-05,324.0,327.0,307.0,313.0,242374
2024-09-06,320.0,328.0,315.0,327.5,68294
2024-09-09,326.0,330.5,318.5,318.5,208466
2024-09-10,324.0,329.0,320.0,326.0,229873
2024-09-11,338.0,342.5,320.5,320.5,478470
2024-09-12,339.0,344.5,333.5,344.5,160694
2024-09-13,346.5,351.0,337.0,345.0,126129
2024-09-16,339.5,354.0,337.5,348.0,88665
2024-09-17,335.5,345.0,329.0,345.0,120404
2024-09-18,328.5,341.0,320.5,331.5,154082
2024-09-19,323.5,339.0,321.0,339.0,274304
2024-09-20,316.0,331.5,313.0,331.5,145735
2024-09-23,308.0,318.0,306.0,313.0,182041
2024-09-24,307.5,314.0,301.0,312.5,274421
2024-09-25,303.0,307.5,301.5,301.5,300308
2024-09-26,300.5,309.0,300.0,303.0,208330
2024-09-27,300.5,305.0,296.5,305.0,128697
2024-09-30,291.5,304.0,290.0,301.0,195697
2024-10-01,293.5,296.5,285.5,292.0,479557
2024-10-02,294.5,297.0,292.0,292.5,56083
2024-10-03,299.5,305.0,292.5,294.0,193596
2024-10-04,303.0,308.5,301.0,302.0,235597
2024-10-07,304.5,306.5,300.0,304.0,203872
2024-10-08,305.0,310.0,303.5,309.0,145780
2024-10-09,303.0,310.0,295.0,310.0,83580
2024-10-10,305.5,308.5,297.5,304.0,47586
2024-10-14,302.5,312.0,301.0,312.0,96327
2024-10-15,299.5,305.0,298.0,304.0,304074
2024-10-16,289.0,304.5,287.0,304.5,159160
2024-10-17,287.0,299.0,286.0,295.0,215528
2024-10-18,287.0,298.5,284.0,298.5,134139
2024-10-21,284.5,290.0,283.0,289.5,66655
2024-10-22,284.5,288.5,281.0,286.5,173553
2024-10-23,282.5,287.0,280.0,286.0,151391
2024-10-24,291.0,295.0,282.0,284.0,185282
2024-10-25,302.5,309.0,291.0,296.5,216065
2024-10-28,299.0,310.0,290.0,310.0,220692
2024-10-29,316.5,318.0,295.0,304.5,325253
2024-10-30,320.0,325.0,316.0,318.0,224053
2024-10-31,324.5,326.0,317.0,325.5,126445
2024-11-01,336.0,339.0,321.0,325.5,131541
2024-11-04,348.5,352.0,315.0,337.0,307605
2024-11-05,338.5,360.0,328.5,350.0,954391
2024-11-06,341.0,346.0,335.5,341.0,189902
2024-11-07,365.5,380.0,349.0,349.0,713565
2024-11-08,365.0,380.0,353.0,365.0,569354
2024-11-11,377.0,382.0,361.0,370.0,405777
2024-11-12,405.5,410.5,371.0,383.0,1132800
2024-11-13,423.0,425.0,397.0,397.0,841102
2024-11-14,420.5,434.5,413.0,425.0,527589
2024-11-15,414.5,429.0,402.0,422.0,365366
2024-11-19,411.5,425.0,406.0,418.0,264527
2024-11-20,416.0,424.0,402.0,402.0,550898
2024-11-21,428.0,432.5,418.0,420.0,352811
2024-11-22,441.0,450.0,422.0,432.0,353596
2024-11-25,438.0,450.0,421.0,440.0,359117
2024-11-26,440.5,442.0,429.0,437.5,290871
2024-11-27,428.0,448.0,417.5,445.0,353715
2024-11-28,425.5,439.5,417.0,419.0,145867
2024-11-29,423.5,430.0,414.0,417.0,172715
2024-12-02,440.0,444.0,415.0,415.0,280663
2024-12-03,459.5,461.0,442.0,442.0,285610
2024-12-04,449.5,460.0,443.0,460.0,298366
2024-12-05,475.5,480.0,440.0,457.0,574386
2024-12-06,481.5,486.0,467.5,478.0,571582
2024-12-09,474.5,488.0,470.0,480.5,295854
2024-12-10,461.5,485.0,455.0,479.0,131986
2024-12-11,472.0,479.0,453.0,460.0,92071
2024-12-12,478.0,488.0,472.0,479.0,248101
2024-12-13,477.0,485.0,469.5,485.0,183873
2024-12-16,493.5,495.0,475.0,477.0,164403
2024-12-17,475.5,498.0,460.0,496.0,265906
2024-12-18,465.0,480.0,456.0,479.5,214909
2024-12-19,445.5,469.0,430.0,465.0,148093
2024-12-20,449.5,458.0,433.0,440.0,182621
2024-12-23,453.0,470.0,438.0,450.5,139649
2024-12-24,464.0,466.0,439.0,463.5,54678
2024-12-26,472.5,476.0,457.0,474.0,138771
2024-12-27,472.5,476.0,463.0,463.0,169064
2024-12-30,470.0,477.0,457.0,475.0,99862
2025-01-02,483.5,490.0,457.0,473.0,184728
2025-01-03,484.5,491.0,482.0,489.5,377507
2025-01-06,496.5,500.0,482.5,485.5,438984
2025-01-07,532.0,549.0,495.0,495.0,929526
2025-01-08,551.0,555.0,525.0,540.0,981229
2025-01-09,613.0,618.0,550.0,550.0,711142
2025-01-10,619.0,675.0,601.0,613.0,937103
2025-01-13,596.0,642.0,575.0,619.0,260294
2025-01-14,607.0,625.0,594.0,597.0,234046
2025-01-15,607.0,618.0,585.0,617.0,190788
2025-01-16,570.0,630.0,560.0,610.0,275755
2025-01-17,550.0,598.0,530.0,570.0,271558
2025-01-20,550.0,570.0,533.0,552.0,131967
2025-01-21,605.0,610.0,536.0,536.0,200912
2025-01-22,624.0,648.0,606.0,606.0,462030
2025-01-23,628.0,659.0,610.0,634.0,233552
2025-01-24,603.0,655.0,586.0,653.0,157212
2025-01-27,575.0,600.0,563.0,600.0,143024
2025-01-28,587.0,591.0,569.0,575.0,209580
2025-01-29,604.0,624.0,573.0,588.0,40091
2025-01-30,603.0,618.0,601.0,617.0,86564
2025-01-31,596.0,619.0,586.0,605.0,64900
2025-02-03,585.0,601.0,560.0,601.0,73641
2025-02-04,579.0,600.0,570.0,589.0,71663
2025-02-05,566.0,588.0,555.0,588.0,95459
2025-02-06,555.0,575.0,531.0,575.0,183514
2025-02-07,525.0,563.0,507.0,555.0,56609
2025-02-10,538.0,540.0,501.0,524.0,72324
2025-02-11,499.5,549.0,485.0,540.0,178684
2025-02-12,506.0,513.0,455.0,485.0,251683
2025-02-13,522.0,524.0,501.0,513.0,115450
2025-02-14,525.0,535.0,510.0,530.0,289114
2025-02-17,508.0,530.0,485.0,520.0,387244
2025-02-18,523.0,529.0,500.0,529.0,63999
2025-02-19,529.0,530.0,516.0,529.0,71375
2025-02-20,536.0,542.0,516.0,523.0,140451
2025-02-21,542.0,557.0,530.0,537.0,136997
2025-02-24,547.0,573.0,528.0,540.0,94504
2025-02-25,541.0,560.0,526.0,545.0,197687
2025-02-26,525.0,560.0,520.0,547.0,67032
2025-02-27,515.0,544.0,501.0,539.0,32575
2025-02-28,496.5,532.0,488.5,511.0,155700
2025-03-05,517.0,565.0,474.0,490.0,34895
2025-03-06,552.0,560.0,520.0,529.0,132326
2025-03-07,560.0,578.0,535.0,553.0,129179
2025-03-10,536.0,575.0,531.0,559.0,56313
2025-03-11,547.0,560.0,521.0,560.0,96217
2025-03-12,550.0,554.0,532.0,532.0,86370
2025-03-13,542.0,560.0,522.0,560.0,46665
2025-03-14,540.0,578.0,536.0,550.0,147488
2025-03-17,552.0,563.0,539.0,548.0,173621
2025-03-18,529.0,543.0,515.0,540.0,121542
2025-03-19,530.0,550.0,515.0,530.0,54835
2025-03-20,543.0,563.0,530.0,540.0,141371
2025-03-21,538.0,551.0,524.0,525.0,261757
2025-03-25,530.0,545.0,520.0,526.0,338281
2025-03-26,515.0,535.0,511.0,535.0,102478
2025-03-27,509.0,524.0,485.0,517.0,99926
2025-03-28,493.0,519.0,485.0,509.0,218237
2025-03-31,478.5,500.0,474.0,500.0,69327
2025-04-01,486.0,489.5,478.5,489.0,94090
2025-04-03,470.5,485.5,461.0,485.5,121120
2025-04-04,467.0,470.0,403.0,460.0,362256
2025-04-07,438.0,458.0,427.0,450.0,77414
2025-04-08,434.0,462.5,411.5,440.0,227540
2025-04-09,467.5,478.5,389.0,447.5,166450
2025-04-10,453.0,475.0,431.0,475.0,50718
2025-04-11,455.0,480.0,445.5,460.0,240608
2025-04-14,489.0,503.0,458.0,481.0,137396
2025-04-15,474.5,504.0,467.0,503.0,211654
