Price,('Close', 'CEPU.BA'),('High', 'CEPU.BA'),('Low', 'CEPU.BA'),('Open', 'CEPU.BA'),('Volume', 'CEPU.BA')
Ticker,CEPU.BA,CEPU.BA,CEPU.BA,CEPU.BA,CEPU.BA
Date,,,,,
2020-04-17,23.878976821899414,25.25472188513795,23.682443151652382,24.468581581244237,541748
2020-04-20,24.37031364440918,25.15645394299448,23.58417522012573,24.468581416020076,529299
2020-04-21,24.566848754882812,24.86165019022068,23.829843292236326,24.468580985002916,236057
2020-04-22,24.272048950195312,25.549524421552142,24.12464634832173,25.009054462355472,246568
2020-04-23,24.075510025024414,25.058183903596838,23.63330602994615,25.00905095938889,329708
2020-04-24,23.38763999938965,23.78071109125317,21.618827583211292,23.78071109125317,254003
2020-04-27,23.28937339782715,23.53504188567637,22.601500882128594,23.387639293525382,647185
2020-04-28,25.500391006469727,26.3356624056115,23.38764041061162,24.07551295916569,947970
2020-04-29,26.237396240234375,27.514871675444994,25.45125592492624,26.72873323443875,1265344
2020-04-30,26.188261032104492,26.92526651260069,25.647791096128028,26.532197297863092,430089
2020-05-04,25.05818748474121,25.844325950228,24.41944974724545,25.844325950228,388458
2020-05-05,25.35298728942871,26.089992755683053,24.566848875144807,25.25472139336959,877461
2020-05-06,26.089994430541992,26.43393071173353,25.058187461269327,25.647792246983112,1053550
2020-05-07,27.269201278686523,27.61313752553031,26.630463605577642,26.630463605577642,1200240
2020-05-08,27.907943725585938,28.988885597294626,27.269205943217827,28.20274707658035,1539091
2020-05-11,28.694082260131836,29.283685175287758,26.089994596218034,28.497546705545222,1067232
2020-05-12,30.4628963470459,32.9195815363238,28.792349668616108,28.792349668616108,1548204
2020-05-13,31.00336456298828,31.445568621448174,28.546679514437642,30.364626825225503,584731
2020-05-14,33.116111755371094,33.41091318077488,29.381949745879908,30.462891429530035,964291
2020-05-15,34.884925842285156,35.17972728278091,33.1652463993556,33.50918078850004,1032838
2020-05-18,34.93405532836914,36.30980024579432,34.39358544959615,35.1305908520875,864135
2020-05-19,34.786659240722656,35.228859518211976,32.32997437198811,34.83579218837662,518563
2020-05-20,34.246192932128906,35.57280529557048,33.0178502337225,35.3271367558892,633966
2020-05-21,35.13059616088867,35.621933170131875,33.75485103556616,34.19705509360582,776302
2020-05-22,35.86759948730469,36.0150020805296,33.65658308055303,34.8849255287484,1385957
2020-05-26,34.98319625854492,36.35894149004225,34.73752773496356,35.96587035287039,375897
2020-05-27,34.540992736816406,35.27799823974759,33.754850534806735,34.88492713874275,277884
2020-05-28,31.59296989440918,35.37626321053924,31.05249808188926,35.27799731217368,513596
2020-05-29,29.480220794677734,32.526508777352866,29.2836852396591,31.93690586090088,625143
2020-06-01,31.298168182373047,31.34730113407693,29.578488632509714,29.578488632509714,297689
2020-06-02,32.37910842895508,33.80398645135837,32.0351702863867,32.624776924245175,718895
2020-06-03,32.28083801269531,33.410914563551,32.18257211636163,32.624776147070534,617684
2020-06-04,31.249032974243164,32.968712503077654,30.610295238393597,32.42824254373617,516918
2020-06-05,31.74036979675293,32.87044640853023,31.44556834325568,32.03517125025018,907315
2020-06-08,34.835792541503906,35.37626246838347,31.93690361729064,31.93690361729064,1369870
2020-06-09,32.23170852661133,34.39359221559832,32.03517296422995,34.39359221559832,1052690
2020-06-10,32.723045349121094,33.41091793875749,30.41376281456035,32.477376834865524,609319
2020-06-11,29.775020599365234,32.23170552915781,29.676754701615017,32.035169985053656,726953
2020-06-12,29.33281898498535,31.74036913661213,28.595813492268643,31.74036913661213,628667
2020-06-16,28.890613555908203,30.954229211537747,28.30100881511379,29.873287499131624,496336
2020-06-17,27.514869689941406,29.381949758327078,27.31833415672112,28.890612799578125,399071
2020-06-18,24.861652374267578,27.07266895644046,24.56685091303199,26.532198986074548,833149
2020-06-19,27.56400489807129,28.00620894695449,25.549523951607608,25.549523951607608,938223
2020-06-22,28.301010131835938,28.595813453099954,26.04086070698793,27.90794091111914,1382592
2020-06-23,29.0871524810791,29.97155875809697,26.72873511759745,28.988884700454445,1948031
2020-06-24,27.662275314331055,29.283687191234968,27.26920605240012,29.283687191234968,1396391
2020-06-25,28.39927864074707,28.546679368043815,28.006209409855106,28.497546417045545,320194
2020-06-26,27.858808517456055,28.399278472441726,27.318336688168458,28.35014552173464,129454
2020-06-29,27.514869689941406,28.595811374049454,27.31833415672112,27.858805935926025,446034
2020-06-30,26.040861129760742,27.465739186581626,25.058187124864112,27.465739186581626,691251
2020-07-01,26.483064651489258,26.87613387071821,25.844325061652594,26.089993557958422,504894
2020-07-02,26.581329345703125,27.662271055312697,26.139127196977707,26.777864883560063,368154
2020-07-03,26.581329345703125,27.269201853900615,26.53219639838979,26.8269978308734,118492
2020-07-06,29.873289108276367,29.971556882752328,27.85880816587771,27.85880816587771,1122800
2020-07-07,29.873289108276367,30.41376093074321,29.087150661072478,30.168092431704252,777106
2020-07-08,29.578487396240234,30.6102943333118,29.48021962263773,30.266358062853982,613662
2020-07-13,29.28368377685547,30.561161072059043,29.087150105956212,29.971556310757535,733336
2020-07-14,29.43108558654785,29.922422562120925,28.644945301049844,29.578486304359412,385660
2020-07-15,30.168092727661133,30.462894179679196,28.743214669536016,30.020690127350182,1561429
2020-07-16,30.7576961517334,30.905098754536564,29.08715143821642,30.413761743331225,324866
2020-07-17,30.806827545166016,31.347297447555945,30.31549058870181,31.249029681402753,417143
2020-07-20,30.413761138916016,31.445568092221258,29.775021537601237,30.8068303652084,346462
2020-07-21,31.298168182373047,31.936905926033322,30.90509894583611,31.396435960082773,832341
2020-07-22,33.16524887084961,33.31265147638386,30.905099327149543,31.543835204388703,725840
2020-07-23,33.21438217163086,33.90225475700096,31.93690665514583,32.9195807060734,976970
2020-07-24,33.50918197631836,33.90225307664857,31.59297067086911,33.31265017475708,672606
2020-07-27,33.50918197631836,34.39359007775942,33.11611462459198,33.41091607553772,1101132
2020-07-28,32.968711853027344,34.39358989854497,32.28083930533568,33.41091590144368,509284
2020-07-29,32.13343811035156,34.000516319452394,31.445565612849766,34.000516319452394,549659
2020-07-30,32.37910842895508,32.624776924245175,29.922423476054142,32.13343993366499,596197
2020-07-31,31.936906814575195,32.67391235645001,31.54383569280035,32.42824384249174,366658
2020-08-03,33.951385498046875,35.67106497514075,30.512026543859125,31.445567581145127,1283034
2020-08-04,34.786659240722656,36.850273031018226,32.91957724104295,36.0641346227439,1783839
2020-08-05,32.82131576538086,35.37626687346741,32.28084202259736,34.88492983355814,1265670
2020-08-06,33.41091537475586,33.509181273475406,32.13343994838301,32.62477693918824,533254
2020-08-07,34.14792251586914,34.29532511969576,33.1652484866355,33.31265109046212,679107
2020-08-10,34.835792541503906,35.08146103086768,34.24618591786865,34.688389948444176,640044
2020-08-11,34.442718505859375,35.32712649117865,34.393585561920155,35.32712649117865,500429
2020-08-12,33.16524887084961,34.78666253731051,32.47737629269638,34.491857326242005,557186
2020-08-13,33.85311508178711,34.24618237494232,33.41091109695964,33.41091109695964,313831
2020-08-14,34.098785400390625,34.68838824649396,33.90224986882169,34.29532093195956,787996
2020-08-18,31.74036979675293,34.09878892193865,30.46289433252894,33.90225337007253,872843
2020-08-19,32.18257522583008,32.77217815800673,31.98603966556985,31.98603966556985,481556
2020-08-20,32.13343811035156,32.72304096615108,31.936902575550544,31.936902575550544,310747
2020-08-21,31.396432876586914,33.41091368743195,31.19989734046954,32.18257127245283,484686
2020-08-24,30.9542293548584,31.838637407295803,30.069823176722807,31.44556632874504,551448
2020-08-25,30.4628963470459,31.642105987620113,29.971559309190322,30.954233384901478,449375
2020-08-26,30.9542293548584,31.642101868020422,30.65942792024714,30.855961585220708,372416
2020-08-27,30.413761138916016,32.13344064395937,29.971557087898386,31.494701042644586,754155
2020-08-28,32.37910842895508,32.67390987358244,30.4628934159716,30.659428961924423,942677
2020-08-31,32.18257522583008,33.017846671181005,30.954232659958702,32.821314859524804,423213
2020-09-01,31.19989776611328,32.42824019785002,30.954229279765933,31.44556625246063,630444
2020-09-02,30.364625930786133,31.34729992126013,30.06982448336469,31.150766247746468,269294
2020-09-03,29.52935218811035,31.249031643724475,29.381951466775227,30.95423020105423,260400
2020-09-04,29.52935218811035,30.266357669087835,28.988882251780943,29.480219239099267,215256
2020-09-07,29.824155807495117,31.052498288246138,29.529352487533746,29.971556530324865,150500
2020-09-08,29.92242431640625,30.708562773691995,29.480220262744314,29.873289491387187,685158
2020-09-09,30.168092727661133,30.954231182577246,29.775021625901154,30.954231182577246,203235
2020-09-10,30.06982421875,30.85596265449042,29.529352404164324,29.824155723293387,252820
2020-09-11,29.775020599365234,30.51202607830301,29.578486929562946,30.168091687573533,480354
2020-09-14,29.23455238342285,30.16809346135378,28.89061609816925,29.971557905694016,342384
2020-09-15,29.23455238342285,29.332820161252734,27.711408387116567,29.087151653829014,616573
2020-09-16,27.023536682128906,28.988884804465556,26.532199651544744,28.202746305251708,441877
2020-09-17,25.991727828979492,27.514871766323047,25.451256008988437,27.31833621827141,810013
2020-09-18,27.56400489807129,27.858808222094062,26.040860950676983,26.040860950676983,911054
2020-09-21,27.072668075561523,27.907941354287242,26.72873367341145,27.514872127328644,467077
2020-09-22,28.104476928710938,28.20274470410926,27.072668098481426,27.17093587387975,532756
2020-09-23,28.39927864074707,29.38195265512795,28.153610137151848,28.448413466047278,447924
2020-09-24,29.038015365600586,29.332818684245886,28.055341385386665,28.39927765332191,422977
2020-09-25,30.31549072265625,30.610292148116706,29.087148326068085,29.28368198494114,417920
2020-09-28,29.578487396240234,31.445567597480245,28.9888826289271,30.266358062853982,363301
2020-09-29,30.561159133911133,30.806827612681637,28.79234496218245,29.97155441000157,538721
2020-09-30,29.627620697021484,30.757695421088606,29.33281924702203,30.56116174585627,989279
2020-10-01,30.7576961517334,31.150767260139233,29.77502212932272,29.77502212932272,544313
2020-10-02,31.19989776611328,31.44556625246063,30.06982310377584,30.462892307071236,321676
2020-10-05,31.150766372680664,31.69123631988823,30.75769527547309,31.445567821284445,292465
2020-10-06,31.887771606445312,32.231706002222715,30.462893576531936,31.445567562871677,623289
2020-10-07,33.06698226928711,33.55831927924024,30.954231627047097,31.88777269567882,822705
2020-10-08,33.656585693359375,34.393591219491334,32.32997724576344,32.428243149806114,660852
2020-10-09,33.06698226928711,33.90225368676587,32.91957966685961,33.60745223051477,264446
2020-10-13,34.197052001953125,34.393587537603,33.165245125545745,33.165245125545745,849744
2020-10-14,35.8184700012207,36.162404420517774,34.19705631343959,34.59012743429684,750835
2020-10-15,35.27799606323242,36.113267415579905,33.41091407155692,35.37626195811909,787076
2020-10-16,35.32713317871094,35.965869068042075,32.91958098389901,35.965869068042075,627649
2020-10-19,36.65373611450195,37.48901118764767,35.37626078048299,35.37626078048299,709526
2020-10-20,38.32428741455078,38.52082297152568,35.769336419688976,36.752010455959514,471022
2020-10-21,38.71735763549805,39.3069605442198,38.078618027212926,38.4225524325333,641049
2020-10-22,40.04396057128906,40.19136315258791,38.71735233401285,39.306955162001536,745959
2020-10-23,40.28962707519531,40.38789295886427,38.32427941299066,40.28962707519531,453586
2020-10-26,39.0612907409668,40.28963321709783,38.71735634709161,40.19136731844884,444635
2020-10-27,36.4080696105957,39.01215711421635,35.81846673173246,38.6190860292384,436300
2020-10-28,33.558319091796875,36.11327002984065,32.91957948298399,35.42539747002767,438798
2020-10-29,35.52366638183594,35.86760078028759,32.4282418013559,33.116114346863,505480
2020-10-30,33.50918197631836,36.26067218142217,33.361783125147404,36.26067218142217,395983
2020-11-02,34.344451904296875,35.130590236798284,32.52650302749641,33.853114977908085,301357
2020-11-03,36.06414031982422,36.113273275239756,34.24619098061561,35.32713474277851,330303
2020-11-04,34.93405532836914,36.45719907713059,34.39358544959615,36.0641317782972,413269
2020-11-05,36.26067352294922,36.60460793700974,34.68839281206293,35.277999484371776,1525416
2020-11-06,37.783817291259766,37.931216146940855,35.67106662239533,36.85027621086376,373393
2020-11-09,37.145076751708984,39.25782736829534,36.94854120039335,38.32428631099895,638007
2020-11-10,37.9803466796875,38.5208165599574,36.16239776601178,37.636408575076956,676835
2020-11-11,36.94853973388672,38.815621774374044,36.3589368519453,37.98035040018975,386160
2020-11-12,35.32713317871094,37.43988015687337,33.60745357507442,37.09594573558769,488574
2020-11-13,35.52366638183594,36.309804827299565,34.39358978931686,35.67106523177073,465551
2020-11-16,36.899410247802734,37.145078763099164,35.17973064072773,36.162404701913445,771135
2020-11-17,37.489009857177734,37.636408689369865,35.86759646284085,37.292474332318214,491419
2020-11-18,36.45720291137695,38.22601906226729,36.3589370134847,37.34161098682212,253847
2020-11-19,37.5872802734375,37.93121467192286,36.506340379394544,36.8502747778799,273593
2020-11-20,36.506343841552734,37.882085314569395,36.35894122902045,37.341615316291275,214392
2020-11-24,37.439876556396484,37.83294764172602,36.50633928879529,36.50633928879529,338282
2020-11-25,38.37342071533203,38.81562478539275,37.14507815883226,37.34161371759302,238963
2020-11-26,37.63641357421875,39.06129162863174,37.43987802385078,39.01215867819071,175586
2020-11-27,38.32428741455078,38.66822182780388,37.83295039641551,38.226021510365314,188371
2020-11-30,38.7664909362793,39.01215944189754,37.783816913806334,39.01215944189754,279363
2020-12-01,37.9803466796875,39.55262337658236,37.6855415189918,38.47168361604256,748130
2020-12-02,39.79829406738281,39.847427014041585,37.43987514172612,37.43987514172612,547920
2020-12-03,39.94569778442383,40.28963216935491,39.40522411009834,39.847428139726624,506383
2020-12-04,39.01215744018555,40.289632854132414,38.8156218960544,40.289632854132414,218711
2020-12-09,36.801143646240234,39.79829872654305,36.653741040404036,39.01216024215929,215960
2020-12-10,38.226016998291016,38.3242828908775,36.40806799661292,36.40806799661292,336701
2020-12-11,38.029483795166016,38.52082078541725,37.243345360484795,37.832948249344774,170501
2020-12-14,37.243343353271484,39.89655995875121,36.55547085427159,38.226017280813174,210739
2020-12-15,36.6046028137207,37.24334234883774,36.06413291786968,37.24334234883774,215780
2020-12-16,35.91673278808594,36.99767640227107,35.91673278808594,36.8011408589098,188795
2020-12-17,36.65373611450195,37.98034814293215,35.916730681575224,35.916730681575224,223640
2020-12-18,36.94853973388672,38.324284789888296,36.85027383643105,38.324284789888296,422731
2020-12-21,35.86759948730469,36.89940639406806,34.09878711162409,36.89940639406806,308409
2020-12-22,35.57280349731445,36.80114613362639,35.376267925783694,35.376267925783694,271469
2020-12-23,36.85027313232422,37.24334421184379,35.96586507770699,36.16240061746677,219011
2020-12-28,35.57280349731445,36.60461056209563,35.22886530998457,36.60461056209563,246417
2020-12-29,35.52366638183594,36.309804827299565,35.130595284802226,35.62193228179247,300719
2020-12-30,35.27799606323242,37.48901243561487,34.68838944810161,35.671063391382695,1011900
2021-01-04,36.30980682373047,36.80114384773601,35.179730169076116,35.42539868107889,328889
2021-01-05,37.73468017578125,37.832946068726145,36.16239964843831,36.26066928998673,430394
2021-01-06,36.752010345458984,38.32428729932296,36.555474789075,38.32428729932296,150796
2021-01-07,36.555477142333984,37.34161566987365,35.86760452501021,37.24334975965776,608471
2021-01-08,36.06414031982422,36.75201294145439,35.37626769819405,35.37626769819405,468831
2021-01-11,35.47453308105469,36.75201239447112,35.081465694976224,36.064139783078616,340050
2021-01-12,35.96586608886719,36.506339775552625,34.786660314363004,34.786660314363004,401842
2021-01-13,36.4080696105957,37.046809186533956,35.76933378326113,35.86759968020378,407736
2021-01-14,36.555477142333984,36.94854453180172,35.91673748011815,36.75201271136994,611706
2021-01-15,35.47453308105469,36.8502783038397,35.37626717168611,36.8502783038397,181174
2021-01-18,34.540992736816406,35.67106559214859,33.70571758433209,35.57279969119929,307189
2021-01-19,35.37626266479492,35.96586554310004,34.68839014103651,34.68839014103651,590678
2021-01-20,35.76933288574219,36.3589357498112,34.88492484103507,35.91673172745765,372039
2021-01-21,35.03232955932617,35.916733909151155,34.39358996061606,35.671065409432465,298698
2021-01-22,34.246192932128906,35.37626971410457,34.09879405748279,35.03233525799255,318803
2021-01-25,33.902252197265625,35.27799726413239,33.41091520889945,33.754849601314284,455600
2021-01-26,34.737525939941406,35.67106703103176,33.60745303902486,33.853121549911585,659933
2021-01-27,35.08146667480469,35.376268159748406,34.049659603199544,34.049659603199544,377743
2021-01-28,34.39358901977539,35.867599977765764,34.29532312201752,35.376262991768975,116307
2021-01-29,33.361778259277344,35.376258920295754,33.214375681001464,34.393585061398646,185580
2021-02-01,34.786659240722656,35.17972657055801,33.16524572791641,33.16524572791641,564320
2021-02-02,34.639259338378906,35.671066313631115,34.5901263869105,35.27799895327994,169689
2021-02-03,34.639259338378906,35.671066313631115,34.49185673536977,34.5901263869105,309754
2021-02-04,34.93405532836914,35.277993432027095,34.39358544959615,34.63925391709327,258624
2021-02-05,35.76933288574219,35.965864674696135,34.83579189379659,34.83579189379659,135723
2021-02-08,36.752010345458984,36.850276249349,35.818469264088016,35.86760221603303,298550
2021-02-09,36.752010345458984,37.53814882239097,36.358939232691014,36.80114329740399,514313
2021-02-10,35.96586608886719,37.24334525891961,35.76933429218565,36.94854006668983,385504
2021-02-11,35.37626266479492,36.358936627705894,35.179727122492,35.96586554310004,215068
2021-02-12,34.442718505859375,35.72019379129574,34.24618298149916,35.72019379129574,191282
2021-02-17,34.197052001953125,36.26066950337144,33.509179501480354,35.67106289642182,396811
2021-02-18,33.41091537475586,34.88492634717156,33.066980980633694,34.639257851768946,347046
2021-02-19,33.705718994140625,34.639260086621434,32.575646091540904,33.41091753035826,312739
2021-02-22,32.428245544433594,33.70572113434195,32.18257701758183,33.70572113434195,150264
2021-02-23,31.249032974243164,32.723043998958445,30.954231519020883,32.42824254373617,117213
2021-02-24,31.838638305664062,32.42824119152299,31.052498000682387,31.347299443611853,495983
2021-02-25,31.691234588623047,32.72304147667145,31.052496902007285,32.379107096856515,318696
2021-02-26,31.494701385498047,31.986038392287735,30.75769587531352,31.93690544132954,132830
2021-03-01,32.23170852661133,32.4282440889927,31.29816929105488,31.54383593257855,467724
2021-03-02,31.78950309753418,32.42824271097989,31.199900184048836,32.42824271097989,303690
2021-03-03,30.6594295501709,32.32997609991619,30.6594295501709,31.7895024010252,302274
2021-03-04,30.06982421875,31.887771459989324,29.57848722783677,30.85596265449042,689408
2021-03-05,30.90509796142578,31.838639008479447,30.06982468895175,30.954230911564647,264977
2021-03-08,31.298168182373047,31.445568911786655,30.462894883293323,31.445568911786655,447041
2021-03-09,31.445566177368164,31.789500557991687,30.806828489250734,31.445566177368164,382355
2021-03-10,31.642101287841797,32.32997378839123,31.052496555128254,31.445565752170022,549746
2021-03-11,32.37910842895508,32.42824137829235,31.445567397131974,31.93690438771216,279461
2021-03-12,32.13343811035156,32.42823953825132,31.445565612849766,32.32997364515258,530702
2021-03-15,34.14792251586914,34.39359102317755,32.62477852027778,32.62477852027778,725025
2021-03-16,32.673912048339844,34.344458677223884,32.624779095732315,34.09879016558223,550826
2021-03-17,32.08430480957031,32.87044319149136,31.642100798301126,32.67390765886022,747549
2021-03-18,31.396432876586914,32.08430537869593,31.101629572410857,31.642101359582735,725421
2021-03-19,31.445566177368164,31.838637254026708,30.85596143668215,31.29816546077211,594727
2021-03-22,30.7576961517334,31.445568717141654,30.659430248933894,30.855963928834857,599075
2021-03-23,30.7576961517334,31.347300940040196,30.315493966229766,30.708563200333646,351538
2021-03-25,29.775020599365234,30.41376018055279,29.48021915751087,29.971556143469385,559628
2021-03-26,29.480220794677734,30.364627043657674,29.234552288055422,29.480220794677734,396138
2021-03-29,29.824155807495117,29.971556530324865,28.98888254572405,29.480219538024457,141906
2021-03-30,30.413761138916016,31.19989959150078,29.87328931274981,30.06982486304696,418221
2021-03-31,31.74036979675293,31.83863944698792,29.87328955123251,29.87328955123251,1137176
2021-04-05,32.18257522583008,32.870447812438854,31.74037115239558,31.74037115239558,359326
2021-04-06,32.968711853027344,33.607451450584705,32.03517080606036,32.32997600407379,468507
2021-04-07,32.673912048339844,33.410917583264805,32.57564614312478,33.21438202423068,211089
2021-04-08,32.673912048339844,33.26351497683821,32.08430911984148,32.673912048339844,136916
2021-04-09,31.887771606445312,33.01784444157375,31.740369009052845,32.91957854238129,159484
2021-04-12,31.150766372680664,31.642103369888233,30.610294551171197,31.642103369888233,645382
2021-04-13,31.00336456298828,31.249033067843346,30.46289460202792,30.757696058133217,201145
2021-04-14,30.4628963470459,31.396437468692323,30.4628963470459,30.61029708354216,296227
2021-04-15,30.168092727661133,31.4455681854753,30.06982495222114,30.56116195511919,264421
2021-04-16,31.10163116455078,31.445567433211913,29.77502091360178,30.168092005958428,328640
2021-04-19,31.249032974243164,31.740369982481592,30.46289451078246,30.46289451078246,594369
2021-04-20,30.806827545166016,31.691233691941235,30.462891300780722,31.199896735477033,1183863
2021-04-21,31.150766372680664,31.39643487128445,30.413760876869308,30.413760876869308,1276385
2021-04-22,30.9542293548584,31.54383222408092,30.80682863755277,31.24903078946966,133779
2021-04-23,30.610294342041016,31.44556760644766,30.26635807148512,31.05249838622744,425229
2021-04-26,30.413761138916016,30.9542310907803,30.266358539042194,30.75769554048315,417726
2021-04-27,30.610294342041016,31.44556760644766,30.462893618746172,30.905097662932597,414187
2021-04-28,31.691234588623047,32.13343861167339,31.10162984932319,31.10162984932319,609592
2021-04-29,31.936906814575195,32.32997793635004,31.445569786658655,31.54383569280035,466986
2021-04-30,31.78950309753418,32.03517160292039,31.642104243464797,31.93690570020747,296748
2021-05-03,31.59296989440918,32.57564387247971,31.445567298257103,31.88777133810959,579829
2021-05-04,30.8559627532959,31.691236015383435,30.6594290808824,31.592970116327628,577413
2021-05-05,30.806827545166016,31.445565213709134,30.610292012859638,30.610292012859638,213027
2021-05-06,30.9542293548584,31.396433381077102,30.61029309827739,30.9542293548584,224946
2021-05-07,31.838638305664062,31.838638305664062,31.003363177326236,31.003363177326236,424099
2021-05-10,31.838638305664062,32.42824119152299,31.445567216022294,31.887771254718352,598551
2021-05-11,31.642101287841797,32.32997378839123,31.347297984334137,31.445565752170022,432095
2021-05-12,31.052499771118164,32.18257453251399,30.512027929197053,32.18257453251399,751480
2021-05-13,31.00336456298828,31.74037007755347,30.954231611738045,31.445568621448174,351889
2021-05-14,31.887771606445312,32.231706002222715,31.249032015882975,31.740369009052845,378675
2021-05-17,32.28083801269531,32.77217499157106,31.642102189319033,32.03516952325744,480863
2021-05-18,31.494701385498047,32.57564504959768,31.052499203968495,32.57564504959768,291067
2021-05-19,31.642101287841797,31.838636823513568,30.85596101945648,31.445565752170022,345382
2021-05-20,32.0351676940918,32.72304017496197,31.83863591264613,31.83863591264613,286158
2021-05-21,31.78950309753418,32.62477826500964,31.740370146177717,32.08430830288076,246559
2021-05-26,33.46004867553711,33.803986821875306,31.54383364155048,31.54383364155048,614544
2021-05-27,34.344451904296875,35.52366127735062,33.60744651471369,34.09878344110248,1363619
2021-05-28,35.22886276245117,35.327132415412414,34.09878986792661,35.130596858093895,2020071
2021-05-31,35.76933288574219,36.211533159492156,35.52366440094617,35.52366440094617,564344
2021-06-01,38.32428741455078,38.42255331873625,36.55547489898461,36.60460785107735,1851335
2021-06-02,39.45436096191406,39.79829534819776,38.12774886781194,38.12774886781194,826249
2021-06-03,40.633567810058594,41.46884294708241,38.275152493494126,39.2578264792136,599057
2021-06-04,42.54977798461914,42.746313509094264,40.53529729310663,41.272302698435844,1382028
2021-06-07,44.416866302490234,46.13654583163507,43.43419228583604,43.43419228583604,1809090
2021-06-08,43.4341926574707,45.203005152861905,42.99198859647192,45.203005152861905,663978
2021-06-09,45.94001007080078,46.97181703390013,43.188523586334554,43.33592243900368,749807
2021-06-10,45.497802734375,46.67701221370511,44.220327360352215,46.67701221370511,1850083
2021-06-11,43.92552947998047,45.79260787035937,41.763645884475096,45.79260787035937,925799
2021-06-14,44.367733001708984,44.711667405385796,42.893721988344616,44.711667405385796,644861
2021-06-15,44.0237922668457,44.41686334679222,42.84458277560981,44.36773039894981,420367
2021-06-16,44.26946258544922,44.71166663152572,43.23765564367323,44.22032963557489,714260
2021-06-17,44.51512908935547,44.711664628652684,43.72899068077021,44.22032765471145,523716
2021-06-18,42.254981994628906,43.33592189504998,41.76364499469136,43.33592189504998,617891
2021-06-22,41.812774658203125,42.05844313886073,38.324282982585885,40.338763774257515,1157396
2021-06-23,41.96017837524414,42.8445826802499,41.27230586117057,41.91104542751109,435676
2021-06-24,42.009315490722656,42.69718807304008,41.37057586101276,42.058448443330185,567686
2021-06-25,41.37057113647461,41.66537631566091,39.11042183720229,40.04396282455056,719561
2021-06-28,40.19137191772461,41.37057783086913,39.847433735887314,41.37057783086913,367103
2021-06-29,40.19137191772461,40.58443930590472,38.815626687583766,39.798300780940316,864844
2021-06-30,41.37057113647461,42.1567132828333,40.437033897729904,40.977503811898835,950958
2021-07-01,41.12490463256836,42.25498121090619,39.847429206145435,41.763644220081694,592096
2021-07-02,41.86191177368164,42.05844732750159,40.584436296757815,41.27230886082569,145602
2021-07-05,41.812774658203125,42.156712780285886,40.97750332340869,41.86190760461394,98862
2021-07-06,41.567108154296875,42.2549806825711,40.977505272121086,41.86190959538477,312124
2021-07-07,41.468841552734375,42.64805104566876,40.58443349588267,42.451515505412424,392165
2021-07-08,39.74916458129883,41.272308551947546,39.55262902894973,41.272308551947546,221472
2021-07-12,40.780967712402344,41.272304672792735,39.7000278989849,40.28963075201196,150891
2021-07-13,41.22317123413086,41.665375242921506,40.43703285661608,41.22317123413086,87484
2021-07-14,41.22317123413086,42.45151362043629,41.07576864833282,42.2058451431752,268292
2021-07-15,40.58443832397461,41.272310922402134,40.289636852821126,41.272310922402134,310864
2021-07-16,39.99483108520508,41.026637997702,39.84742849116108,40.58443396417369,174832
2021-07-19,39.99483108520508,40.24049957620928,38.02948315717145,39.454361154716565,372047
2021-07-20,39.89656066894531,40.87923461397947,38.913886723911155,39.40522369642824,457145
2021-07-21,40.780967712402344,40.977503246279205,40.0930952181351,40.780967712402344,814072
2021-07-22,40.58443832397461,41.321443876160366,40.09310128918411,41.321443876160366,384554
2021-07-23,40.04396057128906,41.22316997586978,39.70002621306289,40.879231869040254,135586
2021-07-26,41.22317123413086,41.22317123413086,39.454358947571734,39.454358947571734,281124
2021-07-27,42.009315490722656,42.20585104975678,40.6335703260878,41.272309955797695,373268
2021-07-28,43.53245544433594,43.728990985000486,42.15671415689137,42.30411300093705,528103
2021-07-29,44.22032928466797,44.90820182326134,43.63072639364723,43.63072639364723,430079
2021-07-30,43.87639617919922,44.51513203847682,43.630727675953096,44.46599908754837,634681
2021-08-02,45.055599212646484,45.448670293000376,42.74631692422738,43.72899087650847,1002773
2021-08-03,43.87639617919922,44.95733609404061,43.630727675953096,44.95733609404061,355801
2021-08-04,41.812774658203125,43.92552509129991,41.76364171179231,43.92552509129991,617379
2021-08-05,42.254981994628906,42.99198749453522,41.96018054438714,42.3041149449019,215085
2021-08-06,42.254981994628906,43.67986004416855,41.861910895237344,42.64805309402047,201109
2021-08-09,42.64805221557617,42.89372071048478,41.812777083724654,42.45151666992854,137137
2021-08-10,44.613399505615234,44.809931299711025,41.86190940502994,42.25498049042889,447781
2021-08-11,45.596073150634766,45.74347199517255,43.33592004835217,44.76079803717269,273267
2021-08-12,45.743473052978516,45.94000859884405,43.7289921422152,44.80993202157003,377071
2021-08-13,44.908203125,45.89087713758817,44.31859646828478,45.89087713758817,192351
2021-08-17,42.99198913574219,44.613402796874624,41.96018214620517,44.613402796874624,170096
2021-08-18,43.28678894042969,43.72899299004983,42.25498199038523,43.23765599016163,209958
2021-08-19,42.795448303222656,44.367728818394156,41.02663600368278,43.2376523152585,97082
2021-08-20,43.67985916137695,44.12206320210435,42.2549811406348,43.63072621209697,100939
2021-08-23,44.22032928466797,44.71166627671983,42.9919868045383,43.67985934313167,212865
2021-08-24,46.13654327392578,46.283942119090106,45.006466717980885,45.006466717980885,573988
2021-08-25,45.98914337158203,46.77528183761002,45.79260781792406,46.13654597397648,478725
2021-08-26,46.43134689331055,47.36488795093915,44.22033037458147,45.989142839843964,509694
2021-08-27,47.07008361816406,48.54409454046227,46.48047700008261,47.168349513542495,449162
2021-08-30,50.411170959472656,51.49211451234065,46.82441342815608,47.07008190627106,1288344
2021-08-31,51.3447151184082,51.688649509712036,49.57590271572445,51.099046625018694,564282
2021-09-01,49.625038146972656,52.96613132363614,49.28110373846491,51.59038619239732,699988
2021-09-02,48.052764892578125,49.82157751929176,47.51229113978424,49.62504194996709,653298
2021-09-03,46.4804801940918,48.93716523340536,46.33308134089531,48.0527608684148,472396
2021-09-06,47.36488723754883,47.65968868588509,46.52961209389166,47.168351689123384,322285
2021-09-07,51.93431854248047,52.27825668596009,48.59322924684547,48.59322924684547,968108
2021-09-08,50.90251159667969,51.88518558020093,49.1336991760622,51.88518558020093,924994
2021-09-09,49.57590103149414,52.57305579930383,48.34755860627676,51.393846321374426,612266
2021-09-10,48.052764892578125,50.31291456830133,47.65969375392879,50.116378998976664,677169
2021-09-13,56.405487060546875,56.99508993979292,54.1453339433618,55.91415007830728,2812642
2021-09-14,56.307220458984375,56.995093021027905,53.55573395941415,56.79855746778634,1078856
2021-09-15,56.307220458984375,57.879501136312996,54.04707096821611,56.01241900342397,935300
2021-09-16,60.2379150390625,60.58185318587689,52.67132454099539,53.555732634399476,1317029
2021-09-17,60.6309814453125,61.66278830872586,58.66563361077144,60.925782870772956,1599199
2021-09-20,54.04707336425781,58.22343812422319,53.06439930308949,57.879503702255896,929066
2021-09-21,54.29273986816406,55.71761795379142,53.85053580729986,55.02974538673642,453907
2021-09-22,60.09051513671875,60.38531657982193,54.53840567242662,54.88234006461305,1278536
2021-09-23,60.581851959228516,62.448930259516324,58.96043840368567,60.5327152616758,2415464
2021-09-24,58.22343063354492,59.746574482676436,57.289889645818,59.35350715794123,292116
2021-09-27,59.599178314208984,59.94311270735064,57.97776474973259,58.223433244434844,267297
2021-09-28,58.1743049621582,58.419973476568835,57.388166465764996,57.97776940090889,452748
2021-09-29,59.25524139404297,59.844848042645694,57.97776594497613,58.46910294450982,283640
2021-09-30,59.943115234375,60.72925370084275,58.076033096485695,58.960441214139344,259712
2021-10-01,59.8448486328125,60.92578854300491,58.56736942254383,60.92578854300491,95795
2021-10-04,58.56736755371094,61.073189194968734,58.272566110211116,60.92578659891696,432062
2021-10-05,60.04137420654297,60.13964384638587,58.17429603276937,58.960434408495274,198262
2021-10-06,60.581851959228516,60.7292508060755,58.46910141698829,59.94311237708043,306644
2021-10-07,61.9084587097168,62.89113265749008,59.94311081417023,61.36798878816222,240576
2021-10-12,64.51254272460938,69.0819778371053,63.775537303148965,65.00387967224965,577863
2021-10-13,66.03568267822266,66.33048784530675,61.90845532228631,66.03568267822266,413235
2021-10-14,68.93458557128906,69.57332519826737,67.31317190194656,67.95191152892488,1102114
2021-10-15,71.78433990478516,73.40574603425698,69.03284965967994,69.03284965967994,1014586
2021-10-18,75.37109375,75.6658989525945,71.83346880490467,72.22653990929476,1087555
2021-10-19,77.4347152709961,77.63124707483409,74.68322503401761,75.17456204082036,1604810
2021-10-20,77.48384094238281,77.77864613191316,74.68322163067401,77.04164065529467,2215045
2021-10-21,80.0387954711914,80.38273737398555,74.38841988858947,77.33644193168614,2802066
2021-10-22,82.397216796875,83.03595642264463,78.12258622012128,79.3017920698437,2101746
2021-10-25,84.65736389160156,87.16317801312631,81.46367349375454,82.7902818518803,2347452
2021-10-26,83.37989044189453,86.96665217216554,82.54461901086898,84.65736968737448,1057764
2021-10-27,77.6312484741211,85.44350402421595,75.46936860410467,82.54461863071104,1533824
2021-10-28,76.74684143066406,79.49833175610674,76.64857552558568,77.13991254818559,630946
2021-10-29,71.68606567382812,76.7468382995817,70.703391668719,76.64857239851231,994126
2021-11-01,76.50116729736328,77.04164098138746,72.22653701432435,72.22653701432435,465979
2021-11-02,77.87692260742188,78.51566227335977,75.61676917324424,75.66590587724271,430517
2021-11-03,82.44634246826172,82.6428742511878,76.8450966883848,78.5647760292124,1828754
2021-11-04,79.9405288696289,82.79028498579207,78.61392046128624,81.66020837971955,528718
2021-11-05,81.95500946044922,82.54461233482796,78.61391650935997,82.54461233482796,930893
2021-11-08,87.70365142822266,88.4406569024094,82.05327612612427,82.44634721179868,1573884
2021-11-09,83.92035675048828,88.73546060039963,83.03594869687889,87.70364995498747,1372301
2021-11-10,81.85675048828125,85.73830994537794,80.3827394290484,85.00130441576151,667085
2021-11-11,82.24980926513672,85.24696790804911,81.31627198145318,81.56194047686543,628041
2021-11-12,81.02146911621094,83.96949114586869,77.92605198283647,82.5446168304172,659343
2021-11-15,82.24980926513672,85.98397339428585,76.79597316530938,81.16886938476433,1818028
2021-11-16,77.18904876708984,84.26429884944267,76.64857504672337,84.26429884944267,753331
2021-11-17,73.65140533447266,78.6139114965768,71.63692835069698,78.51564560664745,656938
2021-11-18,71.0964584350586,74.1918828618487,68.78717616330343,74.1918828618487,893470
2021-11-19,67.75537109375,72.32480681408705,66.82183376793405,71.53867209161254,516520
2021-11-23,67.01836395263672,68.05017465385257,64.07034194597162,65.83915814885374,566248
2021-11-24,69.22937774658203,69.91725401952426,65.34781858869299,68.59064566791709,438930
2021-11-25,71.04733276367188,71.73520156057518,68.49237438155654,69.08198477571091,144720
2021-11-26,64.36515045166016,68.34498336396663,63.38247639896306,68.34498336396663,1026784
2021-11-29,64.16860961914062,67.80450010410092,61.4171196595117,64.6108098818063,224024
2021-11-30,64.56167602539062,65.74088927301682,60.43444840171725,64.31600753595275,191989
2021-12-01,74.09362030029297,74.68322319449219,65.93742318937989,65.93742318937989,1162795
2021-12-02,73.4057388305664,76.89423424570819,71.04732742015696,74.09361507294169,786618
2021-12-03,70.01551818847656,74.48668761202705,68.78717576411732,72.22653455232319,709201
2021-12-06,71.98087310791016,72.32480752092958,70.75253056340657,71.53867279077203,271084
2021-12-07,75.2728271484375,75.7150349482183,72.71787623946538,72.71787623946538,844510
2021-12-09,72.37393951416016,75.07629293629833,71.24386294727907,75.07629293629833,399008
2021-12-10,70.21205139160156,73.50401515295208,69.96638290178181,72.52134119367308,209145
2021-12-13,65.98656463623047,70.7525323283514,64.85648796765545,70.26119529829342,567050
2021-12-14,65.24954986572266,66.42875557225456,63.87380487663074,66.03568450434157,544290
2021-12-15,62.49806594848633,65.83915910394919,61.61366158281949,65.44608799791689,242548
2021-12-16,62.842002868652344,65.24955491143616,62.39979882020572,63.87380981595861,571001
2021-12-17,63.18593978881836,65.54435133842166,61.90846061844367,63.82467187679823,692736
2021-12-20,63.18593978881836,63.87380857458474,60.92578664037314,63.87380857458474,936935
2021-12-21,64.46341705322266,65.24955930274815,63.284211176142534,63.284211176142534,301765
2021-12-22,63.57900619506836,65.83915944350463,62.39980036809767,65.83915944350463,358333
2021-12-23,65.44609069824219,66.33049884900385,63.87381370644815,65.8391618204927,256365
2021-12-27,64.75821685791016,66.77269402096442,64.21774316938895,65.34781974716488,163044
2021-12-28,62.00672912597656,67.06750182543243,61.810197320975625,64.85648528173687,184605
2021-12-29,64.8073501586914,65.64262909328778,62.006730634644185,62.89113877308225,114718
2021-12-30,63.48073959350586,66.57616422673664,62.00672857741575,64.80734800854542,431815
2022-01-03,67.21489715576172,67.31316304763072,62.694594906320766,63.87380435176639,356948
2022-01-04,65.10215759277344,68.29584834260761,65.05302089004654,67.21490835748999,373946
2022-01-05,63.48073959350586,66.82183272941832,63.18594188861247,66.33049572405496,285712
2022-01-06,62.743736267089844,63.87381291816044,61.90846482837088,62.00673073341876,121622
2022-01-07,64.36515045166016,64.80735077649064,60.4835871937858,63.7755475194835,126220
2022-01-10,62.94027328491211,64.85648460387065,62.54720218181074,64.36514759929588,142190
2022-01-11,66.03568267822266,66.23222195534767,62.15412379578744,63.87380311029539,349837
2022-01-12,68.93458557128906,70.75253105022121,65.39696051821959,66.33049785958238,270599
2022-01-13,69.08198547363281,73.30747919211366,68.93458287360504,68.93458287360504,370228
2022-01-14,69.57331848144531,71.44039298391777,68.19757345551251,69.0819815076984,184316
2022-01-17,70.31033325195312,70.7525335879948,68.5906536161338,69.27852247157824,71454
2022-01-18,66.18309783935547,71.14560494604761,65.34782637015603,70.35946268256093,346686
2022-01-19,64.9056167602539,67.11663312608411,64.85648006435258,66.52702276409697,289315
2022-01-20,66.77269744873047,68.63977960822305,64.90562278644576,64.90562278644576,234678
2022-01-21,64.56167602539062,67.36230280274826,64.46341012905694,66.7726924303315,324983
2022-01-24,60.9257926940918,63.67728310496633,59.451781580525065,62.891140845514116,465457
2022-01-25,64.8073501586914,65.83916090307048,60.77838808048242,60.925790686423426,244171
2022-01-26,64.95475006103516,67.31316916630337,64.75821825943267,65.83915816266169,367305
2022-01-27,64.75821685791016,66.7235648202309,62.15412930839367,64.95474865525924,117547
2022-01-28,66.87096405029297,70.75252308158014,65.10214797437061,68.78717521820292,744948
2022-01-31,75.2728271484375,77.63124625564548,67.80450622328529,67.80450622328529,915922
2022-02-01,75.960693359375,77.43470416844018,70.06465012311428,73.70054045325905,599202
2022-02-02,73.25835418701172,77.7295166626102,71.63694048823525,77.04164781935138,321802
2022-02-03,70.45772552490234,74.19188986814235,69.27851967819915,74.19188986814235,423195
2022-02-04,71.93173217773438,72.52134256219394,69.67158652706678,71.73520038105283,300173
2022-02-07,74.83062744140625,76.1572358568912,71.93173461046447,71.93173461046447,750336
2022-02-08,73.11095428466797,76.15724248461072,72.61961723638015,75.27283429825098,486241
2022-02-09,73.2092056274414,75.42022190478023,70.7525208748427,73.50401079663601,234189
2022-02-10,71.44039154052734,74.1918815368015,70.75252279006236,71.93172850434722,140620
2022-02-11,71.68606567382812,74.29015328680886,71.04733356827333,71.44039717255085,308728
2022-02-14,70.9981918334961,73.60227926177856,69.76984941423146,73.60227926177856,321112
2022-02-15,70.75252532958984,72.2265362739563,69.96638316037813,69.96638316037813,108842
2022-02-16,74.24102020263672,74.68322048292904,70.8016613646071,71.24386164489941,278721
2022-02-17,72.52134704589844,75.66590097046308,72.22654183544203,74.58496102746948,287250
2022-02-18,75.2728271484375,75.56763234829137,71.73520223622937,71.73520223622937,461807
2022-02-21,75.2728271484375,76.74683815329153,74.7814901468195,75.2728271484375,169166
2022-02-22,79.10525512695312,79.5965921153193,73.70054825492527,73.70054825492527,524956
2022-02-23,77.13990783691406,80.57926678505673,76.15723385173044,79.59659279987311,1036356
2022-02-24,74.6832275390625,76.25550451412748,70.85079725801111,76.25550451412748,716836
2022-02-25,71.98087310791016,76.15723775922235,71.44039938944542,74.48669489758063,572462
2022-03-02,75.4693603515625,76.1572290993838,70.7525225181372,72.71787036586323,752797
2022-03-03,77.18904876708984,78.71218902930895,75.17456398813253,76.5503091422589,1166526
2022-03-04,75.174560546875,78.41738772621147,72.717875561683,77.63124553206698,714569
2022-03-07,73.70054626464844,78.12257904052734,73.20920928955078,74.68322021484374,239539
2022-03-08,75.4693603515625,75.5676262445074,73.20920732779474,73.70054428972625,206691
2022-03-09,74.14274597167969,76.64856752423964,73.60227980156385,74.68321963900271,547615
2022-03-10,76.84510040283203,77.13990558867806,73.70054674077521,73.99535192662124,405589
2022-03-11,76.00983428955078,78.61392195370895,74.68322585602351,77.6312479292876,548624
2022-03-14,72.32479858398438,74.68321747745053,70.7525218207426,73.01267482223246,224473
2022-03-15,71.68606567382812,72.71787637807579,70.65426246678814,72.03000757338246,450607
2022-03-16,73.50402069091797,74.191889515356,69.76985636543411,69.76985636543411,769831
2022-03-17,75.174560546875,76.84510333792251,72.91440736161532,73.99535475286588,260174
2022-03-18,73.79882049560547,76.00983713327332,72.9144123410967,75.27283158738403,228443
2022-03-21,71.98087310791016,75.17456372361949,71.0473357729706,74.19188968801662,908116
2022-03-22,72.66873931884766,73.20921301786258,71.53867021633805,72.22653901762283,592240
2022-03-23,70.80167388916016,73.45489103467293,70.70340047863785,72.61961952569362,856039
2022-03-25,73.60228729248047,74.53582463409644,71.88260771787675,73.60228729248047,561651
2022-03-28,72.37393951416016,75.1254221365582,72.32480281669285,74.48669005272785,176238
2022-03-29,72.22653198242188,73.20920588694462,70.75252112563776,71.7351950301605,234699
2022-03-30,73.4057388305664,74.58495203297817,72.42306491049347,72.57046749794581,680235
2022-03-31,74.97801971435547,75.27281737873973,73.70054067707024,73.70054067707024,318308
2022-04-01,76.79597473144531,77.09077243362745,73.89708192813785,74.97802932776199,247254
2022-04-04,78.0243148803711,78.1225807781348,73.70054790390076,77.6312437921088,1052746
2022-04-05,77.4347152709961,79.59659510204509,76.4520412573906,78.6139210884396,269067
2022-04-06,77.23817443847656,77.63124553556652,73.70054955908215,76.55030564147484,419464
2022-04-07,77.6312484741211,78.71218840912931,75.17456339582613,78.51565660174886,289770
2022-04-08,80.38274383544922,80.53013895168603,76.2555081450267,78.5156615586301,358754
2022-04-11,78.8104476928711,80.08792682516147,76.74683389988508,76.74683389988508,273586
2022-04-12,76.35376739501953,78.85958911339362,75.66589858855214,78.61392061148274,665455
2022-04-13,77.28730010986328,77.38556599581348,74.78147878349719,76.64856060537717,406117
2022-04-18,76.10810089111328,77.63124864182981,74.87975834931218,77.63124864182981,465621
2022-04-19,77.48384094238281,78.2208464190013,74.68322163067401,74.781487528115,692439
2022-04-20,76.40290069580078,78.2208460296356,74.87975305282148,77.92604833878008,347025
2022-04-21,75.71502685546875,77.04163511860222,75.17455321257404,75.32195579674595,776472
2022-04-22,75.66590118408203,77.53298336209188,75.17456416340617,75.17456416340617,180527
2022-04-25,76.64857482910156,77.43471705700115,74.38842154679617,77.43471705700115,371372
2022-04-26,75.81330108642578,77.58210979946308,75.17456148288133,76.64857249234959,282796
2022-04-27,76.59943389892578,77.63124457892103,74.19188564188022,76.59943389892578,601919
2022-04-28,77.6312484741211,78.61392250543909,74.38842117188858,74.68322638016713,340353
2022-04-29,74.53581237792969,78.61391048371368,73.504009301155,78.61391048371368,362429
2022-05-02,74.97801971435547,75.32195407140712,72.02999808727266,74.68321455276451,217879
2022-05-03,75.42023468017578,76.10810352853842,74.68322912955517,74.97803434868668,118219
2022-05-04,75.2728271484375,75.66589824917344,72.81614214034745,75.37109304931957,269504
2022-05-05,73.50402069091797,75.27282945256198,72.22654144872405,75.27282945256198,175354
2022-05-06,71.78433990478516,75.27282816506354,71.14560029461347,73.40574603425698,189875
2022-05-09,66.28135681152344,71.73520038783793,66.13396171260207,71.73520038783793,399513
2022-05-10,69.13111114501953,69.27851373751953,66.03568669134847,66.03568669134847,356665
2022-05-11,72.42306518554688,72.52133857569302,69.13110904024148,69.13110904024148,358162
2022-05-12,72.66873931884766,75.17456101834212,70.75252801726317,72.42307081878772,247851
2022-05-13,73.79882049560547,75.66590271129995,72.9144123410967,74.09362571284443,465544
2022-05-16,75.174560546875,76.05896864098564,73.11094665875524,73.89708135569212,446159
2022-05-17,75.4693603515625,76.94337123735703,75.07628928257589,76.0589632064389,259922
2022-05-19,74.38841247558594,75.66589156584006,73.30747266694391,75.66589156584006,357380
2022-05-20,74.6832275390625,76.05897270369735,73.061813862786,76.05897270369735,84580
2022-05-23,76.05896759033203,76.64857047919202,71.24386358642847,74.6832225181871,109646
2022-05-24,75.81330108642578,77.4838438982734,75.07629558169165,77.13990949550568,83814
2022-05-26,79.98966217041016,80.38273325545836,78.12258013933673,78.12258013933673,370603
2022-05-27,80.38274383544922,81.11974940546664,79.20353042509635,80.1862045184529,231931
2022-05-30,79.5474624633789,81.46368138605723,78.22085397672969,81.46368138605723,69785
2022-05-31,80.53013610839844,81.66021277530038,78.61392469289241,78.61392469289241,475020
2022-06-01,80.3335952758789,81.5619377112899,79.00698694507648,80.53012706666176,257657
2022-06-02,81.75846862792969,82.54461077707037,78.66305172155529,81.5619368392481,425521
2022-06-03,80.18620300292969,81.36541639099538,78.122588945325,79.6948659655377,312539
2022-06-06,79.10525512695312,80.67753199028337,78.61391813858695,80.48100019381988,433313
2022-06-07,78.90872192382812,79.49832479991551,77.13990579835863,79.49832479991551,168345
2022-06-08,78.3191146850586,80.57926788059241,77.72951178537383,78.90872508195099,200846
2022-06-09,76.05896759033203,78.61391844019694,75.5676306000808,77.63124445969447,522007
2022-06-10,74.5849609375,76.45204310798653,74.19188982310158,75.66590087918969,483193
2022-06-13,74.83062744140625,77.63124687347619,70.45772359387948,74.290153736442,706645
2022-06-14,72.86527252197266,76.05896275559675,71.73519601678734,75.2728206222834,559401
2022-06-15,74.73235321044922,75.66589041802258,72.22653176265791,72.22653176265791,459523
2022-06-16,75.66590118408203,76.15723820475789,72.81614496472046,74.48669533334315,488867
2022-06-21,75.0762939453125,76.5011682245252,72.71787488212635,72.71787488212635,106004
2022-06-22,75.66590118408203,76.15723820475789,73.30748198539632,74.68322714273032,285669
2022-06-23,72.86527252197266,77.3855710455069,69.8681140730734,75.66589168894008,409088
2022-06-24,73.11095428466797,74.6832313397473,71.73520905002042,71.73520905002042,298693
2022-06-27,74.92889404296875,75.07629664544565,70.85079535954922,72.91440930260254,286495
2022-06-28,75.37109375,77.53298107554163,73.11094801987052,75.6658989525945,444694
2022-06-29,74.29015350341797,76.6485726219979,73.45488209608132,75.3710934127482,290142
2022-06-30,75.0762939453125,76.35376562734966,70.94905871043487,74.19188585946675,321904
2022-07-01,75.0762939453125,76.15723382925395,74.24102255759445,75.66589683680715,107366
2022-07-04,73.06180572509766,74.6832192207797,70.75252347231762,73.70054528366418,187189
2022-07-05,80.48100280761719,80.57926870904033,73.40574544703536,73.7005506485125,867566
2022-07-06,84.01863098144531,84.41170209951356,79.0069948433972,80.38274000803204,499239
2022-07-07,90.84820556640625,91.63434774162488,84.70649325128394,84.70649325128394,572942
2022-07-08,93.79623413085938,95.46678449739328,87.65452138009047,89.4233376511951,705043
2022-07-11,93.0592269897461,94.63151142449024,88.5389279828762,93.35403219556258,278927
2022-07-12,91.38868713378906,94.43497520547375,90.20948126642985,93.35403524419313,177158
2022-07-13,88.53892517089844,94.23843732281112,87.70365377722354,94.23843732281112,231036
2022-07-14,89.76726531982422,90.40600489734476,86.0331087463018,88.53892286197986,253250
2022-07-15,92.22395324707031,92.37135584626651,90.30774194914251,92.02742144628046,275224
2022-07-18,93.99275970458984,95.31936796549296,92.66615144368673,93.74709123045197,151756
2022-07-19,94.53323364257812,95.81071281229167,93.25576197007206,93.55055966501617,181664
2022-07-20,90.7008056640625,95.31937008149978,90.4060004896699,95.31937008149978,589911
2022-07-21,93.0592269897461,94.92630913309891,89.57073870602608,90.70081533204551,495705
2022-07-22,95.31936645507812,95.61417161825487,91.19213915384402,93.35401869311775,309790
2022-07-25,102.2963638305664,102.93510344205892,95.81071680764434,95.81071680764434,615400
2022-07-26,104.45824432373047,107.11146100101959,100.92061209106858,101.95242274179617,379786
2022-07-27,115.51333618164062,117.67521606665423,104.458253252623,106.86580164717033,889023
2022-07-28,119.88623046875,124.55393206486937,113.05664902699532,118.1174142334427,715406
2022-07-29,112.12310028076172,122.83424822546365,109.51901271894039,121.85157423965994,393918
2022-08-01,109.1750717163086,114.23584393637209,105.24437601097107,110.05947974945096,592913
2022-08-02,105.88311767578125,110.05948194605568,105.14611221632106,110.05948194605568,564599
2022-08-03,108.88027954101562,109.37161652902164,105.14611543328694,108.09413736132302,256272
2022-08-04,108.43807983398438,113.00751566238321,106.1287973177164,112.0248416131451,361120
2022-08-05,111.82830047607422,112.41790335700458,106.86579394239499,112.41790335700458,974678
2022-08-08,112.90924072265625,116.44686551741471,110.55082169374815,116.44686551741471,703855
2022-08-09,109.6172866821289,113.00750895179988,109.07681298825901,111.28782946775075,293147
2022-08-10,106.42359161376953,112.0248301209333,105.63744945614324,109.07680827564559,342869
2022-08-11,107.20972442626953,109.86294853962056,106.62012156681612,107.11145853256181,324959
2022-08-12,111.48436737060547,111.77917258289409,106.12879682595658,107.35713938181257,312884
2022-08-16,106.42359161376953,111.82829833013035,105.39178096903593,111.58262984302304,673631
2022-08-17,107.99588012695312,108.3889512483329,105.1952605700853,106.62013495072793,391002
2022-08-18,112.81097412109375,113.99017987958584,108.0941360927107,108.3398045838305,288344
2022-08-19,113.79365539550781,113.99018720214562,109.0768170641221,112.0248391469362,206308
2022-08-22,113.35143280029297,113.99017233436658,110.55081368634688,112.02482453549818,477176
2022-08-23,119.05095672607422,119.64055962725985,113.10577602086737,114.97285812229488,325536
2022-08-24,123.4238510131836,123.91518800567016,119.10008397986032,119.10008397986032,540784
2022-08-25,132.56271362304688,132.9066555130833,121.85157326153293,121.85157326153293,944844
2022-08-26,129.12335205078125,132.6609842964525,122.53943953272912,132.6609842964525,801717
2022-08-29,131.1869659423828,134.08585095496093,126.07706464987687,129.22161813800255,520212
2022-08-30,124.75045776367188,128.9759588427359,121.36023555868864,128.73029034970213,690353
2022-08-31,122.29377746582031,127.64934781794271,120.91803985048415,125.78227319792715,340707
2022-09-01,120.7706298828125,124.30825460127289,119.8862218288956,121.85156972772995,278335
2022-09-05,123.8169174194336,125.29092834109352,120.86889557611376,124.701325471871,98282
2022-09-06,125.78226470947266,125.78226470947266,122.83424288034439,125.29092773795128,298607
2022-09-07,134.42979431152344,134.57718940072346,125.53659239904854,125.53659239904854,596016
2022-09-08,128.97596740722656,138.5570392717634,127.74762486049107,134.62634312220982,377036
2022-09-09,132.66099548339844,133.7910646323425,128.23896230061848,131.67832144278066,312431
2022-09-12,134.03672790527344,140.42410891971446,131.67831629770748,133.74193770013918,421630
2022-09-13,131.6782989501953,135.36332597305525,126.76492958638205,134.52804718344166,686097
2022-09-14,139.73622131347656,142.09464759809686,132.6609724484423,132.6609724484423,586763
2022-09-15,139.53970336914062,140.52237733652893,135.60900749958736,138.55702940175232,547057
2022-09-16,136.7882080078125,140.5223719393494,134.62632836147458,137.32868166800054,484474
2022-09-19,145.7305450439453,146.41841378768925,136.59167460730743,138.55702244338377,311494
2022-09-20,141.45591735839844,145.4357500026235,138.90097399013652,143.4704020296151,372949
2022-09-21,135.55987548828125,144.45307819944293,133.64366418451863,144.45307819944293,471197
2022-09-22,138.70440673828125,142.48770702604838,134.13497937279726,137.08300089747414,176513
2022-09-23,131.58004760742188,137.5743652332065,129.31990931698044,133.64366908368632,369870
2022-09-26,124.84873962402344,134.6263433108557,122.98165745092766,133.64366927209034,354398
2022-09-27,124.01345825195312,126.76494850521296,120.96717029119189,125.7822744857927,308545
2022-09-28,126.91233825683594,129.7129650918115,124.308258212986,126.76494315790669,254481
2022-09-29,130.54824829101562,132.66099141579733,124.79959933189824,126.22447364822186,445623
2022-09-30,136.1494903564453,138.9009806494546,130.69564647099074,131.6783205046072,543518
2022-10-03,139.88365173339844,142.38945847074882,136.00207738693,138.85184102097537,242453
2022-10-04,138.31138610839844,144.45309952351383,135.55989549954325,141.6033504966673,295930
2022-10-05,143.2738800048828,144.0600222465973,135.60901938839467,137.57436749547287,193310
2022-10-06,137.18128967285156,143.4703969667802,136.5916793039894,142.53685971142724,251850
2022-10-11,128.68115234375,139.04836564324216,127.74761507859704,137.57435470002758,464132
2022-10-12,128.7303009033203,131.9239915745859,128.04243206531555,129.7129749560174,289788
2022-10-13,133.00494384765625,134.13501305142174,127.7476314775445,127.7476314775445,519650
2022-10-14,128.6320343017578,135.6090264425851,126.66668609244499,135.6090264425851,114540
2022-10-17,131.62918090820312,133.64366563168142,130.30257998865557,132.61185492020078,215271
2022-10-18,127.89501190185547,134.773729729726,126.76494282789984,131.58003930964324,209563
2022-10-19,124.01345825195312,129.71297056347373,122.9325183300324,125.88054788550096,278122
2022-10-20,122.29377746582031,127.74762121664476,120.37756614645372,124.30826218388894,395599
2022-10-21,127.45281219482422,127.69848068980053,122.83424748815268,122.83424748815268,164379
2022-10-24,123.76778411865234,127.45281152389853,122.44117575220521,126.7649427404689,415961
2022-10-25,131.82569885253906,131.9239722411733,123.91517838593626,124.79958640319558,484917
2022-10-26,135.16680908203125,137.32868884129385,131.82570855006634,131.82570855006634,483146
2022-10-27,141.65245056152344,143.47040345235013,134.62633748610935,135.3633429832961,613102
2022-10-28,144.15826416015625,146.1727487382895,137.57435175368423,139.78536812115416,318587
2022-10-31,149.95603942871094,150.3491029812233,141.60331148530963,141.60331148530963,522637
2022-11-01,147.94155883789062,151.33178079845376,147.4010851932991,150.59477537248725,622727
2022-11-02,148.18724060058594,154.27981633599043,143.4704024525771,147.40109841018196,504694
2022-11-03,151.28265380859375,153.05146994325753,147.49936804260028,147.49936804260028,412881
2022-11-04,154.08328247070312,155.06595644692646,149.36644438594809,152.31446631461813,245060
2022-11-07,147.40109252929688,156.53996326499617,145.9270816040039,154.27981018066404,253524
2022-11-08,143.86346435546875,152.31446656250944,143.47040076210567,146.41842269557358,226250
2022-11-09,137.57435607910156,149.12077525002616,136.591682107108,143.96173689705986,353112
2022-11-10,138.6553192138672,145.92710143579683,137.57437172398355,140.52239397521177,155714
2022-11-11,144.45306396484375,146.22187999186747,138.0656835854459,139.53969444223003,505988
2022-11-14,147.89244079589844,154.03415345353542,142.73340216348336,145.43575573284363,609743
2022-11-15,150.34912109375,152.805806078942,147.4010991115196,147.4010991115196,595636
2022-11-16,148.38377380371094,152.31446979851123,146.41842580631078,149.36644780241102,485372
2022-11-17,149.169921875,152.06880728642344,145.53403093553248,147.4011056088111,312210
2022-11-18,155.50816345214844,157.17870628497877,149.3664508355549,149.3664508355549,475065
2022-11-22,155.75384521484375,161.64988982865486,150.34913765218354,155.26250816369281,690665
2022-11-23,162.87820434570312,164.10654676158322,156.73649226630255,161.84639371748096,625939
2022-11-24,167.79159545898438,168.5286010027281,164.5979047694283,167.0054532134412,155141
2022-11-25,172.95062255859375,173.93329655040395,164.35222513025457,167.0545786077326,701790
2022-11-28,175.4073028564453,177.37265078760996,167.05457414899553,171.96794397690718,599092
2022-11-29,179.829345703125,179.829345703125,171.0835529207939,174.9159756019467,671554
2022-11-30,178.4044647216797,184.10397682544962,176.24258495664006,180.8120129826196,686923
2022-12-01,181.205078125,183.76003650193738,167.30024713612215,179.8293405339815,1246424
2022-12-02,175.8003692626953,183.21956082064193,175.1616371725949,183.21956082064193,681239
2022-12-05,168.03726196289062,179.82935052168997,166.5632508930407,176.14432284706518,946157
2022-12-06,170.49392700195312,170.98526396737662,166.90717315212729,169.01991610568263,513786
2022-12-07,177.86398315429688,180.81200497453383,168.037243753507,171.96793951382293,508684
2022-12-12,176.53736877441406,176.63564216698762,168.8233872786519,175.89863670592928,463639
2022-12-13,174.37550354003906,180.32068441753862,171.96795516658995,176.8813253142068,219744
2022-12-14,175.8986358642578,179.8293316377608,171.96794009075484,175.8986358642578,441887
2022-12-15,176.7830352783203,177.86398260684587,172.4101392573111,175.8986347327371,360281
2022-12-16,176.7830352783203,178.60098805963668,173.6876183743647,178.60098805963668,202993
2022-12-19,178.8466796875,178.8466796875,174.91598343063185,178.8466796875,470940
2022-12-20,180.4189453125,181.30334588000244,177.91312371202352,179.14146616378505,114158
2022-12-21,181.30335998535156,183.76004508000403,179.82934892856008,181.5490284948168,558262
2022-12-22,186.1184539794922,188.91908094312532,182.04036278134703,183.7600423217916,447627
2022-12-23,193.83245849609375,195.40474299116696,186.7080715551727,186.7080715551727,851549
2022-12-26,201.84121704101562,203.65916978961738,193.0954251563803,196.2891153943357,447530
2022-12-27,210.19395446777344,211.76623880469248,197.51746635611687,202.18516767547786,608685
2022-12-28,213.06460571289062,214.16031573353118,198.37221195907858,208.18374878282796,743606
2022-12-29,207.68568420410156,219.14076990360837,207.68568420410156,213.16420345169178,465755
2022-12-30,212.1681365966797,214.65837294171115,199.71695487152243,205.49430623183468,324088
2023-01-02,214.90737915039062,222.12906396540956,212.16811939296966,215.95328137033587,422671
2023-01-03,200.96205139160156,214.1603025982371,198.72083892255023,214.1603025982371,1216738
2023-01-04,203.60171508789062,206.540206099715,199.2189052520246,201.95816519923994,757045
2023-01-05,206.19154357910156,210.6739684395168,204.19935475225034,206.19154357910156,691994
2023-01-06,214.16030883789062,215.6544505274573,204.19936424077943,205.19545870049055,954003
2023-01-09,214.16030883789062,219.14078113644624,208.18374207962393,213.1642143781795,910107
2023-01-10,210.12611389160156,218.89174778707772,207.83509369631201,218.04506145429858,318593
2023-01-11,216.60073852539062,216.75016181476198,209.2794533220546,212.16812119288997,448569
2023-01-12,221.6310272216797,222.12907447386323,212.16812943019224,219.14079096076193,494006
2023-01-13,225.6154022216797,227.1095439582471,217.14859904779766,222.12907150302237,663499
2023-01-16,231.3429412841797,234.0822010841,222.12906741172043,226.61149253886276,594520
2023-01-17,242.6486053466797,245.5372730677995,228.10562082160683,229.101715235675,1044399
2023-01-18,221.6310272216797,253.00800410924333,220.13688546512904,245.03924807430653,1292638
2023-01-19,208.93081665039062,221.13297399945992,199.11927996758322,219.1407850445098,1427759
2023-01-20,220.13687133789062,223.12515465921948,208.6817852727968,214.16030469523298,653844
2023-01-23,224.1212615966797,233.08611206054687,221.33219396808184,229.1017340766059,488084
2023-01-24,234.9786834716797,234.9786834716797,218.39371633800437,224.76871497697252,955576
2023-01-25,246.03533935546875,246.9816260823814,224.12126054647962,231.09392198570345,521701
2023-01-26,251.01580810546875,256.9923749651228,244.04314676920572,249.02361915225075,787403
2023-01-27,239.0626678466797,252.01189568837484,237.07047894795735,251.01580123901365,545960
2023-01-30,226.6114959716797,241.05486604459992,226.1632564920144,238.96306154056768,282837
2023-01-31,230.64566040039062,234.63003798381627,223.22476019109922,232.08999423454355,986688
2023-02-01,226.3624725341797,237.31951190877143,219.1407874918351,237.07048828662164,246322
2023-02-02,223.12515258789062,234.08219133104598,220.1368692943028,229.10171917506628,512906
2023-02-03,218.14468383789062,227.10953385862587,213.16421160414882,225.11734496512915,606180
2023-02-06,217.09878540039062,222.12906548369452,211.6700736111439,219.09097432849552,808546
2023-02-07,226.51187133789062,229.1017229817097,218.49332319288683,224.12125074297688,549252
2023-02-08,227.10952758789062,229.59976363600344,221.88003188685366,229.0519086655797,323645
2023-02-09,227.7570037841797,234.08221000658932,223.1251703892596,229.59978470859082,414812
2023-02-10,229.5997772216797,230.9943034114607,220.13687967892065,224.12125759166128,262129
2023-02-13,233.08612060546875,236.2238123031715,226.9103375437956,231.09393154046475,391960
2023-02-14,233.08612060546875,238.56464053422977,231.7413869069125,234.08221513797076,461179
2023-02-15,230.09780883789062,237.07046971176612,226.11343119567607,233.08609206955154,389951
2023-02-16,233.5841522216797,236.0743883860899,228.10563265997718,229.10172712574126,292011
2023-02-17,230.2472381591797,236.0743970781283,223.22478407633892,236.0743970781283,355548
2023-02-22,225.1173553466797,235.07830027352392,223.72282913659978,224.12126085399527,504587
2023-02-23,229.5997772216797,233.73356322646987,224.12125759166128,228.10563550440193,360713
2023-02-24,227.60757446289062,233.83316457402003,223.67300455249577,231.0939049251231,320805
2023-02-27,226.81069946289062,235.0782863005893,225.56558142104427,227.10953083277272,420281
2023-02-28,226.1134490966797,230.09782705433042,223.27457372217526,225.117354607267,180455
2023-03-01,233.08612060546875,234.33123877109625,224.12126981295071,227.10955341045673,327423
2023-03-02,225.51577758789062,234.58024317010785,225.11734588723726,234.58024317010785,182877
2023-03-03,221.83023071289062,229.10172322913255,219.1407787409094,226.1134398826656,359719
2023-03-06,227.60757446289062,228.8526924851165,218.14467749397394,222.12905516509676,459138
2023-03-07,231.3429412841797,234.0822010841,225.1173508298153,228.60368148425937,560056
2023-03-08,231.0939178466797,234.0822012671109,227.1095399527714,231.0939178466797,330612
2023-03-09,226.6114959716797,237.0704880934495,224.2208752806677,234.08220463008672,350330
2023-03-10,211.9191131591797,234.08221665056277,208.33316673932228,224.1212712611771,689246
2023-03-13,199.21888732910156,215.15639831542967,189.25794296264647,207.58607451724586,934082
2023-03-14,192.54507446289062,209.67789722996542,190.60269318159717,206.39078226205547,1310187
2023-03-15,191.8975830078125,192.69446157980815,183.978635446844,189.2579388872212,1018494
2023-03-16,208.18374633789062,208.7814091056202,190.2540456963498,194.23842361669222,699900
2023-03-17,208.53237915039062,210.42495252537873,199.2188899648556,206.68959833853768,569423
2023-03-20,201.16128540039062,209.17984933126155,198.22280960438593,208.7316098368195,418336
2023-03-21,211.12222290039062,211.67007790657618,204.19936927457937,204.69741651671248,1003549
2023-03-22,207.98451232910156,211.1720113473357,202.2071618090054,211.1720113473357,510386
2023-03-23,199.06947326660156,211.67006143218066,198.22278694119507,206.58997387813054,918994
2023-03-27,216.60073852539062,218.1446879870559,201.70912930309962,201.70912930309962,684317
2023-03-28,224.02163696289062,224.86832332974603,215.6544496163456,215.6544496163456,629604
2023-03-29,223.62319946289062,226.46207466715313,220.13686895901483,224.46988580779552,574351
2023-03-30,220.83413696289062,225.36636975921328,219.73844218523584,224.12125169424525,395379
2023-03-31,218.0450897216797,229.101745245831,213.2638480672109,220.63494161718074,578804
2023-04-03,222.2286834716797,225.117351369755,220.13687899431793,220.63492623186164,449080
2023-04-04,218.5929412841797,227.10955254443527,218.1447017861023,222.12907990091693,420794
2023-04-05,224.2208709716797,225.61539714810462,215.4054288444928,215.65445246165407,727796
2023-04-10,236.22378540039062,238.0665661553294,231.5919524314397,231.5919524314397,584524
2023-04-11,241.90155029296875,247.03143077988904,236.97087046280404,238.56462770880412,719448
2023-04-12,244.69061279296875,248.62519830688282,243.14667844610707,248.62519830688282,549705
2023-04-13,248.02752685546875,249.02362134083208,243.0968621927594,248.97381357672478,541343
2023-04-14,255.09979248046875,255.64763226379313,245.13884806809895,250.01970475048216,660584
2023-04-17,264.1642761230469,266.9533285907577,246.13495941839565,255.9464964182941,863229
2023-04-18,260.0802917480469,270.9377162075686,251.51387258239367,266.90354546015874,987407
2023-04-19,252.21112060546875,262.0226421648861,251.56366526978582,261.8234415068867,784666
2023-04-20,260.77752685546875,268.94551388083596,249.023623963737,254.00409644301175,284730
2023-04-21,272.23260498046875,273.67695411330743,259.2335843784832,268.4474581748366,372202
2023-04-24,286.6261901855469,294.3459225015781,269.94160743799546,274.12521646539483,612541
2023-04-25,288.1203308105469,292.65254857405284,275.56953417524926,286.87521269987036,937723
2023-04-26,283.0900573730469,291.3576292223945,271.9337872742349,288.86739307519457,686301
2023-04-27,270.48944091796875,285.8791126245343,268.9455066502587,285.8791126245343,482572
2023-04-28,275.1213073730469,280.89864319428204,261.9728480854475,270.2902430682188,481413
2023-05-02,264.6623229980469,280.4006040688418,258.98457214173663,280.4006040688418,927562
2023-05-03,259.88104248046875,270.63888105085476,257.9884690574092,265.95722485841026,556602
2023-05-04,256.94256591796875,264.46306657457563,254.9503618933537,264.46306657457563,343311
2023-05-05,272.6808776855469,276.91427943956904,258.98457789312215,259.9806724234803,370362
2023-05-08,275.96795654296875,280.59982007650075,273.925975069985,273.925975069985,475239
2023-05-09,281.4963073730469,284.4845908262673,274.5236459821991,275.9181721806904,559068
2023-05-10,284.88299560546875,287.373231581041,273.22867908043514,286.87518438592656,679322
2023-05-11,283.6379089355469,287.1242396862911,278.90646005953687,284.88302706081265,475000
2023-05-12,291.9552917480469,293.1007942951809,281.0480452725234,288.8673928482666,615547
2023-05-15,294.0968933105469,294.84396416569643,280.89864153623785,290.85958627156543,246379
2023-05-16,293.4494323730469,294.0470951254202,285.82931587586046,294.0470951254202,1639197
2023-05-17,305.9504089355469,309.68576318040147,286.8752060048341,293.84786726189606,967936
2023-05-18,302.2150573730469,307.9924235620676,296.8361532923931,307.1955297437246,334093
2023-05-19,307.6935729980469,310.63206381806765,299.5754092186008,300.82052729515357,769045
2023-05-22,322.7843933105469,324.22874241769296,306.7970895995374,306.7970895995374,656089
2023-05-23,325.872314453125,335.68385150406465,317.8537657679486,327.7150953852738,771484
2023-05-24,325.374267578125,325.7229067384103,314.3674353354653,323.73071770637114,575808
2023-05-29,331.201416015625,333.6916522262688,312.7736680568609,323.7307073836936,216691
2023-05-30,330.952392578125,331.6994634417325,320.24437686641744,331.6994634417325,880003
2023-05-31,323.5813293457031,330.7033994899802,317.8039625613598,330.7033994899802,547979
2023-06-01,343.3537902832031,347.1389372676543,323.23266899097223,323.73071624673645,904472
2023-06-02,346.840087890625,350.12718730482817,338.6721015181837,348.63304568048324,703726
2023-06-05,354.1614074707031,364.76983881813436,346.88992936624544,352.61747306719565,1032365
2023-06-06,354.7590637207031,360.03838301250323,351.9700111729395,356.60184469615797,1531907
2023-06-07,355.8049621582031,363.5744869809043,351.7209686905202,357.5979200716292,744219
2023-06-08,356.2531433105469,366.86154221061463,348.63302750336516,356.1037352355801,923638
2023-06-09,354.709228515625,362.8273919469075,351.62132973852664,359.59008508670854,613526
2023-06-12,348.732666015625,354.6096170728282,343.6525783430498,354.6096170728282,583363
2023-06-13,338.1740417480469,352.9162264012722,333.1935698519048,349.6291271091736,619600
2023-06-14,335.135986328125,342.85571823422686,329.4582358636361,339.6682038684805,250271
2023-06-15,347.039306640625,352.6174417422139,336.67993025104033,336.67993025104033,556099
2023-06-16,366.214111328125,372.53931704207344,347.5871637150551,352.61742843019783,972095
2023-06-21,365.5168762207031,380.5080857649121,360.08814922517206,373.53542450743987,929423
2023-06-22,346.989501953125,365.56665705627984,345.19651373397863,365.56665705627984,936898
2023-06-23,354.011962890625,361.582286821103,348.6828514817654,350.6252478265242,870097
2023-06-26,360.9348449707031,376.42410214970846,354.31082268381505,368.55496174880415,1431145
2023-06-27,345.146728515625,365.06861760743595,342.65649237914863,365.06861760743595,677488
2023-06-28,335.534423828125,353.61353213803966,334.73753002370927,345.14672925586126,787620
2023-06-29,345.993408203125,347.18870328652713,338.4728769770981,338.4728769770981,753341
2023-06-30,352.717041015625,353.5139043941082,337.5266010755708,346.6408589599254,643438
2023-07-03,349.0315246582031,361.5823220829083,344.6487147126344,355.6057547757528,1054803
2023-07-04,356.850830078125,359.5900897646982,347.63695658692427,349.6291454498866,399031
2023-07-05,353.713134765625,359.5900857663388,346.640858301069,354.11156645410927,547894
2023-07-06,340.116455078125,351.9201497478082,334.68772827853695,350.6252391489435,388776
2023-07-07,342.8557434082031,349.0315111475027,339.6682288084154,345.146748627906,279475
2023-07-10,340.8137512207031,348.5833071097262,338.67215397378294,340.6643431148052,212142
2023-07-11,343.8518371582031,350.1272204145263,341.3616008821396,350.1272204145263,765546
2023-07-12,352.0696105957031,360.5862063487267,346.6906760165393,346.6906760165393,485956
2023-07-13,363.375244140625,364.52077707980044,353.06569087516834,356.6018140224595,664271
2023-07-14,361.582275390625,368.2062972209958,354.85863803832,368.2062972209958,281963
2023-07-17,376.2248840332031,376.523700207345,362.08033075494683,362.08033075494683,606981
2023-07-18,369.5012512207031,381.05592261060815,368.1066946612956,381.05592261060815,693054
2023-07-19,361.7815246582031,376.7727343135705,353.61353782238604,367.6086530050142,583022
2023-07-20,372.041259765625,372.5393069674532,361.58226852723396,361.58226852723396,752773
2023-07-21,385.18975830078125,386.48466900148094,369.5510623699728,369.5510623699728,526546
2023-07-24,379.6116027832031,391.01686605100537,373.684828618111,387.4807428960148,422945
2023-07-25,382.2014465332031,386.9328950952979,369.65065058354736,369.65065058354736,536648
2023-07-26,389.8713684082031,393.10867542681734,382.50027543011345,387.4807477664431,578567
2023-07-27,366.612548828125,389.4729285317351,366.064709041976,389.4729285317351,447584
2023-07-28,369.8996887207031,379.3127632538719,369.4514340483847,371.44362299488273,483115
2023-07-31,361.1838684082031,374.53152850393093,360.5862056341037,371.0949903516526,918543
2023-08-01,357.597900390625,366.56275026114207,350.67503194236986,363.425058886139,868113
2023-08-02,356.004150390625,360.5861909408218,349.2307202892143,351.62134088980685,864126
2023-08-03,352.717041015625,369.55103067279407,349.62914222682133,356.1037559717625,1486452
2023-08-04,360.436767578125,366.114487464119,353.01585207991786,353.6135148043354,758514
2023-08-07,359.689697265625,368.5549314284145,356.45239043551055,360.1379215107613,801357
2023-08-08,381.5041809082031,386.48465324381937,360.78542815139593,360.78542815139593,1067676
2023-08-09,377.3703918457031,389.97098067150273,375.52761101700264,381.50417777058885,879839
2023-08-10,393.15850830078125,396.4456079662706,377.81862879945356,377.81862879945356,1069270
2023-08-11,406.9045715332031,408.39871316674,394.4533912537293,398.43776894316096,1061414
2023-08-14,422.59307861328125,442.21615181843987,396.19657517603446,400.62920772390953,1963041
2023-08-15,463.0843200683594,467.8157688728403,423.3401561903979,423.3401561903979,1441318
2023-08-16,486.5423583984375,500.5374736106833,456.95834033612135,464.180025278763,2035603
2023-08-17,494.6605224609375,503.0277099728875,486.0941038945923,493.06676522094915,1749056
2023-08-18,496.1048278808594,503.32651263197187,482.20932856430466,503.32651263197187,1009495
2023-08-22,508.8050537109375,512.8890776010437,491.2738149926163,497.0511508795551,917462
2023-08-23,526.7347412109375,528.3783213977683,501.28453977609746,509.0042718839261,956597
2023-08-24,537.1936645507812,547.8518861312346,512.7893532594808,528.2288155049974,921836
2023-08-25,552.9320068359375,553.4799074228036,530.9183437316309,540.0326323001451,770041
2023-08-28,587.3969116210938,594.8178274619659,555.8207052732739,557.5638705675897,1027045
2023-08-29,589.4388427734375,601.7405839101594,568.5208610273586,590.6839607345136,1438111
2023-08-30,586.64990234375,597.6069424864248,573.7504656527891,597.6069424864248,957140
2023-08-31,559.3070068359375,585.5540700152264,550.5911808166776,582.3666165656048,862672
2023-09-01,548.6488037109375,571.8079993699504,542.0248121833091,552.83241250547,685948
2023-09-04,540.1322021484375,548.6487973258621,530.9183287139091,548.6487973258621,314220
2023-09-05,506.7630920410156,539.6342115247571,505.5179738787527,536.446696870007,865087
2023-09-06,498.7445068359375,514.9808343275266,493.5648034995927,510.00036204196056,1115004
2023-09-07,458.35284423828125,503.5257325561846,454.71710566151984,503.5257325561846,2874448
2023-09-08,443.6106872558594,471.6507410731374,438.87923842777616,459.1995599466026,1503485
2023-09-11,430.86065673828125,456.80893627608714,423.93781831603155,448.3421331651637,1979453
2023-09-12,450.1351013183594,455.2151893801798,430.21321119231214,432.3050157352255,847768
2023-09-13,459.00030517578125,463.18391397751475,443.2620252042883,451.72882793290955,660871
2023-09-14,476.1331481933594,477.2288581705535,458.7014952783305,461.19173140904894,886930
2023-09-15,461.9388122558594,478.02573192913457,457.80502626898914,475.435880217402,670056
2023-09-18,478.5736083984375,480.11754269380174,454.41831709070993,462.1878419293029,747707
2023-09-19,469.26007080078125,482.85675307483547,463.1838889732821,482.85675307483547,548726
2023-09-20,451.9778747558594,473.144882664536,449.7366621537642,472.1487881747159,687783
2023-09-21,458.25323486328125,470.15657557805616,440.1741268608793,451.23078122215986,1429127
2023-09-22,451.9778747558594,466.5706529520452,447.246425929214,453.2229928681345,411160
2023-09-25,442.21612548828125,453.22295655966025,439.92509010619904,449.7864186857314,462571
2023-09-26,439.67608642578125,452.67513730458944,433.50031904285385,442.2659380888626,1011330
2023-09-27,450.4339294433594,458.15366155072564,438.63020394790186,440.57256991652736,638025
2023-09-28,491.5726318359375,497.0511515423157,450.23471041508355,450.23471041508355,849565
2023-09-29,471.1028747558594,501.13511586358936,468.16438401597765,500.73668416963665,1007414
2023-10-02,466.1224060058594,481.31284623699344,463.53255437857825,469.6087365507098,740950
2023-10-03,465.9231872558594,472.14877767883985,454.7669170585221,461.59017024178684,1003257
2023-10-04,493.8138122558594,497.05111914407223,454.81672151291116,466.47100807144386,788640
2023-10-05,502.5794677734375,507.0121004574219,479.12145445976415,497.05115545825845,882854
2023-10-06,534.6038818359375,552.8323973737712,495.0589216121879,508.00814893805995,645690
2023-10-09,534.3050537109375,551.8362906101672,503.07745818841533,532.9104972498907,1234574
2023-10-10,585.0062866210938,601.6410769000375,535.8988400202321,552.3343992401834,1027408
2023-10-11,604.2308349609375,608.6136746123724,548.0013550682961,592.6761643115574,1129249
2023-10-12,652.8402709960938,667.3832244031844,597.6566188685233,605.4759353133431,2707651
2023-10-17,722.71630859375,732.0298280833836,624.5512137167631,642.4809136320767,3492399
2023-10-18,695.82177734375,747.0708497993411,677.3442371514026,727.1489604713587,2636467
2023-10-19,654.63330078125,696.270037654753,642.4809360333558,696.270037654753,2048262
2023-10-20,701.10107421875,727.148969144488,652.441883273479,654.9321194691793,1624339
2023-10-23,594.5189208984375,667.8812980951631,577.7347545043916,667.8812980951631,1527950
2023-10-24,561.1000366210938,627.5395539351749,538.8871407602057,594.6684344433324,854357
2023-10-25,588.2435302734375,595.1663984482155,527.9300270754046,558.9085383077224,753776
2023-10-26,561.0003662109375,612.9466515790899,552.8323801467119,586.7991741397184,262133
2023-10-27,541.6761474609375,570.7123248744115,529.0257358400556,547.851945184188,280850
2023-10-30,487.6380310058594,549.844142226941,478.6233882971833,538.9866882881677,860311
2023-10-31,477.1292724609375,501.035540809711,462.1878547429541,493.0667846934532,1081739
2023-11-01,520.7581787109375,532.910543449899,479.1214418680401,479.1214418680401,955445
2023-11-02,550.1429443359375,556.8167892103368,523.4476256351198,527.9300505929848,619626
2023-11-03,527.9300537109375,567.7738313494988,515.9769204193691,553.7289240506178,1240828
2023-11-07,513.5863037109375,542.8715065480214,488.0863086395055,527.930088936608,407325
2023-11-08,454.7669372558594,510.00039010095435,453.2727954879855,498.0472559579632,393957
2023-11-09,495.4573974609375,507.01209972290604,455.2151858022948,468.16441428244764,503178
2023-11-10,539.4847412109375,547.8519590866093,492.0706687068818,495.45738382882996,318753
2023-11-13,521.4055786132812,557.812813476357,509.00419229717573,544.8635874492272,270551
2023-11-14,540.4808349609375,546.8558638859711,513.9847463846286,522.9495966122674,355792
2023-11-15,539.4349365234375,552.8324190175431,519.4632549867545,540.4808235351958,411322
2023-11-16,508.7054748535156,552.8324491781049,494.1624890296925,539.4349659530806,754619
2023-11-17,558.6595458984375,562.793362169367,497.0511287124144,497.9974305957721,1138783
2023-11-21,704.23876953125,722.1684694627387,612.5980809925301,642.4809142116778,2723686
2023-11-22,730.5855102539062,791.8951134844461,693.5307833503718,704.2387990358534,2201879
2023-11-23,797.0249633789062,805.8403745543934,739.102049344079,747.0708045930718,1331172
2023-11-24,876.6129150390625,901.4156913460034,768.4868738521448,797.0250043741804,1843318
2023-11-27,744.7300415039062,896.4850069774288,726.1528556517173,876.563117933486,3211964
2023-11-28,699.7564086914062,765.0006005338078,677.3940742898825,760.0201278740825,1502766
2023-11-29,705.53369140625,740.5962284357308,676.248550862112,715.1958197940212,1163434
2023-11-30,741.5425415039062,743.2359142648957,672.3637682954815,720.1763029298269,637137
2023-12-01,762.7593383789062,766.992739865175,707.2270718237328,747.0708505180277,2029368
2023-12-04,722.0689086914062,779.0454639802024,709.2192656550666,775.9575954287877,1466950
2023-12-05,796.97509765625,806.8364564425924,722.1684332356537,722.1684332356537,1450446
2023-12-06,839.0601196289062,865.0582207559116,772.4712312356831,800.8599225190061,1658115
2023-12-07,862.1024169921875,883.9258732061222,799.5284310751422,847.9695664994325,1372314
2023-12-11,908.3961181640625,912.8906564067654,822.5004984146294,878.9319230174546,1261930
2023-12-12,975.5145874023438,988.7984329456608,885.6737478934997,909.894315569189,957110
2023-12-13,1003.0810546875,1118.6406401526249,928.8712458410189,988.7984229920523,1159810
2023-12-14,1025.104248046875,1078.6891549917761,978.8105295295746,1018.7619797144553,1172779
2023-12-15,924.8760986328125,1025.054411648835,900.9052278259145,1024.7547269948873,1517206
2023-12-18,917.3851928710938,964.827540896545,863.9501272003224,921.8797311050839,1079158
2023-12-19,881.079345703125,967.8239101715294,878.9319308059297,937.8603216213272,965229
2023-12-20,864.1998291015625,917.8845916721594,850.0669788497096,881.0793416244692,1045478
2023-12-21,895.0123291015625,978.8105193798376,828.9925827400665,898.9076198386264,1384404
2023-12-22,921.52294921875,938.666889660008,861.6942054173875,899.6807249137456,880406
2023-12-26,888.6846313476562,934.6683130596834,880.6874693107819,925.6715057681998,541738
2023-12-27,820.1089477539062,917.6742950194154,801.7154516400557,917.6742950194154,710735
2023-12-28,867.09228515625,894.6824687249367,811.7119157593838,842.7009174694097,991870
2023-12-29,900.2804565429688,909.1773233650256,839.7019808978796,869.6913373585181,795119
2024-01-02,896.6817626953125,918.673957544027,866.192583473231,900.6803435768969,809548
2024-01-03,932.8189697265625,935.0681714915227,900.6803512129522,914.6753844171491,655546
2024-01-04,968.25634765625,972.654811084025,918.6739685367102,949.6629707397983,908394
2024-01-05,1039.8809814453125,1045.628941688822,974.6541282472288,991.6480976628214,1690958
2024-01-08,1134.1475830078125,1159.5885061641443,1039.880985807975,1049.6275271313375,1217292
2024-01-09,1106.3499755859375,1175.0,1083.0,1136.0,1398916
2024-01-10,1122.1500244140625,1149.0,1068.0,1115.0,715793
2024-01-11,1084.800048828125,1178.0,1082.5,1150.0,943937
2024-01-12,1069.800048828125,1119.949951171875,1026.0,1085.0,746966
2024-01-15,1066.699951171875,1084.0,1035.0,1075.0,769427
2024-01-16,1109.699951171875,1120.0,1046.050048828125,1080.0,1004017
2024-01-17,1153.5999755859375,1175.0,1116.0,1116.0,1072554
2024-01-18,1139.199951171875,1203.949951171875,1130.0,1160.0,867711
2024-01-19,1192.5999755859375,1200.0,1130.0,1143.0,964718
2024-01-22,1209.449951171875,1230.0,1189.9000244140625,1200.0,956100
2024-01-23,1184.0,1235.0,1170.0,1220.0,767314
2024-01-24,1171.699951171875,1181.5999755859375,1149.5,1151.0,629368
2024-01-25,1224.449951171875,1234.5,1170.0,1200.0,1028150
2024-01-26,1197.6500244140625,1235.0,1155.0,1230.0,1252381
2024-01-29,1190.800048828125,1200.0,1135.3499755859375,1198.0,458550
2024-01-30,1215.300048828125,1226.0,1176.9000244140625,1219.5,979913
2024-01-31,1218.5,1235.0,1182.0,1235.0,778281
2024-02-01,1250.5999755859375,1265.5,1190.0,1220.0,443383
2024-02-02,1274.699951171875,1295.0,1251.0,1280.0,1285782
2024-02-05,1196.550048828125,1300.0,1175.3499755859375,1299.0,928606
2024-02-06,1134.300048828125,1209.9000244140625,1125.0,1200.0,977440
2024-02-07,1088.550048828125,1125.0,1051.0,1111.0,1300938
2024-02-08,1044.550048828125,1100.0,1018.25,1095.5,1335892
2024-02-09,1042.0999755859375,1086.3499755859375,1001.0,1001.0,1339715
2024-02-14,1000.0999755859375,1077.0,993.0,1050.0,662683
2024-02-15,975.25,1018.9500122070312,900.0,1005.5,873776
2024-02-16,940.8499755859375,976.0,919.0,975.5,378331
2024-02-19,929.7999877929688,992.25,905.0,942.5,819724
2024-02-20,946.9500122070312,980.0,918.3499755859375,930.0,791344
2024-02-21,926.0999755859375,965.0,920.0,950.0,850619
2024-02-22,947.8499755859375,955.0,904.0,930.0,800875
2024-02-23,950.4500122070312,959.0,918.0,945.0,595730
2024-02-26,899.3499755859375,977.0,895.9500122070312,945.0,658325
2024-02-27,874.4000244140625,915.5,870.5499877929688,903.4000244140625,713659
2024-02-28,847.9000244140625,886.9000244140625,841.8499755859375,875.0,1173709
2024-02-29,850.4000244140625,904.9500122070312,831.7000122070312,845.0,998379
2024-03-01,874.7999877929688,895.9000244140625,857.0,857.0,854399
2024-03-04,859.0499877929688,949.5,850.0499877929688,900.5499877929688,1083721
2024-03-05,831.0499877929688,904.0,828.0,859.0499877929688,502982
2024-03-06,814.2999877929688,844.0,801.3499755859375,830.0,1001163
2024-03-07,798.0999755859375,840.0,776.75,814.0,673040
2024-03-08,823.5999755859375,826.3499755859375,795.0,800.0,467094
2024-03-11,788.7999877929688,819.0,762.0,819.0,728980
2024-03-12,848.2000122070312,851.0,786.5,789.0,989380
2024-03-13,827.6500244140625,898.0499877929688,825.0,869.5,2374393
2024-03-14,821.7000122070312,838.7000122070312,797.0,834.0,981990
2024-03-15,851.0999755859375,856.5,810.5499877929688,823.2000122070312,952275
2024-03-18,956.7000122070312,969.4500122070312,854.0,861.0,1281846
2024-03-19,947.6500244140625,980.0,934.1500244140625,980.0,1665804
2024-03-20,1014.75,1019.4500122070312,940.0,945.0,1103866
2024-03-21,1059.75,1070.0,980.0,1025.0,1713904
2024-03-22,1058.300048828125,1070.0,1026.0,1060.0,783915
2024-03-25,1006.4000244140625,1092.8499755859375,1000.0,1059.75,684890
2024-03-26,1008.9000244140625,1025.0,977.1500244140625,1006.0,417634
2024-03-27,1015.0,1028.5,995.0,1010.0,658525
2024-04-03,1048.699951171875,1050.0,1000.0,1011.0,697004
2024-04-04,1038.1500244140625,1089.0999755859375,1021.0,1056.5,994788
2024-04-05,1103.3499755859375,1118.1500244140625,1028.0,1071.0,1431250
2024-04-08,1113.949951171875,1126.4000244140625,1065.0,1107.0,1231562
2024-04-09,1129.5999755859375,1188.0,1119.0,1156.1500244140625,1674733
2024-04-10,1102.0,1132.3499755859375,1093.300048828125,1118.0,882874
2024-04-11,1122.949951171875,1129.8499755859375,1085.0,1102.0,53919
2024-04-12,1073.5,1117.25,1068.949951171875,1117.25,766426
2024-04-15,1012.4000244140625,1085.0,995.0,1078.0,1102014
2024-04-16,1005.7000122070312,1028.8499755859375,980.0,1012.0,897399
2024-04-17,972.7000122070312,1030.5,955.5,1030.5,568178
2024-04-18,953.5,999.0,935.0,986.0,1142798
2024-04-19,967.8499755859375,984.8499755859375,953.0,953.0,959946
2024-04-22,1084.449951171875,1095.0,990.0,1000.0,1334775
2024-04-23,1075.3499755859375,1105.0,1065.1500244140625,1090.0,1031083
2024-04-24,1043.0999755859375,1067.5,1018.0,1057.8499755859375,766940
2024-04-25,1069.300048828125,1077.75,1035.1500244140625,1050.0,675850
2024-04-26,1096.0,1100.0,1057.699951171875,1069.300048828125,288177
2024-04-29,1111.949951171875,1120.949951171875,1088.0,1099.9000244140625,594106
2024-04-30,1143.800048828125,1165.449951171875,1112.0,1112.0,1311939
2024-05-02,1164.25,1175.0,1122.449951171875,1164.0,697027
2024-05-03,1223.3499755859375,1231.0,1165.0,1170.0,1436424
2024-05-06,1241.0999755859375,1280.0,1198.0,1226.0,1525432
2024-05-07,1199.6500244140625,1259.449951171875,1190.0,1245.0,1166213
2024-05-08,1174.550048828125,1223.0,1163.0,1205.0,1037240
2024-05-09,1161.8499755859375,1205.0,1101.0,1205.0,867892
2024-05-10,1115.449951171875,1168.5,1083.0,1165.0,732914
2024-05-13,1079.75,1128.0,1056.0,1120.0,586133
2024-05-14,1093.9000244140625,1110.0,1075.0,1075.0,840779
2024-05-15,1209.199951171875,1215.0,1110.0,1120.0,1719839
2024-05-16,1202.199951171875,1212.0,1180.0,1205.0,1152160
2024-05-17,1156.25,1206.0,1149.0,1205.0,1227193
2024-05-20,1172.4000244140625,1181.5,1134.0,1149.300048828125,2344215
2024-05-21,1223.0999755859375,1224.3499755859375,1170.0,1204.0,1219198
2024-05-22,1209.699951171875,1245.0,1174.0,1221.0,1501821
2024-05-23,1184.9000244140625,1232.0,1150.0,1210.0,1139620
2024-05-24,1199.9000244140625,1200.0,1147.0,1168.0,252
2024-05-27,1223.5999755859375,1230.0,1189.0,1200.0,664874
2024-05-28,1236.5999755859375,1237.300048828125,1180.0,1235.0,1638668
2024-05-29,1222.699951171875,1235.0,1190.5,1235.0,1205987
2024-05-30,1266.3499755859375,1278.0,1230.0,1235.0,1721949
2024-05-31,1243.6500244140625,1286.5,1226.0,1265.5,1200317
2024-06-03,1223.0,1268.449951171875,1220.0,1244.0,1382528
2024-06-04,1181.449951171875,1217.949951171875,1176.0,1217.949951171875,838198
2024-06-05,1160.949951171875,1192.1500244140625,1099.0,1180.0,781485
2024-06-06,1130.300048828125,1182.5999755859375,1116.3499755859375,1166.0,672896
2024-06-07,1149.9000244140625,1161.699951171875,1130.300048828125,1130.300048828125,581062
2024-06-10,1204.800048828125,1210.0,1118.9000244140625,1149.5,1054352
2024-06-11,1181.800048828125,1198.0,1166.25,1198.0,809137
2024-06-12,1176.199951171875,1214.5,1166.3499755859375,1180.0,947331
2024-06-13,1235.300048828125,1248.699951171875,1180.0,1214.0,1672053
2024-06-14,1214.3499755859375,1236.699951171875,1200.0,1236.699951171875,503851
2024-06-18,1216.550048828125,1224.0,1180.949951171875,1190.5,670230
2024-06-19,1211.4000244140625,1230.0,1192.0,1213.0,558318
2024-06-24,1178.300048828125,1207.0,1148.0,1200.5,841057
2024-06-25,1180.699951171875,1208.5,1178.5,1189.0,704377
2024-06-26,1196.8499755859375,1213.5,1178.1500244140625,1181.0,642636
2024-06-27,1283.550048828125,1287.0,1186.0,1213.0,1042331
2024-06-28,1240.0,1274.949951171875,1229.0,1270.0,1066203
2024-07-01,1219.6500244140625,1253.4000244140625,1190.0,1238.5999755859375,705464
2024-07-02,1246.550048828125,1265.0,1219.5,1220.25,439498
2024-07-03,1260.5999755859375,1273.0,1221.0,1270.0,555467
2024-07-04,1250.800048828125,1265.0,1238.050048828125,1265.0,313096
2024-07-05,1252.699951171875,1256.0,1221.0,1247.5999755859375,786219
2024-07-08,1260.800048828125,1270.0,1236.050048828125,1253.0,705465
2024-07-10,1300.0,1305.0,1265.0,1275.0,735325
2024-07-11,1325.0,1340.0,1305.0,1305.0,613928
2024-07-12,1325.0,1335.0,1300.0,1325.0,755826
2024-07-15,1145.0,1295.0,1135.0,1295.0,1088368
2024-07-16,1150.0,1165.0,1085.0,1160.0,1166009
2024-07-17,1120.0,1165.0,1090.0,1165.0,899165
2024-07-18,1100.0,1130.0,1080.0,1130.0,1341901
2024-07-19,1120.0,1140.0,1110.0,1120.0,656440
2024-07-22,1175.0,1180.0,1130.0,1130.0,1188643
2024-07-23,1205.0,1220.0,1150.0,1190.0,741936
2024-07-24,1155.0,1210.0,1140.0,1195.0,932377
2024-07-25,1120.0,1165.0,1110.0,1145.0,450962
2024-07-26,1105.0,1155.0,1090.0,1110.0,363106
2024-07-29,1070.0,1125.0,1060.0,1105.0,517809
2024-07-30,1015.0,1080.0,1005.0,1080.0,1166842
2024-07-31,1095.0,1100.0,1020.0,1030.0,226840
2024-08-01,1090.0,1120.0,1060.0,1120.0,619638
2024-08-02,1020.0,1075.0,1015.0,1075.0,739590
2024-08-05,1045.0,1080.0,950.0,980.0,3834537
2024-08-06,1075.0,1080.0,1035.0,1045.0,710470
2024-08-07,1075.0,1110.0,1050.0,1095.0,409558
2024-08-08,1120.0,1135.0,1075.0,1075.0,676726
2024-08-09,1155.0,1170.0,1105.0,1120.0,1174642
2024-08-12,1175.0,1180.0,1120.0,1180.0,634470
2024-08-13,1170.0,1200.0,1155.0,1175.0,813847
2024-08-14,1180.0,1215.0,1160.0,1185.0,914726
2024-08-15,1215.0,1220.0,1170.0,1180.0,628842
2024-08-16,1210.0,1255.0,1205.0,1215.0,1009726
2024-08-19,1205.0,1230.0,1165.0,1210.0,1420943
2024-08-20,1190.0,1220.0,1175.0,1215.0,714391
2024-08-21,1180.0,1200.0,1170.0,1200.0,848641
2024-08-22,1110.0,1180.0,1100.0,1170.0,1430971
2024-08-23,1140.0,1145.0,1100.0,1120.0,1361635
2024-08-26,1120.0,1155.0,1115.0,1140.0,529272
2024-08-27,1125.0,1130.0,1100.0,1110.0,961919
2024-08-28,1120.0,1135.0,1110.0,1125.0,1479648
2024-08-29,1125.0,1145.0,1120.0,1120.0,1193002
2024-08-30,1190.0,1210.0,1165.0,1165.0,1939441
2024-09-02,1205.0,1225.0,1175.0,1190.0,827045
2024-09-03,1165.0,1200.0,1130.0,1180.0,3259057
2024-09-04,1220.0,1230.0,1165.0,1190.0,2637575
2024-09-05,1200.0,1260.0,1190.0,1220.0,2795937
2024-09-06,1180.0,1200.0,1155.0,1200.0,912856
2024-09-09,1215.0,1220.0,1180.0,1180.0,1358378
2024-09-10,1185.0,1200.0,1155.0,1200.0,1586275
2024-09-11,1260.0,1270.0,1190.0,1190.0,1746616
2024-09-12,1270.0,1285.0,1235.0,1255.0,1400257
2024-09-13,1300.0,1315.0,1260.0,1265.0,1488396
2024-09-16,1305.0,1320.0,1290.0,1310.0,1356583
2024-09-17,1285.0,1305.0,1275.0,1275.0,811498
2024-09-18,1280.0,1300.0,1245.0,1285.0,1079386
2024-09-19,1285.0,1310.0,1260.0,1275.0,1113599
2024-09-20,1245.0,1270.0,1240.0,1270.0,990205
2024-09-23,1225.0,1250.0,1210.0,1250.0,1385286
2024-09-24,1230.0,1245.0,1220.0,1245.0,680922
2024-09-25,1225.0,1235.0,1205.0,1210.0,815939
2024-09-26,1195.0,1235.0,1185.0,1225.0,1082277
2024-09-27,1200.0,1225.0,1195.0,1205.0,1112324
2024-09-30,1185.0,1210.0,1170.0,1200.0,789165
2024-10-01,1220.0,1230.0,1165.0,1185.0,990014
2024-10-02,1215.0,1240.0,1200.0,1230.0,1229344
2024-10-03,1260.0,1265.0,1220.0,1220.0,1054354
2024-10-04,1220.0,1255.0,1220.0,1245.0,1097917
2024-10-07,1190.0,1220.0,1175.0,1220.0,1010647
2024-10-08,1200.0,1215.0,1175.0,1185.0,1030705
2024-10-09,1245.0,1250.0,1175.0,1195.0,1473393
2024-10-10,1235.0,1260.0,1225.0,1245.0,821261
2024-10-14,1230.0,1250.0,1215.0,1240.0,662963
2024-10-15,1250.0,1260.0,1205.0,1220.0,1271140
2024-10-16,1195.0,1265.0,1195.0,1250.0,1145141
2024-10-17,1195.0,1235.0,1185.0,1215.0,1589305
2024-10-18,1230.0,1235.0,1200.0,1200.0,652181
2024-10-21,1250.0,1250.0,1210.0,1210.0,619475
2024-10-22,1265.0,1265.0,1240.0,1260.0,810625
2024-10-23,1245.0,1265.0,1220.0,1250.0,724587
2024-10-24,1285.0,1285.0,1240.0,1240.0,745773
2024-10-25,1305.0,1315.0,1275.0,1285.0,1131784
2024-10-28,1290.0,1340.0,1285.0,1315.0,1005914
2024-10-29,1300.0,1345.0,1285.0,1315.0,2244271
2024-10-30,1305.0,1330.0,1295.0,1315.0,1381654
2024-10-31,1305.0,1320.0,1285.0,1310.0,1077721
2024-11-01,1320.0,1365.0,1300.0,1320.0,1826272
2024-11-04,1355.0,1360.0,1295.0,1325.0,1791211
2024-11-05,1390.0,1400.0,1340.0,1370.0,1520533
2024-11-06,1370.0,1430.0,1360.0,1430.0,1405432
2024-11-07,1405.0,1415.0,1370.0,1370.0,1335886
2024-11-08,1345.0,1450.0,1315.0,1440.0,2059923
2024-11-11,1365.0,1370.0,1295.0,1350.0,1379619
2024-11-12,1430.0,1450.0,1345.0,1370.0,1827490
2024-11-13,1520.0,1560.0,1430.0,1430.0,4493389
2024-11-14,1560.0,1570.0,1485.0,1525.0,2517468
2024-11-15,1485.0,1590.0,1475.0,1575.0,2806180
2024-11-19,1540.0,1615.0,1510.0,1545.0,3297231
2024-11-20,1545.0,1590.0,1510.0,1590.0,1707395
2024-11-21,1545.0,1575.0,1525.0,1550.0,1620927
2024-11-22,1560.0,1590.0,1510.0,1535.0,1888299
2024-11-25,1570.0,1600.0,1520.0,1560.0,1818774
2024-11-26,1545.0,1575.0,1530.0,1575.0,1954910
2024-11-27,1500.0,1570.0,1475.0,1550.0,2253847
2024-11-28,1515.0,1520.0,1485.0,1490.0,974404
2024-11-29,1515.0,1525.0,1450.0,1515.0,1420566
2024-12-02,1565.0,1575.0,1490.0,1520.0,1960569
2024-12-03,1585.0,1600.0,1540.0,1570.0,2153680
2024-12-04,1525.0,1600.0,1510.0,1585.0,2438312
2024-12-05,1530.0,1575.0,1520.0,1535.0,1243689
2024-12-06,1525.0,1580.0,1475.0,1540.0,2249190
2024-12-09,1550.0,1580.0,1500.0,1515.0,1050562
2024-12-10,1530.0,1580.0,1515.0,1580.0,1057719
2024-12-11,1595.0,1600.0,1515.0,1560.0,861420
2024-12-12,1600.0,1650.0,1575.0,1590.0,2201316
2024-12-13,1675.0,1680.0,1595.0,1600.0,1789501
2024-12-16,1740.0,1800.0,1680.0,1690.0,2367236
2024-12-17,1735.0,1795.0,1710.0,1785.0,1697920
2024-12-18,1650.0,1795.0,1620.0,1760.0,2177860
2024-12-19,1570.0,1690.0,1565.0,1650.0,2076873
2024-12-20,1610.0,1635.0,1505.0,1560.0,1549228
2024-12-23,1650.0,1670.0,1560.0,1635.0,1026501
2024-12-24,1690.0,1695.0,1615.0,1655.0,233044
2024-12-26,1720.0,1735.0,1670.0,1690.0,1026444
2024-12-27,1720.0,1770.0,1670.0,1740.0,1389405
2024-12-30,1770.0,1780.0,1650.0,1725.0,1398882
2025-01-02,1820.0,1850.0,1730.0,1765.0,2015493
2025-01-03,1895.0,1900.0,1800.0,1855.0,2088444
2025-01-06,1900.0,1955.0,1810.0,1900.0,1530956
2025-01-07,1920.0,1940.0,1855.0,1900.0,1955478
2025-01-08,1875.0,1920.0,1800.0,1920.0,4201595
2025-01-09,1870.0,1900.0,1835.0,1870.0,1187015
2025-01-10,1815.0,1895.0,1740.0,1895.0,2339117
2025-01-13,1715.0,1830.0,1705.0,1820.0,1645645
2025-01-14,1765.0,1785.0,1705.0,1730.0,2001618
2025-01-15,1720.0,1810.0,1710.0,1775.0,1742105
2025-01-16,1625.0,1730.0,1605.0,1725.0,2230555
2025-01-17,1530.0,1655.0,1525.0,1640.0,1988016
2025-01-20,1540.0,1560.0,1525.0,1530.0,1072739
2025-01-21,1675.0,1680.0,1540.0,1550.0,2926070
2025-01-22,1735.0,1750.0,1660.0,1685.0,1541678
2025-01-23,1670.0,1735.0,1660.0,1735.0,836426
2025-01-24,1620.0,1695.0,1570.0,1675.0,1155086
2025-01-27,1550.0,1595.0,1525.0,1595.0,1216984
2025-01-28,1560.0,1595.0,1490.0,1580.0,2252040
2025-01-29,1660.0,1670.0,1550.0,1570.0,796873
2025-01-30,1720.0,1740.0,1665.0,1670.0,868775
2025-01-31,1715.0,1740.0,1695.0,1720.0,535906
2025-02-03,1680.0,1715.0,1600.0,1690.0,1009945
2025-02-04,1735.0,1745.0,1685.0,1695.0,529581
2025-02-05,1700.0,1750.0,1685.0,1735.0,1152474
2025-02-06,1680.0,1730.0,1665.0,1700.0,641211
2025-02-07,1620.0,1720.0,1590.0,1700.0,1126371
2025-02-10,1595.0,1655.0,1585.0,1625.0,761315
2025-02-11,1510.0,1635.0,1500.0,1600.0,1401951
2025-02-12,1545.0,1600.0,1455.0,1510.0,1286784
2025-02-13,1580.0,1590.0,1530.0,1555.0,787114
2025-02-14,1620.0,1630.0,1575.0,1590.0,424757
2025-02-17,1500.0,1590.0,1450.0,1550.0,1709403
2025-02-18,1625.0,1630.0,1505.0,1505.0,1853324
2025-02-19,1610.0,1640.0,1590.0,1630.0,815889
2025-02-20,1600.0,1625.0,1575.0,1615.0,682456
2025-02-21,1570.0,1625.0,1560.0,1600.0,719105
2025-02-24,1575.0,1600.0,1545.0,1600.0,389633
2025-02-25,1495.0,1590.0,1485.0,1545.0,1283923
2025-02-26,1465.0,1520.0,1455.0,1495.0,478229
2025-02-27,1430.0,1500.0,1400.0,1455.0,1764360
2025-02-28,1410.0,1470.0,1380.0,1420.0,1240535
2025-03-05,1500.0,1515.0,1425.0,1445.0,841855
2025-03-06,1500.0,1520.0,1465.0,1520.0,686243
2025-03-07,1495.0,1525.0,1435.0,1525.0,715757
2025-03-10,1420.0,1475.0,1390.0,1475.0,777475
2025-03-11,1430.0,1480.0,1380.0,1430.0,962848
2025-03-12,1530.0,1570.0,1430.0,1435.0,1200331
2025-03-13,1485.0,1530.0,1465.0,1530.0,627457
2025-03-14,1535.0,1550.0,1470.0,1510.0,741121
2025-03-17,1535.0,1575.0,1525.0,1540.0,645386
2025-03-18,1510.0,1550.0,1490.0,1515.0,694179
2025-03-19,1565.0,1585.0,1515.0,1515.0,1201618
2025-03-20,1585.0,1600.0,1560.0,1570.0,623565
2025-03-21,1625.0,1635.0,1550.0,1620.0,461397
2025-03-25,1615.0,1640.0,1590.0,1625.0,1713675
2025-03-26,1575.0,1625.0,1555.0,1615.0,676963
2025-03-27,1545.0,1630.0,1530.0,1620.0,676117
2025-03-28,1510.0,1540.0,1495.0,1540.0,514688
2025-03-31,1455.0,1505.0,1440.0,1480.0,1316383
2025-04-01,1485.0,1525.0,1445.0,1470.0,778011
2025-04-03,1460.0,1490.0,1420.0,1450.0,423424
2025-04-04,1340.0,1390.0,1285.0,1390.0,1703117
2025-04-07,1295.0,1375.0,1270.0,1275.0,1495242
2025-04-08,1255.0,1375.0,1230.0,1335.0,1465358
2025-04-09,1370.0,1450.0,1190.0,1270.0,1965857
2025-04-10,1360.0,1390.0,1295.0,1320.0,1265249
2025-04-11,1440.0,1490.0,1365.0,1420.0,975235
2025-04-14,1430.0,1555.0,1400.0,1540.0,2544434
2025-04-15,1400.0,1460.0,1370.0,1460.0,621115
