Price,('Close', 'COME.BA'),('High', 'COME.BA'),('Low', 'COME.BA'),('Open', 'COME.BA'),('Volume', 'COME.BA')
Ticker,COME.BA,COME.BA,COME.BA,COME.BA,COME.BA
Date,,,,,
2020-04-17,1.0703790187835693,1.077027462472126,1.0171931378148227,1.037137585535942,6443134
2020-04-20,1.1169170141220093,1.1235654558743013,1.0570826087412366,1.0637310504935287,4458162
2020-04-21,1.190049171447754,1.1966976142134438,1.1036210840332632,1.1169171843695953,7954050
2020-04-22,1.209993839263916,1.236587613067697,1.196697737557154,1.2033453958129707,7567224
2020-04-23,1.2299391031265259,1.2365875462180578,1.1834007866808884,1.223290660034994,6806056
2020-04-24,1.209993839263916,1.2299391696167516,1.1900492941062089,1.2299391696167516,6381944
2020-04-27,1.2897744178771973,1.3030704218716305,1.203345435368971,1.2166423227079526,7681089
2020-04-28,1.4094438552856445,1.41609229850745,1.296421890905154,1.296421890905154,10028474
2020-04-29,1.402795433998108,1.462630540585457,1.3296641278049608,1.422740763975392,6853505
2020-04-30,1.3562569618225098,1.429388161557507,1.3496085192521075,1.4160921597611051,4820334
2020-05-04,1.3496085405349731,1.356256983210219,1.2232905834397918,1.3296639977042723,3554531
2020-05-05,1.4426851272583008,1.4626304560832608,1.3496085946146743,1.3762023663812877,6506042
2020-05-06,1.5091685056686401,1.5291130457856832,1.4360364313863359,1.4426848731569937,7370548
2020-05-07,1.549058437347412,1.5756513222230646,1.5158162270724291,1.5158162270724291,5043751
2020-05-08,1.5557069778442383,1.5889483068783279,1.5357616504171505,1.5357616504171505,7808959
2020-05-11,1.5955969095230103,1.6022453526660894,1.5291133614366987,1.5690031369506943,6960044
2020-05-12,1.6022453308105469,1.642135203929808,1.588948444705766,1.608892988667856,6736077
2020-05-13,1.5291132926940918,1.5889483949473857,1.509168749356571,1.5822999521031933,1830711
2020-05-14,1.542410135269165,1.5623545798998184,1.5025202645140647,1.5224648072940974,3863693
2020-05-15,1.562354564666748,1.5756514498538141,1.5291132350434884,1.562354564666748,3940448
2020-05-18,1.6155413389205933,1.6221897815910848,1.5756514680926792,1.5822999107631708,4805261
2020-05-19,1.7219148874282837,1.741859234364907,1.6022452724308067,1.6088929300459003,15135460
2020-05-20,1.8548811674118042,1.8814741531084451,1.7285633075601965,1.7285633075601965,12641908
2020-05-21,1.881474256515503,1.9280125729386826,1.795046066757467,1.881474256515503,10449145
2020-05-22,1.8681780099868774,1.9014194376436182,1.8415842397054656,1.8814741099325591,7669901
2020-05-26,1.8083429336547852,1.8947711224913821,1.788397604602458,1.8748257934390549,7151827
2020-05-27,1.735211730003357,1.8149912750571622,1.695321074132042,1.8149912750571622,11066098
2020-05-28,1.6820250749588013,1.7352118341167477,1.662079745826416,1.7352118341167477,8695285
2020-05-29,1.6421351432800293,1.6953211153446466,1.6288382576663487,1.6620796865054976,4999368
2020-06-01,1.7019695043563843,1.7285632747431812,1.628838206182748,1.628838206182748,4188472
2020-06-02,1.7418593168258667,1.7684532856241943,1.7152665258201738,1.7285634120699513,5165382
2020-06-03,1.735211730003357,1.7817490618310663,1.7219148447129187,1.755156076445223,4800470
2020-06-04,1.6753766536712646,1.7551562045478986,1.648782881149402,1.7551562045478986,6289196
2020-06-05,1.7086181640625,1.7285634943869959,1.6953212771795028,1.7019697206210014,5781886
2020-06-08,1.7618045806884766,1.7751016627425797,1.7152664620386202,1.728563347793958,16257852
2020-06-09,1.7285634279251099,1.775101745031112,1.7019696551816246,1.775101745031112,8529921
2020-06-10,1.735211730003357,1.7418591911547845,1.6753765313914177,1.7418591911547845,5035424
2020-06-11,1.6487828493118286,1.73521182314387,1.6288383055006461,1.73521182314387,6820372
2020-06-12,1.6487828493118286,1.6953211651313544,1.635486748502732,1.6554312923139145,9310369
2020-06-16,1.5690031051635742,1.662079736890816,1.562354662155189,1.5955968771971154,4060587
2020-06-17,1.5828883647918701,1.645371055126356,1.5551186901679785,1.6384284314857767,7567098
2020-06-18,1.4995784759521484,1.5620612669026928,1.4093261137038855,1.5551186434705877,7278206
2020-06-19,1.569003939628601,1.5759465632788243,1.5065211467150186,1.5065211467150186,8576039
2020-06-22,1.5551186800003052,1.5967736016330076,1.5204063819627898,1.5690039271906797,5826502
2020-06-23,1.6245441436767578,1.6453710926426441,1.5620613494252913,1.5620613494252913,11379835
2020-06-24,1.6245441436767578,1.6453710926426441,1.5828884008834834,1.6453710926426441,4396281
2020-06-25,1.666198968887329,1.6939686442252,1.6384284736110106,1.6523137212491699,6363758
2020-06-26,1.6176013946533203,1.693968508159931,1.6106587713918958,1.693968508159931,2471900
2020-06-29,1.603716254234314,1.6661989452903885,1.5898310067927994,1.6176015016758283,2720310
2020-06-30,1.5342910289764404,1.6106590795235336,1.527349224325376,1.6106590795235336,4735207
2020-07-01,1.5412335395812988,1.562061411809744,1.5065212391390346,1.5342909155051503,4178613
2020-07-02,1.5412335395812988,1.5759466599620409,1.5273491113674798,1.5690040358858925,2381463
2020-07-03,1.5481760501861572,1.5551186737534564,1.5134637522880798,1.5551186737534564,2030162
2020-07-06,1.610658884048462,1.6314858328587851,1.569003961504767,1.569003961504767,18999858
2020-07-07,1.6176013946533203,1.6314857187454905,1.582888278346197,1.6106587713918958,5580684
2020-07-08,1.7425662279129028,1.7842211517708266,1.617601558831439,1.6384285082988606,15917063
2020-07-13,1.7633941173553467,1.7911637935574254,1.742566245249933,1.7703359214520118,6243215
2020-07-14,1.7911639213562012,1.7981065458866925,1.7356237450508032,1.777278672295219,2345676
2020-07-15,1.8605881929397583,1.881416065088746,1.7703359251557138,1.8050490454040262,10743923
2020-07-16,1.902243971824646,1.9300136485897341,1.798106454047831,1.8605882267692795,6038345
2020-07-17,1.8953014612197876,1.9300137642408153,1.8467041139995684,1.923071139648902,4114492
2020-07-20,1.832818627357483,1.9022440521080068,1.8050491544050191,1.895301427639102,4401608
2020-07-21,1.8536466360092163,1.8744734837092085,1.832818558401484,1.839761182609187,4129724
2020-07-22,1.9091856479644775,1.9300135190947065,1.8258758033204308,1.8536465031453446,4971911
2020-07-23,1.8744734525680542,1.9438988735532063,1.8258759038599914,1.9091857530913903,12110160
2020-07-24,1.88835871219635,1.895301336330786,1.8258759149249115,1.8258759149249115,5755602
2020-07-27,1.9300134181976318,1.9438986648918928,1.8953011214003712,1.9022437447475016,10693344
2020-07-28,2.034151315689087,2.145230634663756,1.9091857238194982,1.9508414677350059,19702119
2020-07-29,2.11051869392395,2.1244039429107175,2.034151464373785,2.041094088867168,15765876
2020-07-30,2.1035757064819336,2.1174609530729556,2.020265866812572,2.1174609530729556,7919064
2020-07-31,2.1035757064819336,2.110518329777445,2.054978163351742,2.0896912798292973,4457516
2020-08-03,2.1730010509490967,2.1868854784734872,2.110518462289419,2.1521731797548553,10356310
2020-08-04,2.235483169555664,2.318793839794267,2.179943815981249,2.270196290462786,12108249
2020-08-05,2.2077131271362305,2.2563106684191894,2.1730008319165037,2.2493680453875733,3881006
2020-08-06,2.1868855953216553,2.20077084352639,2.166058542953034,2.20077084352639,2615123
2020-08-07,2.3465633392333984,2.3743330139218353,2.1521731565990563,2.186885454944209,8722672
2020-08-10,2.3812758922576904,2.4645855401868477,2.360448838998502,2.360448838998502,9051154
2020-08-11,2.318793535232544,2.40904599785988,2.291023042154359,2.374332881512149,4776140
2020-08-12,2.179943561553955,2.3326779959652697,2.082748679219502,2.31185094579027,7257484
2020-08-13,2.214656114578247,2.2424257913357164,2.193828242056278,2.193828242056278,2276606
2020-08-14,2.1382880210876465,2.2146560653660585,2.0758062497717567,2.2146560653660585,6426525
2020-08-18,2.0758063793182373,2.145230778986467,2.0619211304122564,2.1382881545334764,8211536
2020-08-19,2.1313464641571045,2.1382880633910633,2.075806290839048,2.082748914996116,8307645
2020-08-20,2.33962082862854,2.353506076612916,2.0966332935789183,2.138288012608961,8908061
2020-08-21,2.367391347885132,2.4923559161737607,2.332678227582722,2.36044872382465,17223337
2020-08-24,2.4589357376098633,2.5105219597157147,2.3471660338471745,2.493326620675301,8464138
2020-08-25,2.4073498249053955,2.4589358442641367,2.3729591453329015,2.450338174371013,3833017
2020-08-26,2.3729591369628906,2.44174049586527,2.2353962141735133,2.44174049586527,2857096
2020-08-27,2.338568687438965,2.407350053103904,2.3299710167308474,2.3987523823957866,3484795
2020-08-28,2.5535104274749756,2.5793034372493144,2.321373134521307,2.355763814220425,8440131
2020-08-31,2.6652801036834717,2.7168663275816645,2.562108065856321,2.5707057356752503,7149333
2020-09-01,2.6394870281219482,2.7770499467642336,2.6308893585183437,2.665280036932762,4838594
2020-09-02,2.544912576675415,2.665279947067449,2.484728891479398,2.665279947067449,2905983
2020-09-03,2.562108278274536,2.6480849835919495,2.493326914020605,2.613694301464984,3397938
2020-09-04,2.596498966217041,2.6050966367680393,2.5105222607070603,2.562108284013049,2640302
2020-09-07,2.6652801036834717,2.691073318124877,2.596498745132038,2.6222917545888254,4963127
2020-09-08,2.6480846405029297,2.6652799793385635,2.553510276906943,2.6652799793385635,4207746
2020-09-09,2.6566824913024902,2.673877831312115,2.5879011312639912,2.648084821297678,5891574
2020-09-10,2.691073179244995,2.716866187370667,2.665279966134716,2.691073179244995,3171357
2020-09-11,2.6566824913024902,2.691073376306362,2.5793034612591788,2.691073376306362,3955586
2020-09-14,2.562108278274536,2.6566826541236908,2.5449129372110533,2.6566826541236908,2851716
2020-09-15,2.5019242763519287,2.570705632133004,2.458935724004147,2.570705632133004,3640006
2020-09-16,2.347166061401367,2.4503380968550212,2.321373052537954,2.4503380968550212,6718579
2020-09-17,2.218200922012329,2.3041778274685063,2.1408218915879305,2.2869824873741957,4275515
2020-09-18,2.2783846855163574,2.321373033265143,2.1666147763849035,2.1666147763849035,3740004
2020-09-21,2.235395908355713,2.2697867880866083,2.149419221489951,2.252591245728865,2802041
2020-09-22,2.2955801486968994,2.3213731587403386,2.2525915936398793,2.2525915936398793,2295603
2020-09-23,2.3127753734588623,2.3299707126308187,2.261189355942993,2.2783846951149496,2029573
2020-09-24,2.3729591369628906,2.4073498164140803,2.321373117786106,2.338568457511701,1880233
2020-09-25,2.364361524581909,2.390154534797375,2.321373174222799,2.381556864725553,930448
2020-09-28,2.2955801486968994,2.4073498588851345,2.27838480866794,2.3643615088127365,2337501
2020-09-29,2.2267985343933105,2.355763786745523,2.175212515446273,2.304177767798485,3823730
2020-09-30,2.1752123832702637,2.3127752970880207,2.149419375364048,2.235396068384768,2617107
2020-10-01,2.2955801486968994,2.3041778187113793,2.149419553466124,2.149419553466124,1656788
2020-10-02,2.329970598220825,2.347165936548428,2.235396032434407,2.295579921565619,1852797
2020-10-05,2.3557636737823486,2.3901543514312777,2.3299706655456514,2.3557636737823486,1716164
2020-10-06,2.2439939975738525,2.4159476085146165,2.149419624297978,2.3901545976211964,5692079
2020-10-07,2.201005220413208,2.3041774490181406,2.166614545873094,2.3041774490181406,21412724
2020-10-08,2.269787311553955,2.3041779942315754,2.1924080705446714,2.243994094561102,4309057
2020-10-09,2.252591371536255,2.3127752606881535,2.209603025702472,2.2955799223546403,5169790
2020-10-13,2.3213729858398438,2.3557636633362757,2.2010054096177245,2.2697869695951955,6964771
2020-10-14,2.338568687438965,2.3729593702714347,2.32137334602273,2.32137334602273,4217348
2020-10-15,2.3729591369628906,2.381556806825688,2.312775447923309,2.355763797237296,6534119
2020-10-16,2.338568687438965,2.3901547116876696,2.3299710167308474,2.381557040979552,5019359
2020-10-19,2.4073498249053955,2.450338174371013,2.329970795867284,2.329970795867284,6811113
2020-10-20,2.43314266204834,2.4503380006152495,2.3815566463476117,2.4417403313317947,4361403
2020-10-21,2.450338125228882,2.4933266788169726,2.407349776625406,2.4331427857874917,5111459
2020-10-22,2.43314266204834,2.4847288827336733,2.398751984914521,2.4847288827336733,3993371
2020-10-23,2.4675333499908447,2.493326562938797,2.3557636488163416,2.4331426727063823,6796710
2020-10-26,2.3901543617248535,2.4847289306513174,2.381556692275594,2.4675333867681895,3310031
2020-10-27,2.2783846855163574,2.4331427374119854,2.201005454583932,2.415947398312471,4002142
2020-10-28,2.0806384086608887,2.2353964849363437,2.0548453959483126,2.2353964849363437,8335609
2020-10-29,2.0978333950042725,2.15801708113586,2.046247378320055,2.063442717214794,3821888
2020-10-30,2.0462474822998047,2.1494195209109113,2.0376496074309265,2.1322241811423934,4566074
2020-11-02,2.1494195461273193,2.1666148860975682,2.029051961350956,2.080638186246324,3583367
2020-11-03,2.2267985343933105,2.2783847583249663,2.1666148456217664,2.1666148456217664,3235106
2020-11-04,2.1924080848693848,2.269787326384247,2.1924080848693848,2.261189655658667,1375747
2020-11-05,2.2439939975738525,2.261189543154095,2.158017294595785,2.2182009866804324,1469677
2020-11-06,2.2783846855163574,2.2869823550661144,2.201005454583932,2.261189346416843,1634350
2020-11-09,2.364361524581909,2.415947545012841,2.312775504150977,2.312775504150977,2585812
2020-11-10,2.398752212524414,2.424545222822194,2.3213731816310736,2.390154542425154,3218644
2020-11-11,2.329970598220825,2.433142628186443,2.2869822524018177,2.4245449590226413,3483794
2020-11-12,2.2955801486968994,2.3213731587403386,2.23539625361092,2.3213731587403386,2726143
2020-11-13,2.329970598220825,2.3385682673846264,2.269786914074215,2.3213729290570235,2066283
2020-11-16,2.2955801486968994,2.3643615088127365,2.28698247868242,2.3557638387982567,1300989
2020-11-17,2.2783846855163574,2.3127753637153856,2.2353961327829603,2.2353961327829603,1845922
2020-11-18,2.218200922012329,2.3041778274685063,2.192407911870863,2.3041778274685063,3114923
2020-11-19,2.218200922012329,2.2525916022009507,2.1838102418237075,2.2525916022009507,1894194
2020-11-20,2.1924080848693848,2.2353964384972866,2.1838104141438044,2.218201097046126,1385963
2020-11-24,2.2439939975738525,2.3127755649409356,2.201005646084819,2.2096033163826254,3493552
2020-11-25,2.2267985343933105,2.26978708850046,2.1924078550952855,2.26978708850046,2391855
2020-11-26,2.252591371536255,2.278384584021127,2.209603025702472,2.2611892456876137,1981691
2020-11-27,2.252591371536255,2.278384584021127,2.2182006948692283,2.278384584021127,5024778
2020-11-30,2.218200922012329,2.2783848173270402,2.2096032519651736,2.2783848173270402,2061076
2020-12-01,2.2783846855163574,2.2869823550661144,2.2267984632332034,2.2783846855163574,2882397
2020-12-02,2.338568687438965,2.3987523823957866,2.2525917753731517,2.295580333898378,4753170
2020-12-03,2.347166061401367,2.398752079128194,2.3299707221590915,2.364361400643643,3536170
2020-12-04,2.3213729858398438,2.3815566714586,2.3213729858398438,2.3471659939621676,2983504
2020-12-09,2.2267985343933105,2.329970777272004,2.2267985343933105,2.329970777272004,3035213
2020-12-10,2.2611892223358154,2.2783845604917485,2.2096030028834157,2.2096030028834157,2487996
2020-12-11,2.235395908355713,2.261189119400032,2.201005233609408,2.261189119400032,2557357
2020-12-14,2.1666150093078613,2.226798702626237,2.1580173388338073,2.2096033616781297,3272029
2020-12-15,2.201005220413208,2.201005220413208,2.140821539968008,2.183809883143151,4107399
2020-12-16,2.201005220413208,2.226798226318294,2.1494192086030366,2.2182005576832653,2263634
2020-12-17,2.1924080848693848,2.2096034263205455,2.1666150726926436,2.2096034263205455,1132579
2020-12-18,2.183810234069824,2.226798584152966,2.1666148940365675,2.1924079040864526,2600252
2020-12-21,2.0978333950042725,2.175212420030599,2.063442717214794,2.175212420030599,2293313
2020-12-22,2.1150286197662354,2.1408216267164826,2.089235612815988,2.097833281799404,2785267
2020-12-23,2.183810234069824,2.201005574103081,2.0892358638869126,2.1494195540033108,1725248
2020-12-28,2.158017158508301,2.175212498019553,2.1322241492414227,2.166614828263927,1192168
2020-12-29,2.1494195461273193,2.1752125560826925,2.123626536171946,2.1752125560826925,1528068
2020-12-30,2.140821933746338,2.1838102848286685,2.1236265933134058,2.1752126146122026,1762195
2021-01-04,2.0806384086608887,2.166615117702808,1.9602708110175577,2.166615117702808,3492169
2021-01-05,2.089235544204712,2.115028550307907,2.0204539896116005,2.115028550307907,1936366
2021-01-06,2.106431007385254,2.132224015028591,2.0720403305274706,2.132224015028591,1174712
2021-01-07,2.0978333950042725,2.1236264033463814,2.0720403866621635,2.106431064451642,1672515
2021-01-08,2.072040557861328,2.1322242489655,2.0548452175458505,2.1236265788077615,3013323
2021-01-11,2.0634424686431885,2.1064308107014664,2.029051590011982,2.1064308107014664,1992214
2021-01-12,2.0634424686431885,2.0806378054664996,1.93447723748377,2.0634424686431885,3066958
2021-01-13,2.054845094680786,2.080638103611765,2.037649550408853,2.080638103611765,1677893
2021-01-14,2.0462474822998047,2.0634428220683225,1.9946612580096323,2.0462474822998047,2129780
2021-01-15,2.0462474822998047,2.054845152184064,1.9774659182411145,2.054845152184064,1894433
2021-01-18,2.0118563175201416,2.046247197251037,1.9774656427738369,2.046247197251037,913863
2021-01-19,2.0204544067382812,2.0376497476904225,2.00325906578614,2.0118567362622106,1038592
2021-01-20,2.0032589435577393,2.054845168251274,1.9774659337032825,2.054845168251274,1453582
2021-01-21,1.93447744846344,2.0290518113062035,1.9172821097647557,2.0204541419568613,2640802
2021-01-22,1.93447744846344,1.9860634645594928,1.93447744846344,1.93447744846344,1647064
2021-01-25,1.9602704048156738,2.003258750428706,1.9086843900800352,1.9602704048156738,2116421
2021-01-26,2.0290517807006836,2.0720403317835765,1.9430750885041053,1.9688680961630787,5523258
2021-01-27,2.0290517807006836,2.046247324124603,1.9688680961630787,2.0290517807006836,1937908
2021-01-28,2.037649393081665,2.0548449360259275,1.994661048182503,2.0548449360259275,1601605
2021-01-29,2.0806384086608887,2.140822104990232,2.063443066852505,2.0720407377566965,7130933
2021-02-01,2.106431007385254,2.132224015028591,2.063442661313025,2.0806379997419167,3205922
2021-02-02,2.1666150093078613,2.192408020730022,2.0892359750413783,2.115028986463539,6616710
2021-02-03,2.2869820594787598,2.3213727332328697,2.1322238226006793,2.192407501670372,9620640
2021-02-04,2.329970598220825,2.3385682673846264,2.278384583238016,2.295579921565619,5998532
2021-02-05,2.252591371536255,2.3385682681884234,2.2353960332027416,2.3385682681884234,4242414
2021-02-08,2.329970598220825,2.3901542823674355,2.1924076866153994,2.2525913707620098,6183259
2021-02-09,2.347166061401367,2.3901544095070566,2.278384704432265,2.3385683917802296,5227701
2021-02-10,2.304177761077881,2.364361449673887,2.2955800912784516,2.3385684402755986,1732372
2021-02-11,2.252591371536255,2.34716593735518,2.2353960332027416,2.32137292985491,2363587
2021-02-12,2.2869820594787598,2.2955797279172874,2.2353958438630097,2.2697867226017046,1631615
2021-02-17,2.2267985343933105,2.304177767798485,2.209603194744298,2.2869824281494724,2162897
2021-02-18,2.235395908355713,2.252591245728865,2.192407564922832,2.2182005709825603,3551967
2021-02-19,2.235395908355713,2.278384456773184,2.192407564922832,2.235395908355713,2255769
2021-02-22,2.1494195461273193,2.2525915859488124,2.063442846276075,2.2353962459785635,2924348
2021-02-23,2.1150286197662354,2.183809971633561,2.0634426058657414,2.183809971633561,1266552
2021-02-24,2.2096030712127686,2.261189292260411,2.115028708430536,2.115028708430536,2393801
2021-02-25,2.2096030712127686,2.243993748588126,2.1838100631812507,2.2353960792442864,1410712
2021-02-26,2.1924080848693848,2.2267987677717063,2.1236267190647418,2.218201097046126,756301
2021-03-01,2.1494195461273193,2.226798575993439,2.123626536171946,2.1924078960529414,1754052
2021-03-02,2.106431007385254,2.1666146918863745,2.0806379997419167,2.1666146918863745,1911425
2021-03-03,2.089235544204712,2.149419225112167,2.063442538101517,2.089235544204712,1673168
2021-03-04,2.106431007385254,2.140821684243037,2.0806379997419167,2.1150286765996995,973960
2021-03-05,2.054845094680786,2.1408217911173826,2.0462474250371265,2.0892357732554245,2177325
2021-03-08,2.0032589435577393,2.080638178105731,1.9774659337032825,2.0634428382027594,1958879
2021-03-09,1.9774658679962158,2.037649555656837,1.9516728589988068,2.029051885991034,3216376
2021-03-10,1.9602704048156738,2.003258750428706,1.9516727356930674,2.003258750428706,4343324
2021-03-11,2.0290517807006836,2.046247324124603,1.951672757723763,1.9860634346023944,4465773
2021-03-12,2.054845094680786,2.0720404339681053,1.9946612021905552,2.037649550408853,3634077
2021-03-15,2.1666150093078613,2.175212679781915,2.0720406340932707,2.0806383045673242,4436787
2021-03-16,2.183810234069824,2.183810234069824,2.1408218839866824,2.183810234069824,2230660
2021-03-17,2.1752123832702637,2.1924077218744076,2.132224036759904,2.1924077218744076,669151
2021-03-18,2.072040557861328,2.1838102699119335,2.072040557861328,2.1838102699119335,1535047
2021-03-19,2.1322240829467773,2.1408217524350865,2.020454174614148,2.0892357355052313,917725
2021-03-22,2.072040557861328,2.140821919123239,2.020454331930269,2.1322242489655,2340527
2021-03-23,2.0634424686431885,2.0978331422898107,2.029051590011982,2.072040137054844,1299576
2021-03-25,2.0118563175201416,2.046247197251037,1.9774656427738369,2.020453986206718,1019924
2021-03-26,1.9774658679962158,2.06344276963886,1.9516728589988068,2.003258876993625,1708164
2021-03-29,1.9860634803771973,2.063442710122158,1.9516728027059294,1.9946611497950142,3931339
2021-03-30,2.054845094680786,2.0634427643244457,1.9860635325468956,1.9860635325468956,1426378
2021-03-31,2.0462474822998047,2.089235831721099,2.020454267662409,2.0806381618368404,2037384
2021-04-05,2.0462474822998047,2.106431171489617,2.020454267662409,2.0462474822998047,1696075
2021-04-06,2.106431007385254,2.1150286765996995,2.0462473228841334,2.0462473228841334,6181378
2021-04-07,2.123626470565796,2.1322241402853086,2.063442782529207,2.1064311311267705,3526414
2021-04-08,2.0978333950042725,2.1494194116884904,2.0720403866621635,2.1236264033463814,1784470
2021-04-09,2.089235544204712,2.097833212905777,2.0548448694004517,2.089235544204712,481051
2021-04-12,2.0462474822998047,2.089235831721099,2.020454267662409,2.089235831721099,2108047
2021-04-13,2.037649393081665,2.046247267046095,1.9688680412430057,2.046247267046095,2517154
2021-04-14,1.9860634803771973,2.0462473712865243,1.9860634803771973,2.0462473712865243,1821919
2021-04-15,1.9946612119674683,1.9946612119674683,1.9344775241668581,1.9860635422816668,1172163
2021-04-16,2.0290517807006836,2.0290517807006836,1.9430750885041053,1.9946611038220523,683422
2021-04-19,2.037649393081665,2.06344260500576,2.011856386142168,2.037649393081665,1473835
2021-04-20,2.0118563175201416,2.046247197251037,1.9774656427738369,2.046247197251037,3908633
2021-04-21,2.0204544067382812,2.029052077214352,1.9774660543579285,2.029052077214352,1485986
2021-04-22,2.054845094680786,2.054845094680786,1.9946612021905552,2.0290518807651936,2398949
2021-04-23,2.054845094680786,2.0720404339681053,2.0290518807651936,2.0634427643244457,526626
2021-04-26,2.089235544204712,2.097833212905777,2.0204539896116005,2.063442538101517,2831010
2021-04-27,2.089235544204712,2.097833212905777,2.063442538101517,2.089235544204712,2985496
2021-04-28,2.123626470565796,2.123626470565796,2.0720404522487197,2.089235791687745,4223706
2021-04-29,2.089235544204712,2.1322238877100372,2.063442538101517,2.1322238877100372,1714096
2021-04-30,2.089235544204712,2.106430881606842,2.046247200699387,2.063442538101517,2108935
2021-05-03,2.072040557861328,2.1236265788077615,2.063442887703589,2.0892358981768058,1420990
2021-05-04,2.089235544204712,2.089235544204712,2.046247200699387,2.072040206802582,880444
2021-05-05,2.0978333950042725,2.106431064451642,2.0720403866621635,2.0978333950042725,1254317
2021-05-06,2.1666150093078613,2.1838103502559685,2.0806383045673242,2.0892359750413783,4932675
2021-05-07,2.2096030712127686,2.218200740556608,2.1580170551497324,2.166614724493572,5473339
2021-05-10,2.183810234069824,2.243993924186223,2.1494195540033108,2.2353962541695944,3884208
2021-05-11,2.2096030712127686,2.218200740556608,2.1322240471182146,2.1494193858058934,1356877
2021-05-12,2.2611892223358154,2.2697868914137818,2.1666146574935827,2.2096030028834157,4157750
2021-05-13,2.3901543617248535,2.398752031174113,2.286982328333739,2.286982328333739,15092432
2021-05-14,2.415947437286377,2.450338116040194,2.3901544282210145,2.415947437286377,9323030
2021-05-17,2.4675333499908447,2.493326562938797,2.3643613181374574,2.4245450033852665,7887415
2021-05-18,2.450338125228882,2.4847290090962777,2.3815567674633207,2.4761313393755824,7516229
2021-05-19,2.4589357376098633,2.4847289511550943,2.3385683643269677,2.4417403985694497,6640442
2021-05-20,2.5363152027130127,2.5621082136577327,2.450338294579317,2.4589359648942235,5934367
2021-05-21,2.5191195011138916,2.5363148392797528,2.476131155699238,2.5363148392797528,5409043
2021-05-26,2.5637848377227783,2.5816511308073475,2.483387477254353,2.5816511308073475,5366209
2021-05-27,2.6441822052001953,2.653115244556394,2.5548515986577542,2.5816509297068073,6872046
2021-05-28,2.6977806091308594,2.724579728866275,2.6441823696600273,2.662048449483638,16823291
2021-05-31,2.715646743774414,2.7513789041429497,2.6799145834058784,2.6977806635901462,6398759
2021-06-01,2.8139102458953857,2.8317763251153814,2.715646597204944,2.724579636814942,13204586
2021-06-02,2.8317763805389404,2.8585754998934467,2.7871109686342943,2.8585754998934467,8385274
2021-06-03,2.8139102458953857,2.8407093647253796,2.751378755644936,2.8407093647253796,13450692
2021-06-04,2.849642515182495,2.858575555139976,2.769244942584696,2.8407094752250144,7004312
2021-06-07,2.8317763805389404,2.9121737386024598,2.8228433407541047,2.8764415794631177,6328701
2021-06-08,2.7513787746429443,2.8585754636835667,2.724579655627905,2.8317763446685276,4277602
2021-06-09,2.7871110439300537,2.796044296936696,2.724579763746879,2.7424458437992145,10361991
2021-06-10,2.9479057788848877,2.956838818309551,2.831776266364264,2.8407093057889274,16058147
2021-06-11,2.9211068153381348,2.974705054725144,2.8675085759511254,2.9479059350316392,15597321
2021-06-14,2.9925708770751953,3.0372362857023543,2.903240485781783,2.947905681428489,11487177
2021-06-15,3.0015039443969727,3.028303275017169,2.885374434624759,3.0015039443969727,15643876
2021-06-16,3.0015039443969727,3.028303275017169,2.9121735522645005,3.0193702358039216,22914567
2021-06-17,2.9389729499816895,3.0104372704980547,2.9211068698525984,2.9657720701753263,19310446
2021-06-18,2.849642515182495,2.938972914757302,2.8317764352675336,2.938972914757302,13471273
2021-06-22,2.956838846206665,2.9657718857156095,2.7692448035383666,2.840709332590385,8699281
2021-06-23,3.01043701171875,3.019370263995862,2.9479057366421633,2.956838775938819,3745115
2021-06-24,3.117633819580078,3.144432938530109,2.9657719325494396,3.0104371307994904,8383860
2021-06-25,3.251629590988159,3.260562630538382,2.9479058203196473,3.0104370971712093,8837358
2021-06-28,3.483889102935791,3.492822143180017,3.251629843605437,3.251629843605437,10202155
2021-06-29,3.4481563568115234,3.69828166963377,3.4302902782513955,3.483888726912235,13998718
2021-06-30,3.3677589893341064,3.5553530264184685,3.3052277146328044,3.483888712474123,10190789
2021-07-01,3.5553534030914307,3.582152736640279,3.3945584667007314,3.3945584667007314,6308079
2021-07-02,3.9305410385131836,3.9930720992464934,3.564286009371673,3.564286009371673,10930186
2021-07-05,4.314661979675293,4.439724528459254,4.019871473132644,4.019871473132644,18703662
2021-07-06,4.46652364730835,4.573720112613137,4.225331387392134,4.332527852696922,9832228
2021-07-07,4.35932731628418,4.618385661730983,4.332527986152037,4.4843898629920735,11106199
2021-07-08,4.296795845031738,4.350394079523254,4.2253315323763845,4.350394079523254,5873927
2021-07-12,4.32359504699707,4.4129254351662475,4.22533140703053,4.287862891729399,2224766
2021-07-13,4.207465648651123,4.3682603595564355,4.1985323961759216,4.341461454052679,3260957
2021-07-14,4.064537525177002,4.234265083828177,4.037738190359935,4.216399002603792,4538938
2021-07-15,3.9216082096099854,4.109202263974925,3.9126753825245335,4.0198718633156565,7136801
2021-07-16,3.778679609298706,3.930541505037387,3.7697463561559816,3.9216082518946624,5520167
2021-07-19,3.6357507705688477,3.7429472467330025,3.6268175179080355,3.716147914711498,5371494
2021-07-20,3.9216082096099854,3.9305414626563873,3.644683754585776,3.644683754585776,4351874
2021-07-21,4.153867244720459,4.18066614914705,3.9662732098906965,3.9662732098906965,4413055
2021-07-22,4.180666446685791,4.207465778980601,4.064537142637444,4.207465778980601,2559838
2021-07-23,4.234264850616455,4.296796344438229,4.153867702515263,4.189599862996004,1705327
2021-07-26,4.1985321044921875,4.341461152439265,4.180666026743914,4.278929667339862,2320695
2021-07-27,4.100268840789795,4.21639813178342,4.091335589042115,4.21639813178342,1579244
2021-07-28,4.028805255889893,4.136001740393504,4.002005921783507,4.091336325536517,2156651
2021-07-29,3.9305410385131836,4.046670759819194,3.9305410385131836,4.019871429532843,6159526
2021-07-30,3.868009567260742,3.993072115187538,3.832277410710229,3.9305410542045927,1862972
2021-08-02,4.019871711730957,4.028804964440496,3.7340140144397083,3.9216080617306943,4320860
2021-08-03,4.019871711730957,4.10920210902168,3.9484073938983784,4.002005632272812,2289892
2021-08-04,4.109201908111572,4.109201908111572,3.9394739485771946,4.073469750942325,2426170
2021-08-05,4.287863731384277,4.296796558969987,4.08240358538126,4.118135747646048,4964389
2021-08-06,4.368260860443115,4.3861269414812085,4.2431982931764605,4.3146626173288345,2939490
2021-08-09,4.305729389190674,4.403992612777417,4.2789300571464235,4.341461547942386,1352907
2021-08-10,4.180666446685791,4.30572942944699,4.162800367142896,4.30572942944699,1280521
2021-08-11,4.314661979675293,4.341461310252311,4.198532257109732,4.234264413905149,2387736
2021-08-12,4.153867244720459,4.287863044736133,4.127067914332962,4.287863044736133,5490369
2021-08-13,4.082403659820557,4.189600148569561,4.037738243194648,4.189600148569561,2564574
2021-08-17,3.993072509765625,4.082403335930098,3.9841396827257465,4.082403335930098,1251901
2021-08-18,3.975206136703491,4.0020054677695835,3.9305411528745595,3.9930722154272473,1951065
2021-08-19,3.948406934738159,4.0020051668796555,3.9037415283064707,4.0020051668796555,2325046
2021-08-20,4.064537525177002,4.082403606401387,3.930541703013622,3.9484077842380074,4325521
2021-08-23,4.144934177398682,4.189599588048868,4.064537034573641,4.109202019262903,4423798
2021-08-24,4.25213098526001,4.261063811619155,3.930541143073399,4.162800165903068,4610543
2021-08-25,4.207465648651123,4.296796043598519,4.153867411682685,4.243197806630081,4492111
2021-08-26,4.243197917938232,4.278930076854522,4.10920210902168,4.198532506312404,4487090
2021-08-27,4.278929710388184,4.314661866244214,4.234264302587697,4.243197554532153,3015701
2021-08-30,4.5111894607543945,4.5111894607543945,4.26999717909978,4.314662164021938,7853585
2021-08-31,4.60051965713501,4.671983970681347,4.421858447308257,4.520122091414926,7197519
2021-09-01,4.4575910568237305,4.734515938883465,4.403992816220187,4.600520124394131,5612283
2021-09-02,4.350394248962402,4.582653700099247,4.314662091243029,4.555854368829257,3390594
2021-09-03,4.636252403259277,4.645185230607638,4.287863617453945,4.332528606117675,6487075
2021-09-06,4.743448257446289,4.814912570589141,4.645184613894415,4.734515431283886,5313020
2021-09-07,4.788114070892334,4.850645137197785,4.716649751708424,4.752381911300379,4717346
2021-09-08,4.680917263031006,4.823846330317804,4.6005201152656925,4.823846330317804,4880421
2021-09-09,4.645184516906738,4.779180314232315,4.609452361081371,4.71664925451837,3873530
2021-09-10,4.546921253204346,4.671983797268412,4.51118909775747,4.671983797268412,2808047
2021-09-13,4.645184516906738,4.957841519320049,4.636251690930845,4.823845721994473,6398767
2021-09-14,4.60051965713501,4.7345154580148465,4.511189265202088,4.663050718507601,2258082
2021-09-15,4.537988662719727,4.645185144682959,4.386126766958003,4.564787996191012,2733656
2021-09-16,4.529055595397949,4.6451848983869235,4.287863310788646,4.466524104587784,1992190
2021-09-17,4.591586589813232,4.609452668919085,4.4397247044330275,4.529055525923213,2543306
2021-09-20,4.4575910568237305,4.546921883790588,4.377193908898891,4.546921883790588,5304717
2021-09-21,4.421858787536621,4.591586758248902,4.395059880875228,4.4665241999202,1743011
2021-09-22,4.38612699508667,4.484390654977609,4.35932808618249,4.466524573721164,4010505
2021-09-23,4.4575910568237305,4.493323643187044,4.314662415214282,4.430792149502435,3134163
2021-09-24,4.439724922180176,4.537988575062185,4.395059935205406,4.537988575062185,1264018
2021-09-27,4.529055595397949,4.564787754157777,4.4486580252078705,4.484390183967698,3152456
2021-09-28,4.46652364730835,4.537987957511541,4.457590395552507,4.529055131716587,1006230
2021-09-29,4.4575910568237305,4.5022564703071595,4.430792149502435,4.493323643187044,2021703
2021-09-30,4.430791854858398,4.493323344384716,4.412925775845297,4.4665240128846015,3083903
2021-10-01,4.421858787536621,4.457590947059107,4.386126628014135,4.430792040397714,1857526
2021-10-04,4.395059585571289,4.448657821253755,4.3771935070104675,4.448657821253755,3318096
2021-10-05,4.6183857917785645,4.645184696704426,4.377193517641237,4.403992422567099,4750742
2021-10-06,4.779181003570557,4.81491316454985,4.529055876715503,4.6273191064280805,4913457
2021-10-07,4.788114070892334,4.850645137197785,4.6451850065635725,4.779180818013875,4039931
2021-10-12,4.8595781326293945,4.89531029032836,4.76131448597678,4.779180564826262,3401275
2021-10-13,4.814912796020508,4.895310365050836,4.788113890317683,4.823846048562067,1088157
2021-10-14,4.823845863342285,4.850644768016121,4.752381549597511,4.823845863342285,3705876
2021-10-15,4.8595781326293945,4.877444211478877,4.68985017057885,4.823845974930429,4104759
2021-10-18,4.904243469238281,4.922109975332741,4.823846321617965,4.877444562018493,3195737
2021-10-19,4.939975738525391,4.975707896499891,4.859578170102301,4.939975738525391,4223606
2021-10-20,4.957841396331787,5.011439628740237,4.895309912208153,4.97570747380127,7993364
2021-10-21,4.895309925079346,4.975707486883852,4.752381304947679,4.9578414093673935,3375283
2021-10-22,4.814912796020508,4.93104252329522,4.805979969439875,4.93104252329522,2499832
2021-10-25,4.8059797286987305,4.904242945968123,4.7881136504714865,4.832778633059145,2161825
2021-10-26,4.8327789306640625,4.868511089318956,4.761314613354276,4.859578262635698,3624867
2021-10-27,4.752381324768066,4.913176023086805,4.734515247177095,4.770247402359037,2427182
2021-10-28,4.8059797286987305,4.814912554831901,4.671983929013944,4.752381494016997,2134446
2021-10-29,4.573720932006836,4.779181073630161,4.564788104611543,4.779181073630161,2693151
2021-11-01,4.70771598815918,4.74344814387508,4.600519521011481,4.6273184248179575,1234588
2021-11-02,4.823845863342285,4.841711941778479,4.6541179052179915,4.725582218962765,3443896
2021-11-03,4.8327789306640625,4.886377168646402,4.779180692681723,4.779180692681723,3205245
2021-11-04,4.797046661376953,4.850644898123179,4.698783440322664,4.850644898123179,1646400
2021-11-05,4.8327789306640625,4.868511089318956,4.752381786671019,4.850645009991509,1855801
2021-11-08,5.377695083618164,5.449159402184104,4.841712268412684,4.841712268412684,8552373
2021-11-09,5.395561218261719,5.6010213492137115,5.225833246956946,5.270498659496444,8558108
2021-11-10,5.3062310218811035,5.493825080176973,5.243699527128828,5.413427504918469,2942199
2021-11-11,5.368762016296387,5.467025236942606,5.315163353811824,5.359828763895321,3122221
2021-11-12,5.350895404815674,5.538489441888899,5.315163247845622,5.404494066231662,4653259
2021-11-15,5.243699073791504,5.368762052483896,5.1097032685987545,5.350895547561335,2700848
2021-11-16,5.207967281341553,5.449159577229999,5.029306479187501,5.270498775075947,4103618
2021-11-17,5.172235012054443,5.270498664151564,4.957842053981755,5.181168264954611,2072978
2021-11-18,5.154368877410889,5.207967116359174,5.073971306007992,5.1811682098655005,2599406
2021-11-19,5.109703540802002,5.225833273219556,5.05610530106181,5.181168286416535,950576
2021-11-23,4.9935736656188965,5.091836880970746,4.89531002430615,5.091836880970746,1674529
2021-11-24,4.966774940490723,5.091837500866413,4.904243447322403,5.002507100598063,2092246
2021-11-25,5.082904815673828,5.136503057330659,4.913176837446717,4.966775079103548,1647978
2021-11-26,4.895309925079346,5.065037874466143,4.805979537497054,5.065037874466143,2270056
2021-11-29,4.752381324768066,4.984640333450689,4.698783091995153,4.779180228174078,2383427
2021-11-30,4.886377334594727,4.90424341452893,4.654118295450075,4.734515868134466,2033445
2021-12-01,5.100769996643066,5.14543540312695,4.868510564464292,4.886376641865668,2921954
2021-12-02,5.127569675445557,5.172235088686267,5.038239274925084,5.172235088686267,2913854
2021-12-03,5.056105136871338,5.181168118164805,4.98464081953846,5.1365027068512905,967087
2021-12-06,5.261565208435059,5.270498460990877,5.181168065237322,5.207966970982925,1883524
2021-12-07,5.3419623374938965,5.359828415172704,5.21689979374225,5.261564774958821,2408635
2021-12-09,5.270498752593994,5.39556131356836,5.2436994194047255,5.341963073150775,1326193
2021-12-10,5.154368877410889,5.368762259164968,5.136502797761461,5.270498608112643,1769063
2021-12-13,4.984641075134277,5.181168383837889,4.975708247990088,5.127569717128939,1317586
2021-12-14,5.127569675445557,5.1365029284780785,4.939976047333039,4.939976047333039,1164653
2021-12-15,5.172235012054443,5.315163650769569,4.98464096076037,5.181168264954611,2156984
2021-12-16,5.270498752593994,5.279431579683116,5.136502938569555,5.136502938569555,2059660
2021-12-17,5.377695083618164,5.413427242901133,5.181168207561832,5.270498605769256,4232754
2021-12-20,5.368762016296387,5.377694842736535,5.2169001331656055,5.359828763895321,1440124
2021-12-21,5.368762016296387,5.440226331661244,5.29729727497061,5.359828763895321,1487704
2021-12-22,5.315163612365723,5.404494436878174,5.261565373234816,5.359829024621948,727765
2021-12-23,5.3240966796875,5.440226406738488,5.31516342716315,5.333029506250924,771412
2021-12-27,5.475958824157715,5.493824904091307,5.252632612007344,5.359829091608895,1516402
2021-12-28,5.484891414642334,5.5831550630205555,5.449159256315877,5.484891414642334,2632869
2021-12-29,5.583155155181885,5.601021234640029,5.395561107890899,5.502757584639767,2606538
2021-12-30,5.726084232330322,5.752883566564245,5.520624089740136,5.592088839043608,3096083
2022-01-03,5.922611236572266,5.958343396367738,5.672485692043016,5.779682171429433,3284943
2022-01-04,5.94047737121582,6.003008438453693,5.86901305096628,5.94047737121582,1745795
2022-01-05,5.833280086517334,5.949409377929828,5.797547505358617,5.797547505358617,986439
2022-01-06,5.735016822814941,5.842213295437801,5.708217491678767,5.7528829015854175,1881665
2022-01-07,5.708217620849609,5.833280601033905,5.708217620849609,5.76181585837391,561849
2022-01-10,5.645686149597168,5.752882616915627,5.5384892563178125,5.708217209219154,1872998
2022-01-11,5.618887424468994,5.663552836972177,5.609954597544923,5.663552836972177,1404660
2022-01-12,5.6724853515625,5.681418603955638,5.538489547391859,5.609954288654208,1318294
2022-01-13,5.708217620849609,5.788615190116524,5.601021145801008,5.672485462500076,488260
2022-01-14,5.752882957458496,5.761815783950033,5.627820404850528,5.717150799570505,406070
2022-01-17,5.743949890136719,5.81541463417697,5.717150983837443,5.806481381436588,1090809
2022-01-18,5.663552761077881,5.895811795483604,5.627820601938539,5.806481397635249,640788
2022-01-19,5.752882957458496,5.806481194290482,5.609954325906533,5.806481194290482,1976335
2022-01-20,5.690351486206055,5.788615133689875,5.627820422684379,5.752882975688654,993452
2022-01-21,5.574222087860107,5.761816141390106,5.556356007807772,5.690351821180763,2046102
2022-01-24,5.3062310218811035,5.574222229474517,5.288364941374876,5.538490068462062,1469696
2022-01-25,5.484891414642334,5.493824667204412,5.279431291284741,5.279431291284741,1613040
2022-01-26,5.440226078033447,5.592087954084303,5.413426748040573,5.538489294098555,1463999
2022-01-27,5.493824481964111,5.574221622507353,5.422360167720824,5.4491590725816,1500176
2022-01-28,5.609953880310059,5.717150345459457,5.5206230667246725,5.5206230667246725,2132327
2022-01-31,5.735016822814941,5.74394964921972,5.609954271421604,5.672485334137814,1717124
2022-02-01,5.797547817230225,5.895811462290661,5.618887031630261,5.717150676690697,1455765
2022-02-02,5.770749092102051,5.851146661106492,5.627820459170533,5.8064812503349295,804205
2022-02-03,5.6814188957214355,5.797548201069549,5.627820656492858,5.645686736235717,1541076
2022-02-04,5.717151165008545,5.77074940526651,5.627820764578605,5.6814190048365685,1582695
2022-02-07,5.8154144287109375,5.833280507599535,5.761815766084224,5.761815766084224,1924853
2022-02-08,5.779682159423828,5.8690129846878945,5.761816079563204,5.85114690482727,2736095
2022-02-09,5.735016822814941,5.8154143902625455,5.69035141290829,5.8154143902625455,1171194
2022-02-10,5.6814188957214355,5.770749294435731,5.672485642869535,5.6814188957214355,327748
2022-02-11,5.726084232330322,5.743950313165948,5.68141924322174,5.7082181514946955,1631129
2022-02-14,5.690351486206055,5.752882975688654,5.601021091203001,5.752882975688654,345948
2022-02-15,5.663552761077881,5.735017079356565,5.627820601938539,5.645686681508209,843786
2022-02-16,5.886878490447998,5.958342802921149,5.627820144752374,5.708217283304218,3073241
2022-02-17,5.895811557769775,5.985141952016409,5.8064811635231415,5.976209125572206,1857067
2022-02-18,5.91367769241333,5.931543771431219,5.726083649745031,5.886878786866958,2562980
2022-02-21,6.110205173492432,6.208468398100314,5.815414647746908,5.815414647746908,4856669
2022-02-22,6.181669235229492,6.297798960541015,6.1102049199488375,6.208468140479278,3150394
2022-02-23,6.244200229644775,6.342463875058561,6.1191376792750845,6.244200229644775,1927816
2022-02-24,6.110205173492432,6.208468398100314,5.940477204677538,6.083405841169686,1635093
2022-02-25,6.351397514343262,6.369263594056087,6.083405892689932,6.0923391455268145,2568127
2022-03-02,6.404995441436768,6.512191914491218,6.3245978736654695,6.387129362594359,1689008
2022-03-03,6.592589378356934,6.637254361778532,6.315664947683739,6.404995340487848,3221656
2022-03-04,6.4228620529174805,6.646188269948154,6.315665570973387,6.565790695509606,1943601
2022-03-07,6.369263648986816,6.503259460969107,6.253133916871434,6.422861888587544,2449624
2022-03-08,6.271000385284424,6.521125944879673,6.1727367269476145,6.521125944879673,9733658
2022-03-09,6.485393047332764,6.521125205227634,6.342463989792361,6.342463989792361,4928953
2022-03-10,6.628321647644043,6.637254474095161,6.387129370011,6.485393016738809,3133575
2022-03-11,6.887380123138428,6.923112281482107,6.628321762166294,6.6551206679435895,4924688
2022-03-14,6.7712507247924805,6.896313285076512,6.717652484670753,6.878447205035936,4440258
2022-03-15,6.744451522827148,6.8784469042923675,6.690852859087945,6.8784469042923675,2577061
2022-03-16,7.485894680023193,7.5126935867516265,6.699786316640126,6.699786316640126,10610490
2022-03-17,7.476961612701416,7.637756760906362,7.405497291704086,7.530560279410367,3275795
2022-03-18,7.387631893157959,7.53056054010047,7.235769992801058,7.503760779857298,2068978
2022-03-21,7.253634929656982,7.468027878847589,7.235769276518691,7.3429657511139945,1843341
2022-03-22,7.494826793670654,7.521625696325574,7.253634114011111,7.316165170846508,1711261
2022-03-23,7.5662922859191895,7.7449530847763945,7.512693620301083,7.548425780072524,2724627
2022-03-25,7.646689414978027,7.762818288559848,7.557358594768493,7.762818288559848,1773920
2022-03-28,7.584157466888428,7.771751506970417,7.557358561711525,7.682421539073463,1130725
2022-03-29,7.307232856750488,7.744951963563887,7.280433101860208,7.575223590279172,1879236
2022-03-30,7.2804341316223145,7.342966049955868,7.235769570997915,7.244701971969663,1767407
2022-03-31,7.208970069885254,7.414430634170284,7.1911044153815515,7.280434391743895,1742741
2022-04-01,7.173237323760986,7.289367050287857,7.15537167071477,7.226835986743329,2118496
2022-04-04,7.217902660369873,7.351898038571254,7.1643048498580555,7.1643048498580555,2055614
2022-04-05,7.021376132965088,7.280434075468221,7.003510053276564,7.226836262363587,3337126
2022-04-06,7.039241790771484,7.101772852953182,6.9677774763004505,7.09284002662476,756980
2022-04-07,7.164305210113525,7.191104116717011,6.994576813807061,6.994576813807061,1328363
2022-04-08,7.2804341316223145,7.432296023126554,7.146438745905344,7.164305251692612,1149920
2022-04-11,7.253634929656982,7.325099246053852,7.14643845506168,7.280433835325346,858908
2022-04-12,7.316165924072266,7.414429997126539,7.191103797525871,7.235769207830373,3969367
2022-04-13,7.262568473815918,7.405497112348963,7.191104154549395,7.405497112348963,2246944
2022-04-18,7.2804341316223145,7.387631462502154,7.191104158451629,7.262568477756932,1299759
2022-04-19,7.22683572769165,7.334032197891948,7.200036823122031,7.334032197891948,756100
2022-04-20,7.262568473815918,7.2893673805603925,7.191104154549395,7.226836314182656,896672
2022-04-21,7.262568473815918,7.307233886337966,7.191104154549395,7.226836314182656,533778
2022-04-22,7.22683572769165,7.298300041158515,7.1911035709582185,7.1911035709582185,1064966
2022-04-25,7.63775634765625,7.771751729295785,7.0571081320281905,7.200037192250453,3236879
2022-04-26,7.923614025115967,8.12907458641183,7.503760501363302,7.646689994923074,3924313
2022-04-27,8.048676490783691,8.129074059473986,7.82535028972036,7.92361351149636,1974790
2022-04-28,8.093341827392578,8.19160504827027,7.923613439059844,8.048676417203867,1233003
2022-04-29,8.012944221496582,8.218403914701241,7.87894799156491,8.173738504724017,1253359
2022-05-02,8.021876335144043,8.218403620864178,7.878947709864601,7.977211778685572,1535193
2022-05-03,8.218403816223145,8.25413597339239,7.95934546376565,8.021876525831376,1745406
2022-05-04,8.438785552978516,8.484698600474209,8.264317023357135,8.484698600474209,2195777
2022-05-05,8.245951652526855,8.530611853276236,8.126578952171071,8.457151325802569,1199120
2022-05-06,8.236769676208496,8.301047418294111,8.172491058404324,8.2459515852789,1352703
2022-05-09,7.915378570556641,8.255133698647668,7.8970138781909425,8.255133698647668,836346
2022-05-10,7.970475673675537,8.034753420812073,7.933745407351998,7.942927317143913,749470
2022-05-11,8.18167495727539,8.218405225714166,8.007206401120882,8.071484151959067,1032890
2022-05-12,8.38369083404541,8.493881625725349,8.080665937995937,8.181673944772905,2365983
2022-05-13,8.236769676208496,8.447968472043263,8.10821331631871,8.429603778183898,2247867
2022-05-16,8.392874717712402,8.411239414204012,8.080666995886881,8.310231394203448,2214307
2022-05-17,8.447968482971191,8.512247100858511,8.39287352560327,8.40205543468555,1105176
2022-05-19,8.34696102142334,8.438786248261788,8.264317704265704,8.438786248261788,702261
2022-05-20,8.31023120880127,8.457152280331057,8.2826837268191,8.383691744566164,554409
2022-05-23,8.429603576660156,8.484698532639673,8.126578691617206,8.346960266972346,1155204
2022-05-24,8.668350219726562,8.677533004692497,8.218404265018624,8.35614341235193,1778664
2022-05-26,8.796906471252441,8.897914477449302,8.686715680205351,8.861184213766938,2413304
2022-05-27,8.870367050170898,8.907097314066736,8.686715730691716,8.806089307282827,1117425
2022-05-30,9.017289161682129,9.090749698076058,8.81527312445816,8.916281143070144,1801805
2022-05-31,9.044836044311523,9.099930999761071,8.907096904250599,8.998922997624549,2001346
2022-06-01,9.072383880615234,9.136661623086411,9.008106138144058,9.072383880615234,1324697
2022-06-02,9.109114646911621,9.164209607578881,9.035654115542867,9.109114646911621,1782058
2022-06-03,8.870367050170898,9.090748633545918,8.686715730691716,8.907097314066736,1579734
2022-06-06,8.998923301696777,9.035653565143763,8.815271984461855,8.815271984461855,2277482
2022-06-07,8.980558395385742,9.081567284114021,8.842820116216336,8.998923966324929,585074
2022-06-08,8.943827629089355,9.044836512169242,8.842819621728042,8.989740678151252,1368465
2022-06-09,8.989741325378418,9.072384644496122,8.723446672509505,8.925463577495155,2436186
2022-06-10,8.971375465393066,9.044835989358496,8.842819110594302,9.044835989358496,403406
2022-06-13,9.182574272155762,9.366225582455172,8.769358605052457,8.989740177411749,3550638
2022-06-14,9.503965377807617,9.549877551761831,9.164209335660049,9.2284879554894,6353761
2022-06-15,9.687616348266602,9.733529396268715,9.182574571680465,9.549877204260262,2711693
2022-06-16,9.779441833496094,9.871267931988065,9.182574820454013,9.641703561476714,4284338
2022-06-21,10.238571166992188,10.376310322700668,9.458052787518637,9.458052787518637,5059393
2022-06-22,10.05491828918457,10.789524379530334,9.733528726714763,10.284482637685215,5288203
2022-06-23,9.458051681518555,10.28448301625419,9.182574278033835,10.10083170583722,3744518
2022-06-24,9.155027389526367,9.595790562890183,9.035653811144023,9.458052290143636,2917189
2022-06-27,9.503965377807617,9.549877551761831,8.861184433825587,9.155027426300355,2838525
2022-06-28,9.687616348266602,9.963093760560726,9.228487619682578,9.366225887970364,1695910
2022-06-29,9.549877166748047,9.917180673603617,9.50396499464483,9.917180673603617,810353
2022-06-30,9.917181015014648,10.10083233690558,9.182574851732344,9.641703594318962,1966942
2022-07-01,10.55996036529541,10.789524721062701,9.871267297993535,9.9171803442907,3106340
2022-07-04,10.789525032043457,10.92726329918638,9.871267582507844,10.468134574418574,4067436
2022-07-05,11.019089698791504,11.202741018627648,10.330396592617035,10.51404791245318,3450235
2022-07-06,11.61595630645752,11.799608495676539,11.202740632151803,11.294566726761312,5823450
2022-07-07,12.029172897338867,12.120998116541722,11.753695488293216,11.753695488293216,6159082
2022-07-08,12.53421401977539,12.580127068069515,11.707782653355375,12.120998336565382,5755077
2022-07-11,12.901517868041992,13.08516919030608,12.166911703267058,12.488302174018148,3372237
2022-07-12,12.947430610656738,13.13108192856791,12.626040147523268,12.855604513841872,1706468
2022-07-13,12.53421401977539,12.947430578703957,12.396475750611573,12.947430578703957,2249721
2022-07-14,12.212824821472168,12.534214418312818,12.029173498174856,12.534214418312818,2539905
2022-07-15,12.809691429138184,12.99334274652898,12.212824428688457,12.350562697801914,1531876
2022-07-18,13.452471733093262,13.682036103116822,12.947430819616287,12.947430819616287,3612693
2022-07-19,13.452471733093262,13.957513522288812,13.2229073630697,13.72794915226525,2969538
2022-07-20,14.003426551818848,14.095252649987057,13.360646491797107,13.590210861499056,2572622
2022-07-21,14.370729446411133,14.692119919947418,13.773862424950703,14.003426798699882,5054525
2022-07-22,14.554381370544434,14.9216840113045,14.46255527249513,14.9216840113045,1945999
2022-07-25,14.462554931640625,14.921683659629217,14.370728835755486,14.692119295634921,2802965
2022-07-26,14.049339294433594,14.738031512797876,13.865687977821882,14.738031512797876,2627855
2022-07-27,14.921684265136719,15.059422538835161,13.77386239858774,14.049339821703214,4580435
2022-07-28,14.921684265136719,15.33490083766922,14.692119891826923,15.105336464359425,2480799
2022-07-29,14.508468627929688,15.243074800682821,14.32481730367105,15.243074800682821,2677571
2022-08-01,14.095252990722656,14.508468691031435,13.865688615471269,14.508468691031435,2146265
2022-08-02,13.86568832397461,14.370729238335374,13.54429785509178,14.095252694399893,3075299
2022-08-03,13.86568832397461,14.141164867910089,13.314733484666496,13.773862225517064,1485930
2022-08-04,14.27890396118164,14.50846833073209,13.68203607491933,13.865688271134548,3048898
2022-08-05,14.692120552062988,14.783946655800833,14.324817888548864,14.508469220305926,1986668
2022-08-08,14.692120552062988,15.059423215577112,14.600294448325144,14.921684935688972,1855210
2022-08-09,14.554381370544434,14.875771837998421,14.416642223470479,14.692119641899815,351530
2022-08-10,14.875771522521973,14.921683694854375,13.865687968275179,14.783945426420063,3082709
2022-08-11,14.692120552062988,14.967597111839268,14.600294448325144,14.921684935688972,1010154
2022-08-12,14.462554931640625,15.013509755514356,14.232990567646329,14.967595831853235,1768874
2022-08-16,14.003426551818848,14.600293562756484,13.63612391058316,14.462555291222744,2806441
2022-08-17,13.819775581359863,14.003426906630978,13.590211205841323,14.003426906630978,2824464
2022-08-18,13.957512855529785,14.04933894944005,13.590210231325791,13.865687637338052,4237997
2022-08-19,14.27890396118164,14.64620660217493,13.68203607491933,13.91160044446978,6149412
2022-08-22,14.508468627929688,14.600293852199709,14.278904253676744,14.32481730367105,3426642
2022-08-23,14.370729446411133,14.783946019734525,14.324817272236167,14.692119919947418,3010944
2022-08-24,14.232991218566895,14.462555593059909,13.865688569665508,14.370729492975267,3776522
2022-08-25,14.370729446411133,14.554381645985346,13.95751374880633,14.232991172449061,4358558
2022-08-26,14.232991218566895,14.416642543017588,14.00342684407388,14.370729492975267,1708434
2022-08-29,14.692120552062988,14.783946655800833,14.049340453053958,14.278904836679942,3765135
2022-08-30,14.692120552062988,14.921684935688972,14.462556168437004,14.646207500194066,3109402
2022-08-31,14.78394603729248,15.10533651121046,14.600293837500153,14.738032111625808,2764715
2022-09-01,14.967597007751465,15.013510935019717,14.692120449890906,14.875772656089438,1683827
2022-09-05,15.013509750366211,15.151248018428136,14.692119290596981,15.059421922574485,1345689
2022-09-06,15.05942153930664,15.151247632823285,14.783945010193769,15.013509368266847,1301347
2022-09-07,14.64620590209961,15.105335494973104,14.600292855240408,15.05942157239537,3155200
2022-09-08,14.324817657470703,14.78394641731632,14.232991555214134,14.646207263931467,2279110
2022-09-09,14.462554931640625,14.738031467858939,14.18707751970376,14.324816663531468,2039136
2022-09-12,14.27890396118164,14.692119651228735,14.232990912127837,14.64620660217493,1180270
2022-09-13,13.957512855529785,14.232990261542048,13.865687637338052,14.003425902484917,1408235
2022-09-14,14.187078475952148,14.232991526989384,13.819775819091479,13.957514096484578,1692758
2022-09-15,14.416642189025879,14.600293508967129,14.049339549143381,14.095252598058336,2182606
2022-09-16,14.27890396118164,14.416642232624481,13.957513493523583,14.416642232624481,1835886
2022-09-19,14.003426551818848,14.324817019689005,13.957513502734743,14.232990921520797,2956250
2022-09-20,13.773862838745117,14.095253321936617,13.727949787472244,14.095253321936617,1973995
2022-09-21,13.682036399841309,13.95751382498762,13.636124225415752,13.77386250012961,1582514
2022-09-22,13.957512855529785,14.003425902484917,13.544297184370658,13.727948496472655,1538378
2022-09-23,13.544297218322754,13.865687672095794,13.452471124182305,13.865687672095794,1663561
2022-09-26,12.53421401977539,13.68203584853572,12.488301847199823,13.68203584853572,3002022
2022-09-27,11.937347412109375,12.763778805737205,11.753696088605256,12.67195358184444,5549558
2022-09-28,12.304649353027344,12.763778073300283,11.937346727096408,11.937346727096408,2883672
2022-09-29,12.626039505004883,12.809690813570342,11.845520348953539,12.350562104297437,2051455
2022-09-30,13.03925609588623,13.131082194561197,12.671953452623523,12.671953452623523,1599584
2022-10-03,13.727949142456055,14.003426561431203,13.039256032877471,13.406559550083859,4249648
2022-10-04,13.498385429382324,14.003427242790629,13.36064715105216,13.957514191441033,2432415
2022-10-05,13.773862838745117,13.865688941290864,13.222907974907868,13.727949787472244,2334356
2022-10-06,13.86568832397461,14.141164867910089,13.636123953549324,13.957513546713576,1570419
2022-10-11,13.176995277404785,13.865688392062486,13.085169178496326,13.865688392062486,1368326
2022-10-12,12.947430610656738,13.314733246479081,12.763778417027005,13.176994976975344,1074988
2022-10-13,13.222907066345215,13.314733162581474,12.763778336601026,12.947430529073545,1430872
2022-10-14,12.855605125427246,13.268820829315116,12.80969207483557,12.993343401483669,730210
2022-10-17,13.131081581115723,13.222906799782306,12.763778079293774,12.99334243953804,789303
2022-10-18,12.855605125427246,13.40655998109014,12.580127697595799,13.22290777872344,816848
2022-10-19,12.809691429138184,13.039255794806317,12.717866208302064,12.855604477415522,717720
2022-10-20,12.671953201293945,12.99334278884488,12.488301883305045,12.809691470855979,2072434
2022-10-21,12.626039505004883,12.809690813570342,12.442388196439424,12.671952551075876,1137530
2022-10-24,12.488302230834961,12.809691827329665,12.166911758621671,12.626040504230037,1319851
2022-10-25,12.901517868041992,12.947430917537659,12.166911703267058,12.717866545777904,2954533
2022-10-26,13.222907066345215,13.406559258817735,12.717866164201451,12.947430529073545,2441333
2022-10-27,13.222907066345215,13.544297527453569,13.03925574959125,13.268820114463345,1802484
2022-10-28,13.36064624786377,13.544297565128582,13.039255785861432,13.039255785861432,1478291
2022-10-31,13.682036399841309,13.77386250012961,13.08516937512313,13.31473375012529,1648364
2022-11-01,13.819775581359863,13.95751385638355,13.452472055099042,13.727949480865009,2279485
2022-11-02,13.406559944152832,13.773862596437047,13.406559944152832,13.72794954597187,743223
2022-11-03,13.31473445892334,13.498385793557864,13.131083124288814,13.498385793557864,2708307
2022-11-04,13.406559944152832,13.636124320760116,13.222907742292124,13.590211270294938,1181164
2022-11-07,13.131081581115723,13.590210301604253,13.131081581115723,13.498384207219132,544107
2022-11-08,13.222907066345215,13.360646210699604,12.901517480955416,13.13108184582751,749782
2022-11-09,12.947430610656738,13.268820198071648,12.901517562249305,13.222907149664216,880366
2022-11-10,13.36064624786377,13.36064624786377,12.671953151331808,12.85560446859662,1619574
2022-11-11,13.86568832397461,13.911600497484805,13.222907386208952,13.498384805863008,1779407
2022-11-14,14.187078475952148,14.232991526989384,13.498385337549436,13.911601045447341,2882500
2022-11-15,14.692120552062988,14.829858831951128,14.324817888548864,14.37073006469916,8852643
2022-11-16,14.875771522521973,14.921683694854375,14.462554965781932,14.692119330318153,2631370
2022-11-17,14.875771522521973,14.967595867186775,14.554381061883841,14.829857598752465,1347057
2022-11-18,15.10533618927002,15.19716053577195,14.692119624262773,14.692119624262773,883558
2022-11-22,16.06950569152832,16.115417864357834,14.96759602924867,15.243074320537145,5562017
2022-11-23,16.436809539794922,16.75820002759795,15.79403031562612,16.161332979642186,2554359
2022-11-24,16.987764358520508,16.987764358520508,16.436809488497257,16.48272341600426,1561689
2022-11-25,16.85002326965332,17.07958761460381,16.71228501297042,17.07958761460381,630740
2022-11-28,17.079587936401367,17.355064454957443,16.758197497127952,16.89593575640599,2250049
2022-11-29,16.987764358520508,17.72236968426001,16.987764358520508,17.171416565674008,2245779
2022-11-30,16.666372299194336,17.263239288971004,16.39089576589344,16.987762755670108,5073277
2022-12-01,16.436809539794922,16.94185223532461,16.161332979642186,16.666373923734618,3113298
2022-12-02,16.528635025024414,16.80411157486661,16.253158475182214,16.34498282417149,3367124
2022-12-05,16.253156661987305,16.804109700207626,16.16133057180492,16.528633181097465,1113303
2022-12-06,16.528635025024414,16.71228722587734,16.069506274329292,16.71228722587734,831489
2022-12-07,17.309154510498047,17.309154510498047,16.574547447531288,16.620461374150146,1999532
2022-12-12,17.12550163269043,17.355066002435443,16.987763361130853,17.309153829061298,1512110
2022-12-13,17.906021118164062,17.95193329225115,17.171415824147587,17.171415824147587,1707559
2022-12-14,18.089672088623047,18.36514861730784,17.6764555441588,18.089672088623047,2072483
2022-12-15,18.365148544311523,18.365148544311523,17.906019830703734,18.18149635829359,1373794
2022-12-16,18.59471321105957,18.59471321105957,18.089672318247597,18.365148850429204,5341606
2022-12-19,19.14566993713379,19.42114649680128,18.640627242493714,18.824279449896878,2735023
2022-12-20,19.32931900024414,19.375232924505035,18.82427809343417,19.053842460427273,217545
2022-12-21,20.29349136352539,20.385317465003954,19.375233851614173,19.742536506091216,1596947
2022-12-22,19.359375,20.27894605100155,19.06898511350155,20.27894605100155,3999042
2022-12-23,19.698163986206055,19.746561684109817,19.11738238009174,19.35937456211822,2071533
2022-12-26,19.64976692199707,19.891759134564786,19.456174259695334,19.69816647226305,1660788
2022-12-27,19.940156936645508,20.182149127997388,19.45617255394175,19.746562445062445,3408148
2022-12-28,19.601367950439453,20.133750045159687,19.601367950439453,20.133750045159687,3592365
2022-12-29,19.262577056884766,19.89175635230677,19.117382118903347,19.89175635230677,4332220
2022-12-30,19.359375,19.55296948850155,18.197811761498453,19.1173828125,1896805
2023-01-02,19.456174850463867,19.69816707037945,19.31097988776534,19.69816707037945,1626855
2023-01-03,19.020587921142578,19.552971907252108,18.681798447482716,19.40777509978781,1328624
2023-01-04,19.214181900024414,19.40777456084401,18.923790139413946,19.310979153561238,1350075
2023-01-05,19.020587921142578,19.552971907252108,18.39140852506232,19.165782882352776,2396414
2023-01-06,18.875391006469727,19.214180445067402,18.63339881407909,19.020585952653327,2422099
2023-01-09,19.310977935791016,19.456172883813082,18.972188492903573,19.02058619349295,2810505
2023-01-10,19.262577056884766,19.40777199486618,19.117382118903347,19.165779816145886,1208805
2023-01-11,18.97218894958496,19.456173352144507,18.68179720029685,19.310978400627437,5464662
2023-01-12,19.746562957763672,19.940157454373235,18.391407020258566,19.11738361316351,5202665
2023-01-13,20.617734909057617,21.392111064605658,19.988555551974446,20.32734500463584,7665941
2023-01-16,21.053321838378906,21.24691634091158,20.520939725795063,20.859727335846234,2380249
2023-01-17,21.53730583190918,21.97289253105612,20.908126480227796,21.24691592998053,4607270
2023-01-18,20.32734489440918,22.166485253700166,18.87539168766567,21.779298101152694,4394993
2023-01-19,19.50457000732422,20.327343816777912,18.87539068700806,20.327343816777912,4044962
2023-01-20,20.4725399017334,20.71453210351808,19.55297064270399,19.55297064270399,2422013
2023-01-23,20.762929916381836,21.053319795752756,20.08535106951125,20.762929916381836,2394319
2023-01-24,20.18214988708496,21.004923737878155,20.085352637652708,21.004923737878155,1697437
2023-01-25,20.71453285217285,20.76293240203141,19.940158516976393,20.18215072750704,1587172
2023-01-26,20.811328887939453,21.101718785083545,20.61773439234077,21.05332108431084,1891882
2023-01-27,20.617734909057617,21.295313814380407,20.52093950508635,20.859727111493758,1930005
2023-01-30,19.843360900878906,20.714532473617908,19.794963198158857,20.327345313095464,1653628
2023-01-31,20.617734909057617,20.811329409508122,19.891758301749192,19.940157849988815,922307
2023-02-01,20.5693359375,21.2953125,20.0853515625,20.666133181750777,906929
2023-02-02,20.908126831054688,21.150119035473715,20.520939673235045,21.053321784455303,2033680
2023-02-03,20.52094078063965,21.15012017683174,20.375743973149543,21.004925215595733,670202
2023-02-06,20.52094078063965,20.81133070311166,20.182151306919568,20.52094078063965,503735
2023-02-07,20.908126831054688,21.246916286492123,20.56933737561725,20.714532329017864,1062252
2023-02-08,20.859725952148438,21.15011768668476,20.424141119724784,20.9081254976981,573752
2023-02-09,21.876094818115234,22.02128976600293,20.56933659461812,20.90812603719203,4751592
2023-02-10,22.166484832763672,22.747266473682963,21.876094935431,21.972892183293204,1953714
2023-02-13,22.069686889648438,22.65046851227158,21.537304812558652,22.45687586889979,1314294
2023-02-14,22.069686889648438,22.505273568179266,21.779297001463807,22.26328137927411,1225313
2023-02-15,22.069686889648438,22.26328137927411,21.827694700743283,22.166484134461275,708210
2023-02-16,22.118087768554688,22.360079972048165,21.77929831441302,22.021290517906497,2026331
2023-02-17,21.6825008392334,22.166485241208495,20.811329284929027,21.876095338525026,2584827
2023-02-22,22.74726676940918,22.795664470842507,21.34371127279511,22.069687871818807,3045906
2023-02-23,23.13445281982422,24.29601606154292,22.505273499832366,23.182852365210593,4867124
2023-02-24,22.940860748291016,23.231250642824758,22.602071307165705,23.231250642824758,1091281
2023-02-27,22.844064712524414,23.231251874515536,22.55367295634056,23.231251874515536,1742950
2023-02-28,23.231250762939453,23.231250762939453,22.602071424027297,23.18285306235157,1248188
2023-03-01,24.1024227142334,24.199219963337544,23.231251164804043,23.521641065862507,2210586
2023-03-02,24.34441566467285,24.828400078866164,23.957228502569006,24.150823006747938,1445406
2023-03-03,24.828399658203125,24.876799206554846,23.957228096666068,24.150822597564964,1675425
2023-03-06,25.360782623291016,26.135156904172334,24.73160144303929,25.02199318306022,2292830
2023-03-07,25.457578659057617,25.941563058250757,24.63480665743245,25.167188758043316,2236968
2023-03-08,26.328752517700195,26.42554792223817,25.651173608410396,25.651173608410396,3265496
2023-03-09,25.02199363708496,26.522344525861637,24.973594089742967,26.13515737839546,1881800
2023-03-10,23.908830642700195,25.36078387574869,23.521641636884056,25.16718937284062,2820195
2023-03-13,22.505273818969727,23.66683707716005,21.77929724416425,22.844063256463063,2847601
2023-03-14,22.069686889648438,22.98925794598957,21.827694700743283,22.65046851227158,3039637
2023-03-15,20.956523895263672,21.972892230625284,20.569336749234747,21.972892230625284,3619631
2023-03-16,21.876094818115234,21.972892065458343,20.956523737736617,20.956523737736617,1478354
2023-03-17,21.53730583190918,21.924492983232035,21.150118680586324,21.876095281661915,1007587
2023-03-20,21.92449188232422,21.92449188232422,21.295312562236198,21.82769463779055,712719
2023-03-21,21.779298782348633,22.45687770518998,21.392111617691018,22.263283199734158,3165964
2023-03-22,20.617734909057617,22.166485373899715,20.52093950508635,21.779298219252688,4940979
2023-03-23,20.42414093017578,21.19851518924485,19.649764824852845,20.714530815763215,2564342
2023-03-27,21.39211082458496,21.488908073724144,20.375742478004486,20.90812642514301,1362782
2023-03-28,21.876094818115234,21.92449251865982,20.956523737736617,21.295313180310526,3018989
2023-03-29,22.360078811645508,22.650468702265957,21.972891675400273,22.021289375085715,2300957
2023-03-30,22.553672790527344,23.2312517037208,22.360080134082075,22.360080134082075,2942647
2023-03-31,22.408477783203125,23.13445439721351,22.06968832741414,22.89246219254338,3063322
2023-04-03,22.844064712524414,22.892462415428046,21.876095884419602,22.40847800137564,2764254
2023-04-04,22.74726676940918,23.42484566699955,22.311680071493374,22.940861267650416,1211491
2023-04-05,21.876094818115234,22.650469104352226,21.15011823242283,22.60207140380764,12841957
2023-04-10,21.97289276123047,22.166485415792867,21.73090055833698,22.118087713715767,2393585
2023-04-11,22.650470733642578,22.74726798794849,21.29531471212199,22.069689054061165,2805337
2023-04-12,23.95722770690918,23.95722770690918,22.844063960485403,23.134453860855448,4563168
2023-04-13,24.296016693115234,24.586406587966625,23.328047915272027,23.328047915272027,3422674
2023-04-14,24.925195693969727,25.021992939701942,24.102421874626742,24.296016366091173,4104247
2023-04-17,25.16718864440918,25.312383594260748,24.68320424740131,25.070391395756815,2619671
2023-04-18,25.651172637939453,25.893164832636995,24.731601559587222,25.16718824854437,3792431
2023-04-19,24.973594665527344,26.038360730298756,24.73160246199993,25.651173573905695,2720764
2023-04-20,25.360782623291016,25.651172517058033,24.78000098950307,24.97359363659644,2378035
2023-04-21,26.135156631469727,26.280351576838225,25.02199292197272,25.312382812709714,6163935
2023-04-24,27.19992446899414,27.538713928455273,25.69957167602457,26.08676068469673,3563205
2023-04-25,27.393516540527344,27.73230599273433,26.715939482367357,27.199923886590483,3672487
2023-04-26,28.264690399169922,28.942267468214357,26.861134865874856,27.19992432352408,4845875
2023-04-27,27.68390655517578,28.651875302935395,27.53871161226261,28.313085871968756,4361965
2023-04-28,28.02269744873047,28.167892399221795,26.619141952721737,27.6839080000814,4095893
2023-05-02,27.538713455200195,27.974298313089783,27.15152445318191,27.974298313089783,999651
2023-05-03,27.34511947631836,27.635509387122784,27.054729565513934,27.58711168407339,1282196
2023-05-04,27.375566482543945,27.76946103885095,27.277094721695637,27.572513760697447,1036564
2023-05-05,27.966405868530273,28.015643626178893,27.4740395614145,27.769460472621006,1917279
2023-05-08,27.91716957092285,28.45877174934587,27.67098642105268,28.261826356386763,818317
2023-05-09,28.36029815673828,28.704954942724594,27.867931856251655,27.966405491994657,1740544
2023-05-10,29.295795440673828,29.443504958006333,28.261826941117885,28.803429130746537,4788932
2023-05-11,29.000375747680664,30.23129149455627,28.458771692118372,29.345030654223134,7245263
2023-05-12,28.655719757080078,29.541978743746796,28.409536600882188,29.49274286379859,6061460
2023-05-15,28.7049560546875,29.04961285402501,27.572513895345775,28.754193813580546,2590867
2023-05-16,29.148086547851562,29.345031949105067,28.409537067136885,28.901903387613338,3472628
2023-05-17,30.72365951538086,30.822131278067594,28.951139613592456,29.345032299024833,4343923
2023-05-18,31.21602439880371,31.60991518780046,31.019077126076947,31.462207550597974,5971628
2023-05-19,31.068313598632812,31.46220815161079,30.87136820037225,31.216024995113766,3305850
2023-05-22,30.083581924438477,31.41297138722772,29.98511016130693,31.363735505661946,2626624
2023-05-23,30.526710510253906,30.822129538094046,30.083580090265325,30.428236874897735,3071857
2023-05-24,30.231292724609375,30.57594764517519,29.935871806402098,30.57594764517519,1268281
2023-05-29,30.329763412475586,30.47747480546625,29.88663486818875,30.47747480546625,507092
2023-05-30,29.73892593383789,30.32976400441833,29.640452295998344,30.03434496912811,892403
2023-05-31,29.837398529052734,30.034345810247384,29.443505844891906,29.837398529052734,765777
2023-06-01,30.77289390563965,30.871367541783375,29.83739717961685,30.18205396700569,1273830
2023-06-02,30.329763412475586,31.216024257506028,30.23129165478632,30.723657956146177,1676637
2023-06-05,30.77289390563965,31.019077056884765,30.280527603149416,30.82212978459732,2793865
2023-06-06,31.757627487182617,31.806863367654312,30.428238053933935,30.92060437156467,3754967
2023-06-07,31.560680389404297,32.00381082909858,31.31449722918046,31.757627668874747,1880690
2023-06-08,31.708391189575195,31.954574345151933,31.06831348249294,31.560679793646415,2640305
2023-06-09,31.60991668701172,32.003811251147084,31.314497642138676,31.8068639690794,2876102
2023-06-12,31.560680389404297,31.954574948345197,31.117551827938467,31.954574948345197,1621246
2023-06-13,31.757627487182617,32.24999380481336,31.363734808723716,31.806863367654312,2603079
2023-06-14,31.905338287353516,32.05304592600151,30.82213015498412,31.905338287353516,1593792
2023-06-15,32.69312286376953,32.791594620561774,31.905337540061407,32.10228105364589,3757458
2023-06-16,33.136253356933594,33.23472511394778,32.49617566697116,32.54541154547825,7195893
2023-06-21,33.53014373779297,33.82556276173585,32.988541567821564,32.988541567821564,6489338
2023-06-22,33.62862014770508,34.02251093799056,33.08701420682025,33.530144632791114,4837060
2023-06-23,33.6778564453125,33.874803721130306,33.38243740981421,33.57938092917517,3325750
2023-06-26,34.71182632446289,34.859537726298726,34.07174859178362,34.46564315904117,7409319
2023-06-27,33.136253356933594,34.859535399879036,32.49617566697116,34.711824007901015,2797886
2023-06-28,32.791595458984375,33.677856318601584,32.446940544942585,33.13625412948299,2989894
2023-06-29,33.03778076171875,33.28396393245653,32.54541442024319,32.79159759098097,858963
2023-06-30,33.33319854736328,33.48090994677004,32.59464906324335,33.13625502343018,1708211
2023-07-03,34.26869583129883,34.36717135121494,33.28396317087957,33.48091045425482,2825661
2023-07-04,35.696556091308594,36.23815826002332,34.21945721856479,34.36716860842184,3654053
2023-07-05,36.829002380371094,36.87823826126927,34.958008854585174,35.69655833742852,4166455
2023-07-06,36.484344482421875,36.927474932908176,35.893506386078144,36.927474932908176,3115302
2023-07-07,37.764495849609375,38.1091545330342,36.53358002978564,36.53358002978564,5469228
2023-07-10,37.86296844482422,38.69998963507647,37.41983803262027,38.20762334517357,2836055
2023-07-11,37.32136917114258,38.109154544781205,37.02594636912824,37.71525997973341,3075805
2023-07-12,39.29083251953125,39.78319882300178,37.469074942816206,37.469074942816206,7735856
2023-07-13,42.24502944946289,42.54044847402386,39.58625071550077,39.83243386204436,8017946
2023-07-14,42.097320556640625,42.63892275987912,41.112587912040844,42.34350371779057,3017480
2023-07-17,45.93777847290039,46.036250232847806,42.54045016431865,42.83586920061774,5349046
2023-07-18,44.70686340332031,46.528617286560554,44.36220472510127,45.93777920455207,3586793
2023-07-19,44.362205505371094,45.790068611205456,43.82060329459446,44.312969623747215,1308784
2023-07-20,44.26373291015625,45.248465549953025,44.16525739230243,44.80533511075309,1120640
2023-07-21,45.1992301940918,45.88854004478803,43.328236654169864,44.312969305401,4043921
2023-07-24,44.46067810058594,45.69159384250187,44.312966708973335,45.199227545735496,2437241
2023-07-25,44.85457229614258,45.00228369899136,43.86983962770275,44.41144184405326,1811503
2023-07-26,44.903804779052734,45.199227562386774,44.11601945522767,45.199227562386774,1034157
2023-07-27,44.362205505371094,44.90380771614772,43.32823696544172,44.80533595289996,2396262
2023-07-28,45.445411682128906,45.494647561584614,44.46067906718749,44.46067906718749,1974721
2023-07-31,45.051517486572266,45.59311967774242,44.854570210749436,45.2977006422366,1807528
2023-08-01,43.771366119384766,45.29770094335874,43.6236547224215,44.55915147145615,2771718
2023-08-02,42.343502044677734,43.7221291952267,41.50648083242379,43.7221291952267,2543912
2023-08-03,41.55571746826172,42.63892185166636,41.35877019224537,42.34350281587026,2269584
2023-08-04,40.52174758911133,42.34350137838959,40.1278530504506,41.90037096151045,3956852
2023-08-07,39.04465103149414,40.81716904822395,38.20762602605441,40.81716904822395,8808959
2023-08-08,39.19235610961914,40.66945498628662,38.9954088414388,39.38930337779948,4977671
2023-08-09,38.3553352355957,40.127853151101476,37.91220481760508,39.29083194991886,8041738
2023-08-10,38.94617462158203,39.241593658201204,37.666022958594375,38.40457242837074,2058789
2023-08-11,39.389305114746094,39.68472415181532,37.813734412738995,39.389305114746094,5592216
2023-08-14,41.40800476074219,43.328234067288356,37.419838512658124,39.3400678192043,4335152
2023-08-15,42.7866325378418,42.98357981059023,41.358769505986615,41.408005385059525,5094118
2023-08-16,46.38090515136719,46.72556382411354,42.9343409626448,43.22976375541506,10117931
2023-08-17,49.384342193603516,49.58128571163256,46.77479925869367,47.26716556667992,7518148
2023-08-18,48.744266510009766,49.138161075299706,46.28243486809008,48.25190018162583,4461310
2023-08-22,48.39960861206055,49.728996114519454,47.365636380751674,48.64579176114233,4362478
2023-08-23,48.64579391479492,49.08892059759489,47.808768916985954,48.547318396928446,3142795
2023-08-24,48.10418701171875,48.645792958191606,47.66106033763272,48.547317442261615,3872043
2023-08-25,48.89197540283203,49.13815855439422,47.661059645021126,48.00571455462546,3128333
2023-08-28,52.38777542114258,52.53548305825493,48.25189772223139,49.23663032880754,4906860
2023-08-29,54.11105728149414,54.65265946180627,52.1908279545177,52.38777522639214,3714949
2023-08-30,53.963348388671875,54.35724295067044,52.68319669686195,54.25876743194233,2462313
2023-08-31,51.59999084472656,54.75113222686759,51.35380768946825,54.75113222686759,3409077
2023-09-01,51.550750732421875,52.33853982713848,48.744264290978556,51.69846212679544,2999694
2023-09-04,53.02785110473633,53.07709074184922,50.95991406552949,51.59999178342808,1569120
2023-09-05,50.71372985839844,53.47098043921417,49.72899723978876,53.0770896456444,3429497
2023-09-06,49.384342193603516,52.338540041521014,47.759531874666166,51.20609603056991,2532833
2023-09-07,46.331668853759766,50.12289168105462,45.79006666599102,49.335102582710824,2521922
2023-09-08,45.39617156982422,48.15342586789071,44.31296720733865,46.676326960979424,2105525
2023-09-11,44.16525650024414,45.79006682567335,43.32823527590596,45.54388367069661,3312330
2023-09-12,45.1992301940918,46.036251445055484,43.77136709851526,44.509916586938616,4081756
2023-09-13,47.11945343017578,47.26716482282983,45.297699621878586,45.98701319350287,3475496
2023-09-14,47.414878845214844,48.1534283365331,46.82403699828606,47.858005534840224,2945832
2023-09-15,47.21792984008789,47.90724342479234,46.62708801471686,47.90724342479234,1480161
2023-09-18,47.90724563598633,47.95648151792555,46.52861840294587,47.26716790140533,2999462
2023-09-19,46.676326751708984,48.64579195209406,45.88853766638955,47.267164809241805,2928021
2023-09-20,44.50991439819336,46.87327039105746,44.116019854487625,46.87327039105746,2727748
2023-09-21,42.392738342285156,44.31296769363399,41.55571712176591,44.31296769363399,3920748
2023-09-22,43.082054138183594,43.328237304687505,42.343504638671874,42.343504638671874,5577682
2023-09-25,42.392738342285156,43.91907314488563,41.60495300124525,43.82060138592695,3799743
2023-09-26,41.35877227783203,43.27900174202278,41.063353227138926,42.343504951113744,2953965
2023-09-27,41.65419006347656,42.58968682597432,40.66945742010144,41.457242783510154,3577485
2023-09-28,42.737396240234375,42.88510387600659,41.900371278364844,42.34350169859498,6070075
2023-09-29,42.097320556640625,43.22976460051314,40.8171688699523,43.0328173203018,3684329
2023-10-02,42.29426574707031,43.229762464508106,41.408004908138345,41.85113532760433,2665262
2023-10-03,41.01411437988281,42.29426601131631,40.27556492831078,41.85113558908174,3968356
2023-10-04,42.29426574707031,43.52518149199985,39.83243425721123,41.35876902963251,7285022
2023-10-05,43.18052291870117,44.21449515174224,42.39273759161106,43.3282343109804,3854899
2023-10-06,45.297698974609375,45.79006526781165,43.2297620457425,43.67288870445918,4293737
2023-10-09,47.562583923339844,47.661059437409826,45.39617144773817,45.39617144773817,3591781
2023-10-10,52.43701171875,52.78166663122009,48.054950833215685,48.054950833215685,5582007
2023-10-11,55.341976165771484,56.4251805876714,49.23663293103211,53.667929894825,4807540
2023-10-12,55.53892135620117,57.163727927831864,54.16029418349316,55.14502680501121,9287726
2023-10-17,57.45914840698242,58.34540929120373,55.883577675541126,55.93281355656299,5802638
2023-10-18,55.19426345825195,58.09922548372982,53.66792862480128,57.50838740512211,5474369
2023-10-19,53.224796295166016,56.1297582173556,51.403042487185424,56.1297582173556,5620983
2023-10-20,55.78510665893555,56.57289203518311,53.17556360887994,55.24350069108692,7371186
2023-10-23,51.895408630371094,53.96334558217298,51.206095060951554,52.19082765827754,3385580
2023-10-24,48.744266510009766,53.66792979384913,47.661062090147894,51.99388352605235,4000406
2023-10-25,50.81220245361328,51.59999156662679,46.282433836070034,48.74426542309504,1975286
2023-10-26,50.22136306762695,52.19082828596527,49.630525004708176,50.81220113054573,1962228
2023-10-27,47.7595329284668,50.516783562736386,47.7595329284668,50.221364522717664,1590564
2023-10-30,45.79006576538086,48.64579179956796,44.31296686972341,47.85800271671859,2065528
2023-10-31,45.69159698486328,47.16869597674735,44.017550709436605,44.017550709436605,2403146
2023-11-01,48.54731750488281,48.69502890073991,45.790066915052726,45.790066915052726,2040839
2023-11-02,51.99388122558594,51.99388122558594,48.59655295875998,48.59655295875998,1459436
2023-11-03,51.10762405395508,52.78166648881532,49.23663058899071,52.78166648881532,1764963
2023-11-07,50.12289047241211,51.107623065139606,49.72899593273842,51.107623065139606,708035
2023-11-08,48.596553802490234,51.10762501490874,46.6763281785799,49.92594510726301,851970
2023-11-09,50.46754837036133,51.403045140225274,46.28243460306307,49.13816079391996,682264
2023-11-10,51.10762405395508,52.68319473022006,50.221363200770526,51.20609581255034,2055440
2023-11-13,51.74769973754883,52.584724739577396,48.990449083155106,51.79693561850182,2370160
2023-11-14,51.304569244384766,52.04311872730656,50.516783880559565,51.69846380452582,902682
2023-11-15,50.46754837036133,52.190830509837085,50.418312489096266,51.3045696212382,766539
2023-11-16,47.66106033325195,51.20609626435536,47.26716578248187,51.20609626435536,1645298
2023-11-17,48.596553802490234,49.138159754318146,47.26716625417433,48.25189888446963,2037710
2023-11-21,58.542354583740234,58.83777361629638,54.20952958472731,56.12975893102751,8713797
2023-11-22,61.98891830444336,64.49998569867286,58.59159006215321,58.59159006215321,6347778
2023-11-23,64.49998474121094,64.74616788907815,60.56105437533546,62.5305195582732,1763386
2023-11-24,64.30304718017578,67.4541887593904,62.62899711197527,64.00762437022448,4124232
2023-11-27,60.51182174682617,64.99235452734412,60.06869130557562,63.022889238636715,7674511
2023-11-28,57.50838851928711,61.05342457252856,55.34197592832535,60.462586482473974,4672677
2023-11-29,61.05342102050781,61.4473155619325,57.70532868776824,58.09922322919292,4150697
2023-11-30,62.03815460205078,62.62899266710664,58.099224151126926,62.03815460205078,3117827
2023-12-01,64.0,64.19999694824219,61.5,63.650001525878906,3421106
2023-12-04,62.150001525878906,64.94999694824219,61.25,64.30000305175781,2835099
2023-12-05,64.6500015258789,66.0,61.70000076293945,62.0,4346593
2023-12-06,63.75,66.9000015258789,63.29999923706055,66.0,3179133
2023-12-07,68.5999984741211,69.0,63.75,63.75,4153144
2023-12-11,69.4000015258789,71.0,66.0,68.5,5272103
2023-12-12,70.3499984741211,72.0999984741211,67.5999984741211,70.0,7295459
2023-12-13,70.6500015258789,74.0,68.0,72.75,4556202
2023-12-14,69.94999694824219,71.5,69.0,71.0,5271528
2023-12-15,67.5,70.5,66.5,70.5,5348609
2023-12-18,66.9000015258789,68.0,64.5,66.0,3301964
2023-12-19,67.0999984741211,68.0,66.0,66.0,4471339
2023-12-20,66.94999694824219,68.0,66.5999984741211,68.0,2346912
2023-12-21,67.94999694824219,69.6500015258789,66.75,68.30000305175781,4302782
2023-12-22,72.69999694824219,73.5,67.0,69.0,4372753
2023-12-26,72.9000015258789,74.8499984741211,70.5,72.69999694824219,3072701
2023-12-27,70.05000305175781,73.80000305175781,68.5999984741211,73.0,2543683
2023-12-28,72.4000015258789,72.94999694824219,67.0,69.0999984741211,1855573
2023-12-29,73.4000015258789,73.80000305175781,70.55000305175781,73.0,2040367
2024-01-02,73.9000015258789,74.05000305175781,72.19999694824219,73.4000015258789,1273196
2024-01-03,75.6500015258789,75.80000305175781,72.5,73.80000305175781,2992655
2024-01-04,77.94999694824219,78.19999694824219,73.0,75.69999694824219,3065515
2024-01-05,79.30000305175781,79.5,77.0,78.30000305175781,2743692
2024-01-08,83.05000305175781,84.5,78.5999984741211,79.5,4629162
2024-01-09,80.4000015258789,84.5999984741211,80.0999984741211,83.0,2348001
2024-01-10,88.3499984741211,88.5,80.0999984741211,81.0,5297257
2024-01-11,89.1500015258789,91.80000305175781,88.80000305175781,90.5,4333779
2024-01-12,87.4000015258789,91.5999984741211,86.0,89.0999984741211,2357636
2024-01-15,86.3499984741211,90.0,85.55000305175781,87.4000015258789,2018370
2024-01-16,88.5,88.69999694824219,84.80000305175781,86.4000015258789,1816555
2024-01-17,90.3499984741211,91.69999694824219,88.0,88.5,3534277
2024-01-18,87.44999694824219,92.0,87.0999984741211,91.0,6957679
2024-01-19,87.8499984741211,89.30000305175781,86.5,88.0,4474746
2024-01-22,89.30000305175781,91.0,87.80000305175781,88.0,3711762
2024-01-23,91.44999694824219,91.80000305175781,86.4000015258789,89.30000305175781,1469616
2024-01-24,92.30000305175781,92.5,90.5,90.5999984741211,2422222
2024-01-25,92.9000015258789,95.19999694824219,91.5,91.5,4580180
2024-01-26,90.55000305175781,93.3499984741211,89.0,92.5,3849878
2024-01-29,89.19999694824219,90.5999984741211,88.5,89.0999984741211,1860106
2024-01-30,90.30000305175781,90.80000305175781,88.0,90.30000305175781,3189947
2024-01-31,92.8499984741211,93.0,89.5999984741211,90.19999694824219,5139153
2024-02-01,105.1500015258789,105.5,92.0,93.0,6773245
2024-02-02,109.5999984741211,114.0,105.25,106.25,7383487
2024-02-05,115.6500015258789,116.0,107.5,110.0,5432691
2024-02-06,120.25,122.19999694824219,116.30000305175781,117.30000305175781,10732111
2024-02-07,113.19999694824219,116.0,113.0,115.0,5899461
2024-02-08,105.75,114.9000015258789,100.0,114.9000015258789,5011581
2024-02-09,111.69999694824219,114.0,106.0,109.75,4228269
2024-02-14,115.30000305175781,116.5,109.0,111.5,3877204
2024-02-15,113.94999694824219,121.0,110.0,117.94999694824219,5635213
2024-02-16,118.05000305175781,120.0,108.5999984741211,114.0,4049196
2024-02-19,117.25,120.0,113.0,118.05000305175781,2681983
2024-02-20,117.0,118.5,113.69999694824219,117.44999694824219,3293515
2024-02-21,110.1500015258789,118.0,108.25,116.5,5427869
2024-02-22,109.94999694824219,114.0,107.0,110.05000305175781,5246159
2024-02-23,109.5999984741211,111.4000015258789,105.30000305175781,110.05000305175781,2221005
2024-02-26,107.9000015258789,111.94999694824219,104.0,111.44999694824219,1768712
2024-02-27,102.5,109.19999694824219,102.0,105.19999694824219,3885088
2024-02-28,99.1500015258789,104.5,95.0,102.5,2781702
2024-02-29,101.25,102.9000015258789,98.55000305175781,99.0999984741211,3339228
2024-03-01,105.9000015258789,106.0,101.0,102.5,3803066
2024-03-04,105.0,111.0,102.0,109.0,2327125
2024-03-05,98.4000015258789,107.0,97.0,107.0,1612747
2024-03-06,98.19999694824219,102.0,95.5,99.0,1345125
2024-03-07,94.4000015258789,101.0,89.0,98.19999694824219,1954739
2024-03-08,94.05000305175781,95.9000015258789,92.19999694824219,94.0,950876
2024-03-11,90.94999694824219,95.5,90.19999694824219,94.0999984741211,1756207
2024-03-12,97.6500015258789,98.44999694824219,90.80000305175781,91.0,3083532
2024-03-13,100.75,102.30000305175781,95.0,100.0,2280793
2024-03-14,97.0,101.0,95.0,100.94999694824219,2046803
2024-03-15,98.94999694824219,101.9000015258789,94.0999984741211,96.0,2975538
2024-03-18,100.6500015258789,103.5999984741211,98.0,100.0,1949452
2024-03-19,103.0999984741211,106.25,100.3499984741211,100.5999984741211,3395738
2024-03-20,105.44999694824219,105.80000305175781,102.0,104.0,3707503
2024-03-21,109.19999694824219,109.4000015258789,103.0,106.0,3725626
2024-03-22,107.6500015258789,110.0,105.0,108.0,2507798
2024-03-25,104.6500015258789,108.5,104.0,107.75,1890479
2024-03-26,105.9000015258789,108.0,102.55000305175781,105.5,1780771
2024-03-27,105.5999984741211,108.9000015258789,103.75,108.0,862003
2024-04-03,101.3499984741211,105.5,100.0,105.0,4892222
2024-04-04,106.30000305175781,108.9000015258789,102.44999694824219,102.44999694824219,5345979
2024-04-05,106.3499984741211,109.0,104.0,106.69999694824219,3972196
2024-04-08,107.75,108.0,104.0,106.5,2732516
2024-04-09,114.5,116.5,107.5,108.0,5996582
2024-04-10,111.1500015258789,115.0,109.30000305175781,115.0,2199656
2024-04-11,116.80000305175781,117.25,110.5999984741211,110.9000015258789,471794
2024-04-12,114.8499984741211,119.5,114.0,119.0,1812596
2024-04-15,109.94999694824219,115.75,104.5,113.0,2752716
2024-04-16,107.4000015258789,109.94999694824219,105.05000305175781,109.94999694824219,2573098
2024-04-17,102.80000305175781,108.0,101.0,107.5,1720470
2024-04-18,102.5,105.94999694824219,102.25,104.44999694824219,2114423
2024-04-19,106.8499984741211,108.80000305175781,102.80000305175781,103.0,2793402
2024-04-22,111.1500015258789,111.8499984741211,107.5,109.0,2699172
2024-04-23,107.4000015258789,114.0,105.0,112.0,2175483
2024-04-24,104.0,107.5,102.8499984741211,107.0,1703126
2024-04-25,108.75,110.0,103.0,105.5,1436131
2024-04-26,109.3499984741211,110.5,108.75,108.75,879684
2024-04-29,110.5999984741211,111.44999694824219,107.5,109.75,1836814
2024-04-30,110.3499984741211,113.0,110.0,112.5,2615575
2024-05-02,113.5,115.0,108.80000305175781,110.94999694824219,4873985
2024-05-03,115.5,116.1500015258789,113.0,113.0,3235237
2024-05-06,115.69999694824219,117.0,109.25,116.9000015258789,2934157
2024-05-07,114.80000305175781,118.30000305175781,113.0,117.0,3891076
2024-05-08,118.05000305175781,118.4000015258789,114.69999694824219,117.0,5637731
2024-05-09,121.1500015258789,121.69999694824219,116.5,119.0,5216545
2024-05-10,119.94999694824219,123.0,119.0,121.5,2416177
2024-05-13,129.60000610351562,133.9499969482422,113.0,122.0,3997803
2024-05-14,135.3000030517578,139.5,129.0,131.5,14574348
2024-05-15,134.9499969482422,137.75,130.0,134.0,8468827
2024-05-16,135.0500030517578,137.0,131.0,135.0,2826005
2024-05-17,133.9499969482422,135.89999389648438,132.10000610351562,135.3000030517578,1959750
2024-05-20,136.1999969482422,136.39999389648438,131.1999969482422,133.0,3122675
2024-05-21,138.89999389648438,139.9499969482422,137.0,137.0,5250682
2024-05-22,138.75,142.0,138.5,142.0,2682494
2024-05-23,140.60000610351562,141.89999389648438,137.64999389648438,139.0,2519892
2024-05-24,149.0500030517578,149.75,140.3000030517578,141.0,5445256
2024-05-27,159.3000030517578,170.0,149.8000030517578,153.0,5788519
2024-05-28,163.0500030517578,164.0,153.75,161.0,6150827
2024-05-29,162.3000030517578,164.0,158.0,164.0,2955466
2024-05-30,165.75,169.0,162.0500030517578,162.9499969482422,5300279
2024-05-31,162.14999389648438,167.4499969482422,158.0,165.14999389648438,6483894
2024-06-03,161.60000610351562,162.8000030517578,157.6999969482422,162.8000030517578,2328192
2024-06-04,154.5500030517578,164.0,154.0,161.60000610351562,2699434
2024-06-05,151.5,154.39999389648438,148.0,150.0,4373591
2024-06-06,144.89999389648438,151.89999389648438,142.5,151.5,4063793
2024-06-07,150.14999389648438,151.0,144.0,145.4499969482422,3044016
2024-06-10,155.35000610351562,156.0,150.0,150.5,1975789
2024-06-11,159.35000610351562,160.0,155.6999969482422,156.9499969482422,3988362
2024-06-12,164.3000030517578,164.85000610351562,158.0,160.0,4689436
2024-06-13,167.6999969482422,174.0,163.35000610351562,169.5,5124040
2024-06-14,165.60000610351562,170.0,160.25,168.6999969482422,2542838
2024-06-18,164.0,167.89999389648438,160.10000610351562,165.0,1886504
2024-06-19,168.64999389648438,170.0,157.5,165.0,2926558
2024-06-24,178.5,179.75,167.0,168.75,4249615
2024-06-25,188.35000610351562,193.10000610351562,178.75,178.75,6696327
2024-06-26,196.35000610351562,198.0,182.5,188.10000610351562,4589943
2024-06-27,192.0500030517578,205.0,181.0,197.0,6128925
2024-06-28,190.8000030517578,195.5,187.0,194.0,2925496
2024-07-01,194.25,197.0,188.0,193.0,4079537
2024-07-02,195.75,196.6999969482422,186.0,195.0,3610366
2024-07-03,200.5500030517578,201.5,193.0,198.0,3865983
2024-07-04,209.6999969482422,212.60000610351562,200.0,202.0,3701255
2024-07-05,221.10000610351562,225.0,210.0,211.0,5043482
2024-07-08,222.10000610351562,233.0,219.0,223.0,4514999
2024-07-10,224.75,229.0,215.0,225.0,3379945
2024-07-11,221.0,224.0,215.0,224.0,3725356
2024-07-12,229.25,230.5,219.25,221.0,3435027
2024-07-15,206.75,229.25,202.25,229.25,4289500
2024-07-16,222.25,224.0,190.0,207.0,4935394
2024-07-17,225.75,229.0,217.0,224.75,3320490
2024-07-18,229.75,232.0,222.0,229.25,3111670
2024-07-19,235.75,236.75,231.0,233.0,3905407
2024-07-22,244.25,245.0,233.0,237.0,4733680
2024-07-23,251.0,260.0,244.0,248.0,5220064
2024-07-24,234.75,254.5,232.25,251.0,4186984
2024-07-25,239.0,244.0,221.0,237.0,3635877
2024-07-26,246.25,247.0,240.0,240.0,2489032
2024-07-29,232.0,251.5,230.25,246.25,3694702
2024-07-30,210.0,230.0,208.5,228.0,8065473
2024-07-31,226.5,227.0,212.5,215.0,252063
2024-08-01,225.5,233.0,217.0,227.25,3440583
2024-08-02,211.25,225.0,210.0,225.0,2709050
2024-08-05,199.5,209.5,180.0,200.25,6416995
2024-08-06,212.0,213.25,205.0,205.0,3305866
2024-08-07,210.0,218.0,205.0,215.0,3057383
2024-08-08,219.0,219.5,213.0,213.0,2857121
2024-08-09,228.0,230.5,215.0,220.0,4475086
2024-08-12,237.75,240.5,231.0,231.0,4410527
2024-08-13,230.75,242.0,226.0,237.75,3510152
2024-08-14,226.75,236.5,225.0,232.0,3717899
2024-08-15,231.25,235.25,221.0,221.0,3780453
2024-08-16,239.5,240.0,231.5,232.0,3528430
2024-08-19,240.0,243.0,237.0,240.25,3358672
2024-08-20,245.25,245.75,236.25,240.0,3450013
2024-08-21,243.5,247.0,240.25,246.0,2749335
2024-08-22,247.25,249.75,239.0,246.0,4110251
2024-08-23,252.5,253.0,247.0,247.0,2938711
2024-08-26,255.5,257.5,252.5,254.0,2729682
2024-08-27,263.0,263.5,249.0,255.5,3522704
2024-08-28,266.0,271.5,263.0,265.0,4893217
2024-08-29,278.0,279.0,267.0,267.0,7173264
2024-08-30,281.0,287.5,270.0,284.0,3913285
2024-09-02,292.5,295.0,278.5,280.0,4813047
2024-09-03,286.5,301.5,277.0,292.5,6083471
2024-09-04,285.5,298.0,281.0,286.5,6528027
2024-09-05,288.0,292.5,278.0,283.0,3910513
2024-09-06,282.0,293.0,278.0,290.0,3072270
2024-09-09,287.5,291.5,282.0,282.0,2955637
2024-09-10,281.0,290.0,278.0,290.0,2778027
2024-09-11,281.0,287.0,280.0,280.0,3451946
2024-09-12,279.5,285.0,274.0,281.5,3355186
2024-09-13,280.5,284.0,277.0,282.0,2312810
2024-09-16,280.5,285.0,278.0,282.5,2961424
2024-09-17,281.0,283.0,274.0,282.5,2060947
2024-09-18,280.0,284.0,275.5,281.0,4210298
2024-09-19,281.0,286.0,279.0,280.0,2523997
2024-09-20,281.5,283.0,279.0,282.5,1504494
2024-09-23,278.0,284.0,275.5,282.0,1545939
2024-09-24,268.5,278.0,257.0,278.0,3865842
2024-09-25,260.5,268.5,258.0,266.0,5475737
2024-09-26,251.0,262.0,248.0,261.0,5936222
2024-09-27,264.0,264.5,247.0,253.0,4213737
2024-09-30,253.5,269.0,252.5,264.5,4207484
2024-10-01,259.5,261.0,245.5,254.0,6169536
2024-10-02,263.0,264.0,247.75,262.0,1749206
2024-10-03,268.0,269.0,260.5,269.0,1752344
2024-10-04,269.0,270.0,261.0,268.0,2251296
2024-10-07,263.5,272.5,259.0,267.0,1964745
2024-10-08,261.0,266.5,257.5,264.0,1503124
2024-10-09,256.0,267.5,254.0,260.0,3792865
2024-10-10,255.0,261.0,251.5,255.5,2540910
2024-10-14,257.5,260.0,253.0,257.5,2137644
2024-10-15,252.0,258.0,251.0,255.0,3132323
2024-10-16,245.75,253.5,245.0,252.0,3220390
2024-10-17,248.5,254.0,242.0,248.0,3076703
2024-10-18,245.25,252.0,240.5,250.0,2781059
2024-10-21,247.25,251.0,242.0,246.0,2885828
2024-10-22,239.5,248.0,235.25,245.0,4271984
2024-10-23,236.0,238.5,221.25,235.0,3790607
2024-10-24,238.0,241.0,232.0,236.0,4797649
2024-10-25,251.5,253.0,237.0,239.75,4724127
2024-10-28,241.25,256.0,240.25,253.0,3730937
2024-10-29,240.5,244.75,239.5,242.0,2251195
2024-10-30,242.0,244.5,238.25,241.0,1212866
2024-10-31,240.75,245.0,239.25,245.0,1451372
2024-11-01,247.25,248.75,241.5,244.5,2613060
2024-11-04,252.0,252.5,245.0,248.0,2383319
2024-11-05,251.0,257.0,248.25,252.0,2756036
2024-11-06,261.0,263.0,254.0,256.0,5446447
2024-11-07,271.0,273.0,262.0,264.0,4981974
2024-11-08,264.5,276.0,253.0,272.0,3691317
2024-11-11,261.0,265.0,257.0,265.0,1933934
2024-11-12,250.5,262.0,241.0,261.0,7268354
2024-11-13,246.0,254.0,242.25,250.0,4334224
2024-11-14,249.25,252.0,243.0,246.0,3919898
2024-11-15,254.0,254.5,250.0,252.0,4265836
2024-11-19,251.0,264.0,249.0,258.0,3222519
2024-11-20,248.75,254.0,246.0,253.0,3273010
2024-11-21,249.75,252.5,248.0,248.5,2551306
2024-11-22,264.0,264.5,242.5,245.0,6057327
2024-11-25,267.0,269.5,256.5,264.0,3769191
2024-11-26,267.0,273.0,262.0,267.0,4948185
2024-11-27,249.75,268.0,247.75,265.0,7346367
2024-11-28,246.0,252.0,240.0,250.0,5712385
2024-11-29,243.5,249.5,240.0,246.0,5474549
2024-12-02,237.5,246.75,233.5,243.0,9552336
2024-12-03,233.5,240.0,221.5,239.0,8483453
2024-12-04,223.5,235.0,221.5,235.0,9191664
2024-12-05,228.25,230.0,221.5,224.0,5208323
2024-12-06,226.25,231.75,223.5,231.0,3635852
2024-12-09,229.5,231.5,223.5,229.75,4399066
2024-12-10,229.25,232.0,226.0,232.0,2651971
2024-12-11,226.0,229.75,213.0,228.5,7108813
2024-12-12,236.0,236.75,223.0,226.5,6987328
2024-12-13,245.5,247.0,236.0,239.0,8619709
2024-12-16,251.5,253.0,246.0,246.0,6098023
2024-12-17,254.5,255.5,250.0,251.5,5434925
2024-12-18,250.0,260.0,250.0,258.0,4318691
2024-12-19,247.75,255.5,240.0,250.0,4662398
2024-12-20,245.25,249.5,239.0,249.25,3751463
2024-12-23,248.0,249.75,241.0,247.0,3444171
2024-12-24,258.0,259.5,246.25,249.75,2878694
2024-12-26,263.0,264.0,250.5,258.0,6371064
2024-12-27,257.5,265.0,254.0,263.0,3365428
2024-12-30,248.5,264.0,246.75,256.0,2572835
2025-01-02,260.5,261.0,247.0,249.5,4657009
2025-01-03,272.5,273.5,260.0,260.5,7763857
2025-01-06,273.5,279.0,272.0,273.0,4096343
2025-01-07,282.0,285.0,271.5,274.0,6486734
2025-01-08,277.5,284.5,272.0,284.0,3819719
2025-01-09,281.0,284.0,274.0,278.0,2017110
2025-01-10,273.0,286.0,272.0,283.5,2012648
2025-01-13,247.5,276.5,241.5,276.5,4416559
2025-01-14,253.0,260.0,249.0,252.5,2979624
2025-01-15,244.75,256.5,240.5,253.0,3737816
2025-01-16,233.0,247.75,232.25,241.0,3392642
2025-01-17,226.0,238.0,223.0,234.0,4359369
2025-01-20,239.0,243.0,227.0,227.0,3256383
2025-01-21,251.5,253.0,239.5,239.75,2966942
2025-01-22,247.25,260.0,245.0,251.5,3307306
2025-01-23,240.75,251.0,238.75,245.0,1598512
2025-01-24,232.5,247.0,230.75,241.0,3178203
2025-01-27,227.25,238.0,224.0,234.0,2326165
2025-01-28,233.0,233.5,226.0,227.0,2447745
2025-01-29,237.75,240.0,230.25,230.25,1483365
2025-01-30,239.0,242.75,235.0,238.0,1994274
2025-01-31,234.5,241.75,234.0,239.0,1323071
2025-02-03,226.0,233.0,224.25,233.0,2408864
2025-02-04,227.5,231.75,225.25,227.0,2266418
2025-02-05,225.25,229.5,224.0,228.5,1644922
2025-02-06,223.25,228.5,222.5,227.0,2412451
2025-02-07,218.25,226.0,215.0,224.0,2817234
2025-02-10,211.25,218.5,210.25,218.0,3782886
2025-02-11,199.0,212.5,198.5,210.25,6412813
2025-02-12,200.0,203.0,186.0,200.0,5741525
2025-02-13,214.0,214.5,200.0,200.0,3292687
2025-02-14,216.25,219.75,210.0,219.0,2578342
2025-02-17,201.25,209.75,200.0,209.75,5029546
2025-02-18,202.75,210.0,200.25,201.0,6721355
2025-02-19,202.25,206.0,201.0,206.0,4075006
2025-02-20,203.0,205.0,198.0,202.5,3196074
2025-02-21,198.5,207.0,198.0,203.5,4628108
2025-02-24,196.0,202.25,194.0,202.25,2114406
2025-02-25,187.75,196.75,185.0,195.5,5677782
2025-02-26,181.75,190.0,180.0,190.0,3292126
2025-02-27,170.75,184.0,167.25,182.0,7611861
2025-02-28,169.75,177.5,165.0,173.75,4918879
2025-03-05,173.0,175.5,165.0,169.75,5069319
2025-03-06,173.25,178.5,172.0,173.75,2738636
2025-03-07,173.0,177.5,170.25,173.25,3895502
2025-03-10,162.75,173.0,161.25,171.0,3337168
2025-03-11,157.0,166.0,152.0,165.0,10642574
2025-03-12,160.5,163.5,155.75,159.0,5448370
2025-03-13,155.25,161.5,153.75,159.75,5580265
2025-03-14,163.25,163.75,157.0,157.0,4017506
2025-03-17,169.25,171.75,160.5,163.25,2843024
2025-03-18,163.25,168.0,162.25,168.0,2851911
2025-03-19,170.75,172.5,164.0,165.0,2384335
2025-03-20,174.0,177.0,167.5,171.0,4940552
2025-03-21,184.5,186.0,172.5,175.0,4164370
2025-03-25,193.5,197.0,184.0,184.0,5479399
2025-03-26,189.5,196.5,185.0,194.75,3192232
2025-03-27,189.0,196.0,186.0,190.25,3156918
2025-03-28,184.25,188.75,182.25,188.75,1498633
2025-03-31,179.75,184.75,173.75,183.0,2727558
2025-04-01,181.75,191.0,179.0,182.0,1077064
2025-04-03,170.5,179.0,170.0,178.0,2340926
2025-04-04,153.5,164.25,152.5,164.25,4770982
2025-04-07,147.0,153.0,144.5,144.5,4634701
2025-04-08,137.5,159.0,135.0,153.0,4020855
2025-04-09,149.0,151.5,125.0,135.0,6048709
2025-04-10,154.25,165.0,142.0,150.0,3496213
2025-04-11,156.0,167.0,154.0,157.5,4798566
2025-04-14,162.75,169.5,159.0,169.0,3577357
2025-04-15,158.25,167.0,155.0,162.5,3933461
