Price,('Close', 'CTIO.BA'),('High', 'CTIO.BA'),('Low', 'CTIO.BA'),('Open', 'CTIO.BA'),('Volume', 'CTIO.BA')
Ticker,CTIO.BA,CTIO.BA,CTIO.BA,CTIO.BA,CTIO.BA
Date,,,,,
2020-04-17,59.01805114746094,59.01805114746094,58.92725553114791,59.01805114746094,469
2020-04-20,59.01805114746094,59.38124053997453,56.566531407071025,56.566531407071025,2859
2020-04-21,58.110084533691406,60.83399474620819,56.29414439201355,60.83399474620819,2300
2020-04-22,60.83399200439453,63.557902094143536,59.018051944561854,59.018051944561854,9111
2020-04-23,60.83399200439453,60.83399200439453,58.654862547143004,60.83399200439453,7327
2020-04-24,60.83399200439453,60.83399200439453,58.11008191464552,60.83399200439453,7924
2020-04-27,63.37631607055664,63.557907320567686,62.64993721598815,63.557907320567686,11489
2020-04-28,66.1910171508789,68.09775284508906,64.46587269335099,65.3738427312855,20525
2020-04-29,65.37384033203125,66.28181033664279,64.01188532511392,65.9186209493459,12627
2020-04-30,61.28797912597656,66.73579949273002,61.28797912597656,64.82906374981867,12563
2020-05-04,59.47203826904297,63.2855097077563,59.290447029965854,61.287978368861076,1923
2020-05-05,59.47203826904297,62.468342204647534,58.654863838672476,59.47203826904297,13673
2020-05-06,61.28797912597656,61.741964156539346,59.4720390037254,59.4720390037254,16425
2020-05-07,62.649932861328125,63.10391788206239,61.83275843855412,63.10391788206239,14338
2020-05-08,63.55790328979492,65.37384338378907,62.46834200430312,62.46834200430312,8939
2020-05-11,68.0977554321289,68.0977554321289,62.649934997558596,63.55790506998698,24151
2020-05-12,68.27935028076172,69.00572914796095,65.82783372667328,68.09775902759304,24180
2020-05-13,67.18978881835938,69.00572905669341,65.46464420648958,69.00572905669341,7915
2020-05-14,68.82413482666016,69.00572607173362,68.09775599184239,69.00572607173362,6381
2020-05-15,68.5517349243164,68.8241286949202,66.28180992682248,68.73332615321138,6577
2020-05-18,70.36767578125,70.36767578125,66.73579574092741,68.46094014553293,12592
2020-05-19,69.3689193725586,70.27688950327988,67.46218348349636,70.27688950327988,10665
2020-05-20,68.0977554321289,70.36768061319987,68.0977554321289,69.36891491898103,18942
2020-05-21,69.9136962890625,69.9136962890625,65.46464150339703,68.09775612571022,45458
2020-05-22,69.9136962890625,69.9136962890625,68.09775612571022,69.00572620738636,6676
2020-05-26,69.00572204589844,71.72963212665759,68.00695640173906,71.72963212665759,29699
2020-05-27,66.73580169677734,68.09775683344627,66.37261227487988,68.09775683344627,8335
2020-05-28,65.82782745361328,66.73579748745622,65.46463805462379,66.28181247053476,6438
2020-05-29,65.82782745361328,68.55173755514211,65.82782745361328,66.28181247053476,4949
2020-06-01,66.1910171508789,67.18978280715454,64.91985771231825,65.3738427312855,7991
2020-06-02,67.00819396972656,67.37137645609494,65.37384507202127,66.37261076405811,8534
2020-06-03,66.28181457519531,68.0069590797281,65.46464013333643,67.18978463786922,4451
2020-06-04,64.46587371826172,66.28181382300149,62.64993361352195,66.28181382300149,9198
2020-06-05,65.01065826416016,66.64500722737372,63.55790747867153,64.46587758550969,15757
2020-06-08,69.00572204589844,69.00572204589844,64.91985692475971,65.37384193821957,41420
2020-06-09,68.64253234863281,68.91492612641872,66.28181167444727,68.91492612641872,23501
2020-06-10,68.0977554321289,68.5517404683431,66.28181528727214,68.0977554321289,12983
2020-06-11,67.37137603759766,68.27934610240227,65.37384466593224,68.006959239318,1409
2020-06-12,66.73580169677734,67.64377178788996,63.557906377883185,66.73580169677734,1806
2020-06-16,67.18978881835938,67.18978881835938,65.37384858002534,65.37384858002534,11549
2020-06-17,64.91985321044922,67.1897781478775,64.91985321044922,67.0989825358326,10241
2020-06-18,64.46587371826172,64.46587371826172,61.74196356115207,62.195948587337014,24334
2020-06-19,66.73580169677734,67.0989911186748,64.4658764689958,64.4658764689958,7522
2020-06-22,66.73580169677734,66.73580169677734,64.4658764689958,64.4658764689958,7851
2020-06-23,69.00572204589844,70.82166209973786,65.37384193821957,65.37384193821957,20963
2020-06-24,69.00572204589844,71.09405587871841,69.00572204589844,71.09405587871841,12403
2020-06-25,71.27565002441406,71.27565002441406,70.3676799604088,70.3676799604088,5999
2020-06-26,69.45970916748047,71.9112255436633,69.45970916748047,71.6388386836773,3558
2020-06-29,70.9124526977539,72.63759701224699,68.91492155082153,71.27564206826735,10742
2020-06-30,70.82166290283203,72.63760297726363,69.00572282840044,72.63760297726363,5620
2020-07-01,74.36273956298828,74.36273956298828,68.64252616304269,71.7296253482949,11716
2020-07-02,71.7296371459961,75.81550255304651,70.82166705554044,72.63760723645174,29890
2020-07-03,76.26949310302734,76.26949310302734,69.00573185511998,72.63761247907367,7180
2020-07-06,81.7173080444336,82.17129308912489,76.17869188465217,77.17745759752061,44573
2020-07-07,81.2633285522461,82.6252837793787,78.08543302227,81.71731362795697,13197
2020-07-08,81.53570556640625,83.0792517348376,81.26331180620727,81.26331180620727,4990
2020-07-13,83.53324890136719,83.53324890136719,79.6289747144202,80.80933861110522,20472
2020-07-14,83.53324890136719,86.25715919162917,79.90136851435122,83.53324890136719,26787
2020-07-15,84.16881561279297,88.07308935510956,80.8093294082964,86.25714936840627,18508
2020-07-16,83.53324890136719,84.16882519819015,81.7173087078592,83.98723394974418,1497
2020-07-17,88.07308959960938,88.07308959960938,84.07802023231916,84.44120961612033,15026
2020-07-20,88.07308959960938,90.79699958722615,87.16511960373711,88.98105959548164,10031
2020-07-21,88.98106384277344,89.61664009931715,87.16512376434949,88.34548758622971,12102
2020-07-22,89.7982406616211,89.8890362825147,88.07309615559521,89.8890362825147,6624
2020-07-23,88.07308959960938,90.34301458929002,85.34917961199258,89.88902959135389,15471
2020-07-24,88.52708435058594,89.70744824616524,85.4399846390618,85.4399846390618,4651
2020-07-27,88.07308959960938,90.34301458929002,86.34794522199981,88.61787021168047,14037
2020-07-28,88.52708435058594,88.52708435058594,86.9835379584549,87.07433358259284,8270
2020-07-29,88.25468444824219,88.79947200992275,86.25715314628548,88.61787384694203,13433
2020-07-30,88.61786651611328,88.98105588476862,86.71113098974901,88.98105588476862,13057
2020-07-31,87.61911010742188,88.98106518681185,86.98353384127792,88.98106518681185,9578
2020-08-03,87.70990753173828,88.43628635992826,83.6240422095089,87.89150570241672,19173
2020-08-04,88.07308959960938,90.52460581755994,88.07308959960938,89.88902959135389,16692
2020-08-05,84.71360778808594,89.97982988145723,84.71360778808594,88.89026860069399,14244
2020-08-06,88.07308959960938,88.61787021168047,84.35041400198537,84.89519461405645,17688
2020-08-07,90.61540985107422,90.61540985107422,88.07309104986429,88.07309104986429,66230
2020-08-10,98.0607681274414,98.0607681274414,90.79700752540872,90.79700752540872,39351
2020-08-11,95.33685302734375,99.87670317150297,93.74790547688802,98.5147481282552,25306
2020-08-12,97.15279388427734,98.51474893872982,94.42888377537237,96.24482384797568,32945
2020-08-13,98.96873474121094,99.64971227383394,95.33685456722154,97.15279465421624,13977
2020-08-14,97.15279388427734,98.96873395688066,94.42888377537237,98.96873395688066,5754
2020-08-18,96.24482727050781,99.87670754486659,93.06693203044387,96.24482727050781,7310
2020-08-19,97.83377838134766,98.0607709065944,93.06693535116598,93.52092040165947,16796
2020-08-20,96.24482727050781,98.9687374762769,93.97490209903357,98.9687374762769,5832
2020-08-21,98.96873474121094,99.64971227383394,96.2448246107189,96.2448246107189,10088
2020-08-24,97.15279388427734,98.96873395688066,93.5209137390707,97.15279388427734,11432
2020-08-25,96.24482727050781,97.1527973390975,93.97490209903357,97.1527973390975,15884
2020-08-26,98.0607681274414,98.96873820269549,97.15279805218732,98.96873820269549,15816
2020-08-27,94.88286590576172,100.33068595776717,93.74790339492725,100.33068595776717,6336
2020-08-28,99.42271423339844,99.42271423339844,94.88286426840307,94.88286426840307,1618
2020-08-31,98.0607681274414,99.87670827794959,95.79084293930619,99.87670827794959,17281
2020-09-01,96.24482727050781,99.19572999342432,95.33685720191811,98.0607674076872,60284
2020-09-02,95.33685302734375,96.24482305617559,93.74790547688802,96.24482305617559,9512
2020-09-03,95.33685302734375,95.33685302734375,92.1589579264323,95.33685302734375,13943
2020-09-04,92.61294555664062,96.2448257745481,90.79700544768689,93.06693058387906,11723
2020-09-07,91.70497131347656,93.520911339486,91.02399380372303,93.06692633298364,18703
2020-09-08,91.02399444580078,95.79083704770056,90.7970019409484,92.15895697006263,3588
2020-09-09,93.2939224243164,94.88287000818555,90.79700479252205,90.79700479252205,24606
2020-09-10,95.33685302734375,97.15279308500743,94.88286801292782,94.88286801292782,25232
2020-09-11,96.9258041381836,97.1527966537297,90.79700621843897,95.33685652936092,1700
2020-09-14,94.42888641357422,97.15279659858116,94.42888641357422,96.24482653691219,5323
2020-09-15,95.33685302734375,95.33685302734375,90.79700288318452,94.4288829985119,20692
2020-09-16,91.70497131347656,95.33685136549543,89.88903128746713,95.33685136549543,12896
2020-09-17,89.8890380859375,90.79700816761364,88.07309792258522,90.79700816761364,14677
2020-09-18,94.88286590576172,94.88286590576172,88.0730908407549,88.0730908407549,2179
2020-09-21,93.2939224243164,93.2939224243164,88.07309464874639,88.07309464874639,3548
2020-09-22,93.06693267822266,95.33685786549638,91.25099252840367,95.33685786549638,11383
2020-09-23,95.33685302734375,95.33685302734375,92.1589579264323,94.4288829985119,6754
2020-09-24,96.69880676269531,96.69880676269531,95.33685173786863,95.33685173786863,3957
2020-09-25,92.1589584350586,98.06076365503772,90.79700338429419,94.88286853658742,46501
2020-09-28,93.2939224243164,93.97489996026032,91.70497484044728,92.15895986440988,16735
2020-09-29,94.20189666748047,95.10986675584172,91.70497892448701,94.20189666748047,767
2020-09-30,94.88286590576172,94.88286590576172,92.15895587975899,92.15895587975899,3270
2020-10-01,95.33685302734375,95.79083804175967,94.4288829985119,94.88286801292782,3240
2020-10-02,93.52091979980469,95.33685999009215,92.61294970466095,95.33685999009215,2630
2020-10-05,96.69880676269531,96.69880676269531,92.15895667993966,92.15895667993966,8468
2020-10-06,93.97489929199219,98.06076447860055,92.15895920905514,97.15279443713202,10231
2020-10-07,96.24482727050781,97.1527973390975,93.97490209903357,93.97490209903357,5280
2020-10-08,95.5638427734375,96.24482027538599,93.52091026759204,93.52091026759204,2694
2020-10-09,95.33685302734375,96.24482305617559,94.88286801292782,96.24482305617559,4010
2020-10-13,93.06693267822266,94.88287282804164,92.61294764076791,94.42888779058688,1970
2020-10-14,97.15279388427734,97.15279388427734,91.7049736664674,91.7049736664674,8449
2020-10-15,95.79084014892578,98.06076527093823,94.20189256351705,97.15279522213325,9240
2020-10-16,94.42888641357422,96.24482653691219,94.42888641357422,95.7908415060777,5825
2020-10-19,94.88286590576172,96.69880592309687,94.88286590576172,95.3368509100955,7110
2020-10-20,103.50857543945312,103.50857543945312,93.06692089950829,95.33684579949629,39089
2020-10-21,103.05460357666016,105.32452876557338,97.60678312326843,101.69264846331222,17626
2020-10-22,103.50857543945312,104.41654539944832,102.60060547945791,104.41654539944832,8872
2020-10-23,102.60061645507812,103.05460148364043,99.87670628370438,100.78467634082897,2889
2020-10-26,97.15279388427734,102.60061410208729,97.15279388427734,102.60061410208729,13549
2020-10-27,92.61294555664062,98.9687359379787,88.98106533873315,94.8828706928328,14555
2020-10-28,91.70497131347656,93.520911339486,89.88903128746713,93.520911339486,1517
2020-10-29,93.52091979980469,94.88287494252029,91.70497960951722,91.70497960951722,2237
2020-10-30,93.52091979980469,94.65588241873435,88.98106932408601,93.52091979980469,7852
2020-11-02,95.10985565185547,95.33684814744461,88.98105827094831,93.52090818273139,35033
2020-11-03,95.5638427734375,98.74173778253044,94.42888027019002,95.336850272788,4053
2020-11-04,95.33685302734375,97.15279308500743,89.43504783993676,96.24482305617559,6687
2020-11-05,96.69880676269531,97.15279177097088,93.52091170476636,96.24482175441975,20168
2020-11-06,96.9258041381836,98.06076671591408,95.33685652936092,95.33685652936092,1306
2020-11-09,99.87670135498047,99.87670135498047,97.37978382110596,97.37978382110596,7693
2020-11-10,101.23866271972656,101.23866271972656,98.06076747740332,99.87670761587374,29013
2020-11-11,100.3306884765625,102.60061355521776,98.06076339790724,102.60061355521776,1848
2020-11-12,100.3306884765625,100.3306884765625,95.79083831925198,100.3306884765625,7946
2020-11-13,101.6926498413086,101.6926498413086,96.24482931409563,100.78467975343976,8830
2020-11-16,102.60061645507812,103.28159399792158,98.9687362265798,101.69264639795355,18425
2020-11-17,104.41655731201172,104.41655731201172,99.42272196230681,103.50858724842901,29978
2020-11-18,105.32452392578125,107.14046399346714,102.60061382425243,107.14046399346714,8532
2020-11-19,101.91963958740234,105.32452732417525,101.69264707161749,104.4165572610358,27367
2020-11-20,105.77850341796875,106.23248841117892,104.87053343154842,106.23248841117892,1077
2020-11-24,106.00550079345703,106.68647831461413,103.50858321588095,106.68647831461413,55790
2020-11-25,106.00550079345703,106.91347082166651,105.32452327229991,105.32452327229991,67372
2020-11-26,106.23249053955078,106.23249053955078,105.32452053493923,106.23249053955078,4931
2020-11-27,106.00550079345703,106.2324933005094,103.05459820177622,106.2324933005094,9858
2020-11-30,105.32452392578125,106.9134714850064,102.60061382425243,106.9134714850064,36618
2020-12-01,104.87054443359375,106.23249955610795,102.82761174982244,105.32452947443181,1398
2020-12-02,104.41655731201172,105.32452737559443,99.87670699409817,105.32452737559443,25543
2020-12-03,104.41655731201172,104.87054234380308,102.14663215305494,104.41655731201172,11042
2020-12-04,103.50857543945312,104.41654539944832,100.78466555946751,104.41654539944832,15534
2020-12-09,103.05460357666016,103.05460357666016,99.87670831218165,102.60061853887751,35231
2020-12-10,101.6926498413086,103.50859001704625,98.96873957770211,98.96873957770211,8505
2020-12-11,100.78467559814453,102.600615699012,98.51475047206019,99.87670554771078,19024
2020-12-14,99.42271423339844,100.78466922289704,95.33684926490261,100.78466922289704,13783
2020-12-15,98.5147476196289,99.19572513773694,98.5147476196289,99.19572513773694,62
2020-12-16,98.28775787353516,98.51475038594518,96.24482526184505,96.69881028666508,12044
2020-12-17,98.5147476196289,98.96873263170093,95.56384504116076,95.79083754719677,3016
2020-12-18,98.96873474121094,102.60061491520032,96.2448246107189,102.60061491520032,16127
2020-12-21,96.24482727050781,99.87670754486659,93.74790958188615,99.87670754486659,22866
2020-12-22,98.0607681274414,98.0607681274414,95.56385042049267,96.24482797693324,4707
2020-12-23,97.15279388427734,97.15279388427734,96.24482384797568,96.24482384797568,2
2020-12-28,95.33685302734375,97.15279308500743,92.61294294084821,97.15279308500743,26210
2020-12-29,96.24482727050781,96.92580482195008,93.2939245475913,95.33685720191811,27579
2020-12-30,96.47181701660156,96.69880952722886,93.74790688907399,96.24482450597426,8644
2021-01-04,95.79084014892578,97.15279522213325,93.06693000251083,97.15279522213325,10976
2021-01-05,95.10985565185547,95.10985565185547,92.15895320919647,93.52090818273139,20561
2021-01-06,92.61294555664062,93.52091561111749,91.93196801578297,93.06693058387906,2010
2021-01-07,92.83993530273438,93.29392031643968,90.79700274106052,93.29392031643968,8071
2021-01-08,90.7969970703125,93.52090698242188,90.7969970703125,93.52090698242188,7040
2021-01-11,90.343017578125,90.7970025910804,87.25591810457595,89.8890325651696,6301
2021-01-12,93.52091979980469,93.52091979980469,90.34302446680162,90.43382009086358,10282
2021-01-13,93.06693267822266,94.42888779058688,91.9319700845858,94.42888779058688,7595
2021-01-14,92.61294555664062,96.2448257745481,90.79700544768689,96.2448257745481,2039
2021-01-15,91.70497131347656,93.520911339486,90.79700130047185,92.61294132648128,7125
2021-01-18,91.70497131347656,91.70497131347656,89.61663751266113,89.88903128746713,5125
2021-01-19,89.25345611572266,91.70497240922302,89.25345611572266,90.79700238536932,5281
2021-01-20,89.8890380859375,90.79700816761364,89.43505304509944,89.97983370865272,4601
2021-01-21,88.98106384277344,89.88903388198541,88.98106384277344,89.88903388198541,9167
2021-01-22,88.98106384277344,89.88903388198541,88.98106384277344,88.98106384277344,2619
2021-01-25,89.52584075927734,92.61294014972029,85.34918013797753,87.16512014091322,46446
2021-01-26,90.343017578125,90.343017578125,85.62157621429344,85.62157621429344,4682
2021-01-27,93.52091979980469,93.52091979980469,89.88903941922975,90.34302446680162,8349
2021-01-28,91.70497131347656,96.47181388175133,91.47797881022538,93.97489634598836,13628
2021-01-29,92.61294555664062,93.52091561111749,90.79700544768689,90.79700544768689,943
2021-02-01,93.06693267822266,93.5209177156774,89.4350523785847,93.5209177156774,6112
2021-02-02,92.83993530273438,95.79083789181884,91.25098775476582,95.79083789181884,2196
2021-02-03,91.02399444580078,93.06692698947212,90.7970019409484,93.06692698947212,2913
2021-02-04,92.61294555664062,93.74790812473671,89.07186095872848,89.07186095872848,6309
2021-02-05,92.83993530273438,93.06692780958703,89.88903271364991,89.88903271364991,13834
2021-02-08,88.98106384277344,92.61294399962134,88.98106384277344,91.25098894080337,11431
2021-02-09,89.8890380859375,92.6129483309659,89.43505304509944,89.8890380859375,4551
2021-02-10,90.343017578125,91.7049726169912,89.25345631793665,89.8890325651696,2614
2021-02-11,91.70497131347656,92.15895631997893,89.07185689031058,89.97982690331531,9208
2021-02-12,91.47798156738281,93.06692913803215,90.79700403710453,91.70497407747558,8794
2021-02-17,90.7969970703125,92.61293701171876,90.7969970703125,91.70496704101562,2800
2021-02-18,89.8890380859375,92.6129483309659,88.89027238154614,92.6129483309659,8486
2021-02-19,89.8890380859375,89.8890380859375,88.61787858613852,89.8890380859375,15969
2021-02-22,88.07308959960938,89.79823397721893,87.25591521787207,87.25591521787207,3171
2021-02-23,84.44121551513672,89.34425522082283,84.44121551513672,86.25715563374182,3311
2021-02-24,88.98106384277344,88.98106384277344,85.34918368592554,86.25715372513751,2895
2021-02-25,86.4387435913086,90.7970024813164,86.25715235725058,90.7970024813164,5483
2021-02-26,87.16512298583984,87.16512298583984,84.62280412784821,86.25715295473735,5051
2021-03-01,88.07308959960938,89.88902959135389,86.25714960786485,86.25714960786485,7183
2021-03-02,87.61911010742188,88.0730951338852,87.16512508095855,88.0730951338852,12901
2021-03-03,88.07308959960938,89.43504459341777,85.98475583819864,89.43504459341777,14793
2021-03-04,88.07308959960938,88.07308959960938,86.71113460580098,88.07308959960938,20743
2021-03-05,88.98106384277344,88.98106384277344,87.16512376434949,88.07309380356146,19594
2021-03-08,88.98106384277344,89.88903388198541,86.52954750780577,89.88903388198541,6496
2021-03-09,94.88286590576172,94.88286590576172,86.25715082341975,86.71113582775354,39011
2021-03-10,93.06693267822266,94.42888779058688,90.79700749094893,94.42888779058688,14490
2021-03-11,93.52091979980469,94.42888989494843,92.15896465708909,94.42888989494843,15471
2021-03-12,93.74790954589844,94.4288870970793,92.15896192647644,93.52091702883816,199501
2021-03-15,94.88286590576172,95.7908359144293,90.79700086675763,94.42888090142793,9200
2021-03-16,95.33685302734375,96.24482305617559,93.97489798409597,94.4288829985119,15064
2021-03-17,94.88286590576172,95.7908359144293,92.61294088409278,93.29391839059346,40327
2021-03-18,92.61294555664062,94.8828706928328,91.25099047492532,94.42888566559436,12302
2021-03-19,98.96873474121094,99.4227197629596,92.61294443672949,92.61294443672949,23123
2021-03-22,97.15279388427734,98.060763920579,95.33685381167403,98.060763920579,31051
2021-03-23,95.33685302734375,98.96873314267113,95.33685302734375,96.69880807059151,8677
2021-03-25,95.33685302734375,95.33685302734375,90.79700288318452,90.79700288318452,6500
2021-03-26,96.69880676269531,97.15279177097088,93.52091170476636,95.33685173786863,3525
2021-03-29,96.24482727050781,97.1527973390975,93.97490209903357,97.1527973390975,2328
2021-03-30,96.69880676269531,96.69880676269531,91.47797916752633,96.24482175441975,2594
2021-03-31,97.37979125976562,98.06076882102272,93.52091841264205,97.1527987393466,39586
2021-04-05,97.15279388427734,97.15279388427734,92.61294370276906,95.33685381167403,17491
2021-04-06,97.60678100585938,98.51475106172782,95.33685586618822,95.33685586618822,15630
2021-04-07,97.83377838134766,98.51475595708789,94.42889050264645,97.15280080560741,2489
2021-04-08,96.24482727050781,97.60678237339235,94.42888713332842,94.88287216762326,10888
2021-04-09,96.69880676269531,96.9257992668331,92.61294168821523,92.61294168821523,6957
2021-04-12,95.79084014892578,98.51475029534073,95.79084014892578,96.69881019773077,14034
2021-04-13,97.15279388427734,97.15279388427734,95.33685381167403,95.33685381167403,15437
2021-04-14,98.96873474121094,98.96873474121094,93.52091448022685,93.52091448022685,6936
2021-04-15,98.0607681274414,99.42272324032254,96.47182049574675,99.19573072150902,9624
2021-04-16,99.87670135498047,99.87670135498047,96.24482130570844,99.87670135498047,11389
2021-04-19,100.78467559814453,100.78467559814453,97.60678042162645,98.51475047206019,6882
2021-04-20,101.91963958740234,102.1466321031872,98.96873688219917,98.96873688219917,15490
2021-04-21,109.8643798828125,110.77234996448864,101.69264914772727,101.69264914772727,34732
2021-04-22,116.22016906738281,116.22016906738281,108.95640850067139,110.77234864234924,15661
2021-04-23,116.67414855957031,123.48392376732733,111.68031340721517,117.58211858727125,13845
2021-04-26,115.31219482421875,116.6741498811977,114.40422478623277,116.22016486220473,6634
2021-04-27,117.12812805175781,117.12812805175781,111.68030814237373,114.40421809706577,21264
2021-04-28,119.85205078125,120.30603582208806,116.44716297496448,117.1281405362216,47355
2021-04-29,125.75384521484375,125.75384521484375,119.85204020476084,119.85204020476084,13840
2021-04-30,129.61273193359375,131.65566466109348,125.29987395331655,126.66182910498304,12773
2021-05-03,130.1328125,133.27145176252318,125.54557050092764,133.27145176252318,2836
2021-05-04,129.64993286132812,130.1328003952623,127.4770289586243,129.40849909436105,1301
2021-05-05,126.51129913330078,128.44276934907637,125.545564025413,127.47703424118858,9156
2021-05-06,125.06269073486328,128.44276345742716,121.19975048050458,126.5112933302478,4308
2021-05-07,127.4770278930664,127.4770278930664,121.19975000439268,125.5455577734745,15513
2021-05-10,125.5455551147461,129.891362791795,125.5455551147461,129.64992903195895,12427
2021-05-11,125.06269073486328,125.54555826665812,120.71688294870974,125.54555826665812,3190
2021-05-12,128.44276428222656,130.37423442180892,125.30412530540524,125.54555907285304,12649
2021-05-13,129.4084930419922,130.37422806469363,123.85551666145894,128.44275801929075,1212
2021-05-14,130.37423706054688,133.27144232855903,127.47703179253473,133.27144232855903,10077
2021-05-17,125.5455551147461,133.2714354294997,123.61408503605769,130.3742303114671,2577
2021-05-18,123.61408996582031,126.99416273832321,121.68261981010437,123.61408996582031,1496
2021-05-19,119.75115203857422,121.68262223274476,115.88821165023312,121.68262223274476,3000
2021-05-20,124.09695434570312,125.54555692561405,119.75114660597033,120.4754478959258,6143
2021-05-21,125.06269073486328,126.5112933302478,120.71688294870974,123.61408813947877,16860
2021-05-26,127.23560333251953,128.4427722445928,121.19975877215333,124.82126550837306,1905
2021-05-27,125.5455551147461,126.99415767376239,121.68261495736928,124.57982007540188,13460
2021-05-28,126.51129913330078,126.51129913330078,124.5798289175252,125.0626964714691,13342
2021-05-31,126.51129913330078,127.47703424118858,123.61409380963741,123.61409380963741,15487
2021-06-01,132.3057098388672,132.3057098388672,120.7168885391124,120.7168885391124,14443
2021-06-02,138.10011291503906,140.0315830257389,132.30570258293952,132.30570258293952,15695
2021-06-03,140.03158569335938,140.03158569335938,134.23717525087554,138.10011554586475,5992
2021-06-04,142.92880249023438,142.92880249023438,137.37582536645837,140.03159703435125,17011
2021-06-07,147.27459716796875,154.03474261174435,142.9287893826844,142.9287893826844,19217
2021-06-08,142.4459228515625,150.6546709480932,140.0315851761123,145.8259955971928,3516
2021-06-09,145.82598876953125,147.27459130697693,140.51444613223046,142.44591618215802,3296
2021-06-10,146.79173278808594,149.68893804048238,140.27302097019398,145.8259977039538,20189
2021-06-11,145.82598876953125,147.75745881945883,140.99731364471234,147.27459130697693,15723
2021-06-14,148.48178100585938,152.5861554401677,143.89453899104421,145.82600931307164,3171
2021-06-15,145.34312438964844,148.48176328842823,141.96305172942405,148.48176328842823,8723
2021-06-16,146.30886840820312,147.7574710657101,142.92879554068688,145.3431333031985,10919
2021-06-17,148.72320556640625,148.72320556640625,144.860265162084,145.82600026316456,11458
2021-06-18,144.6188201904297,146.79172399963483,142.92878389438127,146.79172399963483,7938
2021-06-22,145.58456420898438,145.58456420898438,143.8945278085484,144.8602628945118,16063
2021-06-23,144.3773956298828,148.72320352509666,142.92879299814484,142.92879299814484,5390
2021-06-24,142.92880249023438,145.34314037013698,141.96306733827333,141.96306733827333,1748
2021-06-25,140.03158569335938,141.963055840854,138.10011554586475,140.03158569335938,8869
2021-06-28,139.0658416748047,139.0658416748047,137.13437165154352,139.0658416748047,4372
2021-06-29,139.0658416748047,140.03157668643527,135.20290162828232,139.0658416748047,5842
2021-06-30,137.37582397460938,140.0315956155948,130.8571117649179,140.0315956155948,9226
2021-07-01,135.20291137695312,137.13438153948104,131.5814048222133,137.13438153948104,8536
2021-07-02,139.54872131347656,140.03158886127406,135.2029133832991,135.2029133832991,9995
2021-07-05,139.0658416748047,140.99731169806586,135.68576913409763,140.99731169806586,3773
2021-07-06,135.20291137695312,140.03158678327287,135.20291137695312,140.03158678327287,2146
2021-07-07,137.13438415527344,137.13438415527344,132.78857620669083,135.2029139559034,2684
2021-07-08,139.0658416748047,141.96304670969644,137.13437165154352,137.13437165154352,4778
2021-07-12,137.13438415527344,139.06585435464348,137.13438415527344,139.06585435464348,180
2021-07-13,137.13438415527344,139.06585435464348,133.27144375653336,139.06585435464348,5006
2021-07-14,140.997314453125,140.997314453125,131.33996414811645,131.33996414811645,5911
2021-07-15,141.4801788330078,141.96304633755733,135.44433502613887,138.10010630116122,11950
2021-07-16,140.03158569335938,141.48018830398033,138.10011554586475,138.58298308273842,6080
2021-07-19,141.9630584716797,141.9630584716797,135.20291283017113,139.06585319674747,69809
2021-07-20,142.92880249023438,144.86027279415646,141.4801997622928,144.86027279415646,40876
2021-07-21,146.0674285888672,146.55029612139236,142.9287896274535,146.55029612139236,14303
2021-07-22,143.4116668701172,146.79173982665193,140.03159391358244,146.79173982665193,5583
2021-07-23,139.54872131347656,146.55030075654025,139.54872131347656,146.55030075654025,15804
2021-07-26,143.89453125,144.8602663590604,139.06585570469798,139.06585570469798,12091
2021-07-27,145.34312438964844,148.72319704987282,141.48018420653486,144.86025686675924,12139
2021-07-28,143.65309143066406,146.79173040309874,140.99731999245012,141.96305506089155,21268
2021-07-29,147.9989013671875,148.72320267893556,144.61882857902987,144.61882857902987,51279
2021-07-30,145.34312438964844,149.6889320956512,142.92878677520247,149.6889320956512,3290
2021-08-02,145.34312438964844,148.72319704987282,145.34312438964844,148.72319704987282,578
2021-08-03,143.89453125,145.8260014681208,140.2730245910235,145.3431339135906,2086
2021-08-04,145.34312438964844,147.51602824264984,139.54871411497808,147.51602824264984,46855
2021-08-05,154.51760864257812,154.51760864257812,144.37739057540892,144.860258102417,17164
2021-08-06,153.5518798828125,154.5176149764151,149.68893950840211,154.5176149764151,6300
2021-08-09,149.68893432617188,160.31201998802922,147.75746420583417,160.31201998802922,7614
2021-08-10,151.6204071044922,153.55187725868953,147.27459925754815,153.55187725868953,10738
2021-08-11,154.51760864257812,155.9662112236023,151.62040348052977,151.62040348052977,8193
2021-08-12,158.13912963867188,158.13912963867188,152.5861525673903,154.51762285305344,6606
2021-08-13,158.86343383789062,158.86343383789062,154.51762561740122,157.4148310977275,3602
2021-08-17,158.38055419921875,161.27775945896056,154.51761385289635,160.31202437237997,13009
2021-08-18,158.38055419921875,158.86342174250905,155.00048139618664,158.86342174250905,3725
2021-08-19,159.10484313964844,159.34627689251587,154.51760183516691,155.48333684663672,8791
2021-08-20,158.38055419921875,161.27775945896056,156.44908402605753,161.27775945896056,2948
2021-08-23,158.86343383789062,161.27777173816253,155.96622835756435,161.27777173816253,5746
2021-08-24,158.86343383789062,159.10486762791783,158.38056625783625,158.86343383789062,20180
2021-08-25,160.31202697753906,160.31202697753906,154.51761636389307,154.51761636389307,38903
2021-08-26,156.44908142089844,163.20922691439404,156.44908142089844,157.4148164913978,28644
2021-08-27,162.7263641357422,162.7263641357422,159.34629129019265,159.34629129019265,49008
2021-08-30,165.14068603515625,165.14068603515625,163.20921602304915,163.20921602304915,43168
2021-08-31,165.86500549316406,167.0721743832162,163.20923393504935,164.89927038112234,4831
2021-09-01,171.65940856933594,174.798047544584,164.17496178220597,164.17496178220597,11636
2021-09-02,169.4864959716797,174.79803858047876,169.00362846178888,173.8323035606971,7735
2021-09-03,166.58929443359375,176.7295123556386,164.65782435320426,176.7295123556386,9023
2021-09-06,164.17495727539062,169.0036324893727,162.4849209504969,164.17495727539062,97255
2021-09-07,169.00364685058594,172.8665873500279,167.07217660086496,169.96938197544642,6782
2021-09-08,169.00364685058594,170.9351171003069,164.4164050074986,170.9351171003069,3486
2021-09-09,165.14068603515625,171.65939732601768,164.17495102910271,171.65939732601768,2814
2021-09-10,163.69210815429688,169.00365148673717,163.69210815429688,169.00365148673717,4310
2021-09-13,172.62515258789062,178.6609970839707,167.07217565149693,173.83232148710664,18443
2021-09-14,169.9693603515625,173.83230035955256,166.10642034357244,173.83230035955256,454
2021-09-15,165.62355041503906,172.3836953299386,159.3462729940609,172.3836953299386,10108
2021-09-16,166.83074951171875,170.9351239570143,164.17497781182163,170.9351239570143,458
2021-09-17,165.3821258544922,169.9693673015511,164.1749570526346,169.9693673015511,4835
2021-09-20,163.209228515625,165.14069867557322,159.34628819572856,163.209228515625,2211
2021-09-21,164.17495727539062,168.76219872867358,162.2434871897978,164.17495727539062,2366
2021-09-22,166.34786987304688,170.9351115676592,163.69209836563974,170.9351115676592,4808
2021-09-23,163.69210815429688,165.14071088132604,162.7263730029441,165.14071088132604,864
2021-09-24,162.24349975585938,168.03791046142578,161.51919841766357,161.51919841766357,3899
2021-09-27,161.7606201171875,164.17495773087688,155.00047479885728,164.17495773087688,4329
2021-09-28,161.7606201171875,164.17495773087688,159.34628250349814,162.24348763992538,2441
2021-09-29,161.7606201171875,164.17495773087688,160.31201754897387,161.27775259444962,1436
2021-09-30,162.4849395751953,164.17497609380803,161.27777063332908,164.17497609380803,3863
2021-10-01,162.24349975585938,164.17496999104816,159.34629440307617,164.17496999104816,2387
2021-10-04,161.03631591796875,163.69208724495175,158.38054459098575,159.34627961897957,3144
2021-10-05,162.7263641357422,163.69209923447065,160.31202638892108,160.31202638892108,3503
2021-10-06,162.7263641357422,162.9677979104243,162.24349658637797,162.24349658637797,400
2021-10-07,159.34628295898438,163.20922315192945,158.86341543486625,163.20922315192945,30693
2021-10-12,157.65626525878906,161.03633832712453,156.20766251521673,156.20766251521673,22125
2021-10-13,161.2777557373047,161.2777557373047,156.69051418190233,157.41481548012374,5358
2021-10-14,161.2777557373047,161.5191895033785,159.34628560871423,159.34628560871423,5125
2021-10-15,161.2777557373047,162.00205703552612,159.34628560871423,159.34628560871423,12968
2021-10-18,166.34786987304688,167.07217119324883,162.24349572523585,162.24349572523585,8688
2021-10-19,164.6578369140625,168.03790981259164,162.24349912939883,168.03790981259164,3541
2021-10-20,174.55661010742188,174.79804386967282,162.4849219948754,165.14069337963565,52907
2021-10-21,175.28091430664062,176.72951690421615,167.07216625371254,167.07216625371254,8333
2021-10-22,175.5223388671875,176.72950763518742,173.83230259198763,173.83230259198763,4117
2021-10-25,179.62672424316406,182.04106193460444,175.76378393685945,175.76378393685945,6029
2021-10-26,178.66099548339844,180.59246570484058,178.41956170571817,179.62673059411952,613
2021-10-27,177.21238708496094,177.45382085483146,171.90084414780952,173.83231430677367,13356
2021-10-28,177.69525146484375,183.48966183869737,174.79804627791697,174.79804627791697,2196
2021-10-29,177.69525146484375,179.62672158946162,173.83231121560803,179.62672158946162,16333
2021-11-01,183.9725341796875,185.42113681102362,178.41955742623236,178.41955742623236,74110
2021-11-02,184.21395874023438,185.90399505895212,178.66098226444748,179.14384978408114,4390
2021-11-03,183.00680541992188,185.90401078277023,179.62673249659878,185.90401078277023,13990
2021-11-04,190.732666015625,192.18126854232594,179.1438458020174,185.4211234177215,32049
2021-11-05,197.2513885498047,197.97568985414912,195.07848463677135,197.97568985414912,8024
2021-11-08,198.45855712890625,199.66572596788987,193.14701423737836,193.14701423737836,14053
2021-11-09,197.97569274902344,199.6657291505395,193.14701731612044,198.94142783560403,20615
2021-11-10,198.94143676757812,198.94143676757812,193.14702598793994,197.97570163763842,10000
2021-11-11,198.94143676757812,200.3900394624877,197.97570163763842,198.94143676757812,1452
2021-11-12,197.7342529296875,197.9756866939484,196.04421657986111,196.04421657986111,5507
2021-11-15,197.0099639892578,197.9756991068522,197.0099639892578,197.7342653274536,3526
2021-11-16,195.07847595214844,196.04421098161453,194.11274092268235,196.04421098161453,9227
2021-11-17,195.07847595214844,198.69998231264623,195.07847595214844,195.07847595214844,4405
2021-11-18,195.31991577148438,196.04421706606342,195.07848200662468,196.04421706606342,365
2021-11-19,194.35418701171875,202.8043690557065,193.14701814829192,196.0442234205163,36324
2021-11-23,196.04421997070312,197.97569011819775,193.14701474946122,196.5270875075768,3991
2021-11-24,196.04421997070312,196.04421997070312,195.56135243382948,196.04421997070312,72685
2021-11-25,196.04421997070312,205.70157070817618,188.31833938072467,193.14701474946122,17888
2021-11-26,192.18128967285156,193.14702479683575,192.18128967285156,193.14702479683575,6221
2021-11-29,192.18128967285156,192.18128967285156,192.18128967285156,192.18128967285156,44
2021-11-30,191.93983459472656,192.18126834893377,190.24979831527614,191.21553333210497,1578
2021-12-01,195.07847595214844,201.838621158411,193.14700589321626,197.97568104054668,20621
2021-12-02,200.63145446777344,203.77009334633067,195.07847799032604,201.3557557474405,2377
2021-12-03,199.9071502685547,202.08005407582158,199.9071502685547,202.08005407582158,3851
2021-12-06,200.39002990722656,206.6673079525132,199.90716236528144,199.90716236528144,15423
2021-12-07,195.8027801513672,198.94141904405248,194.11274382453664,194.11274382453664,4383
2021-12-09,194.1127471923828,197.73425366985262,193.14701213172418,195.8027835485354,2578
2021-12-10,197.97569274902344,197.97569274902344,193.14701731612044,193.14701731612044,2550
2021-12-13,195.07847595214844,195.07847595214844,193.14700589321626,193.14700589321626,5015
2021-12-14,199.66571044921875,200.39001169631385,196.7685054608383,196.7685054608383,5883
2021-12-15,199.9071502685547,208.59876549762228,198.94141524310274,208.59876549762228,5483
2021-12-16,202.8043670654297,208.5987775530134,202.8043670654297,208.5987775530134,1418
2021-12-17,207.63304138183594,207.63304138183594,202.804366000863,204.7358361532522,2872
2021-12-20,198.45855712890625,207.6330403051817,197.9756895933128,207.6330403051817,6896
2021-12-21,205.70155334472656,206.66728833695532,198.94140839912524,198.94140839912524,9154
2021-12-22,208.59878540039062,209.56452051798502,205.2187124888102,208.59878540039062,7458
2021-12-23,218.73899841308594,219.2218659592517,212.22028653984827,212.46172031293116,5505
2021-12-27,217.7732696533203,221.15334257476874,216.32466697269956,216.32466697269956,6585
2021-12-28,220.91189575195312,229.8449450883709,218.2561243276127,219.22185939100922,9341
2021-12-29,221.15333557128906,228.87921628993672,220.1876004814581,227.91348120010576,7586
2021-12-30,222.1190643310547,226.94773964259937,221.15332926874575,221.15332926874575,4528
2022-01-03,225.9820098876953,231.77642039763623,222.1190695477347,231.53498662638867,1990
2022-01-04,227.67205810546875,231.7764324297455,226.46488918656382,229.8449621594976,743
2022-01-05,227.91348266601562,231.7764230501854,225.49914492590955,225.49914492590955,901
2022-01-06,226.46487426757812,229.8449470178405,225.98200673182635,229.8449470178405,1441
2022-01-07,227.18917846679688,227.91347977965594,226.94774469584385,226.94774469584385,586
2022-01-10,225.9820098876953,227.189178743933,225.9820098876953,225.9820098876953,5668
2022-01-11,230.8106689453125,230.8106689453125,225.016258846267,225.016258846267,1015
2022-01-12,234.91505432128906,235.63935561929918,233.70788549127215,233.70788549127215,452
2022-01-13,234.91505432128906,241.19233223737695,234.91505432128906,241.19233223737695,4614
2022-01-14,234.67361450195312,236.6050845801585,234.67361450195312,234.9150482617288,5817
2022-01-17,236.60508728027344,236.60508728027344,234.67361718002633,235.63935223014988,3329
2022-01-18,235.88079833984375,239.5023049673746,235.63936456467502,239.5023049673746,3117
2022-01-19,238.53656005859375,238.53656005859375,238.53656005859375,238.53656005859375,100
2022-01-20,238.53656005859375,249.1596457292194,236.6050899366618,249.1596457292194,3639
2022-01-21,236.3636474609375,240.95088883147665,235.1564786792167,236.60508121728168,7702
2022-01-24,231.7764129638672,235.15648565292358,231.7764129638672,232.7421480178833,10132
2022-01-25,233.70790100097656,233.70790100097656,231.77643074477015,231.77643074477015,3449
2022-01-26,240.70945739746094,241.43375867348138,233.70787839592998,233.70787839592998,672
2022-01-27,246.262451171875,246.262451171875,241.43377565870097,241.43377565870097,939
2022-01-28,253.50546264648438,258.8170056733631,251.09112490699405,251.09112490699405,7232
2022-01-31,256.8855285644531,258.8169987040355,253.9883233550796,253.9883233550796,11697
2022-02-01,256.8855285644531,259.78273377382664,256.8855285644531,259.78273377382664,6490
2022-02-02,256.8855285644531,258.8169987040355,256.8855285644531,258.8169987040355,1650
2022-02-03,255.9197998046875,256.8855348982901,255.9197998046875,255.9197998046875,11121
2022-02-04,258.3341369628906,258.81700450861564,255.91979923426547,258.81700450861564,1203
2022-02-07,260.74847412109375,262.6799442997685,258.3341363977503,262.6799442997685,12994
2022-02-08,260.74847412109375,262.6799442997685,260.74847412109375,262.6799442997685,7807
2022-02-09,264.6114196777344,270.4058303276118,262.6799494611086,263.64568456942146,5361
2022-02-10,266.0600280761719,267.5086307698715,265.5771605116053,266.54289564073844,2220
2022-02-11,267.9914855957031,270.40582330377254,265.5771478876337,270.40582330377254,4706
2022-02-14,274.2687683105469,274.7516358603894,267.99149016259423,274.2687683105469,2696
2022-02-15,274.2687683105469,275.2345034102319,267.5086226127517,275.2345034102319,5134
2022-02-16,278.61456298828125,280.06316556880955,274.2687552466963,275.2344903003818,9354
2022-02-17,280.06317138671875,281.9946415342134,278.1317012392241,280.06317138671875,4535
2022-02-18,280.06317138671875,284.8918467554553,278.1317012392241,284.8918467554553,24092
2022-02-21,281.51177978515625,283.92611751916274,280.0631771447524,283.92611751916274,4931
2022-02-22,281.51177978515625,282.4775148787588,281.02891223835496,282.4775148787588,11580
2022-02-23,282.9603576660156,282.9603576660156,281.02888764781756,281.9946226569166,1316
2022-02-24,278.61456298828125,283.92610578355175,278.1316954614385,283.92610578355175,10821
2022-02-25,283.9261169433594,284.89185203500347,275.23450111856266,277.16597130185085,1614
2022-03-02,283.9261169433594,289.72052749322387,283.9261169433594,289.72052749322387,45123
2022-03-03,292.1348571777344,292.1348571777344,283.9261091248063,289.7205195151085,22839
2022-03-04,289.7204895019531,291.65195943196613,289.2376220194499,290.68622446695963,60161
2022-03-07,288.7547912597656,292.6177316110668,284.8918509084644,292.6177316110668,2369
2022-03-08,286.8233337402344,289.72053913154986,285.8575986097959,285.8575986097959,9086
2022-03-09,284.40899658203125,286.8233344137972,281.0289236175589,285.85759928109087,26213
2022-03-10,284.891845703125,286.82331584348515,284.891845703125,284.891845703125,30431
2022-03-11,282.4775085449219,285.85758129674144,272.33729028946317,272.33729028946317,39286
2022-03-14,277.1659851074219,279.0974553869161,267.50863370995074,279.0974553869161,54332
2022-03-15,278.61456298828125,281.5117681493379,277.1659604077529,277.1659604077529,2777
2022-03-16,277.6488037109375,284.8918159816576,277.1659362262228,278.6145386803668,10215
2022-03-17,280.06317138671875,287.7890519766972,277.6488337023505,277.6488337023505,5848
2022-03-18,280.06317138671875,284.40897921858163,280.06317138671875,283.926111681708,34303
2022-03-21,280.06317138671875,281.02890646046603,280.06317138671875,280.06317138671875,9254
2022-03-22,280.06317138671875,281.02890646046603,280.06317138671875,280.06317138671875,9725
2022-03-23,281.99462890625,281.99462890625,280.06315884524827,281.99462890625,390
2022-03-25,283.4432678222656,288.75481117157557,282.96040024505567,284.8918705538956,1594
2022-03-28,284.891845703125,284.891845703125,281.5117729574947,284.891845703125,1283
2022-03-29,280.06317138671875,286.8233169029499,280.06317138671875,286.8233169029499,2795
2022-03-30,284.891845703125,291.6519911943856,280.0631703522246,285.8575807733051,1253
2022-03-31,282.4775085449219,291.65199172843217,280.0631708650508,291.65199172843217,1924
2022-04-01,280.06317138671875,289.23765458731816,280.06317138671875,289.23765458731816,1283
2022-04-04,277.1659851074219,280.0631905266632,276.6831175375483,276.6831175375483,6282
2022-04-05,275.2344970703125,278.1317023026316,273.785894454153,275.2344970703125,4430
2022-04-06,274.75164794921875,276.20025066248354,272.33731009377743,276.20025066248354,3442
2022-04-07,274.75164794921875,280.0631912311896,274.75164794921875,280.0631912311896,2197
2022-04-08,280.06317138671875,284.8918467554553,274.26876094423494,284.8918467554553,13068
2022-04-11,267.50860595703125,276.2002213130359,260.74846068013875,276.2002213130359,1202
2022-04-12,260.265625,270.40584415584414,257.8512871057514,270.40584415584414,1590
2022-04-13,260.74847412109375,268.95722238046153,257.8512688530816,259.78273903175636,289330
2022-04-18,268.4743347167969,273.30300980163133,265.57712966589617,273.30300980163133,1488
2022-04-19,263.64569091796875,269.44010170737465,255.91980986542754,268.474366575807,2651
2022-04-20,262.6799621582031,267.50863793317006,261.23135942571304,265.5771676231833,2275
2022-04-21,267.50860595703125,268.47434099658733,265.57713587791915,265.57713587791915,379
2022-04-22,272.3373107910156,272.3373107910156,270.40584050171765,270.40584050171765,1478
2022-04-25,268.9571838378906,270.4057862643066,265.5771115095868,270.4057862643066,1314
2022-04-26,268.9571838378906,268.9571838378906,268.9571838378906,268.9571838378906,19210
2022-04-27,268.9571838378906,273.3029911171384,268.9571838378906,273.3029911171384,1702
2022-04-28,268.9571838378906,279.0974008228021,268.9571838378906,279.0974008228021,2154
2022-04-29,271.3715515136719,284.8918423364171,270.40581645490437,270.40581645490437,1972
2022-05-02,273.3030090332031,275.23447906170634,270.4058039904483,272.3372740189515,2875
2022-05-03,276.6831359863281,289.72056124222837,275.23453318011696,281.9946796091023,5237
2022-05-04,277.9723815917969,286.971487470668,272.9728783257574,286.971487470668,5459
2022-05-05,277.9723815917969,284.9716861642522,277.9723815917969,284.9716861642522,5643
2022-05-06,277.9723815917969,287.9713881238759,277.9723815917969,287.9713881238759,1810
2022-05-09,274.97271728515625,279.9722212357955,274.97271728515625,274.97271728515625,16376
2022-05-10,277.9723815917969,279.9721828982127,276.972480938589,279.9721828982127,9028
2022-05-11,278.9722900390625,284.97169412592405,277.9723893579189,278.9722900390625,3829
2022-05-12,277.9723815917969,278.9722822450048,277.9723815917969,278.9722822450048,4420
2022-05-13,281.97198486328125,281.97198486328125,277.9723822411071,279.97218355219417,47730
2022-05-16,279.9721984863281,284.9717020307268,279.9721984863281,281.9719999040876,7004
2022-05-17,279.9721984863281,282.9719006129673,279.9721984863281,279.9721984863281,94362
2022-05-19,277.9723815917969,278.4723319184008,277.9723815917969,277.9723815917969,51297
2022-05-20,274.97271728515625,274.97271728515625,274.97271728515625,274.97271728515625,622
2022-05-23,276.4725646972656,277.97241586198857,274.9727135325426,274.9727135325426,11431
2022-05-24,274.97271728515625,288.97132834694605,274.97271728515625,288.97132834694605,12193
2022-05-26,277.9723815917969,283.47183518444035,275.97258028538107,279.9721828982127,22654
2022-05-27,277.9723815917969,278.4723319184008,277.9723815917969,277.9723815917969,7100
2022-05-30,277.9723815917969,278.9722822450048,277.9723815917969,277.9723815917969,12067
2022-05-31,277.9723815917969,282.4719345312324,277.9723815917969,282.4719345312324,1902
2022-06-01,276.97247314453125,284.9716781450953,276.97247314453125,283.97177752002483,770
2022-06-02,276.97247314453125,277.97237376960175,276.97247314453125,277.97237376960175,5684
2022-06-03,276.97247314453125,279.9721750197428,276.97247314453125,279.9721750197428,19139
2022-06-06,276.97247314453125,278.97227439467224,276.97247314453125,278.472324082137,12432
2022-06-07,279.9721984863281,279.9721984863281,276.472546005249,276.472546005249,4236
2022-06-08,277.9723815917969,279.9721828982127,277.9723815917969,277.9723815917969,30980
2022-06-09,276.97247314453125,276.97247314453125,275.97257251946075,275.97257251946075,8652
2022-06-10,276.97247314453125,276.97247314453125,273.9727712693197,274.9726718943902,20056
2022-06-13,273.9728088378906,281.47206455425624,272.9729080757085,279.9722134109831,9489
2022-06-14,273.9728088378906,279.4722630298921,273.9728088378906,279.4722630298921,7708
2022-06-15,277.4724426269531,277.4724426269531,274.97269089157516,274.97269089157516,722
2022-06-16,274.97271728515625,277.47246926047586,274.97271728515625,277.47246926047586,35795
2022-06-21,277.4724426269531,277.9723929740287,274.97269089157516,274.97269089157516,1823
2022-06-22,277.4724426269531,277.4724426269531,275.9725915857264,275.9725915857264,5082
2022-06-23,275.97259521484375,280.47214839769447,275.97259521484375,280.47214839769447,32474
2022-06-24,275.47265625,276.97250737295826,271.9730036297641,275.97260662431944,198357
2022-06-27,276.97247314453125,282.97187689495433,275.97257251946075,279.9721750197428,16305
2022-06-28,279.9721984863281,279.9721984863281,276.9724963596889,278.9722977774484,227
2022-06-29,279.9721984863281,279.9721984863281,279.9721984863281,279.9721984863281,0
2022-06-30,275.47265625,279.9722096188748,275.47265625,279.9722096188748,2846
2022-07-01,275.97259521484375,275.97259521484375,275.97259521484375,275.97259521484375,624
2022-07-04,277.9723815917969,281.9719842046285,274.9726796321732,274.9726796321732,5503
2022-07-05,287.97137451171875,289.97117572360565,285.9715732998318,289.97117572360565,1504
2022-07-06,280.4721374511719,287.9713924632353,279.9721871170343,287.9713924632353,2606
2022-07-07,299.97021484375,299.97021484375,280.47215087890623,280.47215087890623,28520
2022-07-08,307.96942138671875,308.9693221055068,294.97071204247413,294.97071204247413,6411
2022-07-11,313.96881103515625,317.9684137235022,297.9704002817725,309.9692083468103,9478
2022-07-12,312.96893310546875,317.96843682919825,300.9701241685179,309.969230871231,3882
2022-07-13,309.9692077636719,314.96871111469886,305.9696050828503,314.96871111469886,7876
2022-07-14,308.4693603515625,313.96881410175246,308.4693603515625,313.96881410175246,3160
2022-07-15,307.469482421875,312.9689365790142,305.9696312881097,306.9695320439532,11386
2022-07-18,308.4693603515625,315.96861546545784,304.969707965078,313.96881410175246,19113
2022-07-19,307.96942138671875,309.96922282429483,307.96942138671875,309.96922282429483,2700
2022-07-20,305.46966552734375,311.96902011303195,304.9697151745985,309.96921870205097,4258
2022-07-21,311.9690246582031,324.96773401896155,305.96962033785303,305.96962033785303,8734
2022-07-22,320.9681091308594,327.9674136913454,311.96900326737733,315.96860587336937,20499
2022-07-25,325.4676818847656,330.96713580294136,321.96802939138104,324.9677315285678,14754
2022-07-26,324.4677734375,331.9670286016949,320.9681210275424,331.9670286016949,3290
2022-07-27,335.4666748046875,338.9663271498929,324.467767434042,327.46746944421807,8808
2022-07-28,329.96722412109375,339.966230912642,314.9687139337713,339.966230912642,9514
2022-07-29,321.968017578125,338.46637872731463,316.96851419958267,338.46637872731463,910
2022-08-01,303.9698181152344,319.96822959498354,299.9702152452971,319.96822959498354,1411
2022-08-02,309.4692687988281,314.9687226870141,307.96941773841377,309.9692191522996,1189
2022-08-03,314.9687194824219,331.96703132750497,314.9687194824219,319.9682229662698,3165
2022-08-04,326.967529296875,327.9674299980887,316.9685222847381,324.96772789444765,14491
2022-08-05,328.4674072265625,331.9670599671804,327.96745683504565,331.9670599671804,710
2022-08-08,327.4674987792969,344.9657620728471,325.9676476398497,339.9662582746899,442
2022-08-09,311.9690246582031,326.96753545907825,309.9692232180864,326.96753545907825,860
2022-08-10,305.9696350097656,319.4682953778435,284.97171888164445,311.96903961780026,2899
2022-08-11,307.469482421875,311.9690358231707,305.9696312881097,311.9690358231707,2112
2022-08-12,315.9686279296875,327.96743658524525,299.9702163889438,299.9702163889438,1645
2022-08-16,315.46868896484375,318.9683416158008,303.4698798758481,304.96973101197256,1814
2022-08-17,303.9698181152344,314.96872600756194,299.9702152452971,314.96872600756194,4992
2022-08-18,311.46905517578125,319.96821077447834,304.96970089442465,319.96821077447834,12790
2022-08-19,310.9691162109375,311.9690169061495,310.9691162109375,311.9690169061495,2523
2022-08-22,307.96942138671875,315.96862713702313,305.96961994914267,315.96862713702313,2679
2022-08-23,305.9696350097656,314.9687419218175,299.970230401731,313.46889076980887,7548
2022-08-24,310.9691162109375,314.9687189917856,310.9691162109375,314.9687189917856,6981
2022-08-25,319.96820068359375,324.9677038192749,318.4683497428894,319.46825037002566,25057
2022-08-26,314.9687194824219,319.9682229662698,309.96921599857393,319.9682229662698,758
2022-08-29,314.9687194824219,318.9683222695003,314.9687194824219,314.9687194824219,3452
2022-08-30,306.4695739746094,319.96823383972264,306.4695739746094,319.96823383972264,8266
2022-08-31,306.9695129394531,309.96921502029466,306.9695129394531,307.96941363306695,7029
2022-09-01,306.9695129394531,309.46926467348777,306.9695129394531,309.46926467348777,2927
2022-09-05,304.9697265625,309.96923027663934,289.971215420082,307.9694287909836,3663
2022-09-06,297.470458984375,300.97011144301473,280.97209739364496,300.97011144301473,9276
2022-09-07,295.9706115722656,299.4702640739647,291.97100871318094,299.4702640739647,10237
2022-09-08,296.4705810546875,304.969737678515,290.4711763790446,302.9699361199673,5741
2022-09-09,291.97100830078125,296.470561510896,288.9713061607047,296.470561510896,13333
2022-09-12,288.4713439941406,293.4708473562574,285.9715923130822,290.971095675199,11738
2022-09-13,282.9718933105469,298.470353898227,281.97199262747074,298.470353898227,8056
2022-09-14,284.9717102050781,287.47146204898235,280.9721072548314,282.97190872995475,10632
2022-09-15,278.4723205566406,289.4712272931686,277.472419944229,279.97217147525805,31833
2022-09-16,279.9721984863281,284.47175167628694,277.9723970685686,278.4723474230085,8805
2022-09-19,279.9721984863281,283.97180132184707,278.9722977774484,283.97180132184707,18335
2022-09-20,276.97247314453125,281.9719762698838,274.9726718943902,274.9726718943902,10860
2022-09-21,279.9721984863281,286.9715034484863,275.9725956508091,276.9724963596889,8308
2022-09-22,299.4702453613281,299.4702453613281,281.9719839462255,284.97168590310025,4381
2022-09-23,297.97039794921875,297.97039794921875,292.97089462792314,294.9706959564414,456
2022-09-26,279.9721984863281,291.47105663844513,279.9721984863281,289.97120557512557,16910
2022-09-27,281.97198486328125,289.97119010762964,275.97258093001994,289.97119010762964,11630
2022-09-28,284.9717102050781,287.97141241776313,277.97240504214636,287.97141241776313,11946
2022-09-29,281.97198486328125,285.9715874854555,281.97198486328125,284.9716868299119,191
2022-09-30,298.9703063964844,298.9703063964844,274.9726898295425,289.9712001838812,17929
2022-10-03,307.469482421875,313.9688373348577,299.9702267530488,304.9697305322662,1639
2022-10-04,304.9697265625,319.96823770491807,304.9697265625,319.96823770491807,664
2022-10-05,304.9697265625,305.46967693391395,299.97022284836066,299.97022284836066,1814
2022-10-06,307.469482421875,319.9682418699187,304.9697305322662,319.9682418699187,11278
2022-10-11,301.9700012207031,304.9697032195843,300.97010055440944,304.9697032195843,7082
2022-10-12,298.9703063964844,300.47015743191827,284.47174638729035,300.47015743191827,14786
2022-10-13,299.97021484375,299.97021484375,294.9707112630208,299.97021484375,80
2022-10-14,290.4711608886719,297.97041633330196,283.9718061699925,297.97041633330196,220
2022-10-17,299.97021484375,304.46976806640623,289.97120768229166,299.97021484375,5701
2022-10-18,290.4711608886719,297.97041633330196,289.9712105256965,297.97041633330196,2657
2022-10-19,278.9722900390625,297.97040298079077,275.9725879956317,297.97040298079077,6894
2022-10-20,283.47186279296875,293.97082067418984,279.9722101658951,289.9712176718199,3610
2022-10-21,289.97119140625,298.970297346444,284.97168810614227,284.97168810614227,3112
2022-10-24,299.97021484375,299.97021484375,289.97120768229166,289.97120768229166,5616
2022-10-25,297.97039794921875,304.9697025990326,289.97119263514577,301.9700006062552,8284
2022-10-26,298.9703063964844,304.9697105382199,297.97040570619515,304.9697105382199,2490
2022-10-27,299.97021484375,305.969619140625,299.97021484375,305.969619140625,7260
2022-10-28,319.96820068359375,319.96820068359375,303.96979064941405,309.96919441223145,1960
2022-10-31,314.9687194824219,329.96722993396577,309.96921599857393,329.96722993396577,3117
2022-11-01,328.96734619140625,329.9672469397084,319.96823945668694,319.96823945668694,267
2022-11-02,329.4672546386719,329.967204949201,319.96819873861915,329.967204949201,510
2022-11-03,324.9677429199219,329.96724665715146,315.96863619290866,329.96724665715146,1078
2022-11-04,324.9677429199219,329.96724665715146,324.9677429199219,324.9677429199219,627
2022-11-07,329.96722412109375,329.96722412109375,328.9673234419389,329.96722412109375,148
2022-11-08,319.96820068359375,334.9667100906372,319.96820068359375,334.9667100906372,448
2022-11-09,314.9687194824219,314.9687194824219,299.970209030878,307.96941460503473,762
2022-11-10,334.96673583984375,334.96673583984375,314.96872175985305,314.96872175985305,7082
2022-11-11,324.9677429199219,344.96575786884017,324.9677429199219,334.96675039438105,1178
2022-11-14,334.96673583984375,334.96673583984375,320.4681756318505,329.96723231984606,2657
2022-11-15,354.9647521972656,354.9647521972656,339.96624154104313,344.9657450931173,2025
2022-11-16,349.96527099609375,364.96378261021204,339.96626325334825,357.4645268031529,3937
2022-11-17,348.9653625488281,369.96327834689515,335.96665276907237,359.9642708240061,1759
2022-11-18,339.9662170410156,364.9637329999139,339.9662170410156,344.4657699136173,10192
2022-11-22,350.9651184082031,354.9647208971855,349.9652177859575,349.9652177859575,2093
2022-11-23,359.9642639160156,359.9642639160156,349.9652565850152,349.9652565850152,1512
2022-11-24,359.9642639160156,359.9642639160156,343.9658521864149,343.9658521864149,591
2022-11-25,357.9644470214844,359.9642484014927,349.9652415014512,359.9642484014927,854
2022-11-28,357.9644470214844,357.9644470214844,344.9657380514305,357.46449667648227,2697
2022-11-29,352.9649353027344,359.9642399687943,339.9662266371946,339.9662266371946,2614
2022-11-30,349.96527099609375,357.9644771902902,342.96596557617187,357.9644771902902,649
2022-12-01,356.9645690917969,369.9632788906578,331.9670502478335,359.9642713530725,8913
2022-12-02,357.4645080566406,357.4645080566406,354.96475625204874,354.96475625204874,384
2022-12-05,359.9642639160156,360.46421428256565,349.9652565850152,354.9647602505154,1012
2022-12-06,364.9637451171875,364.9637451171875,354.9647384016481,354.9647384016481,4725
2022-12-07,392.9609680175781,394.9607693815353,374.96275574196386,379.9622591518567,3160
2022-12-12,384.9617614746094,394.96076826615763,381.9620594371449,394.46081792658026,1898
2022-12-13,385.961669921875,389.96127271899286,384.96176922259554,384.96176922259554,1610
2022-12-14,387.96148681640625,387.96148681640625,369.96327351049047,369.96327351049047,1420
2022-12-15,373.9628601074219,384.9617677576402,365.9636545436268,384.9617677576402,1897
2022-12-16,389.9612731933594,389.9612731933594,374.9627626859225,375.9626633864183,1363
2022-12-19,384.9617614746094,389.9612648703835,384.9617614746094,389.9612648703835,1175
2022-12-20,384.9617614746094,384.9617614746094,384.9617614746094,384.9617614746094,0
2022-12-21,398.96038818359375,402.9599910726523,379.9622744605655,394.9607852945352,7700
2022-12-22,389.9612731933594,398.9603794978215,381.96206758939303,381.96206758939303,3364
2022-12-23,389.9612731933594,389.9612731933594,374.9627626859225,389.9612731933594,25276
2022-12-26,389.9612731933594,390.9611738938552,382.96196828988883,387.9614717923678,2697
2022-12-27,405.9596862792969,409.9592890997826,399.9602820485684,399.9602820485684,3034
2022-12-28,419.95831298828125,424.95781671433224,399.9602980840774,409.95930553617933,6779
2022-12-29,443.9559326171875,444.9558333663253,419.95831463788005,425.9577191327069,3516
2022-12-30,449.955322265625,459.95432942708334,439.95631510416666,443.95591796875,1222
2023-01-02,439.956298828125,455.95470969460223,419.9582852450284,455.95470969460223,3981
2023-01-03,418.45843505859375,454.9548099203349,399.96027245743727,439.956299703181,5715
2023-01-04,412.958984375,434.4568491790254,410.9591829978813,429.95729608050846,7281
2023-01-05,427.9574890136719,439.95629711685893,405.9596741578289,429.95729036420306,5885
2023-01-06,421.9580993652344,444.955815681349,411.95909227127146,444.955815681349,6015
2023-01-09,414.9587707519531,420.45822434023205,412.4590191209173,419.9582740140249,883
2023-01-10,419.95831298828125,432.95702267601376,415.95871000744046,432.95702267601376,1876
2023-01-11,417.4585266113281,438.95639085598333,400.9601656793834,420.9581789302255,4544
2023-01-12,437.9565124511719,437.9565124511719,423.9579024641481,424.95780317750695,3608
2023-01-13,422.9580078125,448.95542673241727,411.95909980791964,428.4574618147902,30706
2023-01-16,419.95831298828125,424.95781671433224,413.95890851702006,419.95831298828125,15123
2023-01-17,424.45782470703125,428.4574272955545,414.9587685592885,414.9587685592885,10897
2023-01-18,411.4591369628906,427.95749846930056,389.9612719696898,427.95749846930056,12561
2023-01-19,393.96087646484375,407.95948628846764,385.9616708513444,406.95958558678024,10361
2023-01-20,392.46099853515625,404.95975645028864,392.46099853515625,399.9602532842357,5421
2023-01-23,409.95928955078125,417.9584952005526,389.9612754263529,399.9602824885671,7517
2023-01-24,402.9599609375,414.9587687073511,397.960457700062,414.9587687073511,8860
2023-01-25,404.4598388671875,411.9590942231922,397.46053386824974,411.9590942231922,19841
2023-01-26,424.9577941894531,426.9575955738741,395.46072376924405,395.46072376924405,13781
2023-01-27,424.9577941894531,429.9572976505055,424.9577941894531,429.9572976505055,7341
2023-01-30,449.955322265625,459.95432942708334,410.45924397786456,429.9573079427083,14647
2023-01-31,468.4534606933594,474.9528150039396,437.9564904667906,437.9564904667906,10754
2023-02-01,459.9543151855469,476.9526268337084,457.4545634725819,468.9534213522206,3315
2023-02-02,464.95379638671875,464.95379638671875,447.9554855510753,447.9554855510753,2256
2023-02-03,434.956787109375,464.95380691002157,430.9571844692888,464.95380691002157,4599
2023-02-06,429.9573059082031,439.9563130223474,399.96028456577034,439.9563130223474,3034
2023-02-07,437.9565124511719,438.4564628078513,424.95780317750695,433.9569095977365,3151
2023-02-08,441.4561767578125,441.4561767578125,426.45766565618806,439.4563752775959,2525
2023-02-09,427.9574890136719,435.95669441579656,427.45753867603906,429.95729036420306,526
2023-02-10,427.9574890136719,428.45743935130463,422.4580352997111,428.45743935130463,1331
2023-02-13,433.9568786621094,433.9568786621094,430.95717673587365,430.95717673587365,791
2023-02-14,426.95758056640625,437.95648779411226,426.95758056640625,434.95678582291976,3160
2023-02-15,414.9587707519531,439.95628706231173,409.9592674898814,434.95678380024003,10839
2023-02-16,406.4596252441406,414.95878099955314,402.95997287426485,414.95878099955314,11936
2023-02-17,404.95977783203125,405.9596785180363,399.9602744020062,405.9596785180363,27499
2023-02-22,396.9605712890625,414.95878358932225,380.96216035549827,407.9594788058879,36284
2023-02-23,400.960205078125,407.9595104036783,398.9604035565383,399.96030431733163,1883
2023-02-24,399.9602966308594,407.9595025634766,399.9602966308594,407.9595025634766,2200
2023-02-27,399.9602966308594,418.9584107208252,399.9602966308594,399.9602966308594,3704
2023-02-28,389.9612731933594,399.9602801983173,387.9614717923678,399.4603298480694,7834
2023-03-01,388.96136474609375,399.9602722324871,387.96146406551253,399.9602722324871,2960
2023-03-02,389.4613342285156,389.96128459337893,387.9614831339257,389.96128459337893,4383
2023-03-03,397.9604797363281,397.9604797363281,392.96097622205264,393.9608769249077,13795
2023-03-06,401.9600830078125,404.9597851198111,398.9603808958139,404.9597851198111,4019
2023-03-07,405.459716796875,408.4594187707113,401.96006449406593,401.96006449406593,4840
2023-03-08,410.9591979980469,410.9591979980469,398.960389297374,406.95959509782256,5150
2023-03-09,399.9602966308594,410.959204788208,399.9602966308594,410.959204788208,2779
2023-03-10,379.9622802734375,404.9597987124794,379.9622802734375,398.96039428710935,6831
2023-03-13,394.9607849121094,399.96028851859177,380.96217481395865,380.96217481395865,6801
2023-03-14,383.96185302734375,394.9607602755229,383.96185302734375,394.9607602755229,4269
2023-03-15,376.4626159667969,394.9607790355505,374.9627649071682,392.9609776227123,11478
2023-03-16,389.9612731933594,389.9612731933594,379.96226618840143,379.96226618840143,5728
2023-03-17,376.9625549316406,384.9617603413306,374.96275357921814,379.9622569602744,14175
2023-03-20,384.9617614746094,389.4613145308061,379.9622580788352,381.46210909756746,9038
2023-03-21,375.9626770019531,381.96208142219706,373.96287552853846,381.96208142219706,6746
2023-03-22,370.4632263183594,380.9621841492441,369.9632759454601,375.96268042025133,14026
2023-03-23,366.463623046875,374.9627793794765,360.4642185768034,374.9627793794765,2010
2023-03-27,363.9638366699219,365.9636379703061,359.9642340691535,365.9636379703061,42361
2023-03-28,373.9628601074219,373.9628601074219,363.963853152678,363.963853152678,27012
2023-03-29,381.46209716796875,381.96204749191105,371.9630410130652,372.9629416609498,3790
2023-03-30,380.46221923828125,384.96177242243965,374.96276534653214,383.4619213610535,10023
2023-03-31,383.96185302734375,393.96085961659753,381.96205170949304,383.96185302734375,6662
2023-04-03,379.9622802734375,382.9619824861225,378.9623795358758,381.9620817485609,29257
2023-04-04,381.46209716796875,386.96155073133394,378.9623455482573,380.96214684402645,5746
2023-04-05,387.96148681640625,387.96148681640625,384.96178459875364,387.96148681640625,861
2023-04-10,389.4613342285156,392.4610364176954,383.4619298501559,389.96128459337893,3850
2023-04-11,389.9612731933594,394.9607766958383,389.9612731933594,390.9611738938552,4282
2023-04-12,390.46124267578125,396.96059754746517,387.9614908020567,391.961093800016,7168
2023-04-13,392.9609680175781,401.96007415538526,379.9622591518567,385.96166324372814,14818
2023-04-14,395.4607238769531,395.96067422319453,390.9611707607804,394.9607735307117,3765
2023-04-17,401.9600830078125,402.959983711812,397.9604801918144,398.9603808958139,6665
2023-04-18,419.95831298828125,424.95781671433224,396.9605958484468,396.9605958484468,8911
2023-04-19,429.9573059082031,438.95641231093293,424.95780235113097,424.95780235113097,14312
2023-04-20,427.9574890136719,429.95729036420306,411.45912787178963,429.95729036420306,2593
2023-04-21,446.4556579589844,449.95531037299656,429.95729657864115,439.95630347581886,3936
2023-04-24,446.9555969238281,447.9554975880872,435.95668961697777,446.9555969238281,8600
2023-04-25,469.9533386230469,475.9527429458943,450.95522493403007,450.95522493403007,4133
2023-04-26,473.4530029296875,476.95265553846025,469.95335032091475,469.95335032091475,5835
2023-04-27,460.45428466796875,474.4528948424564,456.9546321243468,459.95433430459417,8795
2023-04-28,475.9527282714844,479.95233103006825,459.95431723714876,459.95431723714876,7914
2023-05-02,444.955810546875,474.9528314826194,444.955810546875,474.9528314826194,1427
2023-05-03,453.9549255371094,472.9530391609091,447.95552123485686,459.4543794808409,2439
2023-05-04,461.9541320800781,469.9533378303825,459.95433064250204,459.95433064250204,5936
2023-05-05,449.9841003417969,456.9838530137804,429.98480699327257,449.9841003417969,14827
2023-05-08,451.4840393066406,456.98384487958975,449.98409233219996,454.9839155803355,16545
2023-05-09,462.983642578125,463.9836072489201,451.4840488639815,459.98374856573975,2983
2023-05-10,463.9836120605469,478.98308227802147,463.9836120605469,478.98308227802147,2330
2023-05-11,464.9835510253906,473.9832326581401,453.983940140919,453.983940140919,4062
2023-05-12,471.48333740234375,479.9830370161718,464.9835671094164,479.9830370161718,5820
2023-05-15,473.9832458496094,477.98310446437404,464.98356396638894,474.98321050330054,4589
2023-05-16,474.98321533203125,476.98314465974505,469.9833920127467,469.9833920127467,4562
2023-05-17,489.982666015625,490.9826306401467,474.98319664779973,474.98319664779973,6717
2023-05-18,497.482421875,499.98233354271355,489.98268687185924,492.9825808731156,7214
2023-05-19,498.4823913574219,499.98233837253946,490.9826562818338,494.9825149888141,2038
2023-05-22,505.98211669921875,514.9817986167938,499.9823287541687,514.9817986167938,1487
2023-05-23,487.9827575683594,505.98212157702835,487.4827752347852,505.98212157702835,4396
2023-05-24,489.982666015625,494.9824891382334,485.9828075175383,487.98273676658164,1304
2023-05-29,481.48297119140625,489.98267057900114,479.9830242406542,489.98267057900114,6041
2023-05-30,485.48284912109375,499.98233689093075,477.9831140677298,477.9831140677298,1236
2023-05-31,481.98297119140625,489.982688555579,479.98304185036307,489.982688555579,2453
2023-06-01,509.48199462890625,509.9819769592585,490.4826660755221,504.98215365573634,8556
2023-06-02,520.4816284179688,529.9812931057127,513.981857842144,518.9816813620091,6321
2023-06-05,508.98199462890625,525.9813932707361,504.98213612494624,525.9813932707361,39680
2023-06-06,528.9813232421875,529.9812879364072,493.9825589445002,515.4817998702224,176788
2023-06-07,529.4812622070312,539.9808906360659,508.98198765510654,539.9808906360659,7377
2023-06-08,526.9813842773438,528.9813136294399,507.98205543243,528.9813136294399,461
2023-06-09,515.9817504882812,539.9809016737827,514.9817858555521,529.9812553464905,4174
2023-06-12,524.9814453125,538.9809505208334,524.9814453125,534.981091889881,509
2023-06-13,506.9820861816406,524.9814501880894,506.9820861816406,524.9814501880894,724
2023-06-14,510.98193359375,524.9814386237157,501.48226946627324,501.48226946627324,11713
2023-06-15,519.9816284179688,519.9816284179688,504.9821583674504,518.9816637479341,7598
2023-06-16,541.4808349609375,545.9806756946849,529.9812419746942,541.9808172646873,6419
2023-06-21,549.4805908203125,562.9801139796832,529.9812795901104,549.9805731595485,10559
2023-06-22,518.9816284179688,529.9812390395442,515.9817346120846,529.9812390395442,33748
2023-06-23,513.9818115234375,528.4812984243905,513.9818115234375,524.9814222758846,23820
2023-06-26,513.4818725585938,536.9810429677991,509.9819961146696,520.9816077955742,48818
2023-06-27,513.9818115234375,521.9815284343082,503.9821653848492,521.9815284343082,18642
2023-06-28,505.98211669921875,522.9815158768605,499.9823287541687,520.9815865618438,5467
2023-06-29,517.981689453125,518.9816541045789,509.9819722414937,509.9819722414937,5197
2023-06-30,520.4816284179688,521.4815931219417,509.9819990262518,519.9816460659822,9016
2023-07-03,522.4815063476562,531.9811700994318,512.9818425958807,512.9818425958807,13046
2023-07-04,516.9817504882812,525.9814327985221,514.4818387354366,525.9814327985221,15353
2023-07-05,513.4818725585938,521.9815724938383,511.9819255111977,521.9815724938383,16630
2023-07-06,491.98260498046875,528.9812968184309,491.48262265833415,522.9815089528154,16929
2023-07-07,508.4820251464844,514.4818130538175,489.9826790988738,489.9826790988738,19103
2023-07-10,512.9818725585938,518.4816782098068,510.48196089895146,514.9818018863075,4271
2023-07-11,517.481689453125,519.9816009963768,512.9818486752717,512.9818486752717,6817
2023-07-12,529.9812622070312,531.9811914983785,507.9820400022111,507.9820400022111,12819
2023-07-13,518.9816284179688,534.9810620493512,494.98247797089505,534.9810620493512,51457
2023-07-14,519.9816284179688,522.9815224280724,509.98198171762317,519.9816284179688,3312
2023-07-17,532.9811401367188,534.981069368001,524.9814232115898,530.9812109054366,10629
2023-07-18,548.9805908203125,552.9804494055243,531.9811918331626,539.4809266804345,15678
2023-07-19,555.4803466796875,562.9800813333286,552.9804351284738,557.9802582309012,15561
2023-07-20,560.9801635742188,564.4800398175516,549.9805525237439,555.4803580489813,3136
2023-07-21,571.9797973632812,578.9795501282165,549.9805743877705,560.9801858755259,4660
2023-07-24,580.4794921875,588.9791919008399,572.9797571463179,572.9797571463179,11279
2023-07-25,580.9794921875,589.9791745105422,539.9809393825301,574.9797039721385,49742
2023-07-26,584.4793701171875,591.9791054052608,579.9795289443434,581.9794583544964,12132
2023-07-27,577.9795532226562,591.4790756595175,565.9799777232239,584.979305597325,4642
2023-07-28,591.9790649414062,592.9790295781316,559.9801965661951,569.9798429334486,8898
2023-07-31,608.478515625,611.9783920501233,582.9794159562448,611.9783920501233,13829
2023-08-01,612.9783325195312,614.9782618262834,599.9787920256423,600.9787566790184,53024
2023-08-02,609.9784545898438,614.9782779881211,599.9788077932889,614.9782779881211,5024
2023-08-03,607.978515625,609.9784449527137,597.9788689864309,609.9784449527137,5996
2023-08-04,619.4780883789062,630.9776816256496,617.978141433679,619.9780706939821,5941
2023-08-07,605.4785766601562,636.977462151147,592.9790189256362,634.9775329136238,25422
2023-08-08,638.4774169921875,649.9770102504649,599.9787786927369,599.9787786927369,17948
2023-08-09,629.9777221679688,648.977050296844,626.4778459337023,647.9770856584821,4392
2023-08-10,642.477294921875,668.9763584478357,635.477542292376,649.9770298820525,29543
2023-08-11,638.4774169921875,664.4764974022061,634.9775407831465,642.977257832383,7145
2023-08-14,666.9764404296875,699.975274813765,629.9777473323885,629.9777473323885,3933
2023-08-15,689.4756469726562,693.9754880333916,639.9773953045685,674.9761591102871,22368
2023-08-16,743.4736938476562,748.9734992493537,699.9752329433212,699.9752329433212,18641
2023-08-17,772.4727172851562,774.9726289915807,754.973335340185,774.9726289915807,9417
2023-08-18,772.4727172851562,789.9720992301275,759.973158753034,779.9724524044296,3169
2023-08-22,774.4725952148438,775.9725421390817,769.97275444213,769.97275444213,5803
2023-08-23,789.9721069335938,789.9721069335938,775.4726188949392,775.4726188949392,6514
2023-08-24,786.4722290039062,818.9710814420841,785.9722466587035,818.9710814420841,8085
2023-08-25,785.4722290039062,794.9718931357166,769.9727769993734,794.9718931357166,5932
2023-08-28,819.4710083007812,849.9699292930617,775.9725472134305,775.9725472134305,13614
2023-08-29,896.9683227539062,899.9682168099393,810.4713774716176,824.9708654091111,22560
2023-08-30,879.9688720703125,924.9672803011807,859.9695795232599,924.9672803011807,9433
2023-08-31,882.4688110351562,924.9673090170193,869.9692528051966,889.9685459731321,20702
2023-09-01,892.9684448242188,914.9676674290707,882.4688158537211,914.9676674290707,3715
2023-09-04,897.46826171875,914.9676428664693,873.4691104304492,914.9676428664693,4370
2023-09-05,835.970458984375,898.9682328073602,825.9708123458059,889.968550832648,4761
2023-09-06,844.4701538085938,859.9696060099357,819.9710196838921,859.9696060099357,757
2023-09-07,809.4713745117188,840.9702606106924,805.9714982784994,819.9710032113767,1638
2023-09-08,807.971435546875,839.9703042814048,795.4718774474494,804.9715416030128,3914
2023-09-11,846.4700927734375,859.9696158123523,814.9712056826362,838.9703577518181,17426
2023-09-12,842.47021484375,864.9694193944732,814.9711870595327,864.9694193944732,8746
2023-09-13,884.9686889648438,929.9670968783104,872.469131211103,875.9690073821504,27581
2023-09-14,888.4685668945312,919.9674524963069,874.9690444937702,889.9685138279491,5795
2023-09-15,881.4688720703125,899.9682187898823,854.9698078503882,899.9682187898823,2401
2023-09-18,850.9699096679688,899.9681770871586,847.9700157443449,847.9700157443449,6080
2023-09-19,869.96923828125,879.9688846982759,843.9701575969827,879.4689023774246,3021
2023-09-20,880.9688720703125,898.9682360853699,869.9692607277774,869.9692607277774,3422
2023-09-21,843.9701538085938,884.9687039343667,838.9703306225239,884.9687039343667,4403
2023-09-22,854.9697875976562,885.9686921772203,804.9715544048108,844.9701409590872,1492
2023-09-25,841.97021484375,874.9690474920205,831.9705685866984,844.9701087208655,2344
2023-09-26,827.9707641601562,854.9698108175527,825.9708347781269,829.9706935421856,4243
2023-09-27,838.4703369140625,838.9703192258777,790.9720172916201,804.9715220224452,2814
2023-09-28,816.9711303710938,874.9690808747944,789.9720844469572,859.9696109169407,11486
2023-09-29,844.4701538085938,849.4699770993492,819.9710196838921,835.9704542143095,24761
2023-10-02,859.4696044921875,873.9690917116601,782.9723098515216,802.9716025680356,5803
2023-10-03,865.9693603515625,879.968865022373,844.9701033453468,844.9701033453468,8296
2023-10-04,934.9669799804688,949.966450247535,874.9690989122033,899.9682160239806,16614
2023-10-05,991.9649658203125,999.9646832866054,934.966978872976,946.9665550724153,11182
2023-10-06,1008.46435546875,1024.9637722909952,989.9650093347174,989.9650093347174,10366
2023-10-09,1091.96142578125,1099.9611431862409,999.9646756238552,1009.9643223800938,11561
2023-10-10,1236.956298828125,1274.954956350735,1099.961138812399,1099.961138812399,9513
2023-10-11,1311.95361328125,1423.9496534394057,1214.9570427871333,1269.9550982219419,15814
2023-10-12,1309.4537353515625,1449.9487714851207,1224.9567207374296,1359.9519511860442,18242
2023-10-17,1313.95361328125,1469.9481061822203,1274.9549900560073,1334.952871940996,14792
2023-10-18,1298.9541015625,1349.9522995453233,1189.9579529325442,1299.9540662288298,7841
2023-10-19,1208.457275390625,1349.9522728815423,1149.9593435657582,1349.9522728815423,9275
2023-10-20,1247.4559326171875,1329.9530183413704,1179.9583170246744,1237.9562682004635,14490
2023-10-23,1165.4588623046875,1254.9557032967678,1111.9607506502036,1194.9578210674401,4583
2023-10-24,1091.96142578125,1249.9558445298192,1055.9626974587911,1199.9576107486264,4297
2023-10-25,1117.96044921875,1144.95949405677,1034.9633854574297,1044.9630316937332,3310
2023-10-26,1083.461669921875,1149.959317406697,1079.9617937384633,1149.959317406697,791
2023-10-27,1031.9635009765625,1079.9618033475654,949.9664010927659,1059.962510692981,3520
2023-10-30,974.9655151367188,1069.962155073117,900.4681501339643,1069.962155073117,1397
2023-10-31,992.4649047851562,1049.9628715611225,989.9649931862012,999.9646395820214,53
2023-11-01,1010.4642944335938,1018.9639940898883,961.966008159443,974.9655488102463,9234
2023-11-02,1020.4639282226562,1074.9620018024061,999.9646528394476,1000.4646351658673,7808
2023-11-03,984.9652099609375,1041.9631967302507,984.9652099609375,1025.9637618476365,2658
2023-11-07,967.4658203125,999.9646721576228,945.4665975250323,999.9646721576228,6982
2023-11-08,1006.4644165039062,1018.9639745826929,924.9672978302168,925.4672801533683,3518
2023-11-09,1029.963623046875,1042.963163920282,1006.9644353477701,1018.9640115386075,1860
2023-11-10,1026.9637451171875,1099.9611680904638,969.9657573161362,1064.9624036512218,106565
2023-11-13,1048.962890625,1074.4619885381912,1026.9636688959724,1026.9636688959724,2288
2023-11-14,1023.4638061523438,1088.961489887545,1020.9638945593971,1088.961489887545,3015
2023-11-15,1003.4645385742188,1049.4629130380094,974.9655456999136,999.9646622563216,2756
2023-11-16,984.9652099609375,1049.9629141715577,974.9655631593037,1029.96362056829,1446
2023-11-17,1012.9641723632812,1049.9628637526607,994.9648089846643,994.9648089846643,4446
2023-11-21,1144.4595947265625,1265.9553053069708,1060.962542599286,1060.962542599286,6917
2023-11-22,1254.9556884765625,1389.4509395523376,1199.9576304158368,1199.9576304158368,5183
2023-11-23,1332.952880859375,1344.9524566810649,1255.455620344295,1255.455620344295,6309
2023-11-24,1445.4488525390625,1462.948233320407,1339.9525855429565,1369.9515240252615,9068
2023-11-27,1384.9510498046875,1574.9443346154387,1364.9517566667137,1499.9469853480368,3833
2023-11-28,1229.95654296875,1351.9522325965447,1199.9576028963415,1319.9533631859756,5337
2023-11-29,1341.9525146484375,1405.9502500713138,1259.9554161378771,1259.9554161378771,7256
2023-11-30,1354.9521484375,1399.9505592712178,1319.9533844557195,1397.9506299008303,3650
2023-12-01,1398.9505615234375,1449.948759263034,1299.954060028927,1349.9522931069625,8853
2023-12-04,1353.4521484375,1519.9462620059105,1349.9522721763021,1429.9494438608237,8662
2023-12-05,1429.949462890625,1459.9484026715472,1379.9512299224214,1409.9501697033436,8985
2023-12-06,1492.447265625,1599.4434850031407,1358.9519825690954,1499.9470006281406,5758
2023-12-07,1597.9434814453125,1599.9434107086984,1489.9473012224753,1499.9469475394046,15477
2023-12-11,1575.9443359375,1699.9399562777603,1520.446296188432,1619.942781864689,3990
2023-12-12,1606.9432373046875,1697.9400229890227,1552.9451447007964,1589.9438377812403,20194
2023-12-13,1537.4456787109375,1794.936580999111,1429.9494767848068,1699.939937436484,15514
2023-12-14,1512.946533203125,1574.9443422306158,1499.9469926005866,1536.9456850847344,7127
2023-12-15,1497.947021484375,1578.9441568249854,1489.9473044136973,1501.9468800197137,9487
2023-12-18,1533.94580078125,1589.943822191778,1479.9477087068121,1479.9477087068121,3560
2023-12-19,1579.9442138671875,1603.9433664828916,1569.9445669439774,1569.9445669439774,2333
2023-12-20,1521.9461669921875,1634.9421701920016,1499.9469451302768,1629.4423647265241,2656
2023-12-21,1555.445068359375,1647.9418017719381,1449.9487940347758,1549.9452625888982,9103
2023-12-22,1529.9459228515625,1764.937616884319,1464.9482202467577,1619.9427418428309,4613
2023-12-26,1474.9478759765625,1599.9434586864406,1429.9494662010063,1599.9434586864406,3405
2023-12-27,1421.94970703125,1498.9469837129705,1419.9497777667898,1498.9469837129705,4417
2023-12-28,1419.9498291015625,1453.448645492339,1399.9505357339349,1420.9497937699439,1741
2023-12-29,1404.9503173828125,1459.948372511677,1404.9503173828125,1419.949786963412,18415
2024-01-02,1427.4495849609375,1433.449373058847,1390.9508740319889,1409.950203008702,1929
2024-01-03,1433.9493408203125,1438.9491641844002,1414.9500120367798,1438.9491641844002,5229
2024-01-04,1429.949462890625,1434.9492861874453,1402.950417087795,1433.9493215280813,5676
2024-01-05,1448.94873046875,1455.948482789855,1416.9498627151268,1439.9490489130435,5564
2024-01-08,1740.4384765625,1744.9383174958705,1448.9487805452816,1469.9480382343436,49916
2024-01-09,1688.9403076171875,1914.9323203593333,1634.9422160770287,1740.4384875119686,9173
2024-01-10,1846.9346923828125,1849.9345863065528,1610.9430370485711,1630.4423475528833,30672
2024-01-11,1935.9315185546875,1959.9306696111505,1779.9370366876774,1850.9345252297142,13733
2024-01-12,2019.9285888671875,2080.426450068408,1858.9342805465851,1858.9342805465851,6776
2024-01-15,2059.92724609375,2098.9258687139713,2019.9286587909587,2050.4275816093373,11466
2024-01-16,1936.4315185546875,2144.92414526197,1859.9342238635263,2099.9257366201105,3628
2024-01-17,1839.4349365234375,1932.9316294100597,1819.9356262422702,1932.9316294100597,33588
2024-01-18,1826.4354248046875,1870.933851524539,1813.9358667373135,1839.9349475174515,24568
2024-01-19,1918.93212890625,1924.9319166985572,1710.9394854396007,1832.935170549847,13552
2024-01-22,1974.43017578125,2034.9280363205082,1904.9326335088788,1922.432014656598,3309
2024-01-23,1919.93212890625,2009.4289651234944,1831.4352573394776,1974.4302023569744,1534
2024-01-24,1894.9329833984375,1999.9292700775065,1889.9331602232437,1971.9302602964215,8019
2024-01-25,1922.9320068359375,1989.9296378593424,1819.935648695479,1904.9326432774108,11845
2024-01-26,1967.430419921875,1979.9299778629288,1840.93489355841,1917.9321704753017,4336
2024-01-29,1938.4315185546875,1966.930511734367,1898.9329139723247,1966.930511734367,2296
2024-01-30,2040.9278564453125,2084.9263011702483,1931.9317092858128,1936.93153255001,10894
2024-01-31,2008.428955078125,2149.9239499218165,1979.9299631838126,2040.9278054839199,13429
2024-02-01,2219.921630859375,2277.9195833773224,2074.926749564506,2099.9258670291383,31912
2024-02-02,2251.92041015625,2359.9165932365677,2199.9222479323935,2273.919632635574,21221
2024-02-05,2162.923583984375,2259.920157098792,2060.4272051779035,2244.9206870295525,9631
2024-02-06,2047.9276123046875,2248.920507848263,2000.929273545742,2248.920507848263,2713
2024-02-07,1949.9310302734375,2009.9289081280047,1859.9342134915864,1977.9300399389022,12228
2024-02-08,1859.9342041015625,1950.4310027419879,1849.9345578429518,1950.4310027419879,4701
2024-02-09,1894.4329833984375,1944.9311969965486,1859.9342038116094,1859.9342038116094,17704
2024-02-14,1827.9354248046875,1948.931150407186,1770.937438363841,1899.9328813615462,5964
2024-02-15,1806.9361572265625,1924.9319881909978,1794.936581196281,1918.932200175857,5721
2024-02-16,1668.9410400390625,1948.9311486136207,1641.442011518347,1839.9349992042391,15168
2024-02-19,1694.9400634765625,1740.4384545610365,1652.441566309746,1699.9398866726585,4435
2024-02-20,1601.943359375,1749.9381266580838,1584.4439781084193,1694.9400712488296,14758
2024-02-21,1569.9444580078125,1629.9423353839072,1502.9468282711732,1629.9423353839072,4896
2024-02-22,1602.443359375,1609.9430942862714,1571.944437402496,1609.9430942862714,8011
2024-02-23,1626.4425048828125,1699.9399067327274,1571.9444314022633,1609.9430881409949,9279
2024-02-26,1608.943115234375,1679.9406050924488,1579.9441405036125,1659.9413121746813,9815
2024-02-27,1588.94384765625,1619.9427521731436,1549.9452258446743,1570.9444837432152,4961
2024-02-28,1548.9451904296875,1619.942678176949,1449.948693429985,1549.9451550458461,17543
2024-02-29,1649.941650390625,1669.9409431226327,1559.9448330965909,1609.9430649266098,6503
2024-03-01,1699.93994140625,1788.4368148265166,1649.941707835478,1649.941707835478,9542
2024-03-04,1726.43896484375,1835.9350938043005,1699.9399016706486,1709.9395481510642,12445
2024-03-05,1592.9437255859375,1789.936766352058,1549.9452446065307,1789.936766352058,7061
2024-03-06,1509.4466552734375,1619.9427502768922,1501.9469203184517,1592.943704438944,26558
2024-03-07,1461.4483642578125,1574.944354229254,1379.9512437056321,1507.9467213826763,39367
2024-03-08,1422.94970703125,1549.945218480982,1389.9508733474613,1389.9508733474613,21561
2024-03-11,1346.952392578125,1487.9474091731627,1324.9531701306723,1429.9494590844238,23814
2024-03-12,1420.4498291015625,1479.9477276102166,1344.952495699825,1344.952495699825,65616
2024-03-13,1399.9505615234375,1509.9466770717074,1389.9509146554128,1459.9484427315847,26640
2024-03-14,1348.452392578125,1399.95057442297,1319.9533987416573,1399.95057442297,23517
2024-03-15,1367.45166015625,1399.9505113117002,1284.9545764539532,1339.452649930016,29508
2024-03-18,1435.44921875,1439.9490595611285,1380.9511467041102,1389.9508283263672,29880
2024-03-19,1432.9493408203125,1486.9474318212174,1409.9501539125195,1424.9496236349933,33317
2024-03-20,1559.94482421875,1584.9439399914863,1379.951190655048,1437.9491392477964,78107
2024-03-21,1697.93994140625,1704.939693814874,1569.944468791409,1569.944468791409,52188
2024-03-22,1745.938232421875,1770.9373480063805,1599.943397408362,1724.4389930192,35908
2024-03-25,1753.93798828125,1779.9370690653507,1699.939897421964,1779.9370690653507,17655
2024-03-26,1727.93896484375,1799.9364217122395,1671.4409604955601,1799.9364217122395,30098
2024-03-27,1731.4388427734375,1799.9364233278588,1654.9415447820033,1712.9394962003455,30166
2024-04-03,1738.9384765625,1904.9326037099268,1610.9430050271349,1699.9398563290686,31554
2024-04-04,1706.939697265625,1731.9388140972833,1669.941004354771,1729.9388847507507,4629
2024-04-05,1705.439697265625,1739.938477421394,1652.9415535503244,1739.938477421394,19712
2024-04-08,1713.439453125,1784.4369443253938,1699.9399301502772,1784.4369443253938,5172
2024-04-09,1746.938232421875,1847.4346791067053,1734.9386566983133,1746.938232421875,13780
2024-04-10,1699.93994140625,1829.9353486902573,1664.9411779067095,1749.938174977022,20082
2024-04-11,1716.4393310546875,1796.936485817229,1649.9416814682402,1784.9369099520054,93
2024-04-12,1676.940673828125,1749.9380913531418,1669.9409214627126,1739.9384451168382,11940
2024-04-15,1647.4417724609375,1791.4366830736083,1614.9429211073834,1749.938149806762,7331
2024-04-16,1594.943603515625,1651.4416057718213,1519.9462553879312,1648.9416941675647,15897
2024-04-17,1556.9449462890625,1599.9434258590238,1479.947668919597,1599.9434258590238,11348
2024-04-18,1587.94384765625,1598.9434586916523,1556.9449438292074,1558.4448907885803,4306
2024-04-19,1594.443603515625,1594.9435858309325,1520.9462031654223,1524.9460616878823,12981
2024-04-22,1739.9384765625,1799.9363550646553,1589.943780307112,1589.943780307112,26034
2024-04-23,1731.938720703125,1798.9363501991465,1699.9398528841298,1749.93808385131,7800
2024-04-24,1650.441650390625,1739.9384863251667,1574.9443195184697,1672.9408549551745,4811
2024-04-25,1648.9417724609375,1815.9358755543133,1600.9434673802068,1721.4392124266246,8881
2024-04-26,1659.4412841796875,1788.4367199490034,1599.9433893868636,1713.9393558806776,2397
2024-04-29,1660.4412841796875,1679.9405946533425,1629.942362669612,1677.9406653739932,5862
2024-04-30,1683.4405517578125,1734.9387331748171,1659.941381596655,1698.4400220734449,16746
2024-05-02,1692.440185546875,1733.9387189000186,1655.441493159735,1733.9387189000186,17443
2024-05-03,1791.4366455078125,1797.9364156422255,1679.940588586729,1694.9400581276818,9302
2024-05-06,1894.9329833984375,1899.9328065736313,1744.9382881426245,1744.9382881426245,28149
2024-05-07,1854.5,1939.5,1730.5,1878.0,10465
2024-05-08,1935.0,1992.0,1800.0,1870.0,24446
2024-05-09,1908.0,1927.0,1820.0,1900.0,11705
2024-05-10,1947.0,1990.0,1841.5,1900.0,19764
2024-05-13,1984.5,1990.0,1851.5,1948.0,41509
2024-05-14,2034.5,2130.0,1916.0,1955.0,50178
2024-05-15,2143.5,2200.0,2030.0,2094.5,13615
2024-05-16,2105.5,2250.0,2022.0,2143.5,48401
2024-05-17,2088.0,2200.0,2087.0,2174.5,39
2024-05-20,2102.5,2190.0,2003.0,2090.0,5851
2024-05-21,2086.5,2112.5,1980.0,2102.5,13417
2024-05-22,2076.5,2101.5,2002.0,2101.5,4644
2024-05-23,2020.5,2150.0,1990.0,2150.0,9461
2024-05-24,2073.0,2079.0,1993.0,1998.0,4980
2024-05-27,2020.5,2118.0,2000.0,2118.0,9471
2024-05-28,2019.0,2080.0,1915.0,2045.0,9062
2024-05-29,2055.5,2140.0,2000.0,2025.0,9486
2024-05-30,2130.0,2179.0,1962.0,2099.0,37909
2024-05-31,2153.0,2174.0,2030.0,2120.0,37705
2024-06-03,2105.5,2218.5,2097.5,2218.5,7025
2024-06-04,2027.5,2145.0,2025.0,2145.0,6519
2024-06-05,1986.0,2030.5,1895.5,2020.5,12201
2024-06-06,1913.0,2069.0,1901.0,2069.0,4956
2024-06-07,1932.5,1949.5,1910.0,1949.5,4298
2024-06-10,2010.0,2020.0,1935.0,1970.0,45595
2024-06-11,1950.5,2070.0,1930.0,2070.0,39043
2024-06-12,1954.5,2074.0,1912.0,2044.5,30843
2024-06-13,1999.0,2235.0,1915.0,2235.0,46190
2024-06-14,1964.5,2052.0,1934.0,2014.0,10207
2024-06-18,2017.0,2020.0,1950.0,2000.0,13020
2024-06-19,2020.0,2075.0,1985.0,2017.0,4159
2024-06-24,1932.5,2040.0,1925.0,2040.0,7084
2024-06-25,1963.5,1979.5,1916.0,1950.5,9831
2024-06-26,1984.5,1998.0,1915.0,1915.0,10023
2024-06-27,2142.0,2155.0,1991.5,2050.0,13692
2024-06-28,2117.5,2240.0,2063.5,2210.5,33958
2024-07-01,2058.5,2110.0,2000.0,2110.0,6414
2024-07-02,1989.5,2170.0,1966.0,2130.0,63890
2024-07-03,2017.0,2039.0,1945.5,2039.0,19874
2024-07-04,2054.0,2064.0,1950.5,2020.5,5928
2024-07-05,2059.0,2076.0,2011.5,2020.5,3656
2024-07-08,2097.0,2120.0,2022.5,2055.5,12750
2024-07-10,2090.0,2160.0,2080.0,2100.0,7524
2024-07-11,2050.0,2130.0,1995.0,2090.0,46116
2024-07-12,2025.0,2080.0,2000.0,2080.0,19737
2024-07-15,1900.0,2035.0,1820.0,2020.0,18472
2024-07-16,1940.0,1960.0,1780.0,1900.0,10383
2024-07-17,1995.0,2010.0,1910.0,2000.0,14731
2024-07-18,1975.0,2005.0,1940.0,2005.0,5181
2024-07-19,2035.0,2050.0,2000.0,2050.0,5397
2024-07-22,2055.0,2100.0,2040.0,2100.0,8200
2024-07-23,2040.0,2070.0,2035.0,2060.0,5842
2024-07-24,1990.0,2080.0,1955.0,2080.0,3726
2024-07-25,1930.0,1975.0,1920.0,1960.0,2047
2024-07-26,1940.0,2025.0,1905.0,2025.0,2965
2024-07-29,1850.0,1990.0,1815.0,1845.0,9934
2024-07-30,1785.0,1915.0,1750.0,1915.0,6227
2024-07-31,1800.0,1845.0,1720.0,1800.0,831
2024-08-01,1805.0,1835.0,1790.0,1835.0,4418
2024-08-02,1745.0,1800.0,1675.0,1755.0,8251
2024-08-05,1755.0,1900.0,1540.0,1700.0,16994
2024-08-06,1820.0,1850.0,1750.0,1755.0,4977
2024-08-07,1810.0,1850.0,1795.0,1805.0,6579
2024-08-08,1780.0,1890.0,1750.0,1860.0,15300
2024-08-09,1800.0,1835.0,1710.0,1805.0,7686
2024-08-12,1800.0,1815.0,1760.0,1795.0,3830
2024-08-13,1775.0,1885.0,1750.0,1885.0,26313
2024-08-14,1800.0,1820.0,1765.0,1775.0,4377
2024-08-15,1865.0,1980.0,1800.0,1800.0,19384
2024-08-16,1930.0,2010.0,1820.0,1820.0,27762
2024-08-19,1850.0,1930.0,1810.0,1930.0,36851
2024-08-20,1775.0,1900.0,1760.0,1830.0,18834
2024-08-21,1745.0,1815.0,1710.0,1800.0,12303
2024-08-22,1700.0,1770.0,1665.0,1745.0,9056
2024-08-23,1785.0,1800.0,1660.0,1725.0,38114
2024-08-26,1840.0,1890.0,1785.0,1825.0,15068
2024-08-27,1955.0,1960.0,1810.0,1840.0,16993
2024-08-28,1915.0,1980.0,1895.0,1960.0,18400
2024-08-29,1955.0,1990.0,1910.0,1910.0,12197
2024-08-30,1960.0,1995.0,1875.0,1960.0,10442
2024-09-02,1970.0,2020.0,1950.0,1980.0,18307
2024-09-03,1970.0,1985.0,1940.0,1950.0,48044
2024-09-04,2065.0,2100.0,1920.0,1945.0,81399
2024-09-05,2070.0,2125.0,2045.0,2075.0,60717
2024-09-06,2125.0,2200.0,2090.0,2090.0,32738
2024-09-09,2150.0,2150.0,2075.0,2115.0,48247
2024-09-10,2150.0,2170.0,2060.0,2155.0,27798
2024-09-11,2215.0,2250.0,2060.0,2060.0,92223
2024-09-12,2310.0,2400.0,2190.0,2220.0,80785
2024-09-13,2405.0,2430.0,2240.0,2320.0,27725
2024-09-16,2425.0,2530.0,2395.0,2415.0,17906
2024-09-17,2290.0,2385.0,2280.0,2350.0,18312
2024-09-18,2315.0,2330.0,2220.0,2295.0,5896
2024-09-19,2320.0,2365.0,2250.0,2260.0,26755
2024-09-20,2400.0,2450.0,2230.0,2320.0,7581
2024-09-23,2365.0,2460.0,2255.0,2280.0,7824
2024-09-24,2170.0,2365.0,2050.0,2365.0,11331
2024-09-25,2285.0,2350.0,2200.0,2200.0,25132
2024-09-26,2315.0,2315.0,2260.0,2280.0,20505
2024-09-27,2370.0,2440.0,2295.0,2355.0,13145
2024-09-30,2235.0,2420.0,2180.0,2410.0,19640
2024-10-01,2215.0,2250.0,2200.0,2230.0,14210
2024-10-02,2175.0,2275.0,2165.0,2240.0,7542
2024-10-03,2195.0,2290.0,2190.0,2245.0,84925
2024-10-04,2180.0,2255.0,2090.0,2255.0,19985
2024-10-07,2260.0,2370.0,2110.0,2190.0,68287
2024-10-08,2285.0,2370.0,2210.0,2290.0,62951
2024-10-09,2300.0,2400.0,2250.0,2330.0,34219
2024-10-10,2250.0,2360.0,2205.0,2205.0,9886
2024-10-14,2185.0,2350.0,2120.0,2350.0,40229
2024-10-15,2135.0,2305.0,2105.0,2180.0,32002
2024-10-16,2045.0,2180.0,2015.0,2115.0,70619
2024-10-17,2055.0,2130.0,1985.0,2045.0,17986
2024-10-18,2100.0,2100.0,2000.0,2050.0,38592
2024-10-21,2000.0,2175.0,1985.0,2105.0,48884
2024-10-22,2050.0,2155.0,2000.0,2100.0,94298
2024-10-23,2125.0,2135.0,2005.0,2005.0,12743
2024-10-24,2240.0,2250.0,2135.0,2135.0,29857
2024-10-25,2345.0,2400.0,2210.0,2210.0,24515
2024-10-28,2320.0,2400.0,2240.0,2400.0,10854
2024-10-29,2240.0,2370.0,2235.0,2325.0,7187
2024-10-30,2230.0,2290.0,2170.0,2275.0,11260
2024-10-31,2185.0,2225.0,2145.0,2210.0,4420
2024-11-01,2250.0,2280.0,2205.0,2255.0,6536
2024-11-04,2335.0,2450.0,2250.0,2300.0,9082
2024-11-05,2300.0,2335.0,2200.0,2335.0,16353
2024-11-06,2330.0,2350.0,2235.0,2235.0,4612
2024-11-07,2250.0,2400.0,2205.0,2400.0,12305
2024-11-08,2320.0,2400.0,2250.0,2250.0,30943
2024-11-11,2215.0,2295.0,2150.0,2250.0,131123
2024-11-12,2240.0,2275.0,2180.0,2250.0,75564
2024-11-13,2255.0,2430.0,2235.0,2280.0,26730
2024-11-14,2360.0,2365.0,2150.0,2270.0,26465
2024-11-15,2400.0,2485.0,2300.0,2300.0,44355
2024-11-19,2430.0,2560.0,2380.0,2560.0,22876
2024-11-20,2390.0,2485.0,2310.0,2485.0,28137
2024-11-21,2400.0,2450.0,2350.0,2350.0,11197
2024-11-22,2435.0,2520.0,2300.0,2410.0,16382
2024-11-25,2580.0,2680.0,2470.0,2475.0,25595
2024-11-26,2580.0,2645.0,2470.0,2470.0,50935
2024-11-27,2435.0,2700.0,2395.0,2700.0,32347
2024-11-28,2445.0,2540.0,2360.0,2540.0,118908
2024-11-29,2400.0,2490.0,2360.0,2470.0,24700
2024-12-02,2490.0,2550.0,2320.0,2460.0,37895
2024-12-03,2545.0,2560.0,2450.0,2550.0,44760
2024-12-04,2515.0,2590.0,2470.0,2540.0,14103
2024-12-05,2510.0,2570.0,2440.0,2570.0,9194
2024-12-06,2485.0,2580.0,2410.0,2530.0,20256
2024-12-09,2425.0,2540.0,2370.0,2530.0,45063
2024-12-10,2400.0,2475.0,2360.0,2440.0,28800
2024-12-11,2335.0,2435.0,2295.0,2425.0,30242
2024-12-12,2305.0,2440.0,2285.0,2355.0,45910
2024-12-13,2350.0,2360.0,2275.0,2350.0,75105
2024-12-16,2370.0,2390.0,2285.0,2380.0,138251
2024-12-17,2320.0,2415.0,2300.0,2395.0,81467
2024-12-18,2270.0,2360.0,2260.0,2360.0,48410
2024-12-19,2265.0,2340.0,2255.0,2335.0,50614
2024-12-20,2330.0,2345.0,2240.0,2275.0,42303
2024-12-23,2420.0,2420.0,2265.0,2345.0,36189
2024-12-24,2500.0,2510.0,2420.0,2440.0,13254
2024-12-26,2580.0,2625.0,2500.0,2520.0,34006
2024-12-27,2585.0,2650.0,2500.0,2630.0,17136
2024-12-30,2550.0,2685.0,2350.0,2685.0,32864
2025-01-02,2595.0,2650.0,2470.0,2510.0,13083
2025-01-03,2495.0,2655.0,2475.0,2645.0,25259
2025-01-06,2465.0,2555.0,2430.0,2550.0,14630
2025-01-07,2540.0,2595.0,2410.0,2460.0,70713
2025-01-08,2540.0,2600.0,2500.0,2545.0,51265
2025-01-09,2615.0,2630.0,2550.0,2575.0,73070
2025-01-10,2720.0,2770.0,2520.0,2520.0,100502
2025-01-13,2690.0,2750.0,2610.0,2750.0,37135
2025-01-14,2600.0,2745.0,2575.0,2700.0,47910
2025-01-15,2595.0,2675.0,2530.0,2600.0,23590
2025-01-16,2550.0,2630.0,2510.0,2610.0,24918
2025-01-17,2510.0,2590.0,2450.0,2520.0,28957
2025-01-20,2565.0,2590.0,2400.0,2545.0,21906
2025-01-21,2530.0,2580.0,2470.0,2580.0,33125
2025-01-22,2490.0,2570.0,2470.0,2510.0,73784
2025-01-23,2470.0,2525.0,2410.0,2520.0,56181
2025-01-24,2475.0,2520.0,2425.0,2490.0,58786
2025-01-27,2395.0,2470.0,2350.0,2470.0,18829
2025-01-28,2380.0,2410.0,2330.0,2390.0,27698
2025-01-29,2395.0,2440.0,2360.0,2360.0,34909
2025-01-30,2400.0,2485.0,2350.0,2395.0,68566
2025-01-31,2355.0,2425.0,2325.0,2370.0,20487
2025-02-03,2315.0,2330.0,2260.0,2300.0,13256
2025-02-04,2270.0,2345.0,2245.0,2300.0,73726
2025-02-05,2230.0,2310.0,2215.0,2265.0,23803
2025-02-06,2180.0,2245.0,2160.0,2230.0,38765
2025-02-07,2115.0,2235.0,2110.0,2200.0,126041
2025-02-10,2095.0,2190.0,2050.0,2115.0,23410
2025-02-11,2050.0,2170.0,2015.0,2170.0,36790
2025-02-12,2060.0,2140.0,1950.0,2050.0,70356
2025-02-13,2050.0,2105.0,2010.0,2105.0,119226
2025-02-14,2100.0,2110.0,2010.0,2050.0,119434
2025-02-17,2035.0,2070.0,2000.0,2050.0,24478
2025-02-18,2100.0,2150.0,2015.0,2050.0,42926
2025-02-19,2075.0,2120.0,2060.0,2110.0,25923
2025-02-20,2085.0,2130.0,2060.0,2130.0,51365
2025-02-21,2055.0,2100.0,2050.0,2075.0,6628
2025-02-24,2060.0,2090.0,2020.0,2090.0,28368
2025-02-25,1970.0,2040.0,1950.0,2015.0,14675
2025-02-26,1995.0,2050.0,1930.0,1995.0,10180
2025-02-27,1960.0,2040.0,1950.0,2005.0,5462
2025-02-28,1975.0,2040.0,1945.0,1965.0,21355
2025-03-05,2005.0,2020.0,1900.0,1900.0,6183
2025-03-06,2000.0,2055.0,1950.0,2020.0,11600
2025-03-07,2015.0,2060.0,1980.0,2050.0,6336
2025-03-10,1935.0,2015.0,1910.0,2015.0,23037
2025-03-11,1945.0,2000.0,1915.0,1915.0,10952
2025-03-12,2000.0,2040.0,1915.0,1945.0,14317
2025-03-13,1985.0,2015.0,1900.0,1900.0,3106
2025-03-14,2000.0,2040.0,1990.0,2030.0,10674
2025-03-17,1990.0,2080.0,1920.0,2050.0,18941
2025-03-18,1965.0,1990.0,1965.0,1990.0,1784
2025-03-19,2010.0,2160.0,1930.0,1980.0,19174
2025-03-20,1995.0,2050.0,1955.0,2050.0,1895
2025-03-21,2020.0,2040.0,1945.0,1945.0,12764
2025-03-25,2050.0,2090.0,1950.0,2070.0,13180
2025-03-26,1980.0,2090.0,1960.0,2025.0,4683
2025-03-27,1990.0,2025.0,1955.0,2025.0,5151
2025-03-28,1985.0,2050.0,1960.0,2000.0,2377
2025-03-31,1990.0,2000.0,1960.0,2000.0,5023
2025-04-01,1995.0,2030.0,1955.0,1960.0,4984
2025-04-03,1955.0,1995.0,1900.0,1950.0,5312
2025-04-04,1810.0,1910.0,1770.0,1910.0,10815
2025-04-07,1755.0,1825.0,1690.0,1825.0,11262
2025-04-08,1720.0,1855.0,1705.0,1805.0,4886
2025-04-09,1885.0,1900.0,1600.0,1720.0,15742
2025-04-10,1840.0,1890.0,1790.0,1890.0,4535
2025-04-11,1885.0,1910.0,1820.0,1845.0,10667
2025-04-14,1895.0,1980.0,1820.0,1980.0,13203
2025-04-15,1855.0,1900.0,1835.0,1900.0,4160
