Price,('Close', 'EDN.BA'),('High', 'EDN.BA'),('Low', 'EDN.BA'),('Open', 'EDN.BA'),('Volume', 'EDN.BA')
Ticker,EDN.BA,EDN.BA,EDN.BA,EDN.BA,EDN.BA
Date,,,,,
2020-04-17,16.350000381469727,16.75,15.75,16.049999237060547,160650
2020-04-20,16.549999237060547,16.700000762939453,15.899999618530273,16.399999618530273,192309
2020-04-21,16.299999237060547,17.0,16.049999237060547,16.549999237060547,54462
2020-04-22,16.600000381469727,16.850000381469727,16.100000381469727,16.799999237060547,93109
2020-04-23,16.450000762939453,16.799999237060547,16.100000381469727,16.600000381469727,168209
2020-04-24,15.699999809265137,16.450000762939453,15.399999618530273,16.450000762939453,257161
2020-04-27,16.75,16.799999237060547,15.649999618530273,16.25,215444
2020-04-28,17.450000762939453,17.5,16.649999618530273,17.0,342200
2020-04-29,16.799999237060547,18.25,16.450000762939453,17.600000381469727,586294
2020-04-30,16.75,17.149999618530273,16.5,16.950000762939453,283442
2020-05-04,16.799999237060547,17.049999237060547,16.350000381469727,17.0,139836
2020-05-05,16.950000762939453,17.799999237060547,16.850000381469727,17.100000381469727,403484
2020-05-06,17.350000381469727,17.600000381469727,16.700000762939453,17.100000381469727,383779
2020-05-07,18.100000381469727,18.100000381469727,17.350000381469727,17.399999618530273,401659
2020-05-08,18.600000381469727,19.149999618530273,18.25,18.649999618530273,519109
2020-05-11,19.549999237060547,19.600000381469727,18.0,18.799999237060547,321489
2020-05-12,20.049999237060547,21.0,19.600000381469727,19.600000381469727,579391
2020-05-13,18.899999618530273,20.049999237060547,18.600000381469727,20.049999237060547,311054
2020-05-14,19.75,20.0,18.450000762939453,18.700000762939453,221114
2020-05-15,20.25,20.649999618530273,19.799999237060547,19.799999237060547,208618
2020-05-18,20.850000381469727,21.0,20.200000762939453,21.0,233113
2020-05-19,20.200000762939453,20.799999237060547,20.049999237060547,20.799999237060547,151377
2020-05-20,20.149999618530273,20.799999237060547,19.799999237060547,20.5,199619
2020-05-21,20.399999618530273,20.649999618530273,20.0,20.649999618530273,294719
2020-05-22,19.950000762939453,20.700000762939453,19.700000762939453,20.399999618530273,195999
2020-05-26,20.25,21.200000762939453,20.0,20.0,290611
2020-05-27,20.200000762939453,21.0,19.899999618530273,21.0,383275
2020-05-28,19.600000381469727,20.600000381469727,19.5,20.5,123878
2020-05-29,18.75,19.799999237060547,18.649999618530273,19.299999237060547,163730
2020-06-01,20.149999618530273,20.149999618530273,19.200000762939453,19.200000762939453,254646
2020-06-02,21.850000381469727,22.0,20.600000381469727,21.0,581052
2020-06-03,22.649999618530273,23.299999237060547,22.0,22.100000381469727,738655
2020-06-04,23.25,23.5,22.600000381469727,22.799999237060547,510277
2020-06-05,24.049999237060547,24.700000762939453,23.350000381469727,23.350000381469727,773431
2020-06-08,27.350000381469727,27.5,24.899999618530273,24.899999618530273,1634733
2020-06-09,26.0,27.0,25.0,27.0,1024372
2020-06-10,28.649999618530273,29.0,23.950000762939453,26.899999618530273,920520
2020-06-11,25.399999618530273,29.0,25.0,29.0,1333396
2020-06-12,25.5,26.799999237060547,24.100000381469727,26.0,957371
2020-06-16,25.549999237060547,27.5,25.200000762939453,25.5,845647
2020-06-17,23.899999618530273,26.399999618530273,23.5,25.649999618530273,617121
2020-06-18,21.0,22.850000381469727,20.899999618530273,22.850000381469727,1260253
2020-06-19,22.350000381469727,22.600000381469727,21.299999237060547,21.950000762939453,740016
2020-06-22,21.799999237060547,22.700000762939453,21.0,22.350000381469727,510120
2020-06-23,21.799999237060547,22.799999237060547,21.399999618530273,22.100000381469727,354016
2020-06-24,21.25,21.799999237060547,20.600000381469727,21.799999237060547,305532
2020-06-25,22.700000762939453,22.850000381469727,21.0,21.0,3073899
2020-06-26,21.799999237060547,22.649999618530273,21.350000381469727,22.649999618530273,213087
2020-06-29,21.850000381469727,22.399999618530273,21.399999618530273,22.0,154487
2020-06-30,20.299999237060547,22.0,20.149999618530273,22.0,403677
2020-07-01,20.850000381469727,21.200000762939453,20.0,20.299999237060547,373612
2020-07-02,21.600000381469727,21.75,20.0,20.950000762939453,431130
2020-07-03,21.450000762939453,22.100000381469727,21.200000762939453,21.899999618530273,94296
2020-07-06,23.350000381469727,24.0,22.0,22.549999237060547,1093761
2020-07-07,23.25,24.0,22.0,24.0,412270
2020-07-08,23.5,24.0,22.899999618530273,23.350000381469727,241452
2020-07-13,23.549999237060547,24.700000762939453,22.0,23.950000762939453,421862
2020-07-14,23.149999618530273,23.549999237060547,22.5,23.399999618530273,299296
2020-07-15,23.649999618530273,23.899999618530273,23.200000762939453,23.5,355291
2020-07-16,23.700000762939453,23.850000381469727,23.0,23.5,139441
2020-07-17,24.0,24.0,23.299999237060547,23.899999618530273,344319
2020-07-20,23.350000381469727,24.149999618530273,23.200000762939453,24.100000381469727,380786
2020-07-21,24.0,24.350000381469727,23.5,23.700000762939453,553420
2020-07-22,24.5,24.799999237060547,24.100000381469727,24.549999237060547,463246
2020-07-23,23.75,25.149999618530273,23.5,24.5,452254
2020-07-24,23.850000381469727,24.350000381469727,23.0,23.700000762939453,242353
2020-07-27,23.899999618530273,24.700000762939453,23.700000762939453,24.5,423449
2020-07-28,23.799999237060547,24.149999618530273,23.0,23.899999618530273,451948
2020-07-29,23.200000762939453,24.149999618530273,22.899999618530273,23.799999237060547,308843
2020-07-30,23.399999618530273,23.5,22.0,23.100000381469727,242365
2020-07-31,23.700000762939453,24.0,23.299999237060547,24.0,166042
2020-08-03,24.5,25.299999237060547,23.049999237060547,23.399999618530273,1167825
2020-08-04,25.549999237060547,27.5,25.0,26.899999618530273,1823500
2020-08-05,26.450000762939453,27.100000381469727,25.75,26.5,740736
2020-08-06,27.600000381469727,27.75,25.25,25.799999237060547,974396
2020-08-07,28.0,28.200000762939453,26.899999618530273,27.0,399986
2020-08-10,27.049999237060547,28.399999618530273,26.799999237060547,27.299999237060547,364826
2020-08-11,25.549999237060547,27.5,25.350000381469727,27.049999237060547,706466
2020-08-12,25.700000762939453,25.899999618530273,24.299999237060547,25.649999618530273,629219
2020-08-13,25.75,26.200000762939453,25.399999618530273,25.5,418123
2020-08-14,25.0,25.799999237060547,24.700000762939453,25.799999237060547,188489
2020-08-18,23.850000381469727,25.0,23.5,25.0,381905
2020-08-19,24.600000381469727,25.0,23.600000381469727,24.350000381469727,190772
2020-08-20,24.5,24.950000762939453,24.100000381469727,24.799999237060547,149976
2020-08-21,24.049999237060547,25.0,23.100000381469727,24.75,244452
2020-08-24,23.0,24.350000381469727,22.799999237060547,24.0,250176
2020-08-25,22.299999237060547,23.450000762939453,22.0,23.0,212711
2020-08-26,22.200000762939453,22.799999237060547,21.950000762939453,22.299999237060547,116483
2020-08-27,21.549999237060547,22.700000762939453,21.0,22.200000762939453,299203
2020-08-28,22.899999618530273,23.0,21.549999237060547,21.75,165244
2020-08-31,22.549999237060547,23.399999618530273,22.450000762939453,23.399999618530273,339339
2020-09-01,22.100000381469727,23.0,21.850000381469727,22.950000762939453,396493
2020-09-02,21.850000381469727,23.0,21.100000381469727,23.0,142795
2020-09-03,21.649999618530273,22.649999618530273,21.5,21.799999237060547,84846
2020-09-04,21.549999237060547,21.899999618530273,21.299999237060547,21.799999237060547,107455
2020-09-07,22.149999618530273,22.350000381469727,21.299999237060547,21.549999237060547,134812
2020-09-08,21.5,22.549999237060547,21.350000381469727,21.899999618530273,177764
2020-09-09,21.799999237060547,22.350000381469727,21.5,22.350000381469727,152767
2020-09-10,22.299999237060547,22.700000762939453,21.899999618530273,22.200000762939453,254230
2020-09-11,21.899999618530273,22.700000762939453,21.850000381469727,22.399999618530273,108089
2020-09-14,21.25,22.299999237060547,21.200000762939453,21.5,179125
2020-09-15,21.200000762939453,21.899999618530273,21.0,21.25,139648
2020-09-16,19.850000381469727,21.0,19.0,20.5,452338
2020-09-17,18.649999618530273,19.950000762939453,18.299999237060547,19.0,312136
2020-09-18,21.0,21.200000762939453,18.649999618530273,18.649999618530273,500109
2020-09-21,20.600000381469727,21.899999618530273,20.049999237060547,21.0,154205
2020-09-22,21.450000762939453,21.700000762939453,20.799999237060547,21.0,233149
2020-09-23,22.0,22.649999618530273,21.0,21.200000762939453,241764
2020-09-24,22.450000762939453,22.649999618530273,21.100000381469727,22.299999237060547,320496
2020-09-25,22.5,22.600000381469727,21.899999618530273,21.899999618530273,80964
2020-09-28,22.25,22.600000381469727,21.799999237060547,22.0,80600
2020-09-29,21.799999237060547,22.700000762939453,21.399999618530273,22.200000762939453,359096
2020-09-30,22.75,23.299999237060547,21.549999237060547,22.0,326425
2020-10-01,23.299999237060547,23.350000381469727,21.75,22.850000381469727,160759
2020-10-02,23.350000381469727,23.5,22.5,23.350000381469727,156609
2020-10-05,23.100000381469727,23.350000381469727,22.5,23.0,210073
2020-10-06,21.950000762939453,23.600000381469727,21.75,23.049999237060547,715275
2020-10-07,21.5,22.299999237060547,21.299999237060547,22.049999237060547,392142
2020-10-08,21.850000381469727,22.100000381469727,21.0,21.0,187578
2020-10-09,22.299999237060547,22.5,21.700000762939453,22.25,368163
2020-10-13,22.75,23.0,21.200000762939453,22.149999618530273,416276
2020-10-14,23.850000381469727,24.049999237060547,22.299999237060547,22.799999237060547,763969
2020-10-15,24.75,25.200000762939453,23.600000381469727,23.600000381469727,606237
2020-10-16,26.399999618530273,26.5,24.799999237060547,25.0,656759
2020-10-19,29.049999237060547,29.5,26.399999618530273,26.5,1726005
2020-10-20,29.5,29.950000762939453,27.799999237060547,29.25,946825
2020-10-21,28.950000762939453,29.899999618530273,28.100000381469727,29.649999618530273,920938
2020-10-22,29.25,30.049999237060547,28.350000381469727,29.0,505918
2020-10-23,30.549999237060547,30.649999618530273,28.549999237060547,29.5,424173
2020-10-26,29.450000762939453,32.0,29.0,30.100000381469727,350332
2020-10-27,27.649999618530273,29.5,25.200000762939453,29.200000762939453,346777
2020-10-28,25.700000762939453,27.299999237060547,25.100000381469727,26.0,366335
2020-10-29,26.75,27.0,25.149999618530273,25.700000762939453,248061
2020-10-30,26.450000762939453,27.799999237060547,25.200000762939453,26.100000381469727,304730
2020-11-02,27.0,27.100000381469727,26.450000762939453,26.450000762939453,522588
2020-11-03,27.25,28.899999618530273,27.0,27.0,419792
2020-11-04,26.600000381469727,28.0,25.899999618530273,28.0,127511
2020-11-05,27.450000762939453,27.5,26.0,26.799999237060547,232460
2020-11-06,27.950000762939453,28.450000762939453,26.700000762939453,28.0,181839
2020-11-09,27.600000381469727,28.950000762939453,27.299999237060547,28.100000381469727,301242
2020-11-10,28.799999237060547,29.25,27.600000381469727,27.649999618530273,190072
2020-11-11,28.899999618530273,29.649999618530273,28.0,29.5,368077
2020-11-12,27.75,30.0,27.0,29.399999618530273,206272
2020-11-13,27.399999618530273,28.700000762939453,27.0,27.799999237060547,267768
2020-11-16,27.75,28.649999618530273,27.450000762939453,28.0,122941
2020-11-17,27.5,28.149999618530273,27.200000762939453,27.950000762939453,141882
2020-11-18,27.549999237060547,28.0,27.0,27.5,147166
2020-11-19,26.700000762939453,28.0,26.350000381469727,28.0,236828
2020-11-20,25.950000762939453,26.950000762939453,25.0,26.899999618530273,419291
2020-11-24,26.5,27.0,25.049999237060547,26.5,875434
2020-11-25,26.450000762939453,27.200000762939453,26.0,27.200000762939453,461260
2020-11-26,26.450000762939453,27.0,26.0,26.0,177097
2020-11-27,27.399999618530273,27.5,26.25,26.700000762939453,462894
2020-11-30,26.649999618530273,28.0,26.200000762939453,27.899999618530273,248491
2020-12-01,27.100000381469727,27.5,26.200000762939453,27.5,477240
2020-12-02,27.600000381469727,28.0,26.700000762939453,27.100000381469727,529121
2020-12-03,27.649999618530273,28.799999237060547,27.200000762939453,28.0,640840
2020-12-04,27.0,28.200000762939453,26.5,28.049999237060547,327311
2020-12-09,26.299999237060547,27.700000762939453,26.0,27.100000381469727,380638
2020-12-10,26.25,27.450000762939453,25.799999237060547,26.5,368741
2020-12-11,26.149999618530273,26.700000762939453,25.799999237060547,25.950000762939453,202370
2020-12-14,25.799999237060547,26.75,25.5,26.5,297501
2020-12-15,26.049999237060547,26.399999618530273,25.600000381469727,26.0,242977
2020-12-16,25.899999618530273,26.299999237060547,25.75,26.25,126436
2020-12-17,26.200000762939453,26.75,25.299999237060547,25.5,393420
2020-12-18,25.649999618530273,26.850000381469727,25.549999237060547,26.0,621668
2020-12-21,24.850000381469727,25.799999237060547,23.5,25.100000381469727,315745
2020-12-22,24.899999618530273,25.75,24.799999237060547,25.0,237813
2020-12-23,25.75,25.799999237060547,24.899999618530273,25.0,27497
2020-12-28,26.049999237060547,26.399999618530273,25.200000762939453,25.649999618530273,164424
2020-12-29,29.700000762939453,30.149999618530273,26.600000381469727,26.600000381469727,1896968
2020-12-30,28.600000381469727,30.5,28.25,30.0,778230
2021-01-04,28.100000381469727,28.899999618530273,27.100000381469727,28.649999618530273,407748
2021-01-05,27.75,28.25,27.5,28.0,219021
2021-01-06,27.549999237060547,28.350000381469727,26.899999618530273,27.799999237060547,442958
2021-01-07,27.149999618530273,28.149999618530273,27.0,27.549999237060547,301666
2021-01-08,26.899999618530273,27.700000762939453,26.850000381469727,26.899999618530273,206799
2021-01-11,25.799999237060547,28.049999237060547,25.649999618530273,26.75,261582
2021-01-12,26.100000381469727,26.600000381469727,25.5,25.5,165544
2021-01-13,26.5,27.0,26.0,26.0,156657
2021-01-14,26.700000762939453,27.5,25.899999618530273,26.149999618530273,154841
2021-01-15,27.049999237060547,27.200000762939453,26.5,27.0,244969
2021-01-18,26.700000762939453,27.5,26.549999237060547,27.5,65696
2021-01-19,27.350000381469727,27.5,26.5,26.600000381469727,146859
2021-01-20,27.25,28.0,27.0,27.5,144292
2021-01-21,25.700000762939453,28.0,25.0,27.350000381469727,478844
2021-01-22,26.100000381469727,26.600000381469727,25.0,26.0,216355
2021-01-25,26.649999618530273,27.100000381469727,25.899999618530273,26.0,389020
2021-01-26,27.149999618530273,27.899999618530273,26.299999237060547,26.600000381469727,414921
2021-01-27,27.25,27.649999618530273,26.5,27.149999618530273,229734
2021-01-28,26.799999237060547,27.399999618530273,26.600000381469727,27.299999237060547,266273
2021-01-29,26.100000381469727,27.200000762939453,26.0,26.200000762939453,201637
2021-02-01,26.399999618530273,26.850000381469727,25.600000381469727,26.200000762939453,47241
2021-02-02,26.899999618530273,27.299999237060547,26.399999618530273,26.799999237060547,169628
2021-02-03,28.25,28.649999618530273,26.5,26.899999618530273,524034
2021-02-04,28.450000762939453,28.700000762939453,27.299999237060547,28.350000381469727,543103
2021-02-05,27.450000762939453,28.700000762939453,27.450000762939453,28.5,537614
2021-02-08,27.700000762939453,28.700000762939453,27.549999237060547,27.899999618530273,860958
2021-02-09,28.100000381469727,28.25,27.5,28.100000381469727,338903
2021-02-10,28.299999237060547,28.899999618530273,27.850000381469727,28.899999618530273,111792
2021-02-11,27.700000762939453,28.649999618530273,27.600000381469727,28.299999237060547,142565
2021-02-12,27.75,28.100000381469727,27.549999237060547,27.549999237060547,167095
2021-02-17,28.100000381469727,28.399999618530273,27.799999237060547,27.950000762939453,158137
2021-02-18,28.0,29.0,27.75,28.200000762939453,293911
2021-02-19,27.850000381469727,28.600000381469727,27.75,28.0,155597
2021-02-22,27.5,28.5,27.5,27.850000381469727,304472
2021-02-23,27.299999237060547,28.75,26.600000381469727,27.299999237060547,138576
2021-02-24,27.899999618530273,28.399999618530273,27.0,27.700000762939453,115652
2021-02-25,27.600000381469727,28.5,27.5,28.0,110909
2021-02-26,27.0,28.450000762939453,26.899999618530273,27.700000762939453,49644
2021-03-01,27.700000762939453,28.549999237060547,27.100000381469727,28.100000381469727,120791
2021-03-02,27.549999237060547,28.100000381469727,27.100000381469727,28.0,40485
2021-03-03,26.799999237060547,27.649999618530273,26.700000762939453,27.149999618530273,93038
2021-03-04,25.899999618530273,27.600000381469727,25.399999618530273,27.0,155220
2021-03-05,26.0,26.649999618530273,25.600000381469727,26.200000762939453,84466
2021-03-08,25.200000762939453,26.75,25.0,25.700000762939453,69235
2021-03-09,25.899999618530273,26.200000762939453,25.200000762939453,25.200000762939453,173088
2021-03-10,25.700000762939453,26.299999237060547,25.399999618530273,26.299999237060547,85586
2021-03-11,26.299999237060547,26.5,25.399999618530273,25.649999618530273,136250
2021-03-12,26.25,26.350000381469727,25.700000762939453,26.299999237060547,159283
2021-03-15,27.0,27.399999618530273,26.5,26.5,140611
2021-03-16,26.450000762939453,27.0,26.25,26.75,147300
2021-03-17,26.149999618530273,27.0,25.899999618530273,26.5,91977
2021-03-18,25.649999618530273,26.700000762939453,25.5,26.700000762939453,142187
2021-03-19,25.899999618530273,26.0,24.899999618530273,25.649999618530273,74302
2021-03-22,25.899999618530273,26.5,25.200000762939453,26.5,40499
2021-03-23,26.0,26.549999237060547,25.350000381469727,26.299999237060547,142687
2021-03-25,25.299999237060547,26.0,25.200000762939453,26.0,19035
2021-03-26,25.149999618530273,26.5,25.100000381469727,25.299999237060547,50781
2021-03-29,25.350000381469727,25.700000762939453,24.100000381469727,25.149999618530273,80372
2021-03-30,26.0,26.0,25.0,25.0,99802
2021-03-31,25.549999237060547,26.5,25.200000762939453,26.0,196126
2021-04-05,25.950000762939453,26.600000381469727,25.0,25.0,74036
2021-04-06,26.899999618530273,27.0,26.100000381469727,26.100000381469727,110926
2021-04-07,27.149999618530273,27.950000762939453,26.899999618530273,26.899999618530273,79247
2021-04-08,27.399999618530273,27.75,26.399999618530273,27.149999618530273,235945
2021-04-09,27.100000381469727,27.899999618530273,26.899999618530273,27.899999618530273,121117
2021-04-12,27.350000381469727,27.600000381469727,26.299999237060547,27.100000381469727,81070
2021-04-13,26.899999618530273,27.5,26.5,26.899999618530273,71270
2021-04-14,27.0,27.200000762939453,26.5,27.0,150897
2021-04-15,26.399999618530273,27.299999237060547,26.049999237060547,27.299999237060547,57142
2021-04-16,27.0,27.399999618530273,25.299999237060547,26.399999618530273,71893
2021-04-19,26.75,27.0,26.299999237060547,26.5,109818
2021-04-20,26.5,27.0,25.600000381469727,27.0,81891
2021-04-21,27.25,27.600000381469727,26.0,26.850000381469727,204701
2021-04-22,27.299999237060547,27.649999618530273,26.700000762939453,26.700000762939453,90973
2021-04-23,26.5,27.299999237060547,26.450000762939453,26.700000762939453,51471
2021-04-26,27.25,27.25,26.299999237060547,26.299999237060547,204862
2021-04-27,27.399999618530273,27.75,26.899999618530273,27.5,85529
2021-04-28,27.549999237060547,27.899999618530273,27.299999237060547,27.600000381469727,138340
2021-04-29,27.5,28.100000381469727,26.850000381469727,27.75,127722
2021-04-30,27.75,28.0,26.950000762939453,26.950000762939453,52371
2021-05-03,27.700000762939453,28.149999618530273,27.600000381469727,27.850000381469727,128951
2021-05-04,27.899999618530273,28.0,27.350000381469727,27.950000762939453,88434
2021-05-05,27.850000381469727,28.0,27.450000762939453,27.899999618530273,28206
2021-05-06,27.399999618530273,28.0,27.200000762939453,27.850000381469727,98196
2021-05-07,27.450000762939453,28.0,26.850000381469727,27.5,50953
2021-05-10,27.5,28.0,27.350000381469727,27.350000381469727,147719
2021-05-11,27.299999237060547,27.5,26.700000762939453,27.450000762939453,199250
2021-05-12,27.0,27.5,26.799999237060547,26.799999237060547,89492
2021-05-13,27.700000762939453,27.799999237060547,26.549999237060547,27.100000381469727,239929
2021-05-14,27.850000381469727,28.299999237060547,27.299999237060547,27.5,211252
2021-05-17,28.049999237060547,28.299999237060547,27.5,28.0,100452
2021-05-18,27.700000762939453,28.899999618530273,27.5,28.899999618530273,122624
2021-05-19,27.649999618530273,28.100000381469727,27.399999618530273,27.700000762939453,91995
2021-05-20,27.700000762939453,28.200000762939453,27.399999618530273,27.399999618530273,388334
2021-05-21,28.450000762939453,28.700000762939453,27.75,27.75,368573
2021-05-26,29.950000762939453,30.350000381469727,29.0,29.0,491159
2021-05-27,30.850000381469727,31.0,30.200000762939453,30.399999618530273,298758
2021-05-28,31.25,31.450000762939453,30.700000762939453,31.399999618530273,232660
2021-05-31,30.950000762939453,31.5,30.0,31.25,84115
2021-06-01,31.25,32.0,31.0,31.0,258654
2021-06-02,32.599998474121094,32.900001525878906,31.25,31.950000762939453,113139
2021-06-03,34.5,34.5,32.25,32.650001525878906,302203
2021-06-04,36.099998474121094,36.54999923706055,34.0,34.29999923706055,559071
2021-06-07,41.29999923706055,41.79999923706055,35.900001525878906,36.54999923706055,1169782
2021-06-08,42.099998474121094,42.20000076293945,39.0,41.5,190914
2021-06-09,45.900001525878906,46.70000076293945,41.75,42.099998474121094,849653
2021-06-10,41.79999923706055,48.25,41.599998474121094,46.79999923706055,1074323
2021-06-11,42.25,42.5,39.70000076293945,42.0,609733
2021-06-14,43.5,45.20000076293945,42.0,44.04999923706055,557458
2021-06-15,42.45000076293945,44.099998474121094,41.79999923706055,44.0,132186
2021-06-16,42.599998474121094,43.29999923706055,41.95000076293945,42.0,146274
2021-06-17,41.900001525878906,43.20000076293945,41.5,43.20000076293945,225253
2021-06-18,40.75,42.0,40.099998474121094,42.0,171454
2021-06-22,40.650001525878906,40.75,38.099998474121094,40.0,207035
2021-06-23,41.650001525878906,42.5,41.04999923706055,41.099998474121094,135588
2021-06-24,42.0,43.20000076293945,41.650001525878906,42.0,160830
2021-06-25,42.20000076293945,46.0,39.20000076293945,39.900001525878906,391672
2021-06-28,40.650001525878906,42.5,40.5,42.5,198658
2021-06-29,38.599998474121094,40.599998474121094,38.5,40.0,377764
2021-06-30,39.75,40.20000076293945,37.0,39.0,243704
2021-07-01,39.400001525878906,41.29999923706055,39.349998474121094,40.29999923706055,99514
2021-07-02,38.70000076293945,40.900001525878906,37.400001525878906,40.0,368357
2021-07-05,38.75,39.0,38.0,38.75,172446
2021-07-06,37.79999923706055,39.349998474121094,37.29999923706055,39.0,165393
2021-07-07,37.400001525878906,38.54999923706055,36.29999923706055,38.0,287441
2021-07-08,36.599998474121094,38.0,36.150001525878906,38.0,163000
2021-07-12,37.95000076293945,38.0,36.79999923706055,37.54999923706055,156299
2021-07-13,38.349998474121094,39.20000076293945,36.900001525878906,38.5,27081
2021-07-14,38.70000076293945,38.75,37.849998474121094,38.400001525878906,98770
2021-07-15,38.0,38.70000076293945,36.900001525878906,38.70000076293945,65363
2021-07-16,37.5,38.25,37.0,38.0,230692
2021-07-19,36.900001525878906,37.45000076293945,36.099998474121094,37.0,105462
2021-07-20,37.400001525878906,38.0,36.400001525878906,36.400001525878906,56271
2021-07-21,39.20000076293945,39.29999923706055,37.400001525878906,38.0,220629
2021-07-22,38.45000076293945,39.20000076293945,37.95000076293945,39.0,192202
2021-07-23,38.849998474121094,39.0,38.400001525878906,38.45000076293945,195124
2021-07-26,38.70000076293945,39.25,38.25,38.849998474121094,57400
2021-07-27,38.75,39.0,37.400001525878906,37.400001525878906,70076
2021-07-28,38.900001525878906,39.20000076293945,38.5,39.20000076293945,32543
2021-07-29,39.849998474121094,40.5,38.29999923706055,39.0,136776
2021-07-30,39.0,40.75,38.95000076293945,40.0,63665
2021-08-02,40.29999923706055,40.5,38.95000076293945,40.0,129209
2021-08-03,41.0,41.400001525878906,39.25,39.79999923706055,68025
2021-08-04,39.849998474121094,41.0,39.75,41.0,47757
2021-08-05,40.0,41.0,39.29999923706055,41.0,82156
2021-08-06,40.29999923706055,40.849998474121094,39.5,40.0,132570
2021-08-09,39.79999923706055,40.45000076293945,39.599998474121094,40.29999923706055,29589
2021-08-10,40.54999923706055,40.79999923706055,38.150001525878906,40.29999923706055,46917
2021-08-11,40.900001525878906,41.04999923706055,40.45000076293945,40.79999923706055,142342
2021-08-12,40.54999923706055,41.20000076293945,39.79999923706055,40.0,78039
2021-08-13,41.45000076293945,41.5,40.0,41.5,68796
2021-08-17,41.900001525878906,42.54999923706055,40.54999923706055,41.25,154017
2021-08-18,41.650001525878906,43.0,40.70000076293945,43.0,121854
2021-08-19,41.70000076293945,42.0,39.70000076293945,41.099998474121094,343010
2021-08-20,40.54999923706055,42.0,40.150001525878906,42.0,88433
2021-08-23,41.70000076293945,42.400001525878906,40.5,41.29999923706055,129209
2021-08-24,45.400001525878906,46.900001525878906,41.099998474121094,41.95000076293945,593337
2021-08-25,48.95000076293945,49.54999923706055,44.099998474121094,45.79999923706055,720752
2021-08-26,53.650001525878906,54.849998474121094,49.0,49.0,1422624
2021-08-27,54.45000076293945,54.95000076293945,53.900001525878906,54.0,414835
2021-08-30,62.400001525878906,69.05000305175781,54.75,54.75,1401964
2021-08-31,62.29999923706055,66.9000015258789,59.70000076293945,65.19999694824219,1375245
2021-09-01,63.45000076293945,65.4000015258789,59.79999923706055,63.0,637029
2021-09-02,65.44999694824219,65.94999694824219,63.0,65.0,303987
2021-09-03,64.19999694824219,66.30000305175781,63.099998474121094,66.0,149974
2021-09-06,64.8499984741211,67.0,64.5999984741211,66.0,90758
2021-09-07,64.8499984741211,66.25,64.0,65.19999694824219,330111
2021-09-08,61.849998474121094,65.4000015258789,61.099998474121094,65.0,440547
2021-09-09,59.29999923706055,63.29999923706055,58.099998474121094,62.849998474121094,286060
2021-09-10,59.099998474121094,60.54999923706055,57.5,59.0,285769
2021-09-13,63.849998474121094,66.80000305175781,63.0,65.0,409081
2021-09-14,61.849998474121094,65.5999984741211,60.25,65.0,277513
2021-09-15,58.599998474121094,62.0,55.099998474121094,61.849998474121094,735396
2021-09-16,62.25,62.29999923706055,53.0,56.900001525878906,492549
2021-09-17,62.75,64.0,59.95000076293945,62.25,337428
2021-09-20,58.900001525878906,62.400001525878906,57.099998474121094,62.400001525878906,151433
2021-09-21,60.150001525878906,60.900001525878906,58.79999923706055,60.0,118127
2021-09-22,62.45000076293945,62.599998474121094,59.95000076293945,60.0,242616
2021-09-23,60.45000076293945,62.75,60.099998474121094,62.5,555790
2021-09-24,60.04999923706055,62.150001525878906,58.20000076293945,60.599998474121094,65970
2021-09-27,62.900001525878906,63.0,60.79999923706055,62.150001525878906,160652
2021-09-28,62.45000076293945,65.5,61.099998474121094,62.900001525878906,129562
2021-09-29,62.599998474121094,64.0,61.79999923706055,62.45000076293945,52187
2021-09-30,63.599998474121094,64.5,62.099998474121094,62.400001525878906,170164
2021-10-01,63.599998474121094,64.5,62.5,64.0,111720
2021-10-04,63.0,67.0,62.70000076293945,66.05000305175781,64258
2021-10-05,61.75,63.5,61.0,63.5,76321
2021-10-06,63.0,64.19999694824219,60.70000076293945,61.70000076293945,161109
2021-10-07,64.0,65.5,60.70000076293945,65.0,101320
2021-10-12,65.5,69.0,64.69999694824219,67.19999694824219,323569
2021-10-13,65.80000305175781,67.0,63.5,66.5,72736
2021-10-14,65.5,66.75,64.5,66.69999694824219,104690
2021-10-15,65.44999694824219,66.0999984741211,64.1500015258789,65.5,122663
2021-10-18,66.55000305175781,66.9000015258789,65.05000305175781,65.05000305175781,126234
2021-10-19,67.5,68.30000305175781,66.05000305175781,66.05000305175781,147462
2021-10-20,69.44999694824219,69.80000305175781,66.1500015258789,68.4000015258789,268869
2021-10-21,69.3499984741211,70.4000015258789,67.0,69.4000015258789,160719
2021-10-22,73.05000305175781,73.6500015258789,69.5,69.5,420167
2021-10-25,75.0999984741211,77.5,73.5999984741211,73.80000305175781,254637
2021-10-26,75.55000305175781,78.0,74.0999984741211,78.0,110550
2021-10-27,73.30000305175781,77.19999694824219,72.5,75.5999984741211,142720
2021-10-28,71.9000015258789,74.9000015258789,70.55000305175781,73.19999694824219,125824
2021-10-29,68.69999694824219,75.0,65.9000015258789,75.0,215864
2021-11-01,70.80000305175781,72.25,68.0999984741211,68.4000015258789,203112
2021-11-02,70.44999694824219,72.0,70.0999984741211,71.0,105706
2021-11-03,73.25,73.69999694824219,69.0999984741211,70.0,214323
2021-11-04,72.5,75.0,71.5,75.0,97276
2021-11-05,70.5,73.4000015258789,70.19999694824219,73.0,139319
2021-11-08,70.4000015258789,72.5,69.5,70.69999694824219,217455
2021-11-09,68.4000015258789,72.0,68.3499984741211,71.0,178945
2021-11-10,66.3499984741211,68.9000015258789,65.55000305175781,68.5999984741211,290993
2021-11-11,66.69999694824219,69.0,66.0,66.19999694824219,186692
2021-11-12,67.5,67.94999694824219,64.5,67.0,313427
2021-11-15,63.900001525878906,70.0,61.0,70.0,740957
2021-11-16,59.29999923706055,65.69999694824219,59.0,64.0999984741211,315782
2021-11-17,61.25,62.0,59.29999923706055,59.79999923706055,142465
2021-11-18,61.349998474121094,62.70000076293945,57.04999923706055,61.95000076293945,194660
2021-11-19,58.599998474121094,62.5,58.099998474121094,61.400001525878906,93688
2021-11-23,59.45000076293945,60.0,57.5,58.70000076293945,202318
2021-11-24,61.5,61.79999923706055,57.0,59.0,56013
2021-11-25,62.400001525878906,63.0,61.25,61.75,37645
2021-11-26,59.5,63.900001525878906,58.0,62.400001525878906,116531
2021-11-29,60.599998474121094,62.0,59.0,60.5,73550
2021-11-30,62.54999923706055,63.900001525878906,58.25,60.599998474121094,213416
2021-12-01,63.849998474121094,64.5,61.0,63.04999923706055,354944
2021-12-02,63.25,65.9000015258789,62.20000076293945,64.5,267195
2021-12-03,61.400001525878906,64.0,60.54999923706055,64.0,127250
2021-12-06,62.849998474121094,64.0,60.5,61.5,331435
2021-12-07,61.150001525878906,63.900001525878906,61.0,62.599998474121094,125223
2021-12-09,59.20000076293945,63.0,58.0,61.099998474121094,142107
2021-12-10,58.0,61.29999923706055,57.20000076293945,59.5,67330
2021-12-13,54.95000076293945,59.5,54.650001525878906,57.70000076293945,103416
2021-12-14,54.54999923706055,56.0,53.349998474121094,55.349998474121094,52406
2021-12-15,53.5,55.25,52.099998474121094,55.25,69496
2021-12-16,54.150001525878906,55.0,52.20000076293945,53.0,60945
2021-12-17,54.25,55.099998474121094,53.29999923706055,53.95000076293945,66369
2021-12-20,53.5,55.099998474121094,52.5,55.0,121608
2021-12-21,52.04999923706055,54.5,51.0,53.650001525878906,234480
2021-12-22,51.0,53.5,50.79999923706055,53.0,190083
2021-12-23,52.25,53.599998474121094,50.900001525878906,51.650001525878906,81366
2021-12-27,53.79999923706055,54.0,52.5,52.650001525878906,89029
2021-12-28,51.849998474121094,54.5,51.29999923706055,53.70000076293945,100703
2021-12-29,52.099998474121094,53.79999923706055,52.0,53.0,235494
2021-12-30,57.04999923706055,58.0,52.5,52.5,291400
2022-01-03,59.54999923706055,60.0,56.0,57.150001525878906,289960
2022-01-04,58.70000076293945,60.0,57.0,58.0,164605
2022-01-05,56.29999923706055,60.0,56.099998474121094,59.900001525878906,132845
2022-01-06,56.25,57.0,54.099998474121094,56.5,133610
2022-01-07,54.79999923706055,56.75,54.400001525878906,56.75,70961
2022-01-10,53.45000076293945,54.900001525878906,52.70000076293945,54.900001525878906,58513
2022-01-11,53.25,54.70000076293945,53.0,53.0,66223
2022-01-12,53.79999923706055,55.0,53.0,53.0,47205
2022-01-13,54.04999923706055,54.849998474121094,52.099998474121094,52.099998474121094,26369
2022-01-14,52.599998474121094,54.95000076293945,52.5,54.5,41218
2022-01-17,53.04999923706055,53.599998474121094,52.099998474121094,52.5,45883
2022-01-18,51.849998474121094,54.0,51.20000076293945,52.0,30517
2022-01-19,51.79999923706055,52.5,51.20000076293945,51.20000076293945,49131
2022-01-20,52.54999923706055,53.45000076293945,49.5,51.900001525878906,147362
2022-01-21,53.29999923706055,53.79999923706055,51.599998474121094,53.400001525878906,59911
2022-01-24,53.349998474121094,54.599998474121094,52.0,53.70000076293945,275317
2022-01-25,54.400001525878906,54.5,52.099998474121094,52.099998474121094,42747
2022-01-26,52.849998474121094,54.400001525878906,52.54999923706055,54.349998474121094,210155
2022-01-27,53.0,54.5,52.150001525878906,53.099998474121094,108770
2022-01-28,54.79999923706055,57.5,52.20000076293945,54.5,216473
2022-01-31,64.0,64.9000015258789,54.70000076293945,54.79999923706055,457593
2022-02-01,65.19999694824219,65.69999694824219,60.0,63.0,437696
2022-02-02,63.5,66.0,62.599998474121094,65.69999694824219,197723
2022-02-03,66.05000305175781,66.5,61.099998474121094,63.900001525878906,168964
2022-02-04,66.55000305175781,68.0,65.30000305175781,66.0,145057
2022-02-07,66.69999694824219,67.5,64.0,66.55000305175781,89514
2022-02-08,64.1500015258789,67.69999694824219,64.0,67.0,41987
2022-02-09,63.0,66.44999694824219,62.099998474121094,64.19999694824219,47295
2022-02-10,63.5,65.0,61.75,62.5,35831
2022-02-11,64.1500015258789,64.5,62.5,64.0,89652
2022-02-14,64.3499984741211,65.0,62.0,64.5,140350
2022-02-15,64.30000305175781,65.0,63.5,64.0,69112
2022-02-16,66.0,66.0999984741211,62.79999923706055,64.9000015258789,101506
2022-02-17,65.05000305175781,67.5,64.19999694824219,66.0,110319
2022-02-18,64.75,66.4000015258789,62.5,65.0999984741211,51565
2022-02-21,65.69999694824219,66.0,63.0,63.0,95144
2022-02-22,68.30000305175781,69.0,64.69999694824219,66.5,739918
2022-02-23,73.3499984741211,73.75,66.0,68.30000305175781,302984
2022-02-24,70.3499984741211,73.0,64.0999984741211,73.0,308339
2022-02-25,68.19999694824219,73.0,66.5,72.0,113962
2022-03-02,69.0,71.30000305175781,67.0999984741211,71.0,248187
2022-03-03,71.3499984741211,72.4000015258789,68.5999984741211,70.0999984741211,200740
2022-03-04,69.5,72.4000015258789,68.5999984741211,72.30000305175781,213029
2022-03-07,66.55000305175781,71.0,65.0999984741211,67.0,141613
2022-03-08,66.0,68.5,64.75,66.5999984741211,96050
2022-03-09,65.0,67.5,64.4000015258789,65.0999984741211,110998
2022-03-10,67.1500015258789,67.5,64.0,65.19999694824219,66162
2022-03-11,66.94999694824219,69.0999984741211,66.0,69.0,77152
2022-03-14,64.6500015258789,68.0,62.5,67.0,82900
2022-03-15,64.6500015258789,64.80000305175781,63.0,64.75,30544
2022-03-16,63.5,66.0,62.400001525878906,65.0,168554
2022-03-17,62.20000076293945,63.5,61.29999923706055,62.79999923706055,141059
2022-03-18,62.29999923706055,63.29999923706055,60.5,62.29999923706055,36329
2022-03-21,63.400001525878906,64.5,60.5,63.0,87216
2022-03-22,63.099998474121094,64.9000015258789,63.0,64.9000015258789,61700
2022-03-23,63.04999923706055,65.0,62.70000076293945,65.0,69455
2022-03-25,65.0999984741211,66.0,63.5,66.0,126751
2022-03-28,64.9000015258789,66.0,64.5,65.0999984741211,23067
2022-03-29,64.5999984741211,66.0,64.0,65.0,51558
2022-03-30,66.1500015258789,67.9000015258789,64.0,64.0,78621
2022-03-31,65.19999694824219,67.4000015258789,64.0,67.4000015258789,59872
2022-04-01,64.75,66.30000305175781,63.75,66.30000305175781,40542
2022-04-04,64.75,66.0,63.0,64.0,177122
2022-04-05,63.900001525878906,66.0,62.599998474121094,64.30000305175781,107782
2022-04-06,63.75,64.94999694824219,62.54999923706055,63.0,230953
2022-04-07,64.0,64.9000015258789,63.0,64.0,59830
2022-04-08,64.0,65.4000015258789,63.0,64.19999694824219,142916
2022-04-11,62.900001525878906,65.30000305175781,62.29999923706055,65.30000305175781,75898
2022-04-12,62.849998474121094,65.25,62.75,63.54999923706055,179451
2022-04-13,62.400001525878906,63.400001525878906,61.25,63.400001525878906,102190
2022-04-18,61.45000076293945,64.0,61.099998474121094,63.45000076293945,61851
2022-04-19,61.599998474121094,62.95000076293945,60.150001525878906,61.5,82974
2022-04-20,62.25,62.79999923706055,60.79999923706055,62.79999923706055,80185
2022-04-21,62.900001525878906,63.75,61.54999923706055,62.29999923706055,40966
2022-04-22,62.95000076293945,63.70000076293945,61.650001525878906,63.099998474121094,132204
2022-04-25,62.79999923706055,63.79999923706055,61.0,63.099998474121094,57684
2022-04-26,60.599998474121094,63.0,59.900001525878906,62.70000076293945,90561
2022-04-27,61.45000076293945,62.0,60.5,61.25,51123
2022-04-28,61.0,62.5,60.0,62.0,55742
2022-04-29,58.849998474121094,61.5,57.400001525878906,58.400001525878906,144797
2022-05-02,57.79999923706055,59.900001525878906,57.04999923706055,57.04999923706055,82228
2022-05-03,59.20000076293945,59.45000076293945,56.5,56.70000076293945,50917
2022-05-04,59.849998474121094,59.900001525878906,57.650001525878906,59.5,48666
2022-05-05,58.20000076293945,59.95000076293945,57.099998474121094,59.900001525878906,94580
2022-05-06,58.849998474121094,59.0,54.70000076293945,57.599998474121094,117840
2022-05-09,55.099998474121094,59.0,54.70000076293945,59.0,84240
2022-05-10,56.0,56.0,54.150001525878906,54.150001525878906,107211
2022-05-11,58.45000076293945,58.79999923706055,55.900001525878906,56.0,109968
2022-05-12,57.95000076293945,58.20000076293945,57.0,58.20000076293945,58519
2022-05-13,59.95000076293945,60.900001525878906,57.599998474121094,58.0,48580
2022-05-16,60.20000076293945,61.20000076293945,58.0,60.0,39511
2022-05-17,59.900001525878906,61.099998474121094,58.79999923706055,60.400001525878906,108643
2022-05-19,58.650001525878906,59.75,58.099998474121094,59.75,70909
2022-05-20,58.75,59.900001525878906,58.0,58.70000076293945,48726
2022-05-23,59.0,59.900001525878906,57.5,58.79999923706055,234158
2022-05-24,58.0,59.75,57.04999923706055,59.75,80139
2022-05-26,60.599998474121094,60.95000076293945,58.29999923706055,58.29999923706055,160742
2022-05-27,61.0,61.900001525878906,60.0,60.70000076293945,92505
2022-05-30,61.29999923706055,62.0,60.5,62.0,15329
2022-05-31,61.099998474121094,62.900001525878906,60.5,61.900001525878906,201476
2022-06-01,62.900001525878906,63.900001525878906,61.150001525878906,62.70000076293945,87301
2022-06-02,63.099998474121094,63.400001525878906,62.099998474121094,63.0,53674
2022-06-03,62.95000076293945,63.099998474121094,61.5,63.099998474121094,81563
2022-06-06,61.400001525878906,63.0,60.04999923706055,63.0,129046
2022-06-07,61.04999923706055,61.20000076293945,59.54999923706055,61.20000076293945,112652
2022-06-08,59.599998474121094,60.95000076293945,59.400001525878906,60.599998474121094,40568
2022-06-09,58.099998474121094,60.5,57.0,59.5,84575
2022-06-10,57.900001525878906,58.099998474121094,55.70000076293945,58.0,336758
2022-06-13,56.20000076293945,57.0,54.900001525878906,57.0,40596
2022-06-14,57.45000076293945,57.650001525878906,56.0,56.099998474121094,101498
2022-06-15,57.5,58.5,55.5,57.20000076293945,222246
2022-06-16,56.75,57.599998474121094,56.0,56.900001525878906,51810
2022-06-21,56.5,58.0,56.29999923706055,58.0,61315
2022-06-22,55.29999923706055,58.0,54.349998474121094,57.0,32928
2022-06-23,55.95000076293945,56.29999923706055,54.5,55.0,141975
2022-06-24,54.900001525878906,57.0,54.54999923706055,57.0,41485
2022-06-27,54.5,55.900001525878906,52.79999923706055,55.04999923706055,125455
2022-06-28,55.20000076293945,56.0,52.54999923706055,55.29999923706055,166101
2022-06-29,54.650001525878906,56.0,53.099998474121094,56.0,59394
2022-06-30,55.29999923706055,55.70000076293945,53.54999923706055,54.95000076293945,149890
2022-07-01,55.20000076293945,55.5,54.0,54.0,122713
2022-07-04,54.95000076293945,55.20000076293945,52.150001525878906,54.0,101990
2022-07-05,55.849998474121094,56.29999923706055,53.0,54.5,127442
2022-07-06,57.25,58.0,55.5,56.349998474121094,253002
2022-07-07,60.5,60.650001525878906,57.29999923706055,57.29999923706055,278243
2022-07-08,63.599998474121094,64.0,60.400001525878906,60.400001525878906,304524
2022-07-11,63.70000076293945,64.8499984741211,60.5,64.8499984741211,123155
2022-07-12,62.70000076293945,64.0,61.70000076293945,63.900001525878906,97564
2022-07-13,62.349998474121094,63.0,61.0,62.150001525878906,53083
2022-07-14,62.54999923706055,63.70000076293945,61.5,63.70000076293945,92308
2022-07-15,65.69999694824219,66.0,60.70000076293945,62.20000076293945,279168
2022-07-18,68.30000305175781,70.94999694824219,65.0,66.0,267986
2022-07-19,69.1500015258789,70.0,66.5999984741211,68.30000305175781,323081
2022-07-20,70.6500015258789,73.69999694824219,67.9000015258789,69.69999694824219,235434
2022-07-21,72.8499984741211,72.94999694824219,68.5,71.8499984741211,280752
2022-07-22,74.69999694824219,77.0,71.4000015258789,72.5,125067
2022-07-25,75.5999984741211,76.5999984741211,73.80000305175781,74.5,130157
2022-07-26,75.9000015258789,77.0,72.5999984741211,75.0999984741211,125474
2022-07-27,79.0,81.0,74.0999984741211,76.30000305175781,218933
2022-07-28,87.05000305175781,90.94999694824219,80.0,80.0,788177
2022-07-29,89.0,93.30000305175781,82.19999694824219,90.0,696161
2022-08-01,85.05000305175781,95.80000305175781,82.1500015258789,93.0,949824
2022-08-02,92.94999694824219,93.5,81.05000305175781,86.9000015258789,376763
2022-08-03,97.3499984741211,98.4000015258789,94.0,95.0,317915
2022-08-04,101.30000305175781,103.25,98.0,100.0,598123
2022-08-05,100.05000305175781,104.69999694824219,99.0999984741211,103.0,293832
2022-08-08,98.0,102.94999694824219,93.5,102.94999694824219,665218
2022-08-09,98.44999694824219,99.80000305175781,87.69999694824219,97.9000015258789,355284
2022-08-10,98.30000305175781,99.75,96.0999984741211,98.44999694824219,63680
2022-08-11,99.25,99.75,97.75,98.30000305175781,86997
2022-08-12,100.0,100.75,95.30000305175781,99.0,496816
2022-08-16,98.4000015258789,100.3499984741211,95.25,100.3499984741211,1134509
2022-08-17,99.9000015258789,100.0,96.4000015258789,98.0,90756
2022-08-18,100.25,101.5,99.0,99.80000305175781,196048
2022-08-19,102.55000305175781,103.0,98.5,100.0,153537
2022-08-22,100.0999984741211,103.5,99.0,101.5,87673
2022-08-23,101.4000015258789,102.0,99.69999694824219,99.69999694824219,163657
2022-08-24,101.75,106.05000305175781,101.0,101.4000015258789,122572
2022-08-25,100.4000015258789,103.75,95.0,102.44999694824219,290559
2022-08-26,96.69999694824219,103.0,95.0,102.0,167562
2022-08-29,98.1500015258789,100.0,96.75,100.0,260605
2022-08-30,96.0999984741211,99.75,95.0,98.4000015258789,111332
2022-08-31,97.05000305175781,99.5,94.0,99.5,295073
2022-09-01,97.05000305175781,99.0,93.0,96.9000015258789,370463
2022-09-05,97.19999694824219,98.1500015258789,95.0999984741211,97.0,78404
2022-09-06,96.0,98.9000015258789,94.0,98.5,55207
2022-09-07,96.94999694824219,100.0,94.0,100.0,226233
2022-09-08,95.8499984741211,98.0,95.19999694824219,97.0,62452
2022-09-09,95.3499984741211,97.30000305175781,94.0,95.0999984741211,246188
2022-09-12,96.05000305175781,97.19999694824219,94.1500015258789,96.5,184709
2022-09-13,95.5,97.5999984741211,94.5999984741211,97.5999984741211,32585
2022-09-14,96.44999694824219,97.4000015258789,94.5,95.0,167533
2022-09-15,95.69999694824219,97.0,95.0999984741211,95.4000015258789,125831
2022-09-16,97.19999694824219,97.4000015258789,94.8499984741211,95.0,120951
2022-09-19,97.80000305175781,99.9000015258789,95.5,99.9000015258789,80040
2022-09-20,97.0999984741211,98.5,96.5,98.0,62096
2022-09-21,97.25,99.0,95.5999984741211,96.5,83654
2022-09-22,96.55000305175781,97.9000015258789,95.5,97.25,51688
2022-09-23,94.0999984741211,96.0,93.0,95.94999694824219,62643
2022-09-26,95.4000015258789,95.9000015258789,88.5,93.0,553750
2022-09-27,95.1500015258789,96.9000015258789,91.5999984741211,93.0,287075
2022-09-28,102.5,103.0,92.0,94.0,438728
2022-09-29,102.55000305175781,103.5,99.0,101.80000305175781,261411
2022-09-30,105.0,106.0,99.6500015258789,102.0,285692
2022-10-03,106.5999984741211,109.19999694824219,101.25,106.0,937009
2022-10-04,106.5999984741211,108.0,104.0,107.0,371942
2022-10-05,106.0999984741211,108.19999694824219,103.75,106.0,216076
2022-10-06,105.19999694824219,108.0,104.0,107.5,442892
2022-10-11,102.0,106.0,100.0999984741211,103.1500015258789,355477
2022-10-12,100.0,106.0,98.44999694824219,102.0,193488
2022-10-13,101.94999694824219,102.19999694824219,97.0,97.0,214265
2022-10-14,100.19999694824219,103.0,98.6500015258789,102.94999694824219,20926
2022-10-17,100.1500015258789,103.0,97.5,103.0,227841
2022-10-18,100.19999694824219,101.0,93.69999694824219,100.5,930036
2022-10-19,99.44999694824219,100.5,97.19999694824219,100.5,49984
2022-10-20,98.55000305175781,100.80000305175781,97.0,99.0,228064
2022-10-21,101.0999984741211,102.0,97.5,97.5,355805
2022-10-24,101.8499984741211,101.8499984741211,99.4000015258789,101.0,96234
2022-10-25,112.30000305175781,114.0,99.0999984741211,100.0,1208181
2022-10-26,109.1500015258789,112.80000305175781,106.0,111.80000305175781,418001
2022-10-27,112.80000305175781,116.0,106.0,106.5999984741211,307167
2022-10-28,113.0,116.0,110.5,113.69999694824219,261773
2022-10-31,110.94999694824219,115.0,107.75,115.0,302604
2022-11-01,110.5,112.5,108.19999694824219,110.0,189338
2022-11-02,109.5999984741211,110.80000305175781,108.5,110.0,249389
2022-11-03,108.94999694824219,111.0,107.5,110.0,75386
2022-11-04,109.55000305175781,112.0,108.0,112.0,43296
2022-11-07,105.75,113.5,105.75,109.19999694824219,121120
2022-11-08,104.75,107.19999694824219,104.0,107.0,44160
2022-11-09,103.5999984741211,106.44999694824219,103.5,104.0,38315
2022-11-10,102.19999694824219,104.0,100.0,100.0,51948
2022-11-11,105.75,105.75,101.75,103.0,53867
2022-11-14,110.05000305175781,111.0,104.0,107.0,116515
2022-11-15,113.5,114.55000305175781,110.0,110.0,219521
2022-11-16,114.0,117.5,113.0,113.0,106910
2022-11-17,114.0,118.0,110.0,113.0,153083
2022-11-18,118.0,122.5,114.0,117.0,204550
2022-11-22,117.5999984741211,120.0,116.5,118.0,78971
2022-11-23,116.25,120.5,115.0,120.0,118225
2022-11-24,115.5,118.0,114.5,118.0,20907
2022-11-25,117.0,118.0,115.0,117.0,30611
2022-11-28,118.0,118.5,114.05000305175781,116.0,87641
2022-11-29,118.0,122.5,116.0,117.0,225217
2022-11-30,117.30000305175781,121.5,116.0,120.0,151229
2022-12-01,118.75,122.0,116.0,119.0,116529
2022-12-02,118.0,120.5,117.5,120.0,88415
2022-12-05,116.0,120.0,113.5,119.0,160171
2022-12-06,117.5,118.9000015258789,109.80000305175781,118.0,148448
2022-12-07,118.5,120.9000015258789,115.25,118.5999984741211,505556
2022-12-12,118.5,120.0,115.0,117.5,141585
2022-12-13,119.0,120.80000305175781,118.25,118.5,160865
2022-12-14,120.5,121.0,118.0,120.0,1018840
2022-12-15,122.5999984741211,122.69999694824219,120.5,120.5,108058
2022-12-16,123.80000305175781,127.25,118.0,125.0,316241
2022-12-19,125.25,127.0,120.5,123.0,859327
2022-12-20,126.5999984741211,128.5,124.0,127.0,14460
2022-12-21,128.0,130.0,124.0,129.0,695673
2022-12-22,133.89999389648438,134.5,127.0,128.9499969482422,153356
2022-12-23,134.0,135.0,131.0,133.8000030517578,143469
2022-12-26,134.1999969482422,138.25,133.0,135.0,108715
2022-12-27,131.85000610351562,138.0,126.69999694824219,134.60000610351562,978697
2022-12-28,135.3000030517578,139.0,130.3000030517578,130.3000030517578,346445
2022-12-29,134.5,140.0,132.3000030517578,135.4499969482422,376666
2022-12-30,138.25,138.4499969482422,130.10000610351562,137.0,1715147
2023-01-02,146.0,148.0,136.0,139.4499969482422,963345
2023-01-03,149.8000030517578,151.0,141.75,145.0,1160954
2023-01-04,150.5,155.5,148.3000030517578,155.5,353466
2023-01-05,154.0,154.0,149.5,152.5,746894
2023-01-06,157.3000030517578,160.25,155.0,156.0,626345
2023-01-09,165.9499969482422,166.5,154.5,160.0,341661
2023-01-10,167.0,168.25,162.0,165.0,681310
2023-01-11,173.5,178.0,167.0,168.0,484390
2023-01-12,172.39999389648438,177.0,165.10000610351562,174.0,629948
2023-01-13,172.0,175.0,171.0,174.10000610351562,149248
2023-01-16,173.9499969482422,174.0,164.5,172.0,156168
2023-01-17,173.5,179.3000030517578,170.39999389648438,178.0,878446
2023-01-18,157.0,175.0,153.0,172.0500030517578,868831
2023-01-19,150.5,159.5,140.5,154.0,654808
2023-01-20,161.8000030517578,162.0,152.0,155.0,351884
2023-01-23,162.39999389648438,169.0,160.0,160.0,837708
2023-01-24,164.0,166.14999389648438,155.0,165.0,549926
2023-01-25,177.14999389648438,178.0,159.5,164.0,1115411
2023-01-26,179.0,185.0,177.0,178.0,371163
2023-01-27,178.25,185.0,177.1999969482422,183.0,723517
2023-01-30,171.4499969482422,186.75,170.25,180.0,410074
2023-01-31,174.85000610351562,177.3000030517578,169.25,171.0,531455
2023-02-01,169.0,176.5,165.0500030517578,171.5,805640
2023-02-02,164.0,175.0,158.1999969482422,167.0,1085022
2023-02-03,159.75,168.25,157.5,165.0500030517578,173883
2023-02-06,161.0,163.0,155.5,159.0,207052
2023-02-07,163.0,164.9499969482422,159.3000030517578,162.75,122844
2023-02-08,165.75,165.85000610351562,160.5,160.5,114609
2023-02-09,161.89999389648438,166.5500030517578,158.5,164.5500030517578,350249
2023-02-10,164.9499969482422,165.8000030517578,161.0,162.0,243521
2023-02-13,169.75,170.9499969482422,164.5,166.0,297597
2023-02-14,170.6999969482422,171.5,165.0,170.0,170821
2023-02-15,171.5,175.0,165.0,172.0,142074
2023-02-16,179.0,180.5,171.5,176.0,285105
2023-02-17,174.9499969482422,181.75,170.3000030517578,180.0,209594
2023-02-22,168.0,175.0,164.3000030517578,175.0,266330
2023-02-23,168.0,171.4499969482422,163.5,169.75,78880
2023-02-24,168.0,169.3000030517578,161.0,167.75,32001
2023-02-27,168.0,169.5,165.0,169.0,188108
2023-02-28,166.0500030517578,169.5,164.25,166.0,77401
2023-03-01,171.0500030517578,172.0,165.0,169.0,149252
2023-03-02,170.0,172.5,166.5,166.5,236960
2023-03-03,165.3000030517578,174.0,163.60000610351562,168.25,460337
2023-03-06,165.0,169.89999389648438,161.6999969482422,164.0,833790
2023-03-07,164.39999389648438,168.9499969482422,162.10000610351562,165.0,70274
2023-03-08,162.5,169.39999389648438,162.5,168.0,342944
2023-03-09,163.1999969482422,170.0,163.0,168.75,146084
2023-03-10,154.0,167.89999389648438,151.85000610351562,166.0,350240
2023-03-13,149.8000030517578,154.3000030517578,144.0,154.3000030517578,344750
2023-03-14,148.5,153.75,147.0500030517578,149.8000030517578,99293
2023-03-15,137.85000610351562,148.0,128.25,148.0,759188
2023-03-16,144.5500030517578,145.0,135.5,138.0,149158
2023-03-17,142.0,145.0,136.0,144.5,391175
2023-03-20,137.0,146.0,136.6999969482422,144.0,94082
2023-03-21,152.9499969482422,155.0,143.0,144.0500030517578,193637
2023-03-22,155.0,155.25,147.0,152.89999389648438,365173
2023-03-23,151.8000030517578,155.5,149.64999389648438,151.60000610351562,196311
2023-03-27,155.10000610351562,161.64999389648438,149.0,150.0,175823
2023-03-28,158.85000610351562,161.75,152.0500030517578,155.0,256805
2023-03-29,158.35000610351562,160.5,157.10000610351562,159.0,228086
2023-03-30,169.0,170.89999389648438,156.3000030517578,159.0,885236
2023-03-31,166.14999389648438,175.0,162.0,169.3000030517578,206760
2023-04-03,171.4499969482422,174.0,160.1999969482422,166.0,116252
2023-04-04,169.35000610351562,173.64999389648438,166.64999389648438,173.64999389648438,89754
2023-04-05,164.9499969482422,166.9499969482422,163.0,166.25,281551
2023-04-10,170.9499969482422,173.9499969482422,166.85000610351562,166.85000610351562,128574
2023-04-11,175.9499969482422,176.4499969482422,167.5,171.0,178462
2023-04-12,177.9499969482422,178.0,172.25,178.0,184211
2023-04-13,186.25,187.85000610351562,177.14999389648438,179.0,770239
2023-04-14,194.6999969482422,196.5500030517578,183.0,189.5,783853
2023-04-17,197.39999389648438,200.0,192.0,195.0,558174
2023-04-18,195.39999389648438,202.5,195.0,197.0,251309
2023-04-19,186.8000030517578,196.4499969482422,185.3000030517578,194.5,301833
2023-04-20,188.0,189.5,184.0,188.0,96956
2023-04-21,194.89999389648438,195.75,186.10000610351562,191.8000030517578,177681
2023-04-24,208.85000610351562,209.39999389648438,195.0,197.0,579803
2023-04-25,204.3000030517578,216.8000030517578,201.0,210.0,152056
2023-04-26,202.0,212.75,200.10000610351562,207.0,77468
2023-04-27,198.85000610351562,206.0,198.0,202.0,93198
2023-04-28,201.8000030517578,206.8000030517578,196.0,200.0,329833
2023-05-02,201.39999389648438,206.14999389648438,199.25,202.0,160193
2023-05-03,205.25,208.9499969482422,202.0,203.0,336433
2023-05-04,202.1999969482422,213.0,195.5,213.0,186706
2023-05-05,204.0,207.0,200.0,202.0,113529
2023-05-08,209.39999389648438,216.0,201.5,209.0,196005
2023-05-09,210.75,214.1999969482422,206.25,210.0,130659
2023-05-10,208.1999969482422,213.5,203.0,213.5,126308
2023-05-11,210.0,212.39999389648438,205.64999389648438,211.0,63159
2023-05-12,213.75,216.0,207.60000610351562,210.0,161889
2023-05-15,210.75,218.0,210.0,214.0,217913
2023-05-16,202.75,213.0,201.10000610351562,212.89999389648438,310953
2023-05-17,211.0,211.0,207.64999389648438,208.0,137008
2023-05-18,213.5500030517578,218.0,204.75,211.0,479682
2023-05-19,215.14999389648438,219.0,214.0,214.0,122880
2023-05-22,211.6999969482422,218.0,210.0,217.0,225126
2023-05-23,217.5500030517578,219.0,211.14999389648438,211.14999389648438,95906
2023-05-24,220.6999969482422,225.0,211.0,220.0,258160
2023-05-29,222.75,224.0,213.0,224.0,57503
2023-05-30,225.39999389648438,225.5,219.8000030517578,222.75,147055
2023-05-31,232.0500030517578,234.5,224.0,228.0,150513
2023-06-01,245.14999389648438,246.3000030517578,230.0,235.0,778490
2023-06-02,263.6000061035156,265.0,242.0,245.14999389648438,799409
2023-06-05,290.70001220703125,294.0,269.0,270.0,586417
2023-06-06,292.8999938964844,306.20001220703125,289.5,294.8500061035156,480645
2023-06-07,289.1000061035156,297.29998779296875,285.5,295.0,401384
2023-06-08,293.3999938964844,294.8999938964844,285.0,289.1000061035156,238071
2023-06-09,288.8500061035156,300.0,283.1499938964844,297.0,180650
2023-06-12,284.6499938964844,290.0,282.0,289.0,123409
2023-06-13,278.20001220703125,289.0,269.1499938964844,282.0,222168
2023-06-14,271.1000061035156,278.5,263.0,278.5,170538
2023-06-15,287.3999938964844,290.3500061035156,273.0,281.5,228481
2023-06-16,301.5,302.0,287.5,292.1000061035156,236398
2023-06-21,353.6000061035156,360.0,316.54998779296875,316.54998779296875,786613
2023-06-22,356.3500061035156,358.5,339.45001220703125,357.0,731098
2023-06-23,366.79998779296875,375.0,347.1000061035156,353.0,372204
2023-06-26,428.45001220703125,434.0,381.95001220703125,400.3999938964844,1343783
2023-06-27,384.20001220703125,430.0,377.0,429.0,694306
2023-06-28,384.20001220703125,420.95001220703125,379.5,400.0,787875
2023-06-29,378.1499938964844,391.6000061035156,369.0,391.6000061035156,415422
2023-06-30,391.1499938964844,394.70001220703125,380.0,382.0,327914
2023-07-03,393.45001220703125,402.0,378.3999938964844,398.29998779296875,395346
2023-07-04,404.3500061035156,405.0,392.0,399.5,184567
2023-07-05,405.8999938964844,406.8999938964844,384.0,400.0,140485
2023-07-06,396.8999938964844,408.0,385.45001220703125,405.8999938964844,136183
2023-07-07,391.3999938964844,402.0,390.29998779296875,391.1000061035156,154388
2023-07-10,384.0,396.5,376.0,396.0,243053
2023-07-11,379.8999938964844,388.0,372.79998779296875,378.0,140350
2023-07-12,381.6499938964844,395.70001220703125,379.8999938964844,380.0,132650
2023-07-13,418.5,421.29998779296875,382.0,394.0,261356
2023-07-14,414.70001220703125,418.5,407.20001220703125,418.0,194549
2023-07-17,442.79998779296875,451.0,414.70001220703125,414.70001220703125,474912
2023-07-18,438.20001220703125,457.20001220703125,430.0,450.0,350176
2023-07-19,431.25,442.0,420.5,437.0,311723
2023-07-20,433.79998779296875,434.5,421.1000061035156,426.0,94757
2023-07-21,446.1499938964844,448.0,432.6499938964844,432.6499938964844,118139
2023-07-24,436.75,451.0,431.54998779296875,450.0,123155
2023-07-25,438.5,445.8500061035156,426.0,431.29998779296875,150492
2023-07-26,434.1000061035156,449.0,432.0,435.0,109398
2023-07-27,410.6499938964844,443.0,403.25,443.0,214465
2023-07-28,423.3500061035156,433.0,405.0,411.0,167604
2023-07-31,408.54998779296875,427.0,408.0,424.0,303127
2023-08-01,410.0,419.0,403.1000061035156,415.0,308034
2023-08-02,407.1499938964844,417.8999938964844,400.0,400.0,107030
2023-08-03,425.3999938964844,441.5,388.70001220703125,405.0,745354
2023-08-04,423.75,442.0,416.75,442.0,459767
2023-08-07,412.70001220703125,436.0,410.5,424.0,344029
2023-08-08,419.8500061035156,435.0,416.95001220703125,421.20001220703125,533591
2023-08-09,412.1499938964844,434.1499938964844,410.1499938964844,421.0,246518
2023-08-10,407.0,422.0,405.0,413.0,365262
2023-08-11,405.79998779296875,418.8999938964844,397.6000061035156,415.0,327215
2023-08-14,428.3500061035156,440.0,386.0,400.0,787874
2023-08-15,460.79998779296875,467.5,430.0,430.0,925336
2023-08-16,496.54998779296875,500.0,470.6499938964844,470.6499938964844,266159
2023-08-17,516.5999755859375,520.8499755859375,499.0,499.0,288092
2023-08-18,501.29998779296875,525.7999877929688,493.8999938964844,518.0,172282
2023-08-22,499.1000061035156,514.4500122070312,492.3999938964844,514.4500122070312,186876
2023-08-23,520.0999755859375,532.9500122070312,497.0,504.6000061035156,159925
2023-08-24,534.25,540.0,525.2000122070312,525.2000122070312,196737
2023-08-25,542.0999755859375,552.9000244140625,530.0,540.0,244982
2023-08-28,558.0999755859375,566.0,542.0,542.0999755859375,541456
2023-08-29,570.25,585.0,560.0,560.0,186181
2023-08-30,548.5499877929688,581.4500122070312,543.5499877929688,570.0,210454
2023-08-31,530.0,554.0,521.0,554.0,202003
2023-09-01,529.7999877929688,554.0,521.5,530.0,97616
2023-09-04,533.2000122070312,550.0,521.0,530.0,80223
2023-09-05,499.04998779296875,529.0,485.1000061035156,529.0,448418
2023-09-06,483.04998779296875,504.95001220703125,481.45001220703125,503.0,126205
2023-09-07,454.29998779296875,490.0,451.5,481.0,668356
2023-09-08,445.25,470.0,424.3999938964844,470.0,528727
2023-09-11,430.3999938964844,454.0,426.45001220703125,445.0,826337
2023-09-12,455.6499938964844,466.0,418.0,432.0,794931
2023-09-13,465.04998779296875,480.75,460.0,460.0,232466
2023-09-14,484.8500061035156,500.0,466.0,466.0,114267
2023-09-15,486.0,488.0,473.0,475.0,144663
2023-09-18,493.8999938964844,500.0,482.04998779296875,483.0,151741
2023-09-19,489.70001220703125,509.0,485.0,499.0,223943
2023-09-20,471.3999938964844,504.45001220703125,469.25,480.20001220703125,160869
2023-09-21,473.75,485.04998779296875,448.20001220703125,469.0,238221
2023-09-22,468.6499938964844,492.0,467.0,480.0,102581
2023-09-25,462.1499938964844,479.0,450.0,469.70001220703125,101869
2023-09-26,478.8500061035156,480.0,441.54998779296875,462.20001220703125,203619
2023-09-27,491.1499938964844,496.5,470.1000061035156,470.1000061035156,119098
2023-09-28,504.6000061035156,509.0,490.0,490.0,429452
2023-09-29,481.75,520.0,470.0,505.0,860663
2023-10-02,479.95001220703125,496.79998779296875,479.0,490.0,255898
2023-10-03,460.20001220703125,479.0,456.0,466.1000061035156,261291
2023-10-04,470.8999938964844,475.0,457.0,460.0,427545
2023-10-05,495.8999938964844,498.0,468.29998779296875,468.29998779296875,643638
2023-10-06,521.25,525.0,500.0,501.0,580115
2023-10-09,538.6500244140625,550.0,500.0,539.0,533654
2023-10-10,573.2000122070312,583.5,533.0999755859375,540.0,437969
2023-10-11,573.3499755859375,576.0,520.0,561.75,216265
2023-10-12,590.6500244140625,606.0,550.0,575.0,348795
2023-10-17,604.9000244140625,615.75,578.0,591.0,558078
2023-10-18,606.6500244140625,620.0,601.0,615.0,370961
2023-10-19,561.4500122070312,609.0,555.4000244140625,601.0,248747
2023-10-20,588.7000122070312,594.5,560.0,566.0,232301
2023-10-23,567.2000122070312,585.5,542.0999755859375,585.5,1477126
2023-10-24,539.5999755859375,595.0,525.0,565.0999755859375,267653
2023-10-25,551.1500244140625,559.5,498.0,540.0,145295
2023-10-26,548.6500244140625,580.0,520.7000122070312,550.5,300129
2023-10-27,514.5999755859375,540.25,505.0,530.0,80674
2023-10-30,460.0,524.5,459.3999938964844,515.0,81105
2023-10-31,441.5,476.95001220703125,428.29998779296875,460.0,45514
2023-11-01,465.8999938964844,478.0,440.0,442.0,548647
2023-11-02,479.95001220703125,498.0,466.1000061035156,470.0,336087
2023-11-03,493.0,493.0,475.0,481.5,253676
2023-11-07,462.20001220703125,500.0,460.0,500.0,214122
2023-11-08,436.29998779296875,476.0,430.0,462.0,180792
2023-11-09,450.3500061035156,466.54998779296875,431.0,436.29998779296875,205324
2023-11-10,463.79998779296875,489.0,451.0,451.0,168744
2023-11-13,460.95001220703125,488.0,440.0,468.0,318480
2023-11-14,470.3999938964844,485.0,465.0,465.0,169487
2023-11-15,482.0,493.0,471.0,479.0,183073
2023-11-16,473.75,500.0,462.0,485.0,209049
2023-11-17,513.4500122070312,518.5999755859375,460.0,483.0,171184
2023-11-21,680.7999877929688,700.0,550.0,560.0,1193141
2023-11-22,708.6500244140625,747.0,641.0,680.7999877929688,635257
2023-11-23,790.3499755859375,833.5999755859375,703.0,709.0,371246
2023-11-24,917.7999877929688,950.0,761.0,795.0,604739
2023-11-27,744.4500122070312,927.0,740.0,896.0,680133
2023-11-28,680.5999755859375,800.0,670.0,759.0,347658
2023-11-29,668.6500244140625,695.0,642.0,682.0,1034083
2023-11-30,736.0,736.0,648.5,694.9500122070312,226910
2023-12-01,771.1500244140625,779.9500122070312,710.0,736.0,312467
2023-12-04,756.7000122070312,804.0,722.0,778.0,185293
2023-12-05,816.5999755859375,828.9500122070312,749.0,760.0,312083
2023-12-06,810.4000244140625,860.0,770.0,817.5,518050
2023-12-07,853.0999755859375,870.0,785.0,811.0,765941
2023-12-11,926.5499877929688,948.0,850.0,865.0,852962
2023-12-12,1038.0,1059.199951171875,930.0499877929688,940.0,1288008
2023-12-13,1041.8499755859375,1200.0,990.0,1101.0,827247
2023-12-14,1024.300048828125,1117.0,1015.0,1052.0,718831
2023-12-15,963.6500244140625,1050.0,950.0,1025.0,424267
2023-12-18,1037.5999755859375,1047.0,976.0,980.0,571278
2023-12-19,1004.25,1100.0,999.5,1040.0,509286
2023-12-20,951.75,1007.9500122070312,932.5,999.0,520918
2023-12-21,938.4000244140625,1010.0,902.0,960.1500244140625,651868
2023-12-22,938.4000244140625,974.0,909.7000122070312,958.5,354437
2023-12-26,935.5,968.0,905.0999755859375,950.0,245575
2023-12-27,892.75,952.0,880.0,952.0,164935
2023-12-28,931.1500244140625,944.9500122070312,875.0,897.5,407062
2023-12-29,942.0,961.0,900.0,949.0,228086
2024-01-02,993.9500122070312,1010.0,911.0,942.0,1457342
2024-01-03,1043.3499755859375,1052.0,997.0,1000.0,551342
2024-01-04,1042.9000244140625,1089.0,1037.0,1050.0,334803
2024-01-05,1034.300048828125,1065.0,1020.0,1042.0,573548
2024-01-08,1094.8499755859375,1099.0,1025.0,1035.0,445789
2024-01-09,1058.300048828125,1150.0,1043.0,1099.0,248396
2024-01-10,1073.050048828125,1077.0,1014.0,1058.0,231439
2024-01-11,1044.75,1151.0,1037.0999755859375,1100.0,183448
2024-01-12,1060.75,1077.0,1025.0,1044.75,306642
2024-01-15,1062.6500244140625,1079.0,1040.0,1079.0,131873
2024-01-16,1055.449951171875,1094.0,1044.0,1083.0,177179
2024-01-17,1107.550048828125,1110.5,1041.5,1054.0,367666
2024-01-18,1187.449951171875,1197.0,1110.0,1110.0,574234
2024-01-19,1294.449951171875,1300.0,1190.0,1200.0,327382
2024-01-22,1329.699951171875,1410.0,1311.0,1316.0,546386
2024-01-23,1290.0,1400.0,1265.0,1350.0,366026
2024-01-24,1281.6500244140625,1318.0,1250.0,1275.0,373800
2024-01-25,1274.949951171875,1350.0,1260.0,1300.0,335335
2024-01-26,1276.449951171875,1299.0,1195.9000244140625,1299.0,226454
2024-01-29,1250.3499755859375,1310.0,1211.0,1265.0,241210
2024-01-30,1252.1500244140625,1300.0,1235.0,1280.0,268811
2024-01-31,1241.300048828125,1279.5,1218.550048828125,1279.5,196541
2024-02-01,1268.050048828125,1270.0,1201.0,1240.0,184357
2024-02-02,1291.0,1300.0,1259.0,1284.0,221699
2024-02-05,1214.9000244140625,1319.949951171875,1185.0,1305.0,372943
2024-02-06,1152.5,1230.0999755859375,1140.3499755859375,1215.0,213257
2024-02-07,1162.9000244140625,1200.0,1027.0,1120.0,377695
2024-02-08,1072.1500244140625,1170.0,1060.050048828125,1150.0,542195
2024-02-09,1102.3499755859375,1115.0,1043.0,1072.5,365879
2024-02-14,1090.449951171875,1100.0,1050.199951171875,1100.0,287289
2024-02-15,1110.0,1128.5,1063.0,1063.0,372916
2024-02-16,1049.949951171875,1150.0,1030.550048828125,1113.0,220665
2024-02-19,1086.1500244140625,1093.0,1050.5,1060.0,197626
2024-02-20,1049.4000244140625,1120.0,1042.0,1120.0,205160
2024-02-21,1065.550048828125,1080.0,1030.0999755859375,1080.0,332370
2024-02-22,1069.75,1106.1500244140625,1061.25,1061.25,352894
2024-02-23,1098.449951171875,1100.0,1021.2000122070312,1060.0,422306
2024-02-26,998.2000122070312,1117.0,984.2999877929688,1098.5,492980
2024-02-27,928.7999877929688,1022.0,924.0,998.0,186981
2024-02-28,906.7000122070312,950.8499755859375,897.5,928.0,212087
2024-02-29,907.5499877929688,940.0,900.0,906.7000122070312,209185
2024-03-01,952.1500244140625,955.0,890.5,911.0,183405
2024-03-04,917.8499755859375,1039.0,913.0999755859375,990.0,525701
2024-03-05,882.2000122070312,932.0,868.0,921.0,201117
2024-03-06,832.75,905.0,815.0,890.0,391140
2024-03-07,807.0999755859375,859.0,773.3499755859375,833.0,326497
2024-03-08,839.75,851.3499755859375,786.0499877929688,803.5,386144
2024-03-11,801.2999877929688,860.0,791.0,860.0,130492
2024-03-12,881.0999755859375,893.4500122070312,802.0,802.0,496381
2024-03-13,819.25,907.0,810.0,900.0,2483003
2024-03-14,793.0499877929688,829.0,772.0999755859375,829.0,2831863
2024-03-15,814.4500122070312,817.9000244140625,766.0,790.2999877929688,1623022
2024-03-18,915.4500122070312,918.7000122070312,805.0,820.0,961138
2024-03-19,923.5,955.0,890.0499877929688,920.0,822411
2024-03-20,1008.3499755859375,1024.0,915.0,924.0,839148
2024-03-21,986.6500244140625,1032.9000244140625,980.0,1028.300048828125,533083
2024-03-22,1012.0499877929688,1021.0,970.0499877929688,986.0,421201
2024-03-25,981.5499877929688,1049.449951171875,964.5999755859375,1025.0,473380
2024-03-26,980.0999755859375,1009.0,961.0,986.0,224323
2024-03-27,977.4000244140625,999.9500122070312,964.2999877929688,979.5,188472
2024-04-03,1008.4500122070312,1010.0,957.4000244140625,990.0,275155
2024-04-04,967.5999755859375,1026.199951171875,961.0,1011.0,377733
2024-04-05,1009.0499877929688,1018.0,969.9000244140625,975.0,590074
2024-04-08,1009.0499877929688,1032.0,996.0,1020.0,520233
2024-04-09,994.1500244140625,1044.0,975.9500122070312,1020.0,577270
2024-04-10,978.3499755859375,1000.0,970.0,995.0,445971
2024-04-11,978.3499755859375,992.6500244140625,955.0,992.6500244140625,224085
2024-04-12,923.5999755859375,977.75,910.6500244140625,977.75,482758
2024-04-15,875.2999877929688,930.0,858.2000122070312,929.9000244140625,710744
2024-04-16,894.9000244140625,915.9000244140625,850.2999877929688,857.0,484137
2024-04-17,863.0999755859375,915.0,851.0499877929688,915.0,264704
2024-04-18,867.0,882.5499877929688,841.0499877929688,850.0,219794
2024-04-19,870.0999755859375,883.0,849.0,865.0,280435
2024-04-22,924.9500122070312,928.0,860.0,872.0,450517
2024-04-23,880.9000244140625,929.0,879.0999755859375,925.0,446130
2024-04-24,876.75,895.8499755859375,854.0,875.25,484210
2024-04-25,887.7999877929688,895.9500122070312,851.0,871.8499755859375,356136
2024-04-26,904.4000244140625,910.0,889.0,889.0,163359
2024-04-29,925.2000122070312,939.9500122070312,904.5999755859375,910.0,277817
2024-04-30,942.2000122070312,960.0,930.0,935.0,589398
2024-05-02,975.0,976.0,920.0,942.0,479102
2024-05-03,1039.75,1050.0,981.0,990.0,805564
2024-05-06,1130.050048828125,1133.0,1052.0,1052.0,1218158
2024-05-07,1105.8499755859375,1170.0,1087.1500244140625,1150.0,546278
2024-05-08,1074.8499755859375,1139.9000244140625,1060.0,1108.0,340686
2024-05-09,1090.8499755859375,1100.3499755859375,1041.800048828125,1100.0,381432
2024-05-10,1088.699951171875,1103.699951171875,1063.25,1080.0,364673
2024-05-13,1025.949951171875,1074.1500244140625,986.0,1074.1500244140625,1064061
2024-05-14,1044.8499755859375,1054.9000244140625,1005.0,1027.050048828125,538830
2024-05-15,1075.4000244140625,1089.0,1050.0,1084.5,639324
2024-05-16,1072.9000244140625,1085.0,1052.0,1079.0,320573
2024-05-17,1044.3499755859375,1086.5999755859375,1040.0,1086.5999755859375,623385
2024-05-20,1094.25,1096.0999755859375,1031.5,1050.0,302794
2024-05-21,1084.8499755859375,1110.0,1075.050048828125,1090.0,1224939
2024-05-22,1050.0,1081.3499755859375,1046.0,1081.3499755859375,1851309
2024-05-23,1014.2999877929688,1083.1500244140625,1012.2999877929688,1062.0,758461
2024-05-24,996.4500122070312,1060.0,989.0,1020.0,1203507
2024-05-27,1033.25,1036.9000244140625,978.9500122070312,980.0,283055
2024-05-28,1077.300048828125,1080.0,1006.0,1035.0,455483
2024-05-29,1109.25,1111.300048828125,1077.300048828125,1100.5,605149
2024-05-30,1139.25,1165.0,1106.0,1115.0,728999
2024-05-31,1112.25,1139.0,1093.0,1139.0,685242
2024-06-03,1110.9000244140625,1150.0,1095.800048828125,1150.0,436606
2024-06-04,1069.199951171875,1108.75,1059.0,1105.0,423284
2024-06-05,1071.300048828125,1111.199951171875,1020.0,1050.0,325503
2024-06-06,1026.9000244140625,1107.050048828125,1020.0,1100.0,298498
2024-06-07,1069.050048828125,1084.0,1038.0,1038.0,265139
2024-06-10,1100.0,1107.800048828125,1045.0,1095.0,465935
2024-06-11,1073.9000244140625,1123.1500244140625,1065.0,1110.0,253610
2024-06-12,1093.4000244140625,1107.0,1048.0,1048.0,238803
2024-06-13,1117.949951171875,1150.0,1065.0,1150.0,450405
2024-06-14,1094.300048828125,1125.0,1074.0,1124.0,466138
2024-06-18,1062.050048828125,1090.0,1051.0,1090.0,234020
2024-06-19,1078.800048828125,1095.0,1050.050048828125,1081.5,96167
2024-06-24,1067.1500244140625,1087.949951171875,1037.0,1048.0,114954
2024-06-25,1086.449951171875,1093.0,1041.5999755859375,1067.5,269091
2024-06-26,1094.0999755859375,1099.0,1069.949951171875,1091.5,237686
2024-06-27,1123.199951171875,1138.0,1081.0,1096.0,306546
2024-06-28,1101.25,1148.0,1095.0,1140.0,172418
2024-07-01,1069.949951171875,1100.0,1045.0,1100.0,292485
2024-07-02,1079.8499755859375,1112.9000244140625,1069.0,1069.0,444994
2024-07-03,1079.5999755859375,1100.0,1064.8499755859375,1080.0,467065
2024-07-04,1072.800048828125,1110.0,1065.050048828125,1085.0,194184
2024-07-05,1085.1500244140625,1096.0,1072.0,1072.0,584339
2024-07-08,1094.1500244140625,1098.8499755859375,1080.0,1086.0,389053
2024-07-10,1180.0,1190.0,1095.0,1110.0,677629
2024-07-11,1225.0,1245.0,1195.0,1200.0,544144
2024-07-12,1210.0,1240.0,1190.0,1230.0,384542
2024-07-15,1065.0,1185.0,1040.0,1180.0,575226
2024-07-16,1085.0,1110.0,979.0,1060.0,663773
2024-07-17,1045.0,1095.0,1035.0,1080.0,231612
2024-07-18,1035.0,1065.0,1015.0,1045.0,164580
2024-07-19,1090.0,1090.0,1030.0,1055.0,166543
2024-07-22,1095.0,1110.0,1080.0,1100.0,224170
2024-07-23,1130.0,1150.0,1055.0,1095.0,467855
2024-07-24,1105.0,1135.0,1085.0,1125.0,264968
2024-07-25,1085.0,1125.0,1055.0,1085.0,167048
2024-07-26,1085.0,1105.0,1070.0,1085.0,138832
2024-07-29,1050.0,1100.0,1030.0,1100.0,644149
2024-07-30,1005.0,1080.0,998.0,1050.0,532475
2024-07-31,1065.0,1075.0,1000.0,1000.0,18761
2024-08-01,1050.0,1075.0,1040.0,1075.0,83628
2024-08-02,1025.0,1045.0,982.0,1015.0,155712
2024-08-05,996.0,1025.0,923.0,996.0,348878
2024-08-06,993.0,1025.0,982.0,997.0,547148
2024-08-07,999.0,1030.0,979.0,1025.0,396584
2024-08-08,1060.0,1070.0,1010.0,1020.0,804703
2024-08-09,1105.0,1115.0,1045.0,1070.0,583285
2024-08-12,1095.0,1120.0,1075.0,1100.0,282425
2024-08-13,1085.0,1105.0,1075.0,1095.0,207458
2024-08-14,1080.0,1120.0,1065.0,1100.0,286102
2024-08-15,1115.0,1150.0,1075.0,1080.0,675499
2024-08-16,1115.0,1165.0,1105.0,1105.0,390717
2024-08-19,1170.0,1185.0,1105.0,1120.0,841163
2024-08-20,1230.0,1240.0,1130.0,1185.0,916449
2024-08-21,1175.0,1225.0,1170.0,1225.0,256723
2024-08-22,1135.0,1175.0,1125.0,1160.0,332361
2024-08-23,1160.0,1180.0,1140.0,1140.0,148113
2024-08-26,1145.0,1175.0,1135.0,1160.0,177514
2024-08-27,1140.0,1155.0,1120.0,1140.0,257264
2024-08-28,1160.0,1170.0,1135.0,1140.0,232482
2024-08-29,1195.0,1215.0,1155.0,1165.0,447757
2024-08-30,1260.0,1270.0,1225.0,1240.0,591927
2024-09-02,1265.0,1285.0,1215.0,1250.0,235848
2024-09-03,1230.0,1275.0,1225.0,1255.0,293899
2024-09-04,1290.0,1295.0,1240.0,1240.0,447396
2024-09-05,1330.0,1345.0,1265.0,1265.0,1100725
2024-09-06,1345.0,1360.0,1275.0,1340.0,646115
2024-09-09,1380.0,1415.0,1335.0,1335.0,457633
2024-09-10,1345.0,1380.0,1320.0,1380.0,580505
2024-09-11,1425.0,1450.0,1375.0,1375.0,752709
2024-09-12,1450.0,1500.0,1425.0,1450.0,481964
2024-09-13,1540.0,1545.0,1460.0,1480.0,847043
2024-09-16,1520.0,1600.0,1505.0,1550.0,651498
2024-09-17,1540.0,1545.0,1450.0,1500.0,764985
2024-09-18,1520.0,1560.0,1480.0,1530.0,324317
2024-09-19,1535.0,1575.0,1520.0,1525.0,594736
2024-09-20,1495.0,1570.0,1470.0,1570.0,301536
2024-09-23,1460.0,1520.0,1425.0,1490.0,406524
2024-09-24,1465.0,1480.0,1420.0,1460.0,332372
2024-09-25,1420.0,1480.0,1410.0,1470.0,249734
2024-09-26,1405.0,1440.0,1385.0,1415.0,625837
2024-09-27,1405.0,1490.0,1395.0,1405.0,355940
2024-09-30,1370.0,1420.0,1345.0,1405.0,842423
2024-10-01,1375.0,1425.0,1355.0,1375.0,561674
2024-10-02,1370.0,1405.0,1355.0,1390.0,174970
2024-10-03,1375.0,1405.0,1360.0,1380.0,320799
2024-10-04,1375.0,1395.0,1350.0,1375.0,248077
2024-10-07,1335.0,1380.0,1295.0,1380.0,264823
2024-10-08,1325.0,1350.0,1315.0,1330.0,368816
2024-10-09,1395.0,1400.0,1300.0,1325.0,1389009
2024-10-10,1410.0,1445.0,1395.0,1410.0,436375
2024-10-14,1375.0,1410.0,1345.0,1410.0,776001
2024-10-15,1375.0,1390.0,1340.0,1390.0,472198
2024-10-16,1345.0,1400.0,1335.0,1360.0,204138
2024-10-17,1395.0,1410.0,1370.0,1370.0,548922
2024-10-18,1370.0,1425.0,1360.0,1425.0,235242
2024-10-21,1385.0,1395.0,1365.0,1370.0,234361
2024-10-22,1420.0,1435.0,1385.0,1385.0,295459
2024-10-23,1435.0,1500.0,1360.0,1420.0,2707901
2024-10-24,1530.0,1545.0,1440.0,1445.0,1947453
2024-10-25,1540.0,1575.0,1510.0,1535.0,865285
2024-10-28,1515.0,1620.0,1495.0,1585.0,854863
2024-10-29,1570.0,1590.0,1495.0,1510.0,615134
2024-10-30,1605.0,1650.0,1570.0,1575.0,1176941
2024-10-31,1665.0,1680.0,1595.0,1640.0,634504
2024-11-01,1820.0,1850.0,1710.0,1720.0,2752204
2024-11-04,1855.0,1900.0,1750.0,1825.0,834860
2024-11-05,1880.0,1890.0,1830.0,1855.0,769302
2024-11-06,1885.0,2000.0,1850.0,1985.0,386902
2024-11-07,1890.0,1930.0,1800.0,1930.0,611377
2024-11-08,1840.0,1900.0,1785.0,1880.0,751985
2024-11-11,1835.0,1850.0,1715.0,1850.0,635628
2024-11-12,1895.0,1915.0,1800.0,1800.0,730387
2024-11-13,1925.0,1960.0,1885.0,1900.0,730816
2024-11-14,1970.0,1990.0,1890.0,1970.0,783435
2024-11-15,1905.0,2050.0,1880.0,1970.0,759184
2024-11-19,2035.0,2065.0,1985.0,2020.0,749200
2024-11-20,2030.0,2070.0,1965.0,2050.0,613720
2024-11-21,2055.0,2100.0,2015.0,2035.0,301825
2024-11-22,2035.0,2065.0,1965.0,2015.0,321807
2024-11-25,2130.0,2130.0,2010.0,2020.0,764765
2024-11-26,2165.0,2230.0,2110.0,2150.0,485585
2024-11-27,2100.0,2235.0,2075.0,2200.0,735921
2024-11-28,2105.0,2145.0,2070.0,2100.0,175252
2024-11-29,2160.0,2230.0,2070.0,2140.0,356375
2024-12-02,2230.0,2275.0,2175.0,2210.0,615713
2024-12-03,2370.0,2430.0,2245.0,2280.0,918742
2024-12-04,2220.0,2445.0,2200.0,2390.0,917101
2024-12-05,2405.0,2420.0,2185.0,2270.0,748837
2024-12-06,2490.0,2525.0,2415.0,2425.0,976356
2024-12-09,2450.0,2600.0,2390.0,2545.0,723411
2024-12-10,2440.0,2505.0,2350.0,2505.0,657358
2024-12-11,2505.0,2510.0,2365.0,2450.0,630336
2024-12-12,2570.0,2665.0,2515.0,2515.0,801253
2024-12-13,2705.0,2715.0,2570.0,2630.0,659354
2024-12-16,2765.0,2825.0,2640.0,2720.0,1589387
2024-12-17,2665.0,2815.0,2645.0,2780.0,1507272
2024-12-18,2555.0,2750.0,2550.0,2690.0,1908355
2024-12-19,2465.0,2665.0,2455.0,2595.0,769336
2024-12-20,2460.0,2490.0,2300.0,2450.0,1515694
2024-12-23,2620.0,2640.0,2420.0,2475.0,762191
2024-12-24,2695.0,2710.0,2615.0,2695.0,241857
2024-12-26,2675.0,2725.0,2630.0,2690.0,700472
2024-12-27,2610.0,2700.0,2560.0,2680.0,632757
2024-12-30,2540.0,2620.0,2525.0,2620.0,268730
2025-01-02,2765.0,2790.0,2480.0,2550.0,1101532
2025-01-03,2635.0,2840.0,2550.0,2790.0,2286786
2025-01-06,2610.0,2705.0,2575.0,2680.0,1145215
2025-01-07,2560.0,2670.0,2505.0,2620.0,1462052
2025-01-08,2290.0,2505.0,2280.0,2505.0,7211439
2025-01-09,2340.0,2385.0,2275.0,2290.0,2101570
2025-01-10,2235.0,2320.0,2160.0,2300.0,3463943
2025-01-13,2025.0,2225.0,2015.0,2225.0,2232309
2025-01-14,2155.0,2200.0,2025.0,2025.0,1951919
2025-01-15,2105.0,2240.0,2080.0,2200.0,1086445
2025-01-16,2000.0,2125.0,1990.0,2105.0,992333
2025-01-17,1960.0,2035.0,1920.0,2010.0,1476771
2025-01-20,2005.0,2030.0,1965.0,1965.0,416180
2025-01-21,2130.0,2150.0,1960.0,2035.0,2372870
2025-01-22,2230.0,2240.0,2140.0,2185.0,1518048
2025-01-23,2170.0,2210.0,2115.0,2185.0,1158592
2025-01-24,2135.0,2230.0,2065.0,2210.0,1199898
2025-01-27,2115.0,2125.0,1985.0,2090.0,808288
2025-01-28,2215.0,2220.0,2070.0,2140.0,1127964
2025-01-29,2250.0,2315.0,2150.0,2215.0,1620729
2025-01-30,2320.0,2345.0,2240.0,2250.0,1177225
2025-01-31,2305.0,2350.0,2250.0,2320.0,598543
2025-02-03,2260.0,2295.0,2120.0,2250.0,569100
2025-02-04,2355.0,2395.0,2265.0,2265.0,1077080
2025-02-05,2315.0,2390.0,2245.0,2390.0,563716
2025-02-06,2325.0,2400.0,2270.0,2290.0,773693
2025-02-07,2285.0,2415.0,2245.0,2380.0,868271
2025-02-10,2330.0,2385.0,2255.0,2290.0,708287
2025-02-11,2210.0,2345.0,2180.0,2310.0,657489
2025-02-12,2290.0,2345.0,2080.0,2160.0,992251
2025-02-13,2355.0,2370.0,2275.0,2290.0,367022
2025-02-14,2385.0,2405.0,2320.0,2365.0,462219
2025-02-17,2245.0,2340.0,2200.0,2320.0,935483
2025-02-18,2375.0,2435.0,2235.0,2305.0,1013249
2025-02-19,2385.0,2425.0,2350.0,2380.0,555962
2025-02-20,2310.0,2380.0,2280.0,2355.0,781680
2025-02-21,2255.0,2340.0,2250.0,2340.0,690255
2025-02-24,2210.0,2290.0,2155.0,2255.0,516328
2025-02-25,2165.0,2235.0,2085.0,2145.0,610138
2025-02-26,2185.0,2245.0,2130.0,2165.0,294093
2025-02-27,2110.0,2240.0,2080.0,2190.0,279650
2025-02-28,2080.0,2155.0,2010.0,2075.0,277557
2025-03-05,2135.0,2145.0,2050.0,2050.0,260934
2025-03-06,2135.0,2200.0,2085.0,2175.0,211004
2025-03-07,2180.0,2200.0,2040.0,2135.0,426161
2025-03-10,1975.0,2185.0,1935.0,2185.0,719708
2025-03-11,1970.0,2050.0,1870.0,1980.0,531909
2025-03-12,2030.0,2045.0,1955.0,1995.0,879964
2025-03-13,1955.0,2060.0,1945.0,2030.0,623872
2025-03-14,2045.0,2050.0,1970.0,1970.0,458887
2025-03-17,2075.0,2100.0,2025.0,2055.0,502131
2025-03-18,1990.0,2060.0,1970.0,2045.0,491865
2025-03-19,2085.0,2100.0,1995.0,1995.0,375670
2025-03-20,2070.0,2100.0,2030.0,2065.0,235807
2025-03-21,2145.0,2155.0,2050.0,2095.0,327964
2025-03-25,2220.0,2245.0,2150.0,2150.0,489720
2025-03-26,2155.0,2290.0,2135.0,2250.0,350450
2025-03-27,2075.0,2210.0,2070.0,2135.0,604172
2025-03-28,2050.0,2100.0,2025.0,2070.0,431559
2025-03-31,2010.0,2020.0,1965.0,2000.0,329377
2025-04-01,2030.0,2070.0,1975.0,1975.0,372640
2025-04-03,1950.0,1985.0,1920.0,1970.0,343697
2025-04-04,1780.0,1890.0,1715.0,1890.0,771475
2025-04-07,1720.0,1830.0,1650.0,1700.0,1270915
2025-04-08,1620.0,1835.0,1605.0,1765.0,1529340
2025-04-09,1735.0,1850.0,1525.0,1640.0,1306956
2025-04-10,1725.0,1760.0,1620.0,1730.0,1273045
2025-04-11,1930.0,1965.0,1735.0,1760.0,911571
2025-04-14,1985.0,2200.0,1950.0,2100.0,1284587
2025-04-15,2025.0,2055.0,1965.0,2000.0,1046953
