Price,('Close', 'GARO.BA'),('High', 'GARO.BA'),('Low', 'GARO.BA'),('Open', 'GARO.BA'),('Volume', 'GARO.BA')
Ticker,GARO.BA,GARO.BA,GARO.BA,GARO.BA,GARO.BA
Date,,,,,
2020-04-17,7.099999904632568,7.099999904632568,7.0,7.0,2473
2020-04-20,7.550000190734863,7.550000190734863,7.360000133514404,7.360000133514404,3285
2020-04-21,7.769999980926514,7.769999980926514,7.400000095367432,7.400000095367432,3740
2020-04-22,7.900000095367432,7.949999809265137,7.75,7.949999809265137,7510
2020-04-23,7.900000095367432,7.900000095367432,7.889999866485596,7.900000095367432,14990
2020-04-24,8.0,8.0,7.989999771118164,7.989999771118164,510
2020-04-27,8.0,8.050000190734863,7.949999809265137,8.050000190734863,11995
2020-04-28,8.979999542236328,8.989999771118164,8.800000190734863,8.800000190734863,25020
2020-04-29,9.479999542236328,9.479999542236328,9.479999542236328,9.479999542236328,12605
2020-04-30,9.9399995803833,10.0,9.899999618530273,9.899999618530273,53332
2020-05-04,9.949999809265137,9.949999809265137,9.899999618530273,9.949999809265137,11569
2020-05-05,10.0,10.0,10.0,10.0,17055
2020-05-06,9.75,9.829999923706055,9.75,9.800000190734863,20450
2020-05-07,9.800000190734863,9.850000381469727,9.800000190734863,9.850000381469727,11189
2020-05-08,9.75,9.8100004196167,9.75,9.8100004196167,3449
2020-05-11,9.390000343322754,9.699999809265137,9.390000343322754,9.699999809265137,15850
2020-05-12,9.369999885559082,9.399999618530273,9.369999885559082,9.390000343322754,23544
2020-05-13,9.5,9.5,9.369999885559082,9.369999885559082,3856
2020-05-14,9.300000190734863,9.369999885559082,9.300000190734863,9.369999885559082,15594
2020-05-15,9.300000190734863,9.319999694824219,9.289999961853027,9.319999694824219,2997
2020-05-18,9.279999732971191,9.300000190734863,9.279999732971191,9.300000190734863,33400
2020-05-19,9.270000457763672,9.289999961853027,9.25,9.289999961853027,12990
2020-05-20,9.199999809265137,9.989999771118164,9.199999809265137,9.989999771118164,5773
2020-05-21,9.489999771118164,9.489999771118164,9.210000038146973,9.210000038146973,5973
2020-05-22,9.430000305175781,9.449999809265137,9.300000190734863,9.449999809265137,5265
2020-05-26,9.470000267028809,9.489999771118164,9.470000267028809,9.489999771118164,9900
2020-05-27,9.479999542236328,9.5,9.479999542236328,9.5,11500
2020-05-28,9.25,9.399999618530273,9.25,9.399999618530273,5250
2020-05-29,9.390000343322754,9.5,9.390000343322754,9.5,2013
2020-06-01,9.380000114440918,9.380000114440918,9.380000114440918,9.380000114440918,5000
2020-06-02,9.350000381469727,9.380000114440918,9.350000381469727,9.369999885559082,9191
2020-06-03,9.149999618530273,9.390000343322754,9.149999618530273,9.390000343322754,28930
2020-06-04,9.109999656677246,9.789999961853027,9.100000381469727,9.789999961853027,11537
2020-06-05,8.989999771118164,9.380000114440918,8.989999771118164,9.380000114440918,23457
2020-06-08,9.319999694824219,9.319999694824219,9.279999732971191,9.300000190734863,7671
2020-06-09,9.34000015258789,9.5,9.34000015258789,9.5,2197
2020-06-10,9.289999961853027,9.300000190734863,9.289999961853027,9.300000190734863,2053
2020-06-11,9.289999961853027,9.289999961853027,9.289999961853027,9.289999961853027,0
2020-06-12,9.260000228881836,9.289999961853027,9.260000228881836,9.289999961853027,2358
2020-06-16,9.050000190734863,9.199999809265137,9.050000190734863,9.199999809265137,4500
2020-06-17,8.59000015258789,8.949999809265137,8.59000015258789,8.949999809265137,8000
2020-06-18,7.800000190734863,7.809999942779541,7.800000190734863,7.809999942779541,6578
2020-06-19,7.960000038146973,7.960000038146973,7.739999771118164,7.900000095367432,24113
2020-06-22,7.829999923706055,7.829999923706055,7.820000171661377,7.829999923706055,1835
2020-06-23,7.0,7.699999809265137,7.0,7.699999809265137,24859
2020-06-24,6.909999847412109,7.449999809265137,6.909999847412109,7.449999809265137,33462
2020-06-25,7.0,7.0,6.909999847412109,6.909999847412109,20209
2020-06-26,7.190000057220459,7.199999809265137,6.849999904632568,6.849999904632568,5805
2020-06-29,7.849999904632568,7.849999904632568,7.380000114440918,7.380000114440918,4172
2020-06-30,7.840000152587891,7.889999866485596,7.840000152587891,7.869999885559082,2247
2020-07-01,7.960000038146973,7.989999771118164,7.960000038146973,7.989999771118164,5169
2020-07-02,7.940000057220459,7.960000038146973,7.940000057220459,7.960000038146973,1513
2020-07-03,7.920000076293945,7.940000057220459,7.599999904632568,7.940000057220459,1283
2020-07-06,8.039999961853027,8.199999809265137,8.0,8.0,16070
2020-07-07,8.180000305175781,8.180000305175781,8.029999732971191,8.029999732971191,10721
2020-07-08,8.100000381469727,8.100000381469727,8.100000381469727,8.100000381469727,41041
2020-07-13,8.100000381469727,8.100000381469727,8.100000381469727,8.100000381469727,3093
2020-07-14,8.390000343322754,8.4399995803833,8.100000381469727,8.100000381469727,10834
2020-07-15,8.600000381469727,8.800000190734863,8.579999923706055,8.800000190734863,2180
2020-07-16,8.699999809265137,8.859999656677246,8.699999809265137,8.859999656677246,1350
2020-07-17,8.489999771118164,8.600000381469727,8.489999771118164,8.600000381469727,10858
2020-07-20,8.479999542236328,8.479999542236328,8.479999542236328,8.479999542236328,3815
2020-07-21,8.390000343322754,8.449999809265137,8.300000190734863,8.449999809265137,7327
2020-07-22,8.279999732971191,8.300000190734863,8.279999732971191,8.300000190734863,14216
2020-07-23,8.100000381469727,8.199999809265137,8.029999732971191,8.199999809265137,39931
2020-07-24,8.239999771118164,8.25,8.239999771118164,8.25,15249
2020-07-27,8.239999771118164,8.239999771118164,8.229999542236328,8.229999542236328,54564
2020-07-28,8.399999618530273,8.529999732971191,8.399999618530273,8.529999732971191,6515
2020-07-29,8.390000343322754,8.699999809265137,8.390000343322754,8.699999809265137,7782
2020-07-30,8.229999542236328,8.300000190734863,8.220000267028809,8.220000267028809,20252
2020-07-31,8.25,8.25,8.25,8.25,1499
2020-08-03,8.0,8.25,8.0,8.25,12640
2020-08-04,8.380000114440918,8.380000114440918,8.0,8.0,44944
2020-08-05,8.779999732971191,8.779999732971191,8.59000015258789,8.600000381469727,33405
2020-08-06,8.65999984741211,8.84000015258789,8.65999984741211,8.829999923706055,24332
2020-08-07,8.789999961853027,8.789999961853027,8.649999618530273,8.649999618530273,11282
2020-08-10,8.399999618530273,8.5,8.399999618530273,8.5,18964
2020-08-11,8.470000267028809,8.479999542236328,8.470000267028809,8.479999542236328,46847
2020-08-12,8.329999923706055,8.350000381469727,8.329999923706055,8.350000381469727,15869
2020-08-13,8.149999618530273,8.149999618530273,8.149999618530273,8.149999618530273,32374
2020-08-14,7.949999809265137,8.0,7.800000190734863,8.0,66168
2020-08-18,7.840000152587891,7.940000057220459,7.840000152587891,7.940000057220459,5430
2020-08-19,7.699999809265137,7.880000114440918,7.699999809265137,7.699999809265137,75618
2020-08-20,7.900000095367432,7.900000095367432,7.889999866485596,7.889999866485596,16915
2020-08-21,7.699999809265137,7.980000019073486,7.699999809265137,7.980000019073486,27447
2020-08-24,7.889999866485596,7.889999866485596,7.699999809265137,7.699999809265137,9334
2020-08-25,7.849999904632568,7.869999885559082,7.5,7.869999885559082,15538
2020-08-26,7.739999771118164,7.849999904632568,7.739999771118164,7.849999904632568,2650
2020-08-27,7.5,7.800000190734863,7.5,7.800000190734863,4548
2020-08-28,7.699999809265137,7.75,7.699999809265137,7.75,4935
2020-08-31,7.760000228881836,7.800000190734863,7.699999809265137,7.699999809265137,7005
2020-09-01,7.800000190734863,7.800000190734863,7.760000228881836,7.760000228881836,1680
2020-09-02,7.489999771118164,7.489999771118164,7.489999771118164,7.489999771118164,25000
2020-09-03,7.5,7.5,7.199999809265137,7.489999771118164,9820
2020-09-04,7.5,7.5,7.5,7.5,3100
2020-09-07,7.489999771118164,7.800000190734863,7.489999771118164,7.800000190734863,3819
2020-09-08,7.550000190734863,7.599999904632568,7.550000190734863,7.599999904632568,1013
2020-09-09,7.300000190734863,7.679999828338623,7.300000190734863,7.679999828338623,17692
2020-09-10,7.5,7.550000190734863,7.300000190734863,7.300000190734863,9662
2020-09-11,7.289999961853027,7.599999904632568,7.289999961853027,7.599999904632568,7731
2020-09-14,7.489999771118164,7.5,7.489999771118164,7.5,889
2020-09-15,7.199999809265137,7.210000038146973,7.199999809265137,7.210000038146973,9792
2020-09-16,7.25,7.25,7.199999809265137,7.199999809265137,6820
2020-09-17,6.789999961853027,7.079999923706055,6.789999961853027,7.079999923706055,27384
2020-09-18,6.900000095367432,7.019999980926514,6.809999942779541,7.019999980926514,23664
2020-09-21,6.599999904632568,6.699999809265137,6.5,6.5,43677
2020-09-22,6.590000152587891,6.699999809265137,6.590000152587891,6.699999809265137,11128
2020-09-23,6.739999771118164,6.739999771118164,6.5,6.5,27074
2020-09-24,6.730000019073486,6.730000019073486,6.550000190734863,6.550000190734863,15553
2020-09-25,6.5,6.739999771118164,6.5,6.5,27555
2020-09-28,6.599999904632568,6.599999904632568,6.5,6.5,5959
2020-09-29,6.789999961853027,6.789999961853027,6.699999809265137,6.699999809265137,8215
2020-09-30,6.739999771118164,6.789999961853027,6.739999771118164,6.789999961853027,20874
2020-10-01,6.75,6.75,6.75,6.75,5000
2020-10-02,6.699999809265137,6.75,6.699999809265137,6.75,10148
2020-10-05,6.789999961853027,6.789999961853027,6.699999809265137,6.699999809265137,3300
2020-10-06,7.099999904632568,7.099999904632568,6.949999809265137,6.949999809265137,2815
2020-10-07,7.059999942779541,7.059999942779541,7.059999942779541,7.059999942779541,7558
2020-10-08,7.0,7.0,6.599999904632568,6.599999904632568,5419
2020-10-09,6.989999771118164,7.0,6.989999771118164,7.0,8729
2020-10-13,6.900000095367432,6.900000095367432,6.900000095367432,6.900000095367432,5700
2020-10-14,6.900000095367432,6.900000095367432,6.699999809265137,6.900000095367432,11168
2020-10-15,6.900000095367432,6.900000095367432,6.869999885559082,6.869999885559082,3301
2020-10-16,7.489999771118164,7.489999771118164,7.0,7.0,54141
2020-10-19,8.25,8.260000228881836,8.100000381469727,8.100000381469727,55744
2020-10-20,8.25,8.25,8.100000381469727,8.25,70049
2020-10-21,8.5,8.5,8.449999809265137,8.5,48627
2020-10-22,8.5,8.5,8.399999618530273,8.399999618530273,30264
2020-10-23,8.5,8.5,8.399999618530273,8.399999618530273,37201
2020-10-26,8.489999771118164,8.779999732971191,8.489999771118164,8.779999732971191,8399
2020-10-27,8.199999809265137,8.199999809265137,8.199999809265137,8.199999809265137,571
2020-10-28,7.699999809265137,7.699999809265137,7.699999809265137,7.699999809265137,2010
2020-10-29,8.0,8.0,7.699999809265137,7.699999809265137,18670
2020-10-30,8.399999618530273,8.399999618530273,8.100000381469727,8.100000381469727,15222
2020-11-02,8.75,8.779999732971191,8.399999618530273,8.399999618530273,37308
2020-11-03,8.550000190734863,8.779999732971191,8.5,8.779999732971191,9684
2020-11-04,8.770000457763672,8.779999732971191,8.649999618530273,8.779999732971191,31750
2020-11-05,9.0,9.0,8.850000381469727,8.850000381469727,39180
2020-11-06,9.279999732971191,9.279999732971191,9.199999809265137,9.279999732971191,3702
2020-11-09,9.199999809265137,9.199999809265137,9.050000190734863,9.050000190734863,33485
2020-11-10,9.220000267028809,9.220000267028809,9.199999809265137,9.199999809265137,9898
2020-11-11,9.300000190734863,9.300000190734863,9.0,9.0,82384
2020-11-12,9.5,9.5,9.130000114440918,9.5,26083
2020-11-13,9.479999542236328,9.5,9.399999618530273,9.399999618530273,15429
2020-11-16,9.449999809265137,9.579999923706055,9.449999809265137,9.579999923706055,37269
2020-11-17,9.460000038146973,9.5,9.300000190734863,9.5,55155
2020-11-18,9.390000343322754,9.399999618530273,9.390000343322754,9.399999618530273,15290
2020-11-19,9.420000076293945,9.5,9.420000076293945,9.5,4184
2020-11-20,9.449999809265137,9.5,9.300000190734863,9.5,42822
2020-11-24,9.489999771118164,9.489999771118164,9.390000343322754,9.4399995803833,26577
2020-11-25,9.399999618530273,9.550000190734863,9.34000015258789,9.550000190734863,42820
2020-11-26,9.399999618530273,9.399999618530273,9.300000190734863,9.300000190734863,23600
2020-11-27,9.5,9.5,9.479999542236328,9.479999542236328,62521
2020-11-30,9.569999694824219,9.569999694824219,9.569999694824219,9.569999694824219,500
2020-12-01,9.529999732971191,9.550000190734863,9.529999732971191,9.550000190734863,500
2020-12-02,9.579999923706055,9.579999923706055,9.4399995803833,9.4399995803833,603
2020-12-03,9.579999923706055,9.579999923706055,9.579999923706055,9.579999923706055,250
2020-12-04,9.579999923706055,9.579999923706055,9.579999923706055,9.579999923706055,0
2020-12-09,9.460000038146973,9.699999809265137,9.460000038146973,9.699999809265137,142
2020-12-10,10.699999809265137,10.699999809265137,10.300000190734863,10.300000190734863,89596
2020-12-11,10.949999809265137,10.949999809265137,10.800000190734863,10.800000190734863,25939
2020-12-14,12.0,12.0,11.300000190734863,11.300000190734863,49468
2020-12-15,12.199999809265137,12.25,12.199999809265137,12.25,122130
2020-12-16,13.0,13.0,12.300000190734863,12.300000190734863,60883
2020-12-17,13.100000381469727,13.100000381469727,12.600000381469727,12.600000381469727,77000
2020-12-18,12.949999809265137,13.0,12.949999809265137,13.0,100416
2020-12-21,12.800000190734863,12.800000190734863,12.5,12.75,55035
2020-12-22,12.949999809265137,12.949999809265137,12.800000190734863,12.800000190734863,2704
2020-12-23,12.5,12.75,12.5,12.75,17723
2020-12-28,12.5,12.5,12.399999618530273,12.5,10907
2020-12-29,12.5,12.5,12.5,12.5,11494
2020-12-30,12.300000190734863,12.350000381469727,12.300000190734863,12.350000381469727,7922
2021-01-04,12.300000190734863,12.300000190734863,12.199999809265137,12.199999809265137,3748
2021-01-05,12.300000190734863,12.300000190734863,12.050000190734863,12.050000190734863,4517
2021-01-06,12.199999809265137,12.300000190734863,12.199999809265137,12.300000190734863,1193
2021-01-07,12.100000381469727,12.100000381469727,12.050000190734863,12.100000381469727,8361
2021-01-08,11.899999618530273,12.0,11.899999618530273,12.0,29351
2021-01-11,11.850000381469727,11.899999618530273,11.850000381469727,11.899999618530273,8806
2021-01-12,12.399999618530273,12.399999618530273,12.0,12.0,56609
2021-01-13,12.399999618530273,12.399999618530273,12.350000381469727,12.399999618530273,8086
2021-01-14,12.199999809265137,12.199999809265137,12.199999809265137,12.199999809265137,5050
2021-01-15,12.449999809265137,12.449999809265137,12.0,12.0,10709
2021-01-18,12.449999809265137,12.449999809265137,12.449999809265137,12.449999809265137,0
2021-01-19,12.699999809265137,12.699999809265137,12.699999809265137,12.699999809265137,31280
2021-01-20,13.399999618530273,13.399999618530273,13.0,13.0,87177
2021-01-21,13.800000190734863,14.0,13.800000190734863,14.0,77223
2021-01-22,13.850000381469727,13.949999809265137,13.850000381469727,13.949999809265137,7873
2021-01-25,13.800000190734863,13.899999618530273,13.75,13.899999618530273,157
2021-01-26,13.5,13.899999618530273,13.5,13.899999618530273,586
2021-01-27,13.949999809265137,13.949999809265137,13.399999618530273,13.399999618530273,17777
2021-01-28,13.399999618530273,13.5,13.399999618530273,13.399999618530273,24103
2021-01-29,13.300000190734863,13.5,13.300000190734863,13.5,19351
2021-02-01,13.800000190734863,13.800000190734863,13.0,13.0,3930
2021-02-02,13.899999618530273,13.899999618530273,13.899999618530273,13.899999618530273,3446
2021-02-03,13.800000190734863,13.800000190734863,13.5,13.800000190734863,1852
2021-02-04,13.600000381469727,13.600000381469727,13.600000381469727,13.600000381469727,2229
2021-02-05,13.800000190734863,13.800000190734863,13.699999809265137,13.699999809265137,702
2021-02-08,13.800000190734863,14.0,13.800000190734863,14.0,7160
2021-02-09,13.5,13.800000190734863,13.5,13.800000190734863,4227
2021-02-10,13.600000381469727,13.899999618530273,13.399999618530273,13.399999618530273,3318
2021-02-11,13.75,13.800000190734863,13.75,13.800000190734863,34
2021-02-12,13.5,13.5,13.5,13.5,9000
2021-02-17,13.5,13.5,13.5,13.5,1800
2021-02-18,13.5,13.699999809265137,13.5,13.699999809265137,2217
2021-02-19,13.050000190734863,13.300000190734863,13.050000190734863,13.300000190734863,9188
2021-02-22,12.850000381469727,12.850000381469727,12.850000381469727,12.850000381469727,3978
2021-02-23,12.850000381469727,12.850000381469727,12.850000381469727,12.850000381469727,0
2021-02-24,12.850000381469727,13.0,12.850000381469727,13.0,1357
2021-02-25,12.5,12.850000381469727,12.5,12.850000381469727,5562
2021-02-26,13.100000381469727,13.100000381469727,12.5,12.5,3958
2021-03-01,13.100000381469727,13.100000381469727,13.100000381469727,13.100000381469727,0
2021-03-02,12.800000190734863,12.800000190734863,12.5,12.5,1982
2021-03-03,12.5,12.600000381469727,12.5,12.600000381469727,4000
2021-03-04,12.800000190734863,12.800000190734863,12.800000190734863,12.800000190734863,100
2021-03-05,12.800000190734863,12.800000190734863,12.800000190734863,12.800000190734863,25831
2021-03-08,13.0,13.0,12.5,12.5,18886
2021-03-09,12.949999809265137,12.949999809265137,12.949999809265137,12.949999809265137,384
2021-03-10,12.899999618530273,12.899999618530273,12.899999618530273,12.899999618530273,1000
2021-03-11,12.899999618530273,13.0,12.899999618530273,13.0,21592
2021-03-12,15.5,15.5,14.100000381469727,14.100000381469727,83322
2021-03-15,16.149999618530273,16.5,16.149999618530273,16.5,35766
2021-03-16,16.25,16.25,15.899999618530273,16.25,68454
2021-03-17,16.299999237060547,16.399999618530273,16.299999237060547,16.399999618530273,124801
2021-03-18,16.0,16.5,16.0,16.5,23073
2021-03-19,16.0,16.0,16.0,16.0,6150
2021-03-22,15.949999809265137,16.0,15.800000190734863,16.0,4078
2021-03-23,15.899999618530273,16.0,15.399999618530273,15.399999618530273,41612
2021-03-25,16.0,16.100000381469727,16.0,16.100000381469727,27325
2021-03-26,16.0,16.0,15.899999618530273,15.899999618530273,51455
2021-03-29,15.949999809265137,15.949999809265137,15.5,15.5,1002
2021-03-30,15.800000190734863,16.0,15.75,15.75,29923
2021-03-31,15.949999809265137,15.949999809265137,15.75,15.75,47404
2021-04-05,15.949999809265137,16.0,15.800000190734863,16.0,37676
2021-04-06,15.850000381469727,15.850000381469727,15.75,15.75,8857
2021-04-07,15.949999809265137,16.0,15.949999809265137,16.0,26650
2021-04-08,16.0,16.0,16.0,16.0,500
2021-04-09,16.0,16.0,16.0,16.0,218
2021-04-12,15.899999618530273,15.899999618530273,15.899999618530273,15.899999618530273,6
2021-04-13,15.800000190734863,15.899999618530273,15.800000190734863,15.899999618530273,2
2021-04-14,15.5,15.699999809265137,15.5,15.5,23380
2021-04-15,15.5,15.5,15.5,15.5,500
2021-04-16,15.449999809265137,15.449999809265137,15.449999809265137,15.449999809265137,610
2021-04-19,15.449999809265137,15.449999809265137,15.449999809265137,15.449999809265137,17
2021-04-20,15.449999809265137,15.449999809265137,15.449999809265137,15.449999809265137,500
2021-04-21,15.399999618530273,15.399999618530273,15.0,15.0,17660
2021-04-22,15.399999618530273,15.399999618530273,15.399999618530273,15.399999618530273,0
2021-04-23,20.5,20.5,20.5,20.5,86116
2021-04-26,19.600000381469727,20.549999237060547,19.600000381469727,20.549999237060547,96034
2021-04-27,19.600000381469727,19.600000381469727,19.0,19.0,129164
2021-04-28,19.950000762939453,19.950000762939453,19.5,19.5,88045
2021-04-29,19.899999618530273,19.899999618530273,19.700000762939453,19.700000762939453,57517
2021-04-30,19.450000762939453,19.450000762939453,19.0,19.0,68366
2021-05-03,19.399999618530273,19.399999618530273,19.0,19.0,17020
2021-05-04,19.100000381469727,19.100000381469727,19.0,19.0,12495
2021-05-05,19.0,19.0,19.0,19.0,6752
2021-05-06,18.899999618530273,18.899999618530273,18.899999618530273,18.899999618530273,26419
2021-05-07,19.450000762939453,19.450000762939453,19.350000381469727,19.350000381469727,26597
2021-05-10,19.399999618530273,19.450000762939453,19.399999618530273,19.450000762939453,14224
2021-05-11,19.850000381469727,20.0,19.399999618530273,19.399999618530273,31493
2021-05-12,20.0,20.0,19.700000762939453,19.700000762939453,31288
2021-05-13,20.0,20.100000381469727,20.0,20.0,15447
2021-05-14,19.75,20.0,19.75,20.0,6009
2021-05-17,19.850000381469727,19.950000762939453,19.799999237060547,19.799999237060547,21326
2021-05-18,19.850000381469727,19.850000381469727,19.700000762939453,19.75,42026
2021-05-19,19.850000381469727,19.850000381469727,19.700000762939453,19.700000762939453,45867
2021-05-20,20.200000762939453,20.200000762939453,19.850000381469727,19.850000381469727,7015
2021-05-21,20.100000381469727,20.200000762939453,20.100000381469727,20.200000762939453,23268
2021-05-26,20.5,20.5,20.200000762939453,20.200000762939453,9052
2021-05-27,20.450000762939453,20.5,20.350000381469727,20.5,15200
2021-05-28,20.700000762939453,20.700000762939453,20.600000381469727,20.600000381469727,18207
2021-05-31,20.899999618530273,20.899999618530273,20.5,20.5,14300
2021-06-01,20.899999618530273,20.899999618530273,20.899999618530273,20.899999618530273,3753
2021-06-02,20.5,20.799999237060547,20.5,20.799999237060547,13854
2021-06-03,20.399999618530273,20.399999618530273,20.200000762939453,20.200000762939453,16806
2021-06-04,20.25,20.450000762939453,20.0,20.450000762939453,21066
2021-06-07,20.299999237060547,20.399999618530273,20.0,20.399999618530273,23741
2021-06-08,19.700000762939453,19.899999618530273,19.700000762939453,19.899999618530273,58231
2021-06-09,20.200000762939453,20.200000762939453,19.899999618530273,19.899999618530273,23131
2021-06-10,20.149999618530273,20.149999618530273,20.100000381469727,20.100000381469727,15000
2021-06-11,20.100000381469727,20.100000381469727,20.100000381469727,20.100000381469727,13633
2021-06-14,20.149999618530273,20.149999618530273,20.149999618530273,20.149999618530273,5514
2021-06-15,20.200000762939453,20.200000762939453,20.200000762939453,20.200000762939453,24942
2021-06-16,20.200000762939453,20.299999237060547,20.200000762939453,20.299999237060547,10456
2021-06-17,20.299999237060547,20.399999618530273,20.299999237060547,20.399999618530273,3878
2021-06-18,20.25,20.25,20.25,20.25,80
2021-06-22,20.25,20.25,19.950000762939453,20.25,9695
2021-06-23,20.0,20.200000762939453,20.0,20.200000762939453,12081
2021-06-24,20.25,20.25,20.100000381469727,20.100000381469727,3259
2021-06-25,20.25,20.350000381469727,20.25,20.350000381469727,4400
2021-06-28,20.299999237060547,20.399999618530273,20.299999237060547,20.399999618530273,155
2021-06-29,20.399999618530273,20.399999618530273,20.100000381469727,20.100000381469727,5309
2021-06-30,20.299999237060547,20.299999237060547,20.0,20.299999237060547,6511
2021-07-01,20.299999237060547,20.399999618530273,20.299999237060547,20.399999618530273,8768
2021-07-02,20.399999618530273,20.399999618530273,19.899999618530273,20.399999618530273,6020
2021-07-05,20.399999618530273,20.5,20.399999618530273,20.5,8290
2021-07-06,20.399999618530273,20.399999618530273,20.0,20.399999618530273,16722
2021-07-07,20.350000381469727,20.450000762939453,20.350000381469727,20.450000762939453,1999
2021-07-08,21.799999237060547,21.799999237060547,20.850000381469727,20.850000381469727,171557
2021-07-12,22.450000762939453,22.450000762939453,21.850000381469727,21.850000381469727,6928
2021-07-13,22.450000762939453,22.450000762939453,22.399999618530273,22.450000762939453,7900
2021-07-14,22.5,22.5,22.5,22.5,4847
2021-07-15,22.450000762939453,22.5,22.450000762939453,22.5,10238
2021-07-16,23.0,23.0,22.299999237060547,22.299999237060547,77023
2021-07-19,23.700000762939453,23.700000762939453,23.549999237060547,23.549999237060547,29589
2021-07-20,23.600000381469727,23.700000762939453,23.600000381469727,23.700000762939453,68176
2021-07-21,23.700000762939453,23.700000762939453,23.700000762939453,23.700000762939453,31524
2021-07-22,23.700000762939453,23.700000762939453,23.700000762939453,23.700000762939453,10964
2021-07-23,23.700000762939453,23.700000762939453,23.600000381469727,23.700000762939453,40518
2021-07-26,23.700000762939453,23.700000762939453,23.700000762939453,23.700000762939453,175129
2021-07-27,23.950000762939453,23.950000762939453,23.700000762939453,23.700000762939453,58560
2021-07-28,23.75,23.75,23.700000762939453,23.700000762939453,19095
2021-07-29,24.0,24.0,23.799999237060547,24.0,2791
2021-07-30,23.950000762939453,23.950000762939453,23.950000762939453,23.950000762939453,990
2021-08-02,23.75,23.799999237060547,23.700000762939453,23.700000762939453,8676
2021-08-03,23.799999237060547,23.799999237060547,23.75,23.799999237060547,29537
2021-08-04,23.799999237060547,23.799999237060547,23.75,23.799999237060547,14972
2021-08-05,23.799999237060547,23.850000381469727,23.799999237060547,23.799999237060547,85454
2021-08-06,23.899999618530273,23.899999618530273,23.799999237060547,23.799999237060547,14070
2021-08-09,23.850000381469727,24.0,23.850000381469727,24.0,74822
2021-08-10,23.799999237060547,24.0,23.799999237060547,24.0,40510
2021-08-11,24.0,24.0,23.850000381469727,23.850000381469727,114350
2021-08-12,24.049999237060547,24.049999237060547,24.0,24.0,26565
2021-08-13,24.149999618530273,24.149999618530273,24.0,24.0,47977
2021-08-17,24.200000762939453,24.200000762939453,24.149999618530273,24.149999618530273,9837
2021-08-18,24.200000762939453,24.200000762939453,24.200000762939453,24.200000762939453,23039
2021-08-19,24.149999618530273,24.200000762939453,24.149999618530273,24.200000762939453,29433
2021-08-20,24.25,24.25,24.149999618530273,24.149999618530273,71961
2021-08-23,24.299999237060547,24.299999237060547,24.200000762939453,24.200000762939453,20430
2021-08-24,24.299999237060547,24.299999237060547,24.299999237060547,24.299999237060547,3126
2021-08-25,24.299999237060547,24.299999237060547,24.100000381469727,24.100000381469727,8500
2021-08-26,24.100000381469727,24.200000762939453,24.100000381469727,24.200000762939453,5330
2021-08-27,24.100000381469727,24.100000381469727,23.75,23.950000762939453,45399
2021-08-30,24.100000381469727,24.100000381469727,24.100000381469727,24.100000381469727,0
2021-08-31,24.100000381469727,24.100000381469727,24.100000381469727,24.100000381469727,0
2021-09-01,24.100000381469727,24.100000381469727,24.100000381469727,24.100000381469727,0
2021-09-02,24.100000381469727,24.100000381469727,24.100000381469727,24.100000381469727,0
2021-09-03,24.100000381469727,24.100000381469727,24.100000381469727,24.100000381469727,0
2021-09-06,24.100000381469727,24.100000381469727,24.100000381469727,24.100000381469727,0
2021-09-07,24.100000381469727,24.100000381469727,24.100000381469727,24.100000381469727,0
2021-09-08,24.100000381469727,24.100000381469727,24.100000381469727,24.100000381469727,0
2021-09-09,24.100000381469727,24.100000381469727,24.100000381469727,24.100000381469727,0
2021-09-10,24.100000381469727,24.100000381469727,24.100000381469727,24.100000381469727,0
2021-09-13,24.100000381469727,24.100000381469727,24.100000381469727,24.100000381469727,0
2021-09-14,27.899999618530273,27.899999618530273,27.5,27.5,303
2021-09-15,28.0,28.0,28.0,28.0,143
2021-09-16,28.399999618530273,28.5,28.399999618530273,28.5,155
2021-09-17,29.600000381469727,29.600000381469727,29.0,29.0,10509
2021-09-20,29.299999237060547,29.299999237060547,29.299999237060547,29.299999237060547,295
2021-09-21,31.0,31.0,31.0,31.0,26
2021-09-22,30.950000762939453,31.5,30.950000762939453,31.5,727
2021-09-23,29.799999237060547,29.799999237060547,29.799999237060547,29.799999237060547,110
2021-09-24,30.0,30.0,30.0,30.0,13
2021-09-27,30.0,30.0,30.0,30.0,0
2021-09-28,30.0,30.0,30.0,30.0,250
2021-09-29,28.0,30.0,28.0,30.0,5626
2021-09-30,30.0,30.0,30.0,30.0,5
2021-10-01,29.850000381469727,29.850000381469727,29.850000381469727,29.850000381469727,2
2021-10-04,29.75,29.75,29.75,29.75,518
2021-10-05,30.0,30.0,30.0,30.0,11
2021-10-06,30.200000762939453,30.200000762939453,30.200000762939453,30.200000762939453,10
2021-10-07,30.350000381469727,30.350000381469727,30.350000381469727,30.350000381469727,8
2021-10-12,30.850000381469727,30.899999618530273,30.850000381469727,30.899999618530273,1662
2021-10-13,30.850000381469727,30.850000381469727,30.850000381469727,30.850000381469727,0
2021-10-14,30.850000381469727,30.850000381469727,30.850000381469727,30.850000381469727,0
2021-10-15,30.0,30.299999237060547,29.950000762939453,30.299999237060547,1821
2021-10-18,30.049999237060547,30.049999237060547,29.100000381469727,29.100000381469727,2607
2021-10-19,29.850000381469727,29.950000762939453,28.700000762939453,29.950000762939453,12794
2021-10-20,29.850000381469727,29.850000381469727,29.850000381469727,29.850000381469727,0
2021-10-21,30.799999237060547,30.799999237060547,30.799999237060547,30.799999237060547,300
2021-10-22,32.0,32.0,30.799999237060547,30.799999237060547,1064
2021-10-25,31.5,32.5,31.5,32.5,5101
2021-10-26,30.0,30.0,29.5,29.5,3469
2021-10-27,30.0,30.700000762939453,30.0,30.700000762939453,1396
2021-10-28,30.899999618530273,31.0,30.0,31.0,3344
2021-10-29,30.799999237060547,30.799999237060547,30.799999237060547,30.799999237060547,2
2021-11-01,30.649999618530273,30.649999618530273,30.649999618530273,30.649999618530273,160
2021-11-02,30.700000762939453,31.0,30.700000762939453,31.0,167
2021-11-03,29.899999618530273,30.0,29.899999618530273,30.0,2591
2021-11-04,30.0,30.0,29.0,29.899999618530273,2908
2021-11-05,30.0,30.0,30.0,30.0,0
2021-11-08,30.899999618530273,30.899999618530273,30.899999618530273,30.899999618530273,105
2021-11-09,30.0,30.0,30.0,30.0,69
2021-11-10,29.0,29.0,29.0,29.0,1335
2021-11-11,30.0,31.0,29.399999618530273,29.399999618530273,5722
2021-11-12,30.600000381469727,30.600000381469727,30.600000381469727,30.600000381469727,19
2021-11-15,29.5,31.0,29.5,31.0,1008
2021-11-16,30.0,30.0,29.0,29.0,1025
2021-11-17,32.0,32.0,32.0,32.0,1455
2021-11-18,30.5,31.0,30.5,31.0,188
2021-11-19,30.899999618530273,30.899999618530273,30.399999618530273,30.399999618530273,2116
2021-11-23,30.899999618530273,30.899999618530273,30.899999618530273,30.899999618530273,0
2021-11-24,30.799999237060547,30.899999618530273,30.799999237060547,30.899999618530273,1823
2021-11-25,30.799999237060547,31.0,30.799999237060547,30.899999618530273,1044
2021-11-26,30.799999237060547,30.799999237060547,30.799999237060547,30.799999237060547,0
2021-11-29,30.899999618530273,30.899999618530273,30.899999618530273,30.899999618530273,1000
2021-11-30,30.700000762939453,30.700000762939453,30.700000762939453,30.700000762939453,350
2021-12-01,30.700000762939453,30.700000762939453,30.700000762939453,30.700000762939453,110
2021-12-02,30.700000762939453,30.700000762939453,30.700000762939453,30.700000762939453,0
2021-12-03,30.700000762939453,30.700000762939453,30.700000762939453,30.700000762939453,0
2021-12-06,29.799999237060547,29.799999237060547,29.799999237060547,29.799999237060547,130
2021-12-07,29.899999618530273,29.899999618530273,28.299999237060547,28.299999237060547,3891
2021-12-09,29.899999618530273,29.899999618530273,29.899999618530273,29.899999618530273,1000
2021-12-10,29.899999618530273,29.899999618530273,29.899999618530273,29.899999618530273,1256
2021-12-13,29.0,29.950000762939453,29.0,29.950000762939453,2510
2021-12-14,29.899999618530273,29.899999618530273,29.899999618530273,29.899999618530273,5
2021-12-15,29.5,29.5,29.5,29.5,25
2021-12-16,28.100000381469727,29.5,28.049999237060547,28.049999237060547,115
2021-12-17,28.100000381469727,28.100000381469727,28.100000381469727,28.100000381469727,0
2021-12-20,28.100000381469727,28.100000381469727,28.100000381469727,28.100000381469727,0
2021-12-21,29.899999618530273,29.899999618530273,28.700000762939453,28.700000762939453,3477
2021-12-22,29.950000762939453,29.950000762939453,29.950000762939453,29.950000762939453,900
2021-12-23,29.950000762939453,29.950000762939453,28.799999237060547,28.799999237060547,9093
2021-12-27,29.950000762939453,29.950000762939453,29.0,29.950000762939453,2484
2021-12-28,29.899999618530273,29.899999618530273,29.899999618530273,29.899999618530273,200
2021-12-29,29.950000762939453,29.950000762939453,29.950000762939453,29.950000762939453,1000
2021-12-30,31.0,31.0,31.0,31.0,4105
2022-01-03,29.950000762939453,30.0,29.950000762939453,30.0,1300
2022-01-04,29.850000381469727,29.850000381469727,29.0,29.200000762939453,2030
2022-01-05,29.899999618530273,29.950000762939453,29.5,29.5,2299
2022-01-06,29.950000762939453,29.950000762939453,29.950000762939453,29.950000762939453,30
2022-01-07,30.0,30.0,29.950000762939453,29.950000762939453,10050
2022-01-10,32.0,32.0,30.0,30.0,54330
2022-01-11,32.0,32.0,32.0,32.0,100
2022-01-12,32.0,32.0,32.0,32.0,100
2022-01-13,31.450000762939453,31.450000762939453,30.5,30.5,4397
2022-01-14,30.700000762939453,31.649999618530273,30.600000381469727,31.649999618530273,3099
2022-01-17,31.75,31.850000381469727,31.75,31.850000381469727,450
2022-01-18,30.450000762939453,31.899999618530273,30.450000762939453,31.899999618530273,2100
2022-01-19,30.5,30.5,30.399999618530273,30.399999618530273,1133
2022-01-20,30.899999618530273,30.950000762939453,30.899999618530273,30.950000762939453,700
2022-01-21,30.899999618530273,30.899999618530273,30.899999618530273,30.899999618530273,1715
2022-01-24,30.0,30.0,30.0,30.0,2500
2022-01-25,30.5,30.5,30.5,30.5,20
2022-01-26,30.450000762939453,30.450000762939453,30.049999237060547,30.299999237060547,1360
2022-01-27,30.450000762939453,30.5,30.100000381469727,30.5,1200
2022-01-28,30.850000381469727,30.850000381469727,30.5,30.5,3143
2022-01-31,31.5,31.5,31.5,31.5,1600
2022-02-01,32.0,32.0,31.950000762939453,31.950000762939453,6457
2022-02-02,31.950000762939453,31.950000762939453,31.950000762939453,31.950000762939453,100
2022-02-03,31.850000381469727,31.850000381469727,31.850000381469727,31.850000381469727,100
2022-02-04,32.0,32.0,31.950000762939453,31.950000762939453,13156
2022-02-07,34.0,34.0,32.29999923706055,33.0,17655
2022-02-08,35.0,35.0,34.95000076293945,35.0,14143
2022-02-09,37.0,37.0,37.0,37.0,52051
2022-02-10,37.0,37.0,37.0,37.0,56034
2022-02-11,37.0,37.0,37.0,37.0,30
2022-02-14,35.5,35.5,35.5,35.5,3518
2022-02-15,35.5,35.5,35.5,35.5,55
2022-02-16,35.5,35.5,35.5,35.5,200
2022-02-17,35.5,35.5,35.5,35.5,749
2022-02-18,35.0,35.400001525878906,34.5,35.400001525878906,1155
2022-02-21,35.0,35.5,35.0,35.5,180
2022-02-22,35.900001525878906,35.900001525878906,34.0,35.0,5600
2022-02-23,35.95000076293945,35.95000076293945,35.95000076293945,35.95000076293945,100
2022-02-24,35.95000076293945,35.95000076293945,35.95000076293945,35.95000076293945,0
2022-02-25,35.5,35.5,35.0,35.0,2010
2022-03-02,35.5,35.5,35.5,35.5,0
2022-03-03,35.5,35.5,35.5,35.5,100
2022-03-04,35.0,35.0,35.0,35.0,1120
2022-03-07,35.0,35.0,35.0,35.0,10
2022-03-08,35.0,35.0,33.0,33.0,255
2022-03-09,35.0,35.0,35.0,35.0,100
2022-03-10,35.0,35.0,35.0,35.0,5
2022-03-11,35.0,35.0,35.0,35.0,0
2022-03-14,35.0,35.0,35.0,35.0,0
2022-03-15,35.0,35.0,35.0,35.0,15
2022-03-16,35.0,35.0,34.0,34.0,15
2022-03-17,35.0,35.0,35.0,35.0,0
2022-03-18,34.5,34.900001525878906,34.5,34.900001525878906,1115
2022-03-21,34.900001525878906,34.900001525878906,34.900001525878906,34.900001525878906,100
2022-03-22,34.900001525878906,34.900001525878906,34.900001525878906,34.900001525878906,0
2022-03-23,34.5,34.5,34.5,34.5,100
2022-03-25,35.0,35.0,35.0,35.0,100
2022-03-28,35.0,35.0,35.0,35.0,0
2022-03-29,34.0,34.0,34.0,34.0,5
2022-03-30,33.79999923706055,34.0,33.79999923706055,34.0,210
2022-03-31,33.0,33.75,33.0,33.75,2487
2022-04-01,33.5,33.5,33.0,33.0,1400
2022-04-04,33.900001525878906,34.0,31.200000762939453,34.0,30094
2022-04-05,31.5,33.5,31.5,33.5,15639
2022-04-06,31.899999618530273,31.899999618530273,31.0,31.0,10750
2022-04-07,31.5,31.5,31.0,31.0,11000
2022-04-08,31.5,32.0,31.5,32.0,186
2022-04-11,30.5,31.5,30.5,31.5,3620
2022-04-12,31.5,31.5,29.100000381469727,29.600000381469727,13910
2022-04-13,30.0,30.0,30.0,30.0,7000
2022-04-18,30.5,30.5,30.5,30.5,30
2022-04-19,29.5,30.0,29.5,30.0,12957
2022-04-20,31.0,31.0,29.0,29.0,16306
2022-04-21,31.0,31.0,30.0,30.0,10690
2022-04-22,33.0,33.0,32.0,32.0,5008
2022-04-25,30.799999237060547,30.799999237060547,30.0,30.0,25324
2022-04-26,30.5,30.5,30.049999237060547,30.049999237060547,20025
2022-04-27,31.0,31.0,30.5,30.5,370
2022-04-28,31.0,31.0,31.0,31.0,310
2022-04-29,30.0,30.0,30.0,30.0,8786
2022-05-02,31.399999618530273,31.399999618530273,31.399999618530273,31.399999618530273,10
2022-05-03,31.350000381469727,31.350000381469727,31.350000381469727,31.350000381469727,5
2022-05-04,31.450000762939453,31.450000762939453,31.450000762939453,31.450000762939453,500
2022-05-05,31.450000762939453,31.450000762939453,31.450000762939453,31.450000762939453,8
2022-05-06,31.450000762939453,31.450000762939453,30.0,30.0,5648
2022-05-09,31.450000762939453,31.450000762939453,31.450000762939453,31.450000762939453,0
2022-05-10,31.399999618530273,31.399999618530273,31.399999618530273,31.399999618530273,188
2022-05-11,31.399999618530273,31.399999618530273,31.399999618530273,31.399999618530273,0
2022-05-12,31.0,31.0,31.0,31.0,50
2022-05-13,31.5,31.5,31.5,31.5,40
2022-05-16,31.399999618530273,31.5,31.399999618530273,31.5,151
2022-05-17,31.0,31.0,30.0,30.5,3010
2022-05-19,31.5,31.5,31.5,31.5,2
2022-05-20,31.5,31.5,31.5,31.5,10
2022-05-23,29.799999237060547,31.0,29.799999237060547,31.0,1324
2022-05-24,30.450000762939453,30.450000762939453,30.450000762939453,30.450000762939453,5
2022-05-26,31.0,31.0,30.0,30.0,18373
2022-05-27,31.0,31.0,30.0,30.0,193
2022-05-30,31.0,31.0,31.0,31.0,0
2022-05-31,31.0,31.0,31.0,31.0,0
2022-06-01,31.0,31.0,31.0,31.0,0
2022-06-02,31.0,31.0,31.0,31.0,35
2022-06-03,31.399999618530273,31.399999618530273,31.049999237060547,31.049999237060547,1300
2022-06-06,31.399999618530273,31.399999618530273,31.399999618530273,31.399999618530273,0
2022-06-07,31.0,31.0,31.0,31.0,5
2022-06-08,30.0,30.100000381469727,30.0,30.100000381469727,1501
2022-06-09,31.0,31.0,30.0,30.0,22313
2022-06-10,31.350000381469727,31.350000381469727,30.0,30.0,20050
2022-06-13,31.350000381469727,31.350000381469727,31.350000381469727,31.350000381469727,0
2022-06-14,31.450000762939453,31.450000762939453,30.0,30.0,1015
2022-06-15,30.0,30.0,30.0,30.0,200
2022-06-16,30.5,30.5,30.5,30.5,100
2022-06-21,31.5,31.5,31.5,31.5,20
2022-06-22,31.350000381469727,31.350000381469727,29.5,29.5,4050
2022-06-23,31.350000381469727,31.350000381469727,31.350000381469727,31.350000381469727,0
2022-06-24,31.350000381469727,31.350000381469727,31.350000381469727,31.350000381469727,0
2022-06-27,31.0,31.0,31.0,31.0,5
2022-06-28,31.0,31.0,31.0,31.0,0
2022-06-29,31.399999618530273,31.399999618530273,31.399999618530273,31.399999618530273,10
2022-06-30,31.399999618530273,31.399999618530273,31.399999618530273,31.399999618530273,0
2022-07-01,31.0,31.0,31.0,31.0,200
2022-07-04,31.0,31.0,31.0,31.0,25
2022-07-05,30.700000762939453,30.700000762939453,30.700000762939453,30.700000762939453,100
2022-07-06,31.0,31.0,31.0,31.0,5
2022-07-07,31.5,31.5,30.0,30.0,33822
2022-07-08,31.850000381469727,31.850000381469727,31.850000381469727,31.850000381469727,5
2022-07-11,31.850000381469727,31.850000381469727,31.850000381469727,31.850000381469727,40
2022-07-12,31.549999237060547,31.549999237060547,31.549999237060547,31.549999237060547,1570
2022-07-13,31.450000762939453,31.450000762939453,30.700000762939453,30.700000762939453,5147
2022-07-14,30.5,31.0,30.5,31.0,1689
2022-07-15,31.399999618530273,31.399999618530273,31.399999618530273,31.399999618530273,5005
2022-07-18,31.0,31.0,31.0,31.0,10277
2022-07-19,31.450000762939453,31.450000762939453,31.0,31.0,85
2022-07-20,33.0,33.0,32.0,32.0,36260
2022-07-21,34.0,34.0,33.5,33.5,400
2022-07-22,35.0,35.0,35.0,35.0,2894
2022-07-25,35.0,36.0,35.0,36.0,165
2022-07-26,34.0,35.0,34.0,35.0,10010
2022-07-27,35.5,35.5,35.0,35.0,10006
2022-07-28,36.0,36.5,36.0,36.5,24622
2022-07-29,36.099998474121094,36.20000076293945,36.099998474121094,36.20000076293945,13590
2022-08-01,34.5,36.20000076293945,34.5,36.20000076293945,4002
2022-08-02,36.650001525878906,37.0,34.0,37.0,14
2022-08-03,35.0,38.0,35.0,36.650001525878906,2813
2022-08-04,35.0,35.0,35.0,35.0,36640
2022-08-05,37.0,37.0,37.0,37.0,5815
2022-08-08,37.0,37.0,37.0,37.0,2124
2022-08-09,35.29999923706055,36.0,35.0,35.0,31163
2022-08-10,35.79999923706055,37.0,35.29999923706055,36.5,3791
2022-08-11,35.0,37.0,34.0,34.0,27479
2022-08-12,35.0,36.0,34.0,36.0,7181
2022-08-16,35.0,35.0,35.0,35.0,13337
2022-08-17,36.0,36.0,36.0,36.0,16
2022-08-18,35.5,37.0,35.0,35.0,3411
2022-08-19,35.0,35.0,33.0,33.0,73007
2022-08-22,35.0,35.0,35.0,35.0,7112
2022-08-23,38.0,38.0,34.5,36.0,2650
2022-08-24,40.04999923706055,41.5,38.0,38.0,563
2022-08-25,42.25,42.25,42.25,42.25,60
2022-08-26,43.5,43.5,43.5,43.5,8
2022-08-29,42.95000076293945,43.5,42.95000076293945,43.5,800
2022-08-30,42.95000076293945,42.95000076293945,42.95000076293945,42.95000076293945,251
2022-08-31,42.95000076293945,42.95000076293945,42.95000076293945,42.95000076293945,0
2022-09-01,41.25,42.95000076293945,41.0,41.0,255
2022-09-05,41.25,41.25,41.25,41.25,0
2022-09-06,41.25,41.25,41.25,41.25,0
2022-09-07,42.0,42.0,42.0,42.0,1642
2022-09-08,40.900001525878906,40.900001525878906,40.900001525878906,40.900001525878906,350
2022-09-09,39.20000076293945,40.20000076293945,39.0,39.0,600
2022-09-12,40.0,41.599998474121094,40.0,41.599998474121094,143
2022-09-13,40.0,40.0,40.0,40.0,0
2022-09-14,39.5,39.5,36.0,36.0,3551
2022-09-15,39.5,39.5,39.5,39.5,0
2022-09-16,39.349998474121094,39.5,37.0,39.5,12615
2022-09-19,38.0,38.0,38.0,38.0,53
2022-09-20,38.0,38.0,38.0,38.0,5687
2022-09-21,37.0,37.0,37.0,37.0,5500
2022-09-22,36.0,37.0,35.5,37.0,2500
2022-09-23,36.0,36.0,36.0,36.0,0
2022-09-26,36.20000076293945,40.0,34.5,37.79999923706055,26004
2022-09-27,38.900001525878906,38.900001525878906,38.900001525878906,38.900001525878906,108
2022-09-28,38.0,38.0,38.0,38.0,104
2022-09-29,38.0,38.0,38.0,38.0,0
2022-09-30,39.150001525878906,40.5,39.0,39.0,3500
2022-10-03,39.150001525878906,39.150001525878906,39.150001525878906,39.150001525878906,0
2022-10-04,40.0,40.0,40.0,40.0,252
2022-10-05,40.0,40.0,40.0,40.0,0
2022-10-06,40.0,40.0,40.0,40.0,50
2022-10-11,39.900001525878906,39.900001525878906,39.900001525878906,39.900001525878906,151
2022-10-12,36.04999923706055,38.0,36.0,36.0,5150
2022-10-13,36.04999923706055,36.04999923706055,36.04999923706055,36.04999923706055,5547
2022-10-14,37.0,37.0,37.0,37.0,52
2022-10-17,35.5,37.0,35.0,37.0,12300
2022-10-18,36.0,36.0,34.0,34.0,430
2022-10-19,36.0,36.0,36.0,36.0,41
2022-10-20,35.5,35.5,32.79999923706055,32.79999923706055,40
2022-10-21,36.0,36.0,36.0,36.0,70
2022-10-24,36.0,36.0,36.0,36.0,0
2022-10-25,36.0,36.0,36.0,36.0,0
2022-10-26,36.0,36.0,36.0,36.0,0
2022-10-27,36.0,36.0,36.0,36.0,0
2022-10-28,36.0,36.0,36.0,36.0,0
2022-10-31,36.0,36.0,36.0,36.0,50
2022-11-01,36.0,36.0,36.0,36.0,101
2022-11-02,35.0,36.0,35.0,36.0,600
2022-11-03,35.0,35.0,35.0,35.0,0
2022-11-04,34.0,35.0,34.0,35.0,18286
2022-11-07,32.45000076293945,34.0,31.0,34.0,5956
2022-11-08,32.79999923706055,35.0,32.45000076293945,32.45000076293945,724
2022-11-09,34.0,34.0,34.0,34.0,9
2022-11-10,34.0,34.0,34.0,34.0,0
2022-11-11,34.0,34.0,34.0,34.0,100
2022-11-14,34.599998474121094,35.0,34.0,34.0,13535
2022-11-15,35.0,35.0,35.0,35.0,661
2022-11-16,33.650001525878906,33.75,32.0,32.0,12849
2022-11-17,33.0,33.0,33.0,33.0,1704
2022-11-18,32.0,32.0,32.0,32.0,4046
2022-11-22,31.0,32.0,31.0,32.0,9470
2022-11-23,31.0,31.799999237060547,29.5,29.5,42624
2022-11-24,31.5,32.0,31.5,32.0,1312
2022-11-25,30.0,30.0,30.0,30.0,24388
2022-11-28,30.0,30.0,30.0,30.0,0
2022-11-29,31.049999237060547,32.900001525878906,31.0,32.900001525878906,313
2022-11-30,31.049999237060547,31.049999237060547,31.049999237060547,31.049999237060547,0
2022-12-01,31.5,31.5,31.5,31.5,1056
2022-12-02,32.0,32.0,32.0,32.0,1350
2022-12-05,32.20000076293945,32.5,32.0,32.5,1755
2022-12-06,32.29999923706055,33.0,32.25,32.25,4000
2022-12-07,32.5,32.5,32.5,32.5,5682
2022-12-12,30.75,30.5,30.5,30.5,12312
2022-12-13,30.0,31.0,30.0,31.0,54006
2022-12-14,31.0,31.0,31.0,31.0,90
2022-12-15,31.5,31.5,31.0,31.0,17279
2022-12-16,32.0,33.0,32.0,32.0,16794
2022-12-19,33.0,33.0,33.0,33.0,550
2022-12-20,33.0,33.0,33.0,33.0,0
2022-12-21,33.0,33.0,33.0,33.0,68
2022-12-22,34.75,35.0,34.0,34.0,845
2022-12-23,34.5,34.5,34.0,34.5,4633
2022-12-26,33.849998474121094,34.5,33.5,34.5,9726
2022-12-27,33.79999923706055,33.849998474121094,33.0,33.0,1000
2022-12-28,34.5,34.5,33.79999923706055,33.79999923706055,15368
2022-12-29,36.0,36.0,34.5,34.5,16764
2022-12-30,36.0,36.0,36.0,36.0,212
2023-01-02,35.5,37.0,35.5,37.0,4666
2023-01-03,36.849998474121094,37.5,36.5,37.5,11914
2023-01-04,38.0,39.0,37.04999923706055,37.099998474121094,12041
2023-01-05,39.79999923706055,40.0,38.0,38.0,3356
2023-01-06,40.0,40.0,40.0,40.0,8540
2023-01-09,40.0,40.0,38.0,38.0,18754
2023-01-10,40.650001525878906,41.0,39.0,39.900001525878906,3881
2023-01-11,43.0,44.0,42.0,42.0,9396
2023-01-12,44.0,44.0,40.0,40.0,6330
2023-01-13,46.0,46.0,44.0,45.0,12117
2023-01-16,47.0,47.0,47.0,47.0,9001
2023-01-17,49.0,49.0,46.0,47.0,18585
2023-01-18,49.0,49.0,49.0,49.0,0
2023-01-19,47.0,49.0,47.0,49.0,1059
2023-01-20,47.900001525878906,48.5,46.0,46.0,4796
2023-01-23,49.0,49.0,49.0,49.0,2147
2023-01-24,49.650001525878906,50.0,45.0,45.0,2866
2023-01-25,49.5,49.95000076293945,49.5,49.5,4133
2023-01-26,49.5,49.5,47.0,47.0,80
2023-01-27,49.150001525878906,49.5,49.0,49.5,683
2023-01-30,47.900001525878906,48.0,46.0,47.0,3136
2023-01-31,48.95000076293945,50.0,47.900001525878906,48.5,4027
2023-02-01,46.5,46.5,46.5,46.5,16246
2023-02-02,49.5,49.5,49.0,49.0,623
2023-02-03,50.0,50.0,50.0,50.0,529
2023-02-06,50.0,50.0,50.0,50.0,9
2023-02-07,50.0,50.0,50.0,50.0,0
2023-02-08,48.0,49.5,48.0,49.5,1330
2023-02-09,48.0,48.5,48.0,48.0,183
2023-02-10,47.349998474121094,49.0,46.5,49.0,200
2023-02-13,47.099998474121094,49.0,47.0,47.0,251
2023-02-14,45.0,47.0,45.0,47.0,4349
2023-02-15,46.70000076293945,47.0,45.0,45.0,1169
2023-02-16,43.400001525878906,46.5,43.0,43.5,1358
2023-02-17,45.0,45.0,41.5,45.0,814
2023-02-22,41.650001525878906,45.0,41.5,45.0,2648
2023-02-23,45.0,45.0,44.0,44.0,12609
2023-02-24,44.150001525878906,45.0,41.5,41.5,1598
2023-02-27,44.150001525878906,44.150001525878906,44.150001525878906,44.150001525878906,38
2023-02-28,45.0,45.0,44.0,44.5,3050
2023-03-01,45.0,45.0,45.0,45.0,700
2023-03-02,45.0,45.0,45.0,45.0,949
2023-03-03,45.0,45.0,45.0,45.0,500
2023-03-06,41.79999923706055,44.95000076293945,41.5,41.5,2171
2023-03-07,43.79999923706055,44.95000076293945,41.79999923706055,44.95000076293945,203
2023-03-08,41.0,44.95000076293945,41.0,41.5,2027
2023-03-09,41.70000076293945,43.0,41.0,41.0,2728
2023-03-10,41.349998474121094,41.70000076293945,41.0,41.0,2000
2023-03-13,41.349998474121094,41.349998474121094,41.349998474121094,41.349998474121094,0
2023-03-14,40.0,40.0,40.0,40.0,500
2023-03-15,40.0,40.0,40.0,40.0,0
2023-03-16,40.0,40.0,40.0,40.0,495
2023-03-17,44.0,44.0,40.0,40.0,710
2023-03-20,41.0,43.0,41.0,43.0,2251
2023-03-21,43.0,43.0,43.0,43.0,10
2023-03-22,43.0,43.0,41.0,42.0,1592
2023-03-23,42.5,42.5,42.5,42.5,85
2023-03-27,43.0,43.0,43.0,43.0,100
2023-03-28,43.0,43.0,43.0,43.0,100
2023-03-29,43.0,43.0,43.0,43.0,300
2023-03-30,43.0,43.0,43.0,43.0,5406
2023-03-31,43.0,43.0,42.900001525878906,42.900001525878906,229
2023-04-03,43.0,43.0,43.0,43.0,300
2023-04-04,43.0,43.0,43.0,43.0,0
2023-04-05,41.0,41.0,41.0,41.0,1298
2023-04-10,45.20000076293945,48.0,43.0,43.0,20788
2023-04-11,45.5,47.0,45.5,47.0,1456
2023-04-12,45.0,45.0,45.0,45.0,3251
2023-04-13,45.0,45.5,45.0,45.5,33
2023-04-14,45.0,45.0,45.0,45.0,0
2023-04-17,45.5,45.5,45.5,45.5,306
2023-04-18,45.099998474121094,45.5,41.0,45.0,4222
2023-04-19,45.099998474121094,45.099998474121094,45.099998474121094,45.099998474121094,0
2023-04-20,45.0,45.0,44.5,44.5,6360
2023-04-21,45.5,45.5,45.0,45.5,1252
2023-04-24,45.5,45.5,45.5,45.5,7979
2023-04-25,48.0,48.0,45.5,45.5,16641
2023-04-26,47.400001525878906,48.5,45.0,45.0,730
2023-04-27,46.150001525878906,48.0,45.0,48.0,768
2023-04-28,48.0,48.0,46.0,46.0,6027
2023-05-02,48.0,48.0,48.0,48.0,1312
2023-05-03,48.0,48.0,48.0,48.0,0
2023-05-04,48.0,48.0,48.0,48.0,7071
2023-05-05,47.95000076293945,48.0,47.900001525878906,47.900001525878906,19350
2023-05-08,48.5,48.5,48.5,48.5,20
2023-05-09,44.0,44.0,44.0,44.0,500
2023-05-10,46.599998474121094,48.0,46.0,46.0,686
2023-05-11,48.70000076293945,49.0,48.599998474121094,48.599998474121094,500
2023-05-12,49.0,49.0,49.0,49.0,3328
2023-05-15,50.0,50.0,50.0,50.0,1505
2023-05-16,50.0,50.0,50.0,50.0,4
2023-05-17,51.0,51.0,49.0,49.0,6927
2023-05-18,50.0,50.0,47.5,50.0,987
2023-05-19,50.20000076293945,53.5,48.0,49.0,7471
2023-05-22,52.29999923706055,53.5,48.5,49.0,3301
2023-05-23,51.0,51.5,51.0,51.5,4583
2023-05-24,51.0,51.0,51.0,51.0,201
2023-05-29,50.5,51.0,47.5,47.5,207
2023-05-30,48.650001525878906,49.0,47.0,49.0,20661
2023-05-31,49.0,49.0,49.0,49.0,2465
2023-06-01,50.400001525878906,52.0,48.5,49.0,574
2023-06-02,50.400001525878906,50.400001525878906,50.400001525878906,50.400001525878906,8330
2023-06-05,47.95000076293945,52.0,47.0,52.0,3702
2023-06-06,52.0,52.0,47.95000076293945,47.95000076293945,12370
2023-06-07,52.0,52.5,50.0,50.0,45197
2023-06-08,52.0,52.0,52.0,52.0,6283
2023-06-09,52.0,52.0,52.0,52.0,1569
2023-06-12,52.0,52.0,52.0,52.0,208
2023-06-13,51.5,51.5,51.5,51.5,582
2023-06-14,49.29999923706055,51.5,49.0,51.5,5044
2023-06-15,52.29999923706055,54.0,48.5,51.0,5025
2023-06-16,51.400001525878906,54.0,48.5,49.5,4655
2023-06-21,52.099998474121094,53.0,51.0,53.0,3581
2023-06-22,53.29999923706055,54.0,53.0,53.20000076293945,15523
2023-06-23,53.0,54.0,51.5,54.0,2328
2023-06-26,53.400001525878906,53.5,52.0,52.0,2920
2023-06-27,53.0,53.0,50.0,53.0,15527
2023-06-28,54.0,54.0,50.0,54.0,17812
2023-06-29,55.0,55.0,51.0,54.0,11911
2023-06-30,55.79999923706055,56.0,52.0,52.0,1655
2023-07-03,56.0,56.0,56.0,56.0,340
2023-07-04,56.0,56.0,56.0,56.0,442
2023-07-05,55.900001525878906,55.900001525878906,55.900001525878906,55.900001525878906,455
2023-07-06,55.0,55.900001525878906,54.5,55.900001525878906,9289
2023-07-07,56.0,56.0,52.0,56.0,4114
2023-07-10,55.0,56.0,55.0,56.0,2100
2023-07-11,55.5,56.0,55.5,56.0,11988
2023-07-12,56.0,60.0,55.0,55.0,7598
2023-07-13,56.099998474121094,58.5,56.0,56.0,3596
2023-07-14,56.099998474121094,57.0,55.0,55.0,4402
2023-07-17,59.400001525878906,60.0,56.0,59.0,2741
2023-07-18,58.5,60.0,57.5,60.0,2304
2023-07-19,58.900001525878906,64.0,58.5,58.5,6567
2023-07-20,61.0,61.0,61.0,61.0,155
2023-07-21,60.5,61.0,58.5,58.5,39669
2023-07-24,58.0,59.0,53.0,59.0,8071
2023-07-25,58.599998474121094,59.5,58.5,59.5,1861
2023-07-26,58.599998474121094,58.599998474121094,58.599998474121094,58.599998474121094,0
2023-07-27,57.20000076293945,58.599998474121094,55.0,55.0,42
2023-07-28,57.400001525878906,60.0,55.0,57.20000076293945,12986
2023-07-31,55.099998474121094,57.0,55.0,57.0,1969
2023-08-01,51.400001525878906,58.0,51.0,51.0,13669
2023-08-02,52.70000076293945,55.0,52.0,52.0,6244
2023-08-03,53.29999923706055,58.79999923706055,52.0,52.0,13831
2023-08-04,55.0,57.79999923706055,54.0,54.0,3477
2023-08-07,52.0,54.5,51.900001525878906,54.0,1764
2023-08-08,53.0,54.0,50.0,54.0,8400
2023-08-09,52.5,52.5,52.5,52.5,1455
2023-08-10,53.900001525878906,56.0,50.0,52.5,5334
2023-08-11,52.0,53.900001525878906,50.0,53.900001525878906,6043
2023-08-14,53.0,53.0,51.0,53.0,13543
2023-08-15,56.0,56.0,53.900001525878906,53.900001525878906,1024
2023-08-16,56.900001525878906,56.900001525878906,56.0,56.0,15870
2023-08-17,55.400001525878906,57.0,51.0,57.0,21879
2023-08-18,56.5,58.0,56.0,57.900001525878906,876
2023-08-22,56.0,56.0,52.0,56.0,8086
2023-08-23,56.5,57.0,53.599998474121094,57.0,8254
2023-08-24,54.0,57.5,54.0,56.5,6805
2023-08-25,60.099998474121094,60.900001525878906,58.0,58.0,33213
2023-08-28,62.29999923706055,63.0,57.0,60.400001525878906,8646
2023-08-29,62.400001525878906,63.0,57.0,62.0,10705
2023-08-30,63.79999923706055,65.0,57.0,63.0,8429
2023-08-31,63.20000076293945,65.0,63.0,65.0,6146
2023-09-01,65.0,69.0,64.9000015258789,64.9000015258789,4426
2023-09-04,67.30000305175781,70.0,61.0,70.0,813
2023-09-05,60.29999923706055,68.0,60.0,68.0,10635
2023-09-06,62.70000076293945,64.80000305175781,60.29999923706055,60.29999923706055,6445
2023-09-07,63.0,66.0,60.0,65.0,4746
2023-09-08,61.400001525878906,64.0,59.0,59.0,1083
2023-09-11,63.099998474121094,64.0,61.400001525878906,61.400001525878906,1915
2023-09-12,64.5999984741211,66.0,63.099998474121094,63.099998474121094,33411
2023-09-13,66.0,68.0,64.0,64.0,10540
2023-09-14,65.0,65.0,65.0,65.0,1240
2023-09-15,65.0999984741211,66.0,61.0,64.0,307
2023-09-18,64.9000015258789,66.0,64.80000305175781,65.9000015258789,8018
2023-09-19,64.0,66.0,61.5,64.9000015258789,60569
2023-09-20,65.0,65.0,64.0,65.0,23420
2023-09-21,65.0,65.0,65.0,65.0,384
2023-09-22,65.69999694824219,66.0,63.0,66.0,490
2023-09-25,65.0,65.0,65.0,65.0,250
2023-09-26,63.0,65.0,62.0,65.0,10822
2023-09-27,64.0,64.0,64.0,64.0,5045
2023-09-28,64.0,64.0,61.099998474121094,64.0,1423
2023-09-29,63.900001525878906,64.0,60.5,60.5,1791
2023-10-02,62.20000076293945,64.0,60.0,63.0,2725
2023-10-03,62.0,62.0,62.0,62.0,3794
2023-10-04,63.79999923706055,65.0,58.5,65.0,12982
2023-10-05,65.0,65.0,60.099998474121094,64.5,8095
2023-10-06,66.5,67.0,62.0,62.0,2855
2023-10-09,66.9000015258789,67.4000015258789,63.79999923706055,67.4000015258789,576
2023-10-10,70.69999694824219,71.0,66.9000015258789,69.0,9303
2023-10-11,68.9000015258789,71.0,67.0,71.0,13161
2023-10-12,71.0,75.0,70.0,71.0,8021
2023-10-17,73.0,74.4000015258789,72.5,72.5999984741211,34606
2023-10-18,75.4000015258789,75.5,71.0,71.0,11919
2023-10-19,74.0,74.0,70.5,70.5,9124
2023-10-20,75.0,75.9000015258789,70.0,70.0,19073
2023-10-23,71.5999984741211,75.0,71.0,75.0,10824
2023-10-24,71.0999984741211,73.0,69.0,73.0,3512
2023-10-25,72.30000305175781,72.30000305175781,69.0,70.0,9003
2023-10-26,70.0,73.0,70.0,70.0,9443
2023-10-27,70.0,70.0,70.0,70.0,0
2023-10-30,68.0,70.0,68.0,70.0,1544
2023-10-31,65.0,70.0,65.0,70.0,3241
2023-11-01,68.0,68.0,65.0,65.0,1269
2023-11-02,65.5,68.5999984741211,65.4000015258789,65.5,5335
2023-11-03,65.5,65.5,65.5,65.5,0
2023-11-07,68.0,68.19999694824219,68.0,68.19999694824219,5497
2023-11-08,67.0999984741211,68.0,67.0,68.0,8760
2023-11-09,69.0,69.0,69.0,69.0,174
2023-11-10,69.4000015258789,70.0,64.0,64.0,15252
2023-11-13,72.9000015258789,74.0,69.9000015258789,69.9000015258789,33422
2023-11-14,75.4000015258789,76.69999694824219,72.80000305175781,73.0,28012
2023-11-15,79.5,79.80000305175781,73.0,75.4000015258789,20814
2023-11-16,80.0,80.5,77.0,79.5,27030
2023-11-17,80.4000015258789,81.0,77.0,77.0,31644
2023-11-21,86.0,86.0,82.5,85.0,11840
2023-11-22,90.19999694824219,92.5,88.0,90.30000305175781,10169
2023-11-23,93.4000015258789,95.0,90.0,90.0,1359
2023-11-24,95.0,96.0,95.0,95.0,1181
2023-11-27,94.80000305175781,94.80000305175781,92.0,94.80000305175781,2239
2023-11-28,92.0,92.0,92.0,92.0,774
2023-11-29,88.0,92.0,87.0,92.0,32544
2023-11-30,82.0,84.5,82.0,84.5,21679
2023-12-01,84.0,84.0,79.5,80.0,32283
2023-12-04,86.0,86.0,86.0,86.0,357
2023-12-05,86.0,87.0,82.0,86.0,18802
2023-12-06,91.0,91.0,86.0,87.0,11901
2023-12-07,90.0,91.0,87.0,91.0,5614
2023-12-11,91.0,91.0,87.5,89.0,8773
2023-12-12,92.0,92.0,91.0,92.0,17052
2023-12-13,92.0,92.0,92.0,92.0,0
2023-12-14,89.0,89.0,89.0,89.0,3054
2023-12-15,89.0,89.0,89.0,89.0,100
2023-12-18,85.19999694824219,86.0,85.0,86.0,1835
2023-12-19,85.19999694824219,86.0,84.0,84.0,400
2023-12-20,87.5999984741211,88.0,84.0,84.0,3250
2023-12-21,87.5999984741211,87.5999984741211,87.5999984741211,87.5999984741211,0
2023-12-22,87.5999984741211,87.5999984741211,87.5999984741211,87.5999984741211,100
2023-12-26,87.5999984741211,87.5999984741211,87.5999984741211,87.5999984741211,5500
2023-12-27,90.19999694824219,95.0,85.0,89.0,11315
2023-12-28,93.5,95.0,90.19999694824219,92.0,14365
2023-12-29,109.25,110.0,97.0,97.0,20212
2024-01-02,119.0,120.0,110.0,110.0,35009
2024-01-03,124.0,127.0,118.0,121.0,41674
2024-01-04,120.0,134.0,120.0,134.0,13370
2024-01-05,126.75,135.0,120.0,125.0,17536
2024-01-08,120.75,127.0,120.0,126.0,3762
2024-01-09,116.0,120.75,115.75,120.75,4920
2024-01-10,134.25,135.0,111.0,116.0,46919
2024-01-11,138.75,147.0,133.0,134.25,42827
2024-01-12,152.0,157.0,135.0,135.0,71814
2024-01-15,152.25,164.5,152.0,159.5,21212
2024-01-16,153.5,154.0,141.5,152.0,8836
2024-01-17,153.75,157.0,152.0,157.0,4929
2024-01-18,161.0,162.0,148.5,153.75,40287
2024-01-19,165.5,171.0,161.25,163.0,47323
2024-01-22,183.0,189.0,167.0,167.0,43953
2024-01-23,184.25,185.0,177.0,183.0,10288
2024-01-24,186.0,193.0,185.0,193.0,4712
2024-01-25,204.5,220.0,195.0,195.0,22953
2024-01-26,209.0,214.0,203.0,204.5,15802
2024-01-29,201.5,215.0,192.5,205.0,8111
2024-01-30,201.25,204.5,188.5,200.0,16370
2024-01-31,197.0,205.0,191.5,201.0,6216
2024-02-01,197.75,200.0,195.0,200.0,5100
2024-02-02,204.25,212.0,199.5,200.0,3717
2024-02-05,195.75,210.0,195.0,210.0,8000
2024-02-06,200.0,200.0,197.0,200.0,14634
2024-02-07,191.5,198.0,180.0,196.0,5201
2024-02-08,196.75,199.5,182.0,199.5,2099
2024-02-09,196.0,205.0,190.0,205.0,4226
2024-02-14,196.0,196.0,196.0,196.0,6848
2024-02-15,197.25,198.0,180.5,190.0,5256
2024-02-16,184.0,190.0,183.0,190.0,2166
2024-02-19,175.5,175.5,175.0,175.0,2230
2024-02-20,175.5,177.0,175.5,177.0,551
2024-02-21,165.5,170.0,153.5,170.0,15010
2024-02-22,166.75,169.75,157.5,161.0,5017
2024-02-23,173.25,175.0,167.0,167.0,1763
2024-02-26,180.25,180.75,179.5,180.0,5111
2024-02-27,174.25,181.75,171.5,181.75,2066
2024-02-28,166.0,166.0,166.0,166.0,2700
2024-02-29,169.0,170.0,169.0,170.0,4460
2024-03-01,169.0,169.0,169.0,169.0,0
2024-03-04,169.0,169.0,169.0,169.0,0
2024-03-05,155.0,161.0,155.0,161.0,2482
2024-03-06,154.5,155.0,154.0,155.0,628
2024-03-07,155.0,155.0,155.0,155.0,128
2024-03-08,152.25,155.0,150.0,154.0,2195
2024-03-11,150.0,150.0,150.0,150.0,1820
2024-03-12,150.0,150.0,150.0,150.0,7842
2024-03-13,150.0,150.0,150.0,150.0,0
2024-03-14,182.0,187.0,156.0,156.0,11900
2024-03-15,180.0,180.0,180.0,180.0,1258
2024-03-18,180.0,180.0,180.0,180.0,102
2024-03-19,180.0,180.0,180.0,180.0,114
2024-03-20,172.25,175.0,171.5,171.5,766
2024-03-21,174.0,179.0,170.0,179.0,803
2024-03-22,174.0,174.0,174.0,174.0,0
2024-03-25,174.0,174.0,174.0,174.0,0
2024-03-26,167.5,168.0,148.0,150.0,11848
2024-03-27,163.0,163.0,161.5,161.5,11920
2024-04-03,163.0,163.0,163.0,163.0,850
2024-04-04,148.75,162.0,147.0,162.0,4879
2024-04-05,154.75,157.0,151.5,155.0,2297
2024-04-08,155.25,159.75,154.75,154.75,14218
2024-04-09,151.25,155.0,142.5,152.0,5856
2024-04-10,150.0,150.0,144.0,144.0,820
2024-04-11,145.0,145.0,145.0,145.0,6282
2024-04-12,142.0,145.0,139.25,139.25,2906
2024-04-15,149.75,150.0,140.0,140.0,2316
2024-04-16,145.0,145.0,145.0,145.0,1855
2024-04-17,143.0,143.0,143.0,143.0,658
2024-04-18,139.0,140.0,135.0,140.0,2575
2024-04-19,139.0,139.0,139.0,139.0,200
2024-04-22,134.25,139.0,132.5,139.0,2642
2024-04-23,131.0,131.25,131.0,131.25,11986
2024-04-24,131.0,131.0,131.0,131.0,900
2024-04-25,130.0,130.0,130.0,130.0,300
2024-04-26,130.0,130.0,130.0,130.0,5895
2024-04-29,121.0,129.0,120.0,129.0,9579
2024-04-30,125.75,130.0,125.0,125.0,4300
2024-05-02,125.25,130.0,125.0,130.0,2557
2024-05-03,128.0,129.0,126.0,126.0,6911
2024-05-06,129.75,134.25,126.0,126.0,2925
2024-05-07,135.25,139.0,130.0,130.0,11791
2024-05-08,139.0,139.0,136.0,139.0,10008
2024-05-09,142.0,145.0,140.0,145.0,15578
2024-05-10,136.0,150.0,135.0,145.0,2268
2024-05-13,138.0,138.0,135.0,135.0,5200
2024-05-14,134.5,139.0,120.0,135.0,12735
2024-05-15,134.5,134.5,134.5,134.5,0
2024-05-16,141.5,154.0,134.5,134.5,10958
2024-05-17,155.0,160.0,145.0,145.0,797
2024-05-20,154.0,168.0,153.0,153.0,17940
2024-05-21,150.0,154.0,150.0,154.0,2697
2024-05-22,147.0,150.0,144.0,144.0,4624
2024-05-23,138.5,147.0,136.5,147.0,2185
2024-05-24,142.0,145.0,138.5,145.0,3186
2024-05-27,142.0,142.0,142.0,142.0,0
2024-05-28,142.0,142.0,142.0,142.0,0
2024-05-29,142.0,142.0,142.0,142.0,0
2024-05-30,142.0,142.0,142.0,142.0,0
2024-05-31,142.0,142.0,142.0,142.0,0
2024-06-03,142.0,142.0,142.0,142.0,0
2024-06-04,153.75,154.0,147.0,149.0,11172
2024-06-05,147.0,153.75,135.0,153.75,17823
2024-06-06,142.75,145.0,142.0,142.0,1204
2024-06-07,145.0,146.0,145.0,146.0,4828
2024-06-10,137.0,140.0,135.0,140.0,5094
2024-06-11,146.5,149.0,141.0,141.0,11722
2024-06-12,143.25,150.0,140.0,150.0,6861
2024-06-13,144.0,144.0,144.0,144.0,172
2024-06-14,138.75,140.0,137.0,140.0,3456
2024-06-18,140.0,140.0,140.0,140.0,1013
2024-06-19,140.0,143.0,138.0,143.0,2454
2024-06-24,141.25,144.0,140.0,140.0,431
2024-06-25,142.5,148.0,140.0,144.0,2916
2024-06-26,142.25,145.0,140.0,142.0,3217
2024-06-27,143.0,144.75,137.5,137.5,743
2024-06-28,149.5,151.0,143.0,143.0,8213
2024-07-01,154.25,155.0,149.0,149.0,7251
2024-07-02,155.0,156.0,152.0,156.0,6694
2024-07-03,153.5,155.0,149.0,150.0,3910
2024-07-04,153.5,153.5,153.5,153.5,0
2024-07-05,153.5,153.5,153.5,153.5,0
2024-07-08,152.5,155.0,150.0,155.0,2804
2024-07-10,160.25,162.0,152.5,152.5,1748
2024-07-11,156.25,162.0,152.0,160.0,27178
2024-07-12,159.25,160.0,156.5,156.5,500
2024-07-15,158.75,159.75,158.75,159.75,1189
2024-07-16,151.25,155.0,150.0,155.0,1100
2024-07-17,152.25,155.0,150.0,152.0,1877
2024-07-18,152.0,152.0,152.0,152.0,433
2024-07-19,153.0,153.0,153.0,153.0,103
2024-07-22,154.5,154.75,153.0,153.0,1216
2024-07-23,154.0,155.0,147.75,150.0,9845
2024-07-24,152.5,154.0,150.0,154.0,1066
2024-07-25,150.0,150.0,145.0,145.5,5907
2024-07-26,150.25,151.0,150.0,151.0,305
2024-07-29,149.5,149.75,148.0,148.0,1224
2024-07-30,141.75,149.0,141.75,149.0,2715
2024-07-31,153.0,153.0,141.75,141.75,1080
2024-08-01,150.25,152.0,141.0,145.0,4062
2024-08-02,153.0,153.0,153.0,153.0,927
2024-08-05,152.25,153.0,150.0,150.0,1945
2024-08-06,143.5,153.0,137.75,153.0,8047
2024-08-07,151.75,151.75,150.0,150.0,1821
2024-08-08,148.0,154.75,136.75,136.75,2267
2024-08-09,150.0,155.0,145.0,153.0,1259
2024-08-12,151.0,151.25,147.0,147.0,1342
2024-08-13,149.0,149.0,149.0,149.0,2672
2024-08-14,142.75,149.5,140.0,145.0,4520
2024-08-15,143.0,144.75,142.75,142.75,3576
2024-08-16,150.0,150.25,137.0,144.5,2950
2024-08-19,145.0,145.0,138.75,145.0,9244
2024-08-20,144.75,145.0,137.5,137.5,1208
2024-08-21,145.0,149.75,136.5,140.0,8540
2024-08-22,142.0,145.0,135.25,143.0,5507
2024-08-23,151.75,152.0,150.0,152.0,972
2024-08-26,147.0,148.5,146.0,146.0,1970
2024-08-27,140.0,140.0,140.0,140.0,100
2024-08-28,149.75,149.75,149.75,149.75,1377
2024-08-29,140.5,153.0,140.5,152.5,8546
2024-08-30,148.5,150.0,140.5,140.5,3659
2024-09-02,153.0,155.0,135.0,148.5,9782
2024-09-03,150.0,153.0,150.0,150.0,1100
2024-09-04,147.5,150.0,135.5,148.0,3696
2024-09-05,145.0,147.5,145.0,147.5,2380
2024-09-06,144.5,145.0,143.0,143.0,999
2024-09-09,140.0,140.0,132.5,132.5,8311
2024-09-10,148.0,160.0,135.0,135.0,9476
2024-09-11,154.0,162.0,148.0,148.0,16454
2024-09-12,150.5,154.0,144.5,144.5,2739
2024-09-13,145.25,151.0,135.0,150.5,26564
2024-09-16,146.25,146.5,140.0,144.0,22503
2024-09-17,142.25,145.0,142.0,142.0,10730
2024-09-18,148.0,154.0,141.5,154.0,7059
2024-09-19,144.25,144.5,140.0,144.5,4222
2024-09-20,141.25,146.75,141.0,142.0,47028
2024-09-23,141.25,144.5,141.25,143.0,2214
2024-09-24,138.5,142.0,136.0,142.0,1481
2024-09-25,142.0,145.0,132.0,140.0,6248
2024-09-26,140.5,142.0,140.0,142.0,4100
2024-09-27,135.5,143.0,135.0,137.0,12231
2024-09-30,141.75,142.0,135.5,135.5,10633
2024-10-01,140.5,140.5,140.0,140.0,5947
2024-10-02,136.0,142.0,136.0,140.0,11579
2024-10-03,136.25,137.0,136.0,137.0,2096
2024-10-04,140.75,141.0,136.0,136.25,1316
2024-10-07,140.0,140.0,140.0,140.0,2631
2024-10-08,134.0,139.75,130.0,139.75,1498
2024-10-09,131.75,133.0,121.25,133.0,11769
2024-10-10,131.75,131.75,131.75,131.75,814
2024-10-14,135.5,137.0,135.5,137.0,1899
2024-10-15,134.75,136.5,133.0,135.5,1443
2024-10-16,134.5,134.5,125.0,125.0,320
2024-10-17,134.75,134.75,134.5,134.5,1350
2024-10-18,130.75,134.0,121.5,121.5,3510
2024-10-21,130.75,130.75,130.75,130.75,0
2024-10-22,130.75,130.75,130.75,130.75,0
2024-10-23,128.0,128.0,128.0,128.0,300
2024-10-24,133.0,142.75,120.0,134.0,7968
2024-10-25,135.5,136.0,135.5,136.0,5456
2024-10-28,133.0,134.0,130.0,134.0,4936
2024-10-29,128.0,130.0,125.0,130.0,2569
2024-10-30,126.5,130.75,126.0,127.0,2209
2024-10-31,130.0,130.0,130.0,130.0,2136
2024-11-01,132.75,136.5,130.0,136.5,2243
2024-11-04,132.25,133.0,127.0,127.0,2914
2024-11-05,131.0,131.0,127.5,127.5,5184
2024-11-06,134.5,137.75,126.5,137.75,1158
2024-11-07,124.0,132.0,123.0,130.0,6899
2024-11-08,126.75,129.0,124.0,124.0,14971
2024-11-11,122.5,130.0,115.5,130.0,3315
2024-11-12,120.0,125.5,120.0,125.5,1366
2024-11-13,128.0,128.0,115.0,120.0,22769
2024-11-14,125.5,128.0,121.0,127.0,22690
2024-11-15,133.25,135.0,126.0,126.0,12980
2024-11-19,130.25,138.0,130.0,138.0,13415
2024-11-20,132.75,138.0,124.0,133.5,14668
2024-11-21,136.0,136.0,124.0,124.0,3991
2024-11-22,134.5,136.5,125.0,136.0,7873
2024-11-25,136.25,137.5,130.0,130.0,4630
2024-11-26,137.75,138.0,135.0,135.0,22950
2024-11-27,161.0,175.0,130.0,130.0,127452
2024-11-28,182.0,199.0,165.0,165.0,132954
2024-11-29,185.75,198.0,182.0,182.5,54182
2024-12-02,181.5,189.0,180.0,189.0,122259
2024-12-03,195.75,199.0,185.0,185.0,226534
2024-12-04,188.75,200.0,185.0,197.0,111455
2024-12-05,194.0,199.0,191.0,193.25,170676
2024-12-06,192.5,202.0,180.0,198.0,6038
2024-12-09,192.75,199.0,190.5,197.0,79209
2024-12-10,195.75,205.0,190.0,197.5,16586
2024-12-11,193.0,200.0,190.0,200.0,2937
2024-12-12,199.25,208.0,193.0,193.0,116094
2024-12-13,196.0,214.0,190.0,204.0,10970
2024-12-16,207.5,218.0,197.75,200.75,16602
2024-12-17,205.75,225.5,185.0,195.0,51555
2024-12-18,214.75,240.0,200.5,200.5,43516
2024-12-19,192.5,220.0,190.0,220.0,84103
2024-12-20,188.5,193.75,184.0,193.75,17510
2024-12-23,199.75,208.0,185.25,189.0,38354
2024-12-24,190.25,199.5,180.5,180.5,414
2024-12-26,194.0,199.5,181.0,181.0,84499
2024-12-27,199.0,228.0,190.5,198.0,51749
2024-12-30,197.75,200.0,184.0,200.0,10425
2025-01-02,203.5,209.0,194.0,202.5,21673
2025-01-03,213.0,219.0,199.0,208.5,9384
2025-01-06,210.5,231.0,207.5,218.0,19347
2025-01-07,218.5,239.0,198.0,198.0,9314
2025-01-08,233.0,250.0,215.5,220.0,39648
2025-01-09,236.5,243.0,229.0,232.0,71978
2025-01-10,218.25,235.75,208.0,230.0,74273
2025-01-13,228.75,230.0,204.0,218.25,30186
2025-01-14,227.25,239.0,202.25,239.0,58861
2025-01-15,226.75,238.0,224.25,232.5,21393
2025-01-16,227.75,243.5,225.0,232.0,23941
2025-01-17,233.0,234.0,222.75,228.0,27383
2025-01-20,230.0,239.75,213.0,239.75,12229
2025-01-21,230.5,240.0,215.0,235.0,3520
2025-01-22,224.0,235.0,209.5,209.5,5423
2025-01-23,240.0,250.0,221.0,221.0,18211
2025-01-24,230.75,249.0,213.0,246.0,17832
2025-01-27,205.75,217.75,200.75,207.75,26621
2025-01-28,218.75,221.75,202.75,205.75,5023
2025-01-29,232.75,233.0,220.0,220.0,17702
2025-01-30,243.5,260.0,215.0,215.0,20815
2025-01-31,236.0,243.5,232.0,240.0,20362
2025-02-03,242.75,250.0,237.0,237.0,17431
2025-02-04,268.0,280.0,238.0,245.0,57762
2025-02-05,286.0,297.0,259.5,290.0,70451
2025-02-06,300.0,304.0,290.0,290.0,34889
2025-02-07,327.0,339.0,300.0,300.0,45181
2025-02-10,351.5,371.0,322.0,322.0,77215
2025-02-11,350.0,365.0,316.5,360.0,114275
2025-02-12,335.5,389.0,325.0,350.0,61056
2025-02-13,329.5,345.0,322.5,336.0,16023
2025-02-14,313.0,329.5,290.5,329.5,64939
2025-02-17,269.0,290.0,246.0,282.0,280060
2025-02-18,278.5,285.0,265.0,275.0,57303
2025-02-19,279.5,284.0,256.0,284.0,23124
2025-02-20,277.0,284.0,275.0,280.0,25766
2025-02-21,281.0,297.5,275.0,279.5,23724
2025-02-24,246.25,300.0,240.0,288.0,173987
2025-02-25,243.5,249.75,228.0,249.75,31294
2025-02-26,224.0,246.0,221.75,243.5,114723
2025-02-27,220.25,234.0,216.5,234.0,16329
2025-02-28,216.25,235.0,215.0,222.0,93321
2025-03-05,217.75,224.5,217.0,221.5,1600
2025-03-06,204.25,217.75,185.0,216.0,55033
2025-03-07,220.25,223.0,208.0,208.0,11877
2025-03-10,199.25,239.0,188.5,221.0,113288
2025-03-11,204.0,209.0,193.0,209.0,7363
2025-03-12,207.25,209.5,201.5,207.25,34432
2025-03-13,196.0,213.5,193.0,213.5,74792
2025-03-14,207.75,209.0,190.0,199.5,125704
2025-03-17,212.5,213.0,203.75,207.75,36221
2025-03-18,217.0,229.0,210.0,210.0,9725
2025-03-19,221.0,230.0,216.5,220.0,14137
2025-03-20,219.5,235.0,210.0,218.0,63810
2025-03-21,229.5,239.0,215.0,228.0,38729
2025-03-25,230.75,239.0,222.5,229.75,34549
2025-03-26,226.5,235.0,215.0,235.0,56459
2025-03-27,213.5,233.5,210.0,233.5,77830
2025-03-28,203.5,218.0,196.5,218.0,27885
2025-03-31,199.25,208.0,194.25,208.0,9507
2025-04-01,205.0,205.5,195.0,205.25,44565
2025-04-03,202.0,204.75,191.0,200.0,6602
2025-04-04,178.75,199.0,169.75,197.0,33819
2025-04-07,170.75,177.75,166.25,174.0,20416
2025-04-08,170.25,184.0,166.75,179.0,42376
2025-04-09,186.0,187.0,166.25,166.75,84994
2025-04-10,185.0,190.5,182.5,182.75,71128
2025-04-11,194.75,194.75,188.0,190.0,8678
2025-04-14,201.5,209.75,185.25,198.0,28178
2025-04-15,200.75,205.0,191.5,201.5,22177
