Price,('Close', 'HAVA.BA'),('High', 'HAVA.BA'),('Low', 'HAVA.BA'),('Open', 'HAVA.BA'),('Volume', 'HAVA.BA')
Ticker,HAVA.BA,HAVA.BA,HAVA.BA,HAVA.BA,HAVA.BA
Date,,,,,
2020-04-17,102.4039077758789,102.4039077758789,99.73250148607337,99.73250148607337,720
2020-04-20,102.4039077758789,102.4039077758789,102.4039077758789,102.4039077758789,221
2020-04-21,100.62297821044922,100.62297821044922,97.95157170928685,97.95157170928685,2650
2020-04-22,97.9515609741211,97.9515609741211,97.9515609741211,97.9515609741211,482
2020-04-23,100.62297821044922,100.62297821044922,100.62297821044922,100.62297821044922,992
2020-04-24,100.177734375,100.177734375,99.7325,99.7325,609
2020-04-27,97.9515609741211,97.9515609741211,96.17062350186436,97.9515609741211,2462
2020-04-28,102.4039077758789,102.4039077758789,97.95156395953634,97.95156395953634,2412
2020-04-29,97.9515609741211,102.40390465476297,97.9515609741211,102.40390465476297,184
2020-04-30,98.39679718017578,99.73250030931844,97.95156280379489,99.73250030931844,1184
2020-05-04,97.9515609741211,98.39679534218529,97.9515609741211,98.39679534218529,354
2020-05-05,93.49921417236328,93.49921417236328,89.04687064034599,89.04687064034599,1073
2020-05-06,93.49921417236328,97.95155770438059,93.49921417236328,97.95155770438059,27342
2020-05-07,89.046875,97.95156250000001,89.046875,93.49921875,49576
2020-05-08,98.842041015625,98.842041015625,95.28016566371059,95.28016566371059,654
2020-05-11,102.4039077758789,102.4039077758789,98.84203272280486,98.84203272280486,1705
2020-05-12,106.85625457763672,106.85625457763672,106.85625457763672,106.85625457763672,436
2020-05-13,106.85625457763672,106.85625457763672,105.96578578948974,105.96578578948974,5
2020-05-14,109.52766418457031,109.52766418457031,105.96578892653551,105.96578892653551,2089
2020-05-15,111.30859375,111.30859375,111.30859375,111.30859375,277
2020-05-18,113.9800033569336,113.9800033569336,113.9800033569336,113.9800033569336,20900
2020-05-19,113.08953094482422,113.97999969242126,113.08953094482422,113.97999969242126,858
2020-05-20,115.76094055175781,115.76094055175781,113.08953423133264,113.08953423133264,397
2020-05-21,120.21328735351562,120.21328735351562,115.7609433774595,115.7609433774595,221
2020-05-22,116.65140533447266,116.65140533447266,116.65140533447266,116.65140533447266,22
2020-05-26,118.4323501586914,118.4323501586914,118.4323501586914,118.4323501586914,160
2020-05-27,120.21328735351562,120.21328735351562,118.43234976309319,118.43234976309319,2533
2020-05-28,120.21328735351562,120.21328735351562,120.21328735351562,120.21328735351562,165
2020-05-29,115.76094055175781,120.21328441913312,115.76094055175781,120.21328441913312,950
2020-06-01,115.76094055175781,117.54187809870794,106.85625281700722,106.85625281700722,640
2020-06-02,116.65140533447266,119.76804593501201,116.65140533447266,119.76804593501201,93
2020-06-03,118.4323501586914,118.4323501586914,116.65141256232012,118.4323501586914,3724
2020-06-04,118.4323501586914,118.4323501586914,117.9871157595986,117.9871157595986,1599
2020-06-05,115.76094055175781,120.21328441913312,111.30859668438252,120.21328441913312,5567
2020-06-08,124.66561126708984,124.66561126708984,118.43233070373535,118.43233070373535,4211
2020-06-09,124.66561126708984,124.66561126708984,120.21326800755092,120.21326800755092,6720
2020-06-10,125.55609130859375,125.55609130859375,124.6656225759087,124.6656225759087,1193
2020-06-11,126.4465560913086,126.4465560913086,125.55608738644023,126.4465560913086,1136
2020-06-12,126.4465560913086,126.4465560913086,126.4465560913086,126.4465560913086,199
2020-06-16,133.5703125,133.5703125,129.11796875000002,129.11796875000002,346
2020-06-17,129.1179656982422,129.1179656982422,125.5560907824286,125.5560907824286,257
2020-06-18,127.3370361328125,127.3370361328125,127.3370361328125,127.3370361328125,648
2020-06-19,125.55609130859375,125.55609130859375,124.6656225759087,124.6656225759087,2782
2020-06-22,125.55609130859375,125.55609130859375,125.55609130859375,125.55609130859375,101
2020-06-23,125.55609130859375,125.55609130859375,124.6656225759087,125.55609130859375,285
2020-06-24,126.4465560913086,127.33702479617696,126.4465560913086,127.33702479617696,197
2020-06-25,132.67987060546875,132.67987060546875,129.11799488451658,129.11799488451658,324
2020-06-26,130.00845336914062,130.00845336914062,129.11798451044788,129.11798451044788,2065
2020-06-29,130.00845336914062,130.00845336914062,130.00845336914062,130.00845336914062,120
2020-06-30,129.1179656982422,130.00843442719557,129.1179656982422,130.00843442719557,57
2020-07-01,127.78227233886719,127.78227233886719,127.33703794047392,127.78227233886719,199
2020-07-02,127.78227233886719,127.78227233886719,125.55610034690086,125.55610034690086,107
2020-07-03,133.5703125,133.5703125,129.11796875000002,129.11796875000002,61
2020-07-06,133.5703125,133.5703125,133.5703125,133.5703125,483
2020-07-07,133.5703125,133.5703125,133.5703125,133.5703125,127
2020-07-08,129.340576171875,129.340576171875,129.340576171875,129.340576171875,399
2020-07-13,126.4465560913086,126.4465560913086,124.66561868157186,124.66561868157186,3436
2020-07-14,129.1179656982422,129.1179656982422,129.1179656982422,129.1179656982422,544
2020-07-15,133.5703125,133.5703125,130.89890625,133.5703125,8475
2020-07-16,131.78939819335938,132.67986710007128,131.78939819335938,132.67986710007128,204
2020-07-17,135.35125732421875,135.35125732421875,129.11797573691922,129.11797573691922,790
2020-07-20,138.02264404296875,138.02264404296875,129.11795733051915,129.11795733051915,401
2020-07-21,133.5703125,142.475,129.11796875000002,142.475,275
2020-07-22,138.02264404296875,138.02264404296875,129.11795733051915,133.57030068674393,2126
2020-07-23,142.47500610351562,142.47500610351562,138.02266216278076,138.02266216278076,5419
2020-07-24,142.92025756835938,142.92025756835938,142.47502312110592,142.92025756835938,34
2020-07-27,142.47500610351562,142.47500610351562,138.02266216278076,138.02266216278076,742
2020-07-28,142.47500610351562,142.47500610351562,141.58453731536864,142.47500610351562,230
2020-07-29,142.47500610351562,142.47500610351562,138.02266216278076,138.02266216278076,111
2020-07-30,141.36190795898438,141.36190795898438,139.58097053587906,139.58097053587906,8
2020-07-31,145.1464080810547,145.1464080810547,145.1464080810547,145.1464080810547,136
2020-08-03,146.03688049316406,146.92734927665896,146.03688049316406,146.92734927665896,177
2020-08-04,151.37969970703125,151.37969970703125,151.37969970703125,151.37969970703125,222
2020-08-05,142.47500610351562,151.37969398498535,142.47500610351562,151.37969398498535,928
2020-08-06,142.47500610351562,145.14641246795654,142.47500610351562,145.14641246795654,559
2020-08-07,139.8035888671875,141.13929194553643,139.8035888671875,141.13929194553643,10327
2020-08-10,142.02975463867188,142.47498897923197,142.02975463867188,142.47498897923197,86
2020-08-11,141.58453369140625,142.02976807408362,141.58453369140625,142.02976807408362,643
2020-08-12,141.13931274414062,141.13931274414062,141.13931274414062,141.13931274414062,1229
2020-08-13,141.13931274414062,141.13931274414062,141.13931274414062,141.13931274414062,269
2020-08-14,138.02264404296875,139.3583470498362,138.02264404296875,139.3583470498362,121
2020-08-18,133.5703125,133.5703125,133.5703125,133.5703125,173
2020-08-19,132.67987060546875,133.5703395357068,132.67987060546875,133.5703395357068,387
2020-08-20,126.4465560913086,130.89889961565044,126.4465560913086,130.89889961565044,652
2020-08-21,126.4465560913086,127.33702479617696,126.4465560913086,127.33702479617696,851
2020-08-24,123.77516174316406,123.77516174316408,123.32992734840448,123.32992734840448,334
2020-08-25,123.77516174316406,123.77516174316408,123.32992734840448,123.32992734840448,854
2020-08-26,124.66561126708984,124.66561126708984,123.77514261518205,124.66561126708984,166
2020-08-27,124.66561126708984,124.66561126708984,120.21326800755092,120.21326800755092,207
2020-08-28,133.5703125,133.5703125,133.5703125,133.5703125,150
2020-08-31,133.5703125,133.5703125,133.5703125,133.5703125,200
2020-09-01,133.5703125,133.5703125,133.5703125,133.5703125,105
2020-09-02,138.02264404296875,138.02264404296875,133.57030068674393,133.57030068674393,289
2020-09-03,140.69407653808594,140.69407653808594,140.69407653808594,140.69407653808594,58
2020-09-04,140.69407653808594,140.69407653808594,140.69407653808594,140.69407653808594,206
2020-09-07,140.69407653808594,140.69407653808594,140.69407653808594,140.69407653808594,164
2020-09-08,139.8035888671875,140.69405758608679,139.8035888671875,140.69405758608679,13
2020-09-09,135.79647827148438,138.02265004642675,135.79647827148438,138.02265004642675,141
2020-09-10,126.89179229736328,131.34413588674445,126.8917922973633,131.34413588674445,678
2020-09-11,129.1179656982422,129.1179656982422,126.8917938758587,126.8917938758587,146
2020-09-14,124.66561126708984,129.11795452662875,124.66561126708984,129.11795452662875,205
2020-09-15,124.66561126708984,124.66561126708984,124.66561126708984,124.66561126708984,230
2020-09-16,122.88470458984375,122.88470458984375,120.2132979683254,120.2132979683254,160
2020-09-17,120.21328735351562,120.21328735351562,120.21328735351562,120.21328735351562,190
2020-09-18,121.10374450683594,121.10374450683594,120.21327579722684,120.21327579722684,408
2020-09-21,123.77516174316406,123.77516174316408,123.77516174316408,123.77516174316408,481
2020-09-22,123.77516174316406,123.77516174316408,120.2132865850874,120.2132865850874,134
2020-09-23,126.89179229736328,126.8917922973633,115.76093332391036,115.76093332391036,378
2020-09-24,135.35125732421875,135.35125732421875,126.44656934236227,126.44656934236227,158
2020-09-25,136.24172973632812,137.13219855813418,136.24172973632812,137.13219855813418,4
2020-09-28,135.35125732421875,136.2417261224044,130.00844453510487,136.2417261224044,56
2020-09-29,132.67987060546875,134.46080846594484,132.67987060546875,134.46080846594484,229
2020-09-30,129.1179656982422,129.1179656982422,129.1179656982422,129.1179656982422,827
2020-10-01,127.38658905029297,127.38658905029297,127.38658905029297,127.38658905029297,604
2020-10-02,128.27740478515625,128.27740478515625,128.27740478515625,128.27740478515625,2122
2020-10-05,127.38658905029297,128.27740435833698,127.38658905029297,128.27740435833698,131
2020-10-06,124.7141342163086,125.6049494607108,124.7141342163086,125.6049494607108,340
2020-10-07,121.15087890625,122.93250947840073,121.15087890625,122.93250947840073,303
2020-10-08,120.26007080078125,121.1508861400463,120.26007080078125,121.1508861400463,1176
2020-10-09,120.26007080078125,120.26007080078125,120.26007080078125,120.26007080078125,900
2020-10-13,120.26007080078125,120.26007080078125,119.3692554615162,120.26007080078125,1495
2020-10-14,119.3692626953125,120.2600780885611,119.3692626953125,120.2600780885611,467
2020-10-15,120.03736877441406,120.03736877441406,119.81466493624261,119.81466493624261,1542
2020-10-16,120.26007080078125,120.26007080078125,118.47844012225116,118.47844012225116,1644
2020-10-19,115.80599975585938,119.81466897817758,115.80599975585938,115.80599975585938,5226
2020-10-20,115.80599975585938,119.3692612868089,115.80599975585938,115.80599975585938,1161
2020-10-21,115.80599975585938,115.80599975585938,114.915184373122,114.915184373122,599
2020-10-22,123.82333374023438,123.82333374023438,116.69681093504103,116.69681093504103,1493
2020-10-23,121.15087890625,123.8233247644761,121.15087890625,123.8233247644761,307
2020-10-26,121.15087890625,121.15087890625,115.80598718979779,115.80598718979779,173
2020-10-27,121.15087890625,121.15087890625,118.70113686954274,121.15087890625,52
2020-10-28,115.80599975585938,115.80599975585938,115.80599975585938,115.80599975585938,60
2020-10-29,123.82333374023438,123.82333374023438,113.13354953244436,113.13354953244436,13
2020-10-30,121.15087890625,121.15087890625,118.03302540498622,118.03302540498622,30
2020-11-02,121.15087890625,121.15087890625,116.69680247587316,116.69680247587316,261
2020-11-03,123.82333374023438,123.82333374023438,114.02436488309353,114.02436488309353,324
2020-11-04,123.82333374023438,123.82333374023438,123.82333374023438,123.82333374023438,1430
2020-11-05,122.04169464111328,122.93250993046448,122.04169464111328,122.93250993046448,113
2020-11-06,120.26007080078125,122.04170147931134,120.26007080078125,122.04170147931134,101
2020-11-09,124.26873016357422,124.26873016357422,120.2600614486202,120.2600614486202,269
2020-11-10,121.15087890625,121.15087890625,121.15087890625,121.15087890625,1530
2020-11-11,122.93253326416016,123.8233487225961,122.93253326416016,123.8233487225961,1140
2020-11-12,123.82333374023438,123.82333374023438,122.93251838958521,122.93251838958521,240
2020-11-13,122.93253326416016,122.93253326416016,122.0417178057242,122.0417178057242,500
2020-11-16,122.93253326416016,124.71416418103203,122.93253326416016,124.71416418103203,78
2020-11-17,120.26007080078125,120.26007080078125,119.3692554615162,120.26007080078125,204
2020-11-18,122.93253326416016,122.93253326416016,120.26008688885233,120.26008688885233,419
2020-11-19,122.04169464111328,122.93250993046448,120.26006406241089,120.26006406241089,187
2020-11-20,122.93253326416016,122.93253326416016,121.15090234728827,121.15090234728827,10
2020-11-24,121.15087890625,121.15087890625,120.26006362017463,120.26006362017463,83
2020-11-25,121.15087890625,121.15087890625,119.36924833409927,119.36924833409927,644
2020-11-26,118.03303527832031,118.03303527832031,118.03303527832031,118.03303527832031,1185
2020-11-27,118.47843933105469,118.47843933105469,116.69680866442229,118.47843933105469,258
2020-11-30,120.26007080078125,120.26007080078125,120.26007080078125,120.26007080078125,729
2020-12-01,120.26007080078125,120.26007080078125,118.03303245261864,118.03303245261864,543
2020-12-02,120.26007080078125,120.26007080078125,120.26007080078125,120.26007080078125,1013
2020-12-03,120.26007080078125,121.1508861400463,120.26007080078125,121.1508861400463,2769
2020-12-04,120.70547485351562,120.70547485351562,120.26006719722959,120.26006719722959,517
2020-12-09,120.26007080078125,120.26007080078125,120.26007080078125,120.26007080078125,72
2020-12-10,116.25140380859375,116.25140380859375,115.80599613116618,115.80599613116618,658
2020-12-11,121.59629821777344,122.04170590355282,115.36059061686198,115.36059061686198,313
2020-12-14,120.03736877441406,121.59629564161425,120.03736877441406,121.59629564161425,10
2020-12-15,114.91517639160156,114.91517639160156,114.91517639160156,114.91517639160156,2318
2020-12-16,117.14221954345703,117.14221954345703,114.91518114909474,114.91518114909474,1868
2020-12-17,119.3692626953125,119.3692626953125,117.142224212191,117.142224212191,1360
2020-12-18,115.80599975585938,115.80599975585938,113.13355360764723,113.13355360764723,1891
2020-12-21,120.26007080078125,120.26007080078125,115.80599410445602,115.80599410445602,397
2020-12-22,119.3692626953125,119.3692626953125,119.3692626953125,119.3692626953125,13
2020-12-23,115.80599975585938,115.80599975585938,111.35192284217247,111.35192284217247,239
2020-12-28,115.80599975585938,116.69681513859676,115.80599975585938,116.69681513859676,127
2020-12-29,117.58763122558594,118.47844661365856,117.58763122558594,118.47844661365856,6
2020-12-30,115.80599975585938,115.80599975585938,115.80599975585938,115.80599975585938,46
2021-01-04,114.02436065673828,114.02436065673828,114.02436065673828,114.02436065673828,1544
2021-01-05,118.47843933105469,118.47843933105469,118.47843933105469,118.47843933105469,20
2021-01-06,114.02436065673828,117.58762192726135,114.02436065673828,117.58762192726135,54
2021-01-07,115.80599975585938,115.80599975585938,114.02436899038462,114.02436899038462,45
2021-01-08,115.80599975585938,115.80599975585938,115.80599975585938,115.80599975585938,92
2021-01-11,114.91517639160156,114.91517639160156,111.35191510814104,111.35191510814104,839
2021-01-12,115.80599975585938,115.80599975585938,115.80599975585938,115.80599975585938,988
2021-01-13,115.80599975585938,115.80599975585938,113.13355360764723,115.80599975585938,1690
2021-01-14,120.70547485351562,120.70547485351562,115.80599063436924,115.80599063436924,611
2021-01-15,122.04169464111328,122.04169464111328,122.04169464111328,122.04169464111328,480
2021-01-18,123.82333374023438,123.82333374023438,123.82333374023438,123.82333374023438,83
2021-01-19,120.26007080078125,120.26007080078125,120.26007080078125,120.26007080078125,506
2021-01-20,120.26007080078125,120.26007080078125,114.46977109555846,120.26007080078125,411
2021-01-21,120.26007080078125,120.26007080078125,115.80599410445602,115.80599410445602,158
2021-01-22,122.04169464111328,123.82332521981566,122.04169464111328,123.82332521981566,161
2021-01-25,120.26007080078125,120.26007080078125,120.26007080078125,120.26007080078125,50
2021-01-26,115.80599975585938,120.26007666954628,115.80599975585938,120.26007666954628,2
2021-01-27,124.7141342163086,124.7141342163086,115.80598177228656,115.80598177228656,258
2021-01-28,123.82333374023438,123.82333374023438,120.26007233763771,120.26007233763771,3109
2021-01-29,124.7141342163086,124.7141342163086,123.82331897190639,124.7141342163086,903
2021-02-01,127.38658905029297,127.38658905029297,127.38658905029297,127.38658905029297,949
2021-02-02,130.0590362548828,130.0590362548828,128.27740562125427,128.27740562125427,280
2021-02-03,131.84068298339844,131.84068298339844,130.05905213227143,131.84068298339844,436
2021-02-04,133.62229919433594,133.62229919433594,130.94985321044922,130.94985321044922,249
2021-02-05,133.62229919433594,133.62229919433594,132.7314838663737,133.62229919433594,1682
2021-02-08,133.62229919433594,136.29474517822266,133.62229919433594,133.62229919433594,583
2021-02-09,136.2947540283203,136.2947540283203,136.2947540283203,136.2947540283203,103
2021-02-10,133.62229919433594,138.07637583414714,133.62229919433594,136.29474517822266,296
2021-02-11,141.6396484375,141.6396484375,133.62230984669813,133.62230984669813,780
2021-02-12,133.62229919433594,140.74882181803386,133.62229919433594,140.74882181803386,101
2021-02-17,131.84068298339844,133.62231383452544,131.84068298339844,133.62231383452544,73
2021-02-18,124.7141342163086,130.05902568272182,124.7141342163086,130.05902568272182,859
2021-02-19,133.62229919433594,133.62229919433594,133.62229919433594,133.62229919433594,43
2021-02-22,137.18556213378906,137.18556213378906,133.62230077966467,133.62230077966467,116
2021-02-23,137.18556213378906,137.18556213378906,137.18556213378906,137.18556213378906,56
2021-02-24,137.18556213378906,137.18556213378906,137.18556213378906,137.18556213378906,37
2021-02-25,137.18556213378906,137.18556213378906,137.18556213378906,137.18556213378906,79
2021-02-26,139.85800170898438,139.85800170898438,137.185555816456,137.185555816456,371
2021-03-01,138.96719360351562,138.96719360351562,138.07637825990335,138.07637825990335,186
2021-03-02,136.2947540283203,140.7488309573504,136.2947540283203,140.7488309573504,233
2021-03-03,136.2947540283203,136.2947540283203,136.2947540283203,136.2947540283203,33
2021-03-04,133.62229919433594,133.62229919433594,133.62229919433594,133.62229919433594,255
2021-03-05,140.7488250732422,140.7488250732422,135.84934065613564,135.84934065613564,203
2021-03-08,138.96719360351562,140.74882429074017,138.96719360351562,140.74882429074017,39
2021-03-09,132.73150634765625,132.73150634765625,132.73150634765625,132.73150634765625,100
2021-03-10,129.16822814941406,129.16822814941406,129.16822814941406,129.16822814941406,120
2021-03-11,125.15956115722656,125.15956115722656,124.71415346627558,124.71415346627558,175
2021-03-12,120.26007080078125,120.26007080078125,120.26007080078125,120.26007080078125,286
2021-03-15,120.26007080078125,120.70547847041378,120.26007080078125,120.70547847041378,660
2021-03-16,124.7141342163086,124.7141342163086,124.7141342163086,124.7141342163086,210
2021-03-17,120.26007080078125,123.60062832302518,120.26007080078125,123.60062832302518,118
2021-03-18,115.80599975585938,115.80599975585938,115.80599975585938,115.80599975585938,491
2021-03-19,115.80599975585938,119.3692612868089,115.80599975585938,115.80599975585938,955
2021-03-22,120.26007080078125,120.26007080078125,117.81032861780237,120.26007080078125,305
2021-03-23,120.26007080078125,120.26007080078125,120.26007080078125,120.26007080078125,142
2021-03-25,129.16822814941406,129.16822814941406,120.26007448393723,120.26007448393723,130
2021-03-26,124.7141342163086,124.7141342163086,124.7141342163086,124.7141342163086,166
2021-03-29,129.16822814941406,129.16822814941406,129.16822814941406,129.16822814941406,254
2021-03-30,128.27740478515625,128.27740478515625,124.71414354112413,124.71414354112413,31
2021-03-31,128.27740478515625,128.27740478515625,128.27740478515625,128.27740478515625,105
2021-04-05,124.7141342163086,133.62228666033064,124.7141342163086,133.62228666033064,39
2021-04-06,122.93253326416016,122.93253326416016,121.15090234728827,121.15090234728827,530
2021-04-07,129.16822814941406,129.16822814941406,120.26007448393723,120.26007448393723,159
2021-04-08,124.7141342163086,124.7141342163086,122.93250372750418,122.93250372750418,208
2021-04-09,122.93253326416016,122.93253326416016,122.93253326416016,122.93253326416016,136
2021-04-12,122.93253326416016,122.93253326416016,115.80600959667261,122.93253326416016,78
2021-04-13,119.3692626953125,119.3692626953125,119.3692626953125,119.3692626953125,13
2021-04-14,119.81466674804688,119.81466674804688,119.36925906496865,119.36925906496865,25
2021-04-15,128.27740478515625,128.27740478515625,116.25139808654785,116.25139808654785,89
2021-04-16,127.83200073242188,128.2774084004791,127.83200073242188,128.2774084004791,51
2021-04-19,122.04169464111328,122.04169464111328,122.04169464111328,122.04169464111328,194
2021-04-20,123.82333374023438,123.82333374023438,115.80599558439187,115.80599558439187,58
2021-04-21,129.16822814941406,129.16822814941406,123.82333595012797,123.82333595012797,233
2021-04-22,133.62229919433594,133.62229919433594,129.16822255452473,129.16822255452473,265
2021-04-23,129.16822814941406,133.62230498215249,129.16822814941406,133.62230498215249,18
2021-04-26,131.84068298339844,131.84068298339844,131.84068298339844,131.84068298339844,50
2021-04-27,130.94985961914062,130.94985961914062,130.94985961914062,130.94985961914062,46
2021-04-28,128.27740478515625,129.16822009616428,128.27740478515625,129.16822009616428,6
2021-04-29,120.26007080078125,124.71414749710648,120.26007080078125,124.71414749710648,382
2021-04-30,122.93253326416016,129.16824147321176,122.93253326416016,129.16824147321176,119
2021-05-03,122.93253326416016,122.93253326416016,122.93253326416016,122.93253326416016,1051
2021-05-04,124.7141342163086,124.7141342163086,122.93250372750418,122.93250372750418,744
2021-05-05,124.7141342163086,124.7141342163086,124.7141342163086,124.7141342163086,130
2021-05-06,124.7141342163086,124.7141342163086,124.7141342163086,124.7141342163086,44
2021-05-07,128.27740478515625,129.16822009616428,128.27740478515625,129.16822009616428,1548
2021-05-10,130.94985961914062,130.94985961914062,130.94985961914062,130.94985961914062,883
2021-05-11,131.84068298339844,131.84068298339844,131.84068298339844,131.84068298339844,672
2021-05-12,131.84068298339844,131.84068298339844,131.84068298339844,131.84068298339844,1046
2021-05-13,133.62229919433594,133.62229919433594,127.38659189860026,127.38659189860026,729
2021-05-14,133.62229919433594,133.62229919433594,133.62229919433594,133.62229919433594,953
2021-05-17,146.98451232910156,146.98451232910156,133.62228393554688,133.62228393554688,446
2021-05-18,137.18556213378906,138.07637747232016,137.18556213378906,138.07637747232016,35
2021-05-19,139.63531494140625,142.53046501196172,139.63531494140625,142.53046501196172,131
2021-05-20,142.5304412841797,146.09370231628418,142.5304412841797,146.09370231628418,277
2021-05-21,142.5304412841797,142.5304412841797,142.5304412841797,142.5304412841797,121
2021-05-26,141.6396484375,146.98454083136792,141.6396484375,146.98454083136792,31
2021-05-27,138.0763702392578,140.74881611485637,138.0763702392578,140.74881611485637,973
2021-05-28,138.0763702392578,138.0763702392578,138.0763702392578,138.0763702392578,74
2021-05-31,133.62229919433594,133.62229919433594,133.62229919433594,133.62229919433594,93
2021-06-01,133.62229919433594,133.62229919433594,129.16822255452473,133.62229919433594,166
2021-06-02,133.62229919433594,133.62229919433594,133.62229919433594,133.62229919433594,211
2021-06-03,142.5304412841797,142.5304412841797,133.62228870391846,133.62228870391846,94
2021-06-04,135.4039306640625,135.4039306640625,135.4039306640625,135.4039306640625,1022
2021-06-07,137.4082489013672,137.6309527083386,135.4039146386244,135.4039146386244,527
2021-06-08,136.2947540283203,136.2947540283203,136.2947540283203,136.2947540283203,149
2021-06-09,134.0677032470703,139.8580027228574,134.0677032470703,139.8580027228574,560
2021-06-10,138.0763702392578,146.09370786605342,138.0763702392578,142.53044669858872,358
2021-06-11,142.5304412841797,142.5304412841797,142.5304412841797,142.5304412841797,94
2021-06-14,144.3120880126953,146.7618302474787,144.3120880126953,146.7618302474787,291
2021-06-15,144.3120880126953,144.3120880126953,144.3120880126953,144.3120880126953,45
2021-06-16,142.5304412841797,144.31207180023193,142.5304412841797,144.31207180023193,51
2021-06-17,133.62229919433594,138.07637583414714,133.62229919433594,138.07637583414714,245
2021-06-18,133.3995819091797,136.2947314330851,133.3995819091797,136.2947314330851,912
2021-06-22,144.3120880126953,144.3120880126953,132.73148835735557,132.73148835735557,66
2021-06-23,133.62229919433594,144.3120831298828,133.62229919433594,144.3120831298828,863
2021-06-24,133.62229919433594,138.07637583414714,133.62229919433594,135.40392985026043,19
2021-06-25,129.16822814941406,129.16822814941406,124.71415131667565,129.16822814941406,536
2021-06-28,129.16822814941406,129.16822814941406,129.16822814941406,129.16822814941406,4
2021-06-29,129.16822814941406,129.16822814941406,129.16822814941406,129.16822814941406,707
2021-06-30,138.0763702392578,138.0763702392578,138.0763702392578,138.0763702392578,10
2021-07-01,146.98451232910156,146.98451232910156,138.07636006673178,138.07636006673178,286
2021-07-02,142.5304412841797,146.9845175743103,142.5304412841797,146.9845175743103,133
2021-07-05,141.6396484375,142.530463836478,141.6396484375,142.530463836478,135
2021-07-06,142.5304412841797,146.09370231628418,142.5304412841797,146.09370231628418,993
2021-07-07,142.5304412841797,142.5304412841797,135.84932684898376,135.84932684898376,1247
2021-07-08,141.6396484375,141.6396484375,141.6396484375,141.6396484375,1604
2021-07-12,141.6396484375,141.6396484375,141.6396484375,141.6396484375,100
2021-07-13,145.20289611816406,145.20289611816406,142.53045017733896,142.53045017733896,207
2021-07-14,144.5347900390625,144.5347900390625,144.5347900390625,144.5347900390625,177
2021-07-15,139.85800170898438,144.534782020909,139.41259406022965,144.534782020909,252
2021-07-16,139.85800170898438,139.85800170898438,139.85800170898438,139.85800170898438,537
2021-07-19,142.5304412841797,142.5304412841797,139.85799551010132,139.85799551010132,15
2021-07-20,142.5304412841797,142.5304412841797,142.5304412841797,142.5304412841797,356
2021-07-21,142.5304412841797,142.5304412841797,142.5304412841797,142.5304412841797,1000
2021-07-22,146.09371948242188,146.09371948242188,142.5304580316311,142.5304580316311,118
2021-07-23,142.5304412841797,142.5304412841797,142.5304412841797,142.5304412841797,176
2021-07-26,146.98451232910156,146.98451232910156,138.07636006673178,142.53043619791666,43
2021-07-27,146.98451232910156,146.98451232910156,146.98451232910156,146.98451232910156,68
2021-07-28,146.98451232910156,150.5477732340495,146.98451232910156,150.5477732340495,11
2021-07-29,151.43861389160156,151.43861389160156,151.43861389160156,151.43861389160156,6
2021-07-30,151.43861389160156,151.43861389160156,151.43861389160156,151.43861389160156,33
2021-08-02,146.98451232910156,151.43858846028647,146.98451232910156,151.43858846028647,30
2021-08-03,146.98451232910156,146.98451232910156,146.98451232910156,146.98451232910156,65
2021-08-04,142.5304412841797,142.5304412841797,142.5304412841797,142.5304412841797,117
2021-08-05,142.5304412841797,142.5304412841797,141.63962602615356,142.5304412841797,665
2021-08-06,142.5304412841797,142.5304412841797,142.5304412841797,142.5304412841797,5
2021-08-09,146.98451232910156,151.43858846028647,146.98451232910156,151.43858846028647,236
2021-08-10,146.98451232910156,146.98451232910156,146.98451232910156,146.98451232910156,346
2021-08-11,144.3120880126953,144.3120880126953,142.5304572964892,142.5304572964892,475
2021-08-12,143.4212646484375,144.3120799568129,143.4212646484375,144.3120799568129,97
2021-08-13,143.4212646484375,143.4212646484375,143.4212646484375,143.4212646484375,0
2021-08-17,142.5304412841797,143.4212565422058,142.5304412841797,143.4212565422058,164
2021-08-18,142.5304412841797,142.5304412841797,138.07636499404907,138.07636499404907,549
2021-08-19,146.53912353515625,146.76182737031607,146.53912353515625,146.76182737031607,74
2021-08-20,142.5304412841797,142.5304412841797,140.30340313911438,142.5304412841797,151
2021-08-23,146.7618408203125,146.7618408203125,142.53046756449166,142.53046756449166,100
2021-08-24,142.5304412841797,142.5304412841797,142.5304412841797,142.5304412841797,13
2021-08-25,139.85800170898438,139.85800170898438,136.29474051894655,136.29474051894655,196
2021-08-26,137.18556213378906,137.18556213378906,136.74015446452353,136.74015446452353,1253
2021-08-27,137.18556213378906,138.07637747232016,137.18556213378906,138.07637747232016,974
2021-08-30,137.18556213378906,137.18556213378906,137.18556213378906,137.18556213378906,0
2021-08-31,137.18556213378906,137.18556213378906,137.18556213378906,137.18556213378906,0
2021-09-01,137.18556213378906,137.18556213378906,137.18556213378906,137.18556213378906,0
2021-09-02,137.18556213378906,137.18556213378906,137.18556213378906,137.18556213378906,0
2021-09-03,137.18556213378906,137.18556213378906,137.18556213378906,137.18556213378906,0
2021-09-06,137.18556213378906,137.18556213378906,137.18556213378906,137.18556213378906,0
2021-09-07,137.18556213378906,137.18556213378906,137.18556213378906,137.18556213378906,0
2021-09-08,137.18556213378906,137.18556213378906,137.18556213378906,137.18556213378906,0
2021-09-09,137.18556213378906,137.18556213378906,137.18556213378906,137.18556213378906,0
2021-09-10,137.18556213378906,137.18556213378906,137.18556213378906,137.18556213378906,0
2021-09-13,137.18556213378906,137.18556213378906,137.18556213378906,137.18556213378906,0
2021-09-14,138.0763702392578,138.0763702392578,138.0763702392578,138.0763702392578,10
2021-09-15,138.0763702392578,142.53044669858872,138.0763702392578,142.53044669858872,102
2021-09-16,137.18556213378906,138.07637747232016,137.18556213378906,138.07637747232016,115
2021-09-17,141.6396484375,141.6396484375,141.6396484375,141.6396484375,2
2021-09-20,141.6396484375,141.6396484375,133.62230984669813,133.62230984669813,59
2021-09-21,133.62229919433594,133.62229919433594,133.62229919433594,133.62229919433594,390
2021-09-22,133.62229919433594,138.96719116210937,133.62229919433594,138.96719116210937,252
2021-09-23,135.4039306640625,135.4039306640625,135.4039306640625,135.4039306640625,40
2021-09-24,129.16822814941406,131.84067424905712,129.16822814941406,131.84067424905712,1100
2021-09-27,130.0590362548828,130.0590362548828,129.16822093806854,129.16822093806854,2748
2021-09-28,128.72280883789062,130.0590317670037,128.72280883789062,130.0590317670037,555
2021-09-29,128.27740478515625,128.72281244066025,128.27740478515625,128.72281244066025,348
2021-09-30,129.16822814941406,129.16822814941406,128.27741278286638,128.27741278286638,340
2021-10-01,127.38658905029297,128.27740435833698,127.38658905029297,128.27740435833698,1110
2021-10-04,126.49577331542969,126.49577331542969,124.71414270535321,124.71414270535321,180
2021-10-05,122.93253326416016,126.49579509790392,122.93253326416016,126.49579509790392,355
2021-10-06,124.7141342163086,124.7141342163086,124.7141342163086,124.7141342163086,110
2021-10-07,131.84068298339844,133.62231383452544,131.84068298339844,133.62231383452544,190
2021-10-12,130.0590362548828,130.0590362548828,130.0590362548828,130.0590362548828,80
2021-10-13,129.16822814941406,129.61363583268792,129.16822814941406,129.61363583268792,110
2021-10-14,124.7141342163086,129.16821043831962,124.7141342163086,129.16821043831962,445
2021-10-15,124.7141342163086,133.62228666033064,124.7141342163086,133.62228666033064,1808
2021-10-18,130.0590362548828,133.6222975221399,130.0590362548828,133.6222975221399,110
2021-10-19,124.7141342163086,124.7141342163086,124.7141342163086,124.7141342163086,1796
2021-10-20,124.7141342163086,124.7141342163086,124.7141342163086,124.7141342163086,590
2021-10-21,122.93253326416016,124.71416418103203,122.93253326416016,124.71416418103203,1847
2021-10-22,124.7141342163086,127.38657994951521,124.7141342163086,127.38657994951521,340
2021-10-25,125.6049575805664,126.05036523156133,124.71414227857657,124.71414227857657,451
2021-10-26,126.49577331542969,126.49577331542969,126.49577331542969,126.49577331542969,200
2021-10-27,126.49577331542969,126.49577331542969,126.49577331542969,126.49577331542969,835
2021-10-28,122.93253326416016,124.71416418103203,122.93253326416016,124.71416418103203,4773
2021-10-29,124.7141342163086,124.7141342163086,123.82331897190639,123.82331897190639,1250
2021-11-01,125.6049575805664,125.60495758056642,125.60495758056642,125.60495758056642,290
2021-11-02,124.7141342163086,133.62228666033064,124.7141342163086,133.62228666033064,80
2021-11-03,130.0590362548828,130.0590362548828,124.71414435399721,124.71414435399721,525
2021-11-04,127.38658905029297,127.38658905029297,124.71414312616095,124.71414312616095,694
2021-11-05,126.05036163330078,126.05036163330078,126.05036163330078,126.05036163330078,190
2021-11-08,123.37792205810547,126.49577568412258,123.37792205810547,126.49577568412258,542
2021-11-09,128.27740478515625,128.27740478515625,124.71414354112413,124.71414354112413,1056
2021-11-10,127.38658905029297,127.38658905029297,122.04169720202893,122.04169720202893,4025
2021-11-11,127.38658905029297,128.27740435833698,127.38658905029297,128.27740435833698,7553
2021-11-12,127.38658905029297,127.38658905029297,122.48710485605093,122.48710485605093,1258
2021-11-15,127.38658905029297,127.38658905029297,122.93251251007294,126.94118139627096,1734
2021-11-16,129.16822814941406,129.16822814941406,127.38659741631871,127.38659741631871,46
2021-11-17,124.7141342163086,124.7141342163086,124.7141342163086,124.7141342163086,549
2021-11-18,124.7141342163086,124.7141342163086,124.7141342163086,124.7141342163086,80
2021-11-19,122.93253326416016,122.93253326416016,122.93253326416016,122.93253326416016,20
2021-11-23,122.04169464111328,122.93250993046448,122.04169464111328,122.93250993046448,330
2021-11-24,119.81466674804688,121.15088979728161,119.81466674804688,121.15088979728161,240
2021-11-25,123.82333374023438,123.82333374023438,121.15088768828687,121.15088768828687,385
2021-11-26,122.93253326416016,123.8233487225961,122.93253326416016,123.8233487225961,245
2021-11-29,123.82333374023438,123.82333374023438,123.82333374023438,123.82333374023438,194
2021-11-30,123.82333374023438,123.82333374023438,123.82333374023438,123.82333374023438,350
2021-12-01,128.27740478515625,128.27740478515625,128.27740478515625,128.27740478515625,30
2021-12-02,126.94117736816406,128.27740028782895,126.94117736816406,128.27740028782895,1003
2021-12-03,126.49577331542969,126.49577331542969,126.49577331542969,126.49577331542969,74
2021-12-06,124.7141342163086,124.7141342163086,124.7141342163086,124.7141342163086,232
2021-12-07,125.15956115722656,127.38659961198148,125.15956115722656,127.38659961198148,400
2021-12-09,125.6049575805664,125.60495758056642,124.71414227857657,124.71414227857657,1028
2021-12-10,129.16822814941406,129.16822814941406,129.16822814941406,129.16822814941406,13
2021-12-13,129.16822814941406,130.05904351596175,124.93685515831257,130.05904351596175,336
2021-12-14,124.7141342163086,124.7141342163086,124.7141342163086,124.7141342163086,265
2021-12-15,124.7141342163086,124.7141342163086,120.26005799429758,124.7141342163086,450
2021-12-16,126.49577331542969,126.49577331542969,126.49577331542969,126.49577331542969,20
2021-12-17,130.0590362548828,131.84066688851135,130.0590362548828,131.84066688851135,36
2021-12-20,126.94117736816406,126.94117736816406,126.94117736816406,126.94117736816406,420
2021-12-21,124.7141342163086,130.05902568272182,124.7141342163086,130.05902568272182,257
2021-12-22,127.38658905029297,128.722812012359,127.38658905029297,127.38658905029297,40
2021-12-23,127.38658905029297,127.38658905029297,127.38658905029297,127.38658905029297,265
2021-12-27,124.7141342163086,125.6049494607108,124.7141342163086,125.6049494607108,220
2021-12-28,111.35191345214844,123.15521627807618,111.35191345214844,123.15521627807618,702
2021-12-29,123.82333374023438,123.82333374023438,123.82333374023438,123.82333374023438,2831
2021-12-30,135.4039306640625,135.4039306640625,123.82333133095189,123.82333133095189,1555
2022-01-03,124.7141342163086,133.62228666033064,124.7141342163086,133.62228666033064,410
2022-01-04,129.16822814941406,129.16822814941406,124.71415131667565,124.71415131667565,299
2022-01-05,129.16822814941406,130.05904351596175,129.16822814941406,130.05904351596175,203
2022-01-06,130.94985961914062,130.94985961914062,129.16822887602308,129.16822887602308,294
2022-01-07,129.6136474609375,129.6136474609375,129.6136474609375,129.6136474609375,150
2022-01-10,129.16822814941406,129.16822814941406,129.16822814941406,129.16822814941406,88
2022-01-11,129.16822814941406,129.16822814941406,129.16822814941406,129.16822814941406,0
2022-01-12,128.27740478515625,130.0590354071723,127.38658947414821,127.38658947414821,1100
2022-01-13,126.49577331542969,126.49577331542969,125.60495801039146,125.60495801039146,223
2022-01-14,130.0590362548828,130.0590362548828,127.38659030444002,127.38659030444002,82
2022-01-17,129.6136474609375,129.6136474609375,129.6136474609375,129.6136474609375,80
2022-01-18,129.16822814941406,129.16822814941406,129.16822814941406,129.16822814941406,57
2022-01-19,130.94985961914062,130.94985961914062,130.94985961914062,130.94985961914062,11
2022-01-20,129.16822814941406,129.16822814941406,124.71415131667565,124.71415131667565,118
2022-01-21,129.16822814941406,129.16822814941406,129.16822814941406,129.16822814941406,0
2022-01-24,120.26007080078125,122.93251681857639,120.26007080078125,122.93251681857639,545
2022-01-25,120.26007080078125,120.26007080078125,120.26007080078125,120.26007080078125,1839
2022-01-26,120.26007080078125,122.04170147931134,120.26007080078125,122.04170147931134,2037
2022-01-27,122.04169464111328,122.04169464111328,120.26006406241089,120.26006406241089,164
2022-01-28,129.16822814941406,129.16822814941406,129.16822814941406,129.16822814941406,249
2022-01-31,124.7141342163086,133.62228666033064,124.7141342163086,133.62228666033064,410
2022-02-01,133.62229919433594,133.62229919433594,133.62229919433594,133.62229919433594,3180
2022-02-02,124.7141342163086,124.7141342163086,124.7141342163086,124.7141342163086,1040
2022-02-03,125.6049575805664,125.60495758056642,124.71414227857657,124.71414227857657,444
2022-02-04,124.93685150146484,127.38659368776808,124.71414766634638,127.38659368776808,114
2022-02-07,128.27740478515625,129.16822009616428,125.82766267988416,129.16822009616428,269
2022-02-08,130.0590362548828,130.0590362548828,128.27740562125427,128.50010945045784,1929
2022-02-09,132.73150634765625,132.73150634765625,130.9498753899696,130.9498753899696,58
2022-02-10,130.94985961914062,131.8406749906994,126.94119044712612,128.27741350446428,1147
2022-02-11,130.94985961914062,130.94985961914062,130.94985961914062,130.94985961914062,27
2022-02-14,130.0590362548828,130.0590362548828,130.0590362548828,130.0590362548828,1429
2022-02-15,131.84068298339844,131.84068298339844,129.16823670670792,130.05905213227143,1164
2022-02-16,131.84068298339844,131.84068298339844,131.61797912700754,131.61797912700754,1030
2022-02-17,129.16822814941406,129.16822814941406,129.16822814941406,129.16822814941406,678
2022-02-18,129.16822814941406,129.16822814941406,129.16822814941406,129.16822814941406,275
2022-02-21,129.16822814941406,129.16822814941406,129.16822814941406,129.16822814941406,130
2022-02-22,118.92383575439453,129.1682111190053,115.80598238255648,129.1682111190053,3405
2022-02-23,124.7141342163086,124.7141342163086,124.7141342163086,124.7141342163086,500
2022-02-24,124.7141342163086,124.7141342163086,124.7141342163086,124.7141342163086,135
2022-02-25,124.7141342163086,124.7141342163086,124.7141342163086,124.7141342163086,0
2022-03-02,127.38658905029297,127.38658905029297,127.38658905029297,127.38658905029297,279
2022-03-03,124.7141342163086,124.7141342163086,124.7141342163086,124.7141342163086,458
2022-03-04,128.72280883789062,128.72280883789062,124.71414005055146,124.71414005055146,324
2022-03-07,128.72280883789062,128.72280883789062,128.72280883789062,128.72280883789062,1300
2022-03-08,129.16822814941406,129.16822814941406,129.16822814941406,129.16822814941406,627
2022-03-09,130.0590362548828,130.0590362548828,129.16822093806854,129.16822093806854,1105
2022-03-10,132.73150634765625,132.73150634765625,130.05905991112627,130.05905991112627,420
2022-03-11,134.51312255859375,134.51312255859375,132.73149179622828,132.73149179622828,350
2022-03-14,134.51312255859375,136.29475332095922,134.51312255859375,136.29475332095922,1690
2022-03-15,135.4039306640625,135.4039306640625,134.73581916407534,134.73581916407534,5050
2022-03-16,136.2947540283203,136.2947540283203,136.2947540283203,136.2947540283203,3018
2022-03-17,138.96719360351562,138.96719360351562,138.07637825990335,138.07637825990335,590
2022-03-18,138.0763702392578,140.74881611485637,138.0763702392578,140.74881611485637,625
2022-03-21,138.5217742919922,138.5217742919922,138.5217742919922,138.5217742919922,564
2022-03-22,138.5217742919922,138.5217742919922,138.5217742919922,138.5217742919922,163
2022-03-23,138.0763702392578,138.0763702392578,138.0763702392578,138.0763702392578,67
2022-03-25,139.85800170898438,139.85800170898438,139.85800170898438,139.85800170898438,275
2022-03-28,139.85800170898438,139.85800170898438,139.85800170898438,139.85800170898438,2750
2022-03-29,136.07203674316406,138.07637116327612,135.84933291870715,137.63096351436235,9230
2022-03-30,136.07203674316406,136.07203674316406,136.07203674316406,136.07203674316406,8000
2022-03-31,129.16822814941406,129.16822814941406,129.16822814941406,129.16822814941406,200
2022-04-01,125.38225555419922,129.16822064198143,124.71414406811999,124.71414406811999,160
2022-04-04,125.38225555419922,125.38225555419922,125.38225555419922,125.38225555419922,0
2022-04-05,125.38225555419922,125.38225555419922,125.38225555419922,125.38225555419922,0
2022-04-06,125.6049575805664,125.60495758056642,125.60495758056642,125.60495758056642,40
2022-04-07,127.38658905029297,127.38658905029297,127.38658905029297,127.38658905029297,24
2022-04-08,127.38658905029297,127.38658905029297,127.38658905029297,127.38658905029297,0
2022-04-11,130.94985961914062,130.94985961914062,130.94985961914062,130.94985961914062,226
2022-04-12,130.94985961914062,130.94985961914062,130.94985961914062,130.94985961914062,20
2022-04-13,133.62229919433594,133.62229919433594,133.62229919433594,133.62229919433594,220
2022-04-18,133.62229919433594,133.62229919433594,133.62229919433594,133.62229919433594,50
2022-04-19,133.62229919433594,133.62229919433594,133.62229919433594,133.62229919433594,1509
2022-04-20,133.62229919433594,133.62229919433594,133.62229919433594,133.62229919433594,4000
2022-04-21,132.73150634765625,132.73150634765625,132.73150634765625,132.73150634765625,10
2022-04-22,133.62229919433594,133.62229919433594,133.62229919433594,133.62229919433594,2080
2022-04-25,134.16270446777344,134.16270446777344,133.2374444369612,133.2374444369612,1166
2022-04-26,138.78900146484375,140.639521484375,136.01322143554685,138.78900146484375,133
2022-04-27,139.71426391601562,139.71426391601562,139.71426391601562,139.71426391601562,20
2022-04-28,137.86376953125,142.49007052223155,134.16272873846475,142.49007052223155,6639
2022-04-29,138.78900146484375,139.71426147460937,137.86374145507813,139.71426147460937,5516
2022-05-02,135.0879669189453,138.32637708481045,135.0879669189453,138.32637708481045,170
2022-05-03,136.47586059570312,136.93849063162077,135.08797048795023,136.93849063162077,64
2022-05-04,136.0132293701172,136.0132293701172,136.0132293701172,136.0132293701172,2682
2022-05-05,132.3121795654297,132.3121795654297,129.53639957454655,129.53639957454655,169
2022-05-06,134.16270446777344,134.16270446777344,134.16270446777344,134.16270446777344,222
2022-05-09,134.16270446777344,134.16270446777344,134.16270446777344,134.16270446777344,0
2022-05-10,134.16270446777344,136.475854544804,134.16270446777344,136.475854544804,5437
2022-05-11,134.16270446777344,134.16270446777344,134.16270446777344,134.16270446777344,8000
2022-05-12,134.16270446777344,134.16270446777344,134.16270446777344,134.16270446777344,0
2022-05-13,136.0132293701172,136.0132293701172,136.0132293701172,136.0132293701172,37
2022-05-16,138.78900146484375,138.78900146484375,136.01322143554685,136.01322143554685,366
2022-05-17,138.78900146484375,138.78900146484375,138.78900146484375,138.78900146484375,0
2022-05-19,138.78900146484375,138.78900146484375,138.78900146484375,138.78900146484375,150
2022-05-20,138.78900146484375,138.78900146484375,138.78900146484375,138.78900146484375,150
2022-05-23,140.6395263671875,143.41530649285568,138.78900628340872,143.41530649285568,197
2022-05-24,136.47586059570312,136.47586059570312,136.47586059570312,136.47586059570312,200
2022-05-26,136.47586059570312,136.47586059570312,136.47586059570312,136.47586059570312,0
2022-05-27,138.78900146484375,138.78900146484375,135.08796142578123,135.08796142578123,3675
2022-05-30,148.27291870117188,157.29420392636018,148.0416036953978,148.0416036953978,2625
2022-05-31,143.41529846191406,152.20526836764427,143.41529846191406,152.20526836764427,3194
2022-06-01,138.78900146484375,142.49004150390624,138.78900146484375,142.49004150390624,307
2022-06-02,139.71426391601562,139.71426391601562,139.71426391601562,139.71426391601562,30
2022-06-03,139.71426391601562,139.71426391601562,139.71426391601562,139.71426391601562,13131
2022-06-06,139.71426391601562,139.71426391601562,139.71426391601562,139.71426391601562,8980
2022-06-07,139.71426391601562,139.71426391601562,139.71426391601562,139.71426391601562,0
2022-06-08,138.78900146484375,138.78900146484375,138.78900146484375,138.78900146484375,35150
2022-06-09,136.93849182128906,136.93849182128906,136.93849182128906,136.93849182128906,300
2022-06-10,136.93849182128906,136.93849182128906,136.93849182128906,136.93849182128906,0
2022-06-13,137.86376953125,137.86376953125,129.5364277474832,129.5364277474832,210
2022-06-14,138.78900146484375,138.78900146484375,138.78900146484375,138.78900146484375,15500
2022-06-15,143.41529846191406,143.41529846191406,143.41529846191406,143.41529846191406,250
2022-06-16,138.78900146484375,138.78900146484375,138.78900146484375,138.78900146484375,60710
2022-06-21,138.78900146484375,138.78900146484375,138.78900146484375,138.78900146484375,0
2022-06-22,138.78900146484375,138.78900146484375,134.1627014160156,134.1627014160156,1069
2022-06-23,138.78900146484375,138.78900146484375,138.78900146484375,138.78900146484375,672
2022-06-24,138.78900146484375,138.78900146484375,138.78900146484375,138.78900146484375,400
2022-06-27,138.78900146484375,138.78900146484375,138.78900146484375,138.78900146484375,0
2022-06-28,138.78900146484375,138.78900146484375,138.78900146484375,138.78900146484375,0
2022-06-29,148.04159545898438,148.04159545898438,148.04159545898438,148.04159545898438,100
2022-06-30,148.04159545898438,148.04159545898438,148.04159545898438,148.04159545898438,172
2022-07-01,149.89212036132812,151.74264036578896,145.72845035129123,148.04160035686726,401
2022-07-04,149.89212036132812,149.89212036132812,149.89212036132812,149.89212036132812,1262
2022-07-05,160.53262329101562,161.92051340592354,152.66791263987076,152.66791263987076,590
2022-07-06,166.54681396484375,166.54681396484375,161.92051357693143,165.62155388726129,1070
2022-07-07,173.4862518310547,173.4862518310547,173.4862518310547,173.4862518310547,133
2022-07-08,174.64283752441406,175.7994126073572,172.09837234193915,172.09837234193915,184
2022-07-11,166.08416748046875,171.17309740326863,161.9204975436325,161.9204975436325,450
2022-07-12,180.4257049560547,180.4257049560547,166.08417456211188,166.08417456211188,740
2022-07-13,181.8135986328125,194.3046092259065,180.4257085669132,180.4257085669132,293
2022-07-14,175.79940795898438,175.79940795898438,175.79940795898438,175.79940795898438,4325
2022-07-15,175.79940795898438,180.42570816843133,175.79940795898438,180.42570816843133,6091
2022-07-18,175.79940795898438,175.79940795898438,175.79940795898438,175.79940795898438,0
2022-07-19,179.96307373046875,180.42570374005865,166.54680345236184,175.79940364415972,623
2022-07-20,179.96307373046875,179.96307373046875,179.96307373046875,179.96307373046875,20
2022-07-21,180.4257049560547,180.4257049560547,175.79940482897638,175.79940482897638,27932
2022-07-22,180.4257049560547,180.4257049560547,180.4257049560547,180.4257049560547,1508
2022-07-25,180.4257049560547,180.4257049560547,171.17310470189804,171.17310470189804,464
2022-07-26,175.79940795898438,175.79940795898438,175.79940795898438,175.79940795898438,1413
2022-07-27,167.24073791503906,180.4256923564737,166.54679294443724,180.4256923564737,434
2022-07-28,175.79940795898438,178.11255806370787,175.79940795898438,178.11255806370787,135
2022-07-29,175.79940795898438,175.79940795898438,175.79940795898438,175.79940795898438,552
2022-08-01,171.173095703125,175.79939558699326,171.173095703125,175.79939558699326,300
2022-08-02,173.7175750732422,173.9488900866553,166.54680965743592,172.09836997935045,551
2022-08-03,174.4114990234375,174.87412899432195,173.94886905255305,174.87412899432195,977
2022-08-04,173.4862518310547,173.4862518310547,166.5468017578125,171.1731018066406,1578
2022-08-05,173.94888305664062,175.7994030891581,171.17310300786446,175.7994030891581,665
2022-08-08,173.94888305664062,175.7994030891581,173.94888305664062,174.87414307289936,1117
2022-08-09,173.94888305664062,173.94888305664062,166.54680292657082,173.94888305664062,871
2022-08-10,171.173095703125,178.5751755173142,171.173095703125,175.79939558699326,55027
2022-08-11,176.03073120117188,185.05201703145534,166.5468153283098,166.5468153283098,143190
2022-08-12,186.43988037109375,189.6782902038423,171.173091159565,171.173091159565,1450
2022-08-16,201.93798828125,203.55719322737687,177.1872841047394,177.1872841047394,1180
2022-08-17,210.4966583251953,222.06240878262363,203.55720805073832,208.18350823370966,2993
2022-08-18,216.51083374023438,217.43609371348325,210.03401392749234,216.97346372685882,1226
2022-08-19,231.31500244140625,231.31500244140625,217.89873229980466,222.06240234375,474
2022-08-22,237.79183959960938,240.5676198283986,222.98767837940022,227.61397876071558,2308
2022-08-23,237.79183959960938,237.79183959960938,235.4786894089517,237.32920956147782,4606
2022-08-24,258.14752197265625,268.32538126190076,240.56758320032483,240.56758320032483,1048
2022-08-25,269.7132873535156,276.6527372854243,254.44649750331664,257.2222774760801,306
2022-08-26,264.6243591308594,264.6243591308594,259.0727991490931,259.0727991490931,1915
2022-08-29,275.2648620605469,291.4569127699908,272.0264519186581,272.9517119591977,1895
2022-08-30,296.54583740234375,300.7095075062768,277.5780069288709,277.5780069288709,864
2022-08-31,297.9337158203125,319.21469552176336,296.08319584627327,297.9337158203125,1960
2022-09-01,293.30743408203125,309.96211488164187,277.57801332684346,297.93373430414533,794
2022-09-05,300.7095031738281,305.33580322265624,295.15794311523433,296.08320312499995,1866
2022-09-06,321.990478515625,323.8409985070941,300.246868615863,300.246868615863,1769
2022-09-07,315.0510559082031,328.4673270114893,314.5884258701588,321.9905064788684,4114
2022-09-08,323.84100341796875,333.093603515625,300.7095031738281,300.7095031738281,2788
2022-09-09,324.3036193847656,342.3461887941891,323.8409893999086,337.71988894561895,4831
2022-09-12,323.84100341796875,323.84100341796875,318.28944335937496,323.84100341796875,1147
2022-09-13,323.84100341796875,333.093603515625,309.96210327148435,324.7662634277344,2237
2022-09-14,325.6915283203125,325.6915283203125,309.96210791847926,323.841008273038,519
2022-09-15,321.06524658203125,331.2431074246893,314.58842604579434,331.2431074246893,3018
2022-09-16,329.392578125,333.09361832865164,329.392578125,333.09361832865164,1740
2022-09-19,324.76629638671875,329.3925969050481,319.21473576472357,319.21473576472357,1332
2022-09-20,314.5884094238281,319.2147095624138,314.5884094238281,314.5884094238281,246
2022-09-21,314.5884094238281,323.84100970099956,311.8126293406767,323.84100970099956,822
2022-09-22,323.84100341796875,323.84100341796875,309.96210327148435,309.96210327148435,767
2022-09-23,318.2894592285156,333.0936201228652,314.58841900492826,333.0936201228652,224
2022-09-26,319.2146911621094,327.07940094436424,319.2146911621094,319.2146911621094,4328
2022-09-27,325.6915283203125,327.54204836758703,319.21470815485173,327.54204836758703,3379
2022-09-28,323.84100341796875,327.54204345703124,319.2147033691406,319.2147033691406,731
2022-09-29,314.5884094238281,314.5884094238281,309.96210928524243,309.96210928524243,65
2022-09-30,322.915771484375,323.37840152948155,309.9621302213915,309.9621302213915,108
2022-10-03,320.1399841308594,337.7199254559644,315.97631381701876,336.794665386222,2943
2022-10-04,327.54205322265625,333.09361344676904,323.84101307324767,332.1683534094169,1074
2022-10-05,326.6167907714844,333.0936109850832,323.84101067994203,332.1683509545691,682
2022-10-06,336.33203125,337.71992133768913,336.33203125,337.71992133768913,36
2022-10-11,337.2572937011719,342.3462240588027,336.3320336361481,342.3462240588027,233
2022-10-12,335.8693542480469,337.25724414163386,323.8409751702931,337.25724414163386,1820
2022-10-13,324.76629638671875,337.7199378380409,323.8410362830529,337.7199378380409,227
2022-10-14,323.84100341796875,337.2572735595703,323.84100341796875,337.2572735595703,222
2022-10-17,333.0936279296875,333.0936279296875,323.84102715386285,323.84102715386285,217
2022-10-18,323.84100341796875,340.49568359374996,322.9157434082031,340.49568359374996,348
2022-10-19,323.84100341796875,323.84100341796875,314.58840332031247,314.58840332031247,20
2022-10-20,316.90155029296875,325.6915203010949,315.51366029168565,323.8410002993841,138
2022-10-21,323.3783874511719,328.4673177257969,319.2147172264787,328.4673177257969,105
2022-10-24,328.46728515625,328.46728515625,327.5420251980634,328.46728515625,222
2022-10-25,328.46728515625,328.46728515625,314.58838578345075,319.2146855743838,194
2022-10-26,323.3783874511719,323.8410174761378,314.58841697681953,323.8410174761378,732
2022-10-27,314.5884094238281,322.9157496732824,314.5884094238281,322.9157496732824,958
2022-10-28,317.8268127441406,327.54204282802266,314.5884027161799,323.8410027960676,1066
2022-10-31,328.46728515625,328.46728515625,314.58838578345075,314.58838578345075,137
2022-11-01,326.1541442871094,342.34619400349067,315.51365447348735,328.4672942465924,341
2022-11-02,320.6025695800781,328.4672790791565,319.6773096390101,328.4672790791565,1186
2022-11-03,321.06524658203125,321.06524658203125,305.3358252797415,305.3358252797415,269
2022-11-04,321.06524658203125,321.06524658203125,319.2147264288207,319.2147264288207,150
2022-11-07,315.9762878417969,323.8409977880788,315.9762878417969,323.8409977880788,633
2022-11-08,323.84100341796875,323.84100341796875,323.84100341796875,323.84100341796875,20
2022-11-09,323.84100341796875,328.46730346679686,314.58840332031247,323.84100341796875,256
2022-11-10,333.0936279296875,340.033078511556,323.84102715386285,323.84102715386285,834
2022-11-11,351.59881591796875,351.59881591796875,342.34621549907484,342.34621549907484,168
2022-11-14,346.9725036621094,351.5988037109375,337.7199035644531,351.5988037109375,716
2022-11-15,342.34619140625,360.85139094172297,342.34619140625,342.34619140625,695
2022-11-16,374.7303161621094,379.3566163616416,345.1219948851032,345.1219948851032,234
2022-11-17,379.3565979003906,379.3565979003906,360.8513980028106,379.3565979003906,1969
2022-11-18,383.98291015625,388.60921027861446,374.7303099115211,388.60921027861446,320
2022-11-22,392.77288818359375,397.861818419188,379.3566175624816,384.9081778194935,1343
2022-11-23,411.74072265625,411.74072265625,396.93656184164325,397.8618218925562,2584
2022-11-24,429.7832946777344,439.49852523557337,411.7407236417477,411.7407236417477,6336
2022-11-25,420.9933166503906,433.94695716271036,416.3670164674193,433.94695716271036,1402
2022-11-28,407.1144104003906,430.2459109913219,388.6092099276456,430.2459109913219,3002
2022-11-29,407.1144104003906,407.1144104003906,388.6092099276456,407.1144104003906,750
2022-11-30,415.4417724609375,415.4417724609375,397.8618310873121,408.03969188256895,1099
2022-12-01,405.2638854980469,413.59122561102043,397.8618053976259,413.59122561102043,695
2022-12-02,398.7870788574219,414.0538695793417,397.8618188136692,411.74071946995997,1106
2022-12-05,415.9043884277344,420.9933186532128,415.44175840723636,420.9933186532128,329
2022-12-06,409.8901672363281,420.9932868905853,400.6375675244471,420.9932868905853,566
2022-12-07,416.36700439453125,425.6196044921875,402.48810424804685,416.36700439453125,632
2022-12-12,407.1144104003906,430.2459109913219,398.7870701876554,430.2459109913219,575
2022-12-13,425.6195983886719,425.6195983886719,407.1143984587296,425.6195983886719,446
2022-12-14,415.4417724609375,425.61963325619433,407.11443181027283,425.61963325619433,436
2022-12-15,419.1427917480469,425.61961192958404,398.78707117750156,408.03967143684037,1939
2022-12-16,408.5022888183594,430.2458987554635,408.5022888183594,430.2458987554635,1319
2022-12-19,425.6195983886719,426.544858385169,424.69433839217476,425.6195983886719,1355
2022-12-20,427.00750732421875,428.39539738052713,416.36701689252095,427.4701373429882,135
2022-12-21,434.4095764160156,434.8722064228485,412.6659660948732,429.32064634085464,1361
2022-12-22,425.6195983886719,430.2458983711574,425.6195983886719,430.2458983711574,91
2022-12-23,420.9933166503906,425.619616833362,407.11441610147665,425.619616833362,2504
2022-12-26,420.9933166503906,420.9933166503906,416.3670164674193,420.9933166503906,1627
2022-12-27,462.1673889160156,462.6300189349506,432.09643768524387,462.6300189349506,7796
2022-12-28,490.3878173828125,492.23833744840806,462.6300163988797,462.6300163988797,14457
2022-12-29,524.6224365234375,545.9034171937004,492.23833550347223,504.2667158823165,8894
2022-12-30,534.337646484375,541.2770964387175,513.5192966213474,527.3981965300325,2617
2023-01-02,531.0992431640625,532.0245031695748,499.64040297664417,531.0992431640625,9283
2023-01-03,476.5089416503906,532.0245465028634,476.5089416503906,532.0245465028634,1476
2023-01-04,495.01409912109375,517.6829690808447,482.06045914409316,517.6829690808447,1731
2023-01-05,481.1352233886719,497.7899041982797,480.67259336618275,490.38782383845404,1129
2023-01-06,468.1815490722656,508.8929881220279,468.1815490722656,481.13518876991725,3276
2023-01-09,485.76153564453125,499.6404366629464,472.80789469401043,482.0604953729539,2595
2023-01-10,491.3130798339844,499.64042017015356,472.8078790869416,476.50891923635015,5113
2023-01-11,496.4020080566406,501.4909382417506,477.4341773666851,497.78989810712517,3319
2023-01-12,488.385498046875,506.3686849904615,479.86714633675507,506.3686849904615,2594
2023-01-13,500.6897888183594,513.9405582766902,482.7066016963389,500.6897888183594,8511
2023-01-16,477.97418212890625,511.1011056427908,473.2417644840656,511.1011056427908,14617
2023-01-17,479.86712646484375,499.27003788995086,473.7149838178586,492.1714117588141,13164
2023-01-18,455.2585754394531,492.1714329075169,435.382421418188,473.2417624110739,11965
2023-01-19,427.810546875,454.31208517699116,426.86406336421464,452.89235991081307,24201
2023-01-20,447.68670654296875,453.36560768304867,431.59648664607556,431.59648664607556,2692
2023-01-23,461.8839416503906,464.25015036786186,450.52613980652853,450.52613980652853,2533
2023-01-24,446.2669677734375,454.3120774787911,435.3824075838414,451.47262699454865,3406
2023-01-25,435.3824157714844,457.1515365600586,430.64999820875084,449.1064267034116,6699
2023-01-26,441.0613098144531,451.47262828646814,440.1148263169972,440.1148263169972,5407
2023-01-27,440.1148376464844,451.47263990832914,430.6500024282804,444.8472552555864,2999
2023-01-30,440.1148376464844,453.8388487128801,425.91758481917844,440.1148376464844,1824
2023-01-31,470.8755187988281,473.24172743600815,440.1148065154876,440.1148065154876,4211
2023-02-01,474.188232421875,475.134715919723,447.21345273320543,447.21345273320543,1088
2023-02-02,468.5093078613281,473.2417251124527,454.31205610795456,472.29524166222774,2535
2023-02-03,459.04449462890625,481.7600984868315,435.3824072769008,468.5093295697084,2124
2023-02-06,473.24176025390625,473.24176025390625,440.1148370361328,468.5093426513672,14888
2023-02-07,465.1966552734375,478.9206664666518,447.68670995795713,478.9206664666518,1591
2023-02-08,467.5628662109375,477.97418509417696,453.36561318833816,477.97418509417696,2732
2023-02-09,466.1431579589844,492.1714561191307,451.47266263235645,473.2417847299334,3918
2023-02-10,459.04449462890625,466.1431208345079,459.04449462890625,466.1431208345079,2926
2023-02-13,449.5796813964844,477.97418758994655,449.5796813964844,461.8839674136513,975
2023-02-14,477.0277099609375,480.81364416697664,459.04452248225135,480.81364416697664,3318
2023-02-15,486.4925231933594,492.1714242423091,477.9741716199348,481.760105652568,4255
2023-02-16,502.582763671875,502.582763671875,463.7769382282839,463.7769382282839,17371
2023-02-17,539.49560546875,543.2815395422149,501.63626473410085,501.63626473410085,66252
2023-02-22,530.0307006835938,545.1744349888393,511.10103280203685,545.1744349888393,13363
2023-02-23,541.3885498046875,541.8617915440273,530.9772315392128,541.3885498046875,5625
2023-02-24,532.8702392578125,548.013976075086,526.2448544002553,547.5407342995462,2387
2023-02-27,530.9772338867188,544.2280026468151,515.8334981608944,526.2448164723986,11068
2023-02-28,520.56591796875,544.2280051491477,520.56591796875,522.4588849431818,24695
2023-03-01,520.56591796875,530.0307528409091,520.56591796875,530.0307528409091,19734
2023-03-02,520.56591796875,525.2983354048296,506.3686656605114,525.2983354048296,54575
2023-03-03,520.56591796875,533.8166867897728,496.9038307883523,530.0307528409091,16195
2023-03-06,520.56591796875,530.0307528409091,511.1010830965909,520.56591796875,8130
2023-03-07,520.56591796875,539.4955877130682,520.56591796875,520.56591796875,45347
2023-03-08,543.2815551757812,544.2280387213837,520.5659500813235,530.0307855373476,42801
2023-03-09,530.0307006835938,548.0138851710728,525.2982837132046,543.2814682006835,10879
2023-03-10,530.0307006835938,544.2279515947614,506.3686158316476,544.2279515947614,18251
2023-03-13,486.4925231933594,534.763182109432,459.04450145676907,518.6729624707411,2516
2023-03-14,495.95733642578125,524.3518404196237,488.3854686940899,497.37706162547335,2324
2023-03-15,461.41070556640625,494.06438626802884,444.8472443409455,494.06438626802884,5404
2023-03-16,478.4474182128906,492.1714292199864,463.77692368806413,463.77692368806413,5048
2023-03-17,474.188232421875,494.53762762560814,468.50933143478665,487.43900139174775,25972
2023-03-20,511.1010437011719,511.1010437011719,482.706541273329,482.706541273329,8315
2023-03-21,544.22802734375,544.22802734375,520.5659391983696,520.5659391983696,3066
2023-03-22,543.2815551757812,547.0674893581909,530.0307855373476,547.0674893581909,11155
2023-03-23,530.0307006835938,544.2279515947614,520.5658667428153,544.2279515947614,62454
2023-03-27,539.9688720703125,558.4253015275799,511.10112343202235,520.5659590511339,41851
2023-03-28,564.577392578125,577.3549194847548,539.495580502148,539.495580502148,31034
2023-03-29,559.3717041015625,567.8900549254441,556.0590121144974,558.4252206766868,13706
2023-03-30,576.408447265625,577.354930758672,558.425260897732,567.4168540816785,3311
2023-03-31,576.8817138671875,582.0873733032327,567.8901202958367,567.8901202958367,2653
2023-04-03,590.605712890625,596.2846139761117,567.8901085486779,579.2479107196514,20911
2023-04-04,592.9718627929688,596.2845547638792,586.8197205612779,596.2845547638792,27479
2023-04-05,601.0170288085938,619.9466990072897,591.5521937092459,601.0170288085938,72414
2023-04-10,601.4902954101562,605.7494713808026,569.7830965175674,601.9635371846725,20409
2023-04-11,615.2142944335938,629.4115473820614,601.0170414851262,615.2142944335938,19832
2023-04-12,634.1439819335938,638.8763997092176,619.9467286067222,634.1439819335938,20776
2023-04-13,667.2708740234375,697.5583463195368,636.0369182180851,643.6087862921099,18274
2023-04-14,673.4230346679688,690.9329800528702,662.5384740233003,690.9329800528702,2203
2023-04-17,672.94970703125,700.3977260240858,653.0735553467828,700.3977260240858,3338
2023-04-18,667.2708740234375,705.1302143935617,660.6454894586658,705.1302143935617,928
2023-04-19,634.1439819335938,690.9329952410798,634.1439819335938,690.9329952410798,11753
2023-04-20,634.1439819335938,653.0736530360891,634.1439819335938,638.8763997092176,21474
2023-04-21,648.3411865234375,656.8595378792198,628.4650333599452,656.8595378792198,8804
2023-04-24,705.2264404296875,747.3946193419781,664.997028363939,671.7827123268363,4961
2023-04-25,737.216064453125,746.4252066126314,688.2622034999589,707.6498712041831,4414
2023-04-26,707.1652221679688,756.1190860740447,689.7163201816447,737.2161089221936,7138
2023-04-27,704.7417602539062,727.0375793540986,693.1091589842406,727.0375793540986,4759
2023-04-28,715.4049682617188,727.0375693716653,693.1091494676543,726.552877658751,3053
2023-05-02,688.7468872070312,707.6498629994832,659.1806943008885,688.2621955200453,5620
2023-05-03,673.2367553710938,712.4967821421942,664.0276132889837,695.5325730435706,2046
2023-05-04,663.0582885742188,682.4459578307749,630.0992508380733,673.7215066653246,1902
2023-05-05,664.0276489257812,670.8133329294023,656.7572732076158,670.8133329294023,2935
2023-05-08,670.8133544921875,678.5684221741781,657.2419860487039,678.5684221741781,3193
2023-05-09,653.84912109375,683.4153155983599,634.9461442793273,683.4153155983599,2489
2023-05-10,636.4002075195312,678.568385778632,596.170796076941,662.0888678382938,11650
2023-05-11,625.2523193359375,649.4869053567103,623.3135524542757,625.737011056353,59149
2023-05-12,631.5532836914062,654.3337935405974,622.344141411946,634.946125583839,15956
2023-05-15,676.1448974609375,678.568355874776,636.884871156754,649.4868549087141,7746
2023-05-16,722.1906127929688,728.976296403104,677.5989776406512,677.5989776406512,6270
2023-05-17,774.537353515625,785.2005711485059,724.1294156147333,736.7314000899562,7156
2023-05-18,824.9452514648438,838.5166187039833,785.2005331216492,785.2005331216492,7477
2023-05-19,879.7154541015625,886.9858297552944,825.4299825536975,865.6593945043475,7602
2023-05-22,870.990966796875,886.9857925644303,863.7205914479863,886.9857925644303,13633
2023-05-23,896.6796875,896.6796875,875.3532516891892,896.6796875,5719
2023-05-24,1053.2349853515625,1066.3216602730959,895.7101946294006,920.9141611449465,11421
2023-05-29,1218.0302734375,1313.5145407941206,1066.3217674343414,1066.3217674343414,20618
2023-05-30,1380.4019775390625,1541.3196237971274,1211.7292639914524,1231.1169322153155,31533
2023-05-31,1164.7142333984375,1405.6060244924963,1114.7909849423247,1405.6060244924963,20022
2023-06-01,1281.0401611328125,1352.2898409234,1173.4386038980472,1173.4386038980472,13744
2023-06-02,1292.6727294921875,1392.0345253474175,1231.1168852306548,1307.6981717922467,11565
2023-06-05,1314.48388671875,1405.60592606356,1260.198416470778,1298.9737523621866,15166
2023-06-06,1260.68310546875,1405.6059230524318,1238.8719790765572,1357.136753292003,11037
2023-06-07,1165.1988525390625,1289.2799283502106,1163.2600857295133,1263.1065764212965,18366
2023-06-08,1138.5408935546875,1226.270098209178,1067.2912080065653,1165.1989391679306,15916
2023-06-09,1170.0457763671875,1211.7292630149,1153.5662583901849,1162.2907090838921,18388
2023-06-12,1214.1527099609375,1225.3006190743513,1178.7702158183633,1192.3415834346931,5693
2023-06-13,1197.6732177734375,1245.657697158128,1182.647774733787,1234.9944795170857,6459
2023-06-14,1163.2601318359375,1218.5149880981446,1146.7806133015952,1212.698687438965,4164
2023-06-15,1157.928466796875,1202.0354113253452,1096.8573128343776,1163.2600754761406,9385
2023-06-16,1165.68359375,1168.1070523648648,1105.0971283783783,1107.0358952702702,14096
2023-06-21,1156.9591064453125,1202.035435267857,1102.188943467382,1188.4640674503169,10879
2023-06-22,1126.423583984375,1156.9591630682887,1100.2502304838774,1153.566320947854,7546
2023-06-23,1120.607177734375,1151.6274456301362,1066.3217089167929,1151.6274456301362,10726
2023-06-26,1138.5408935546875,1163.2601722142401,1092.010486666118,1124.484833140432,9944
2023-06-27,1094.9185791015625,1162.2907271737702,1062.444234347333,1138.5408332490351,4350
2023-06-28,1131.755126953125,1142.903036126539,1103.158316464802,1106.5511583871455,3645
2023-06-29,1160.8365478515625,1171.9844562442916,1143.8723394278445,1163.260006197808,9383
2023-06-30,1144.841796875,1187.4946665299535,1108.9746110287892,1187.4946665299535,4893
2023-07-03,1155.0203857421875,1172.953979645864,1115.2756641178237,1172.4692879187376,4789
2023-07-04,1146.780517578125,1165.1988014614592,1131.7550754627734,1163.2600347368978,4222
2023-07-05,1142.4183349609375,1175.8620622041724,1116.7296749045397,1175.8620622041724,3128
2023-07-06,1111.8828125,1162.2907516891892,1094.433910472973,1134.1786317567567,1720
2023-07-07,1155.0203857421875,1160.3519947405778,1110.913438573686,1110.913438573686,4114
2023-07-10,1123.03076171875,1153.5663413425227,1110.913468217253,1153.5663413425227,3235
2023-07-11,1101.7042236328125,1150.6580848677065,1095.4032315926775,1150.6580848677065,4392
2023-07-12,1087.648193359375,1101.7042528992242,1066.3217581954657,1101.7042528992242,13886
2023-07-13,1127.3929443359375,1134.1786284377015,1073.1074715218253,1073.1074715218253,6067
2023-07-14,1143.8724365234375,1153.566270731263,1114.7909338999602,1134.1786023156117,6678
2023-07-17,1159.8671875,1163.260029251985,1095.887885891141,1147.7498955286253,3900
2023-07-18,1163.2601318359375,1172.9539662679038,1134.1786285400392,1163.2601318359375,7606
2023-07-19,1153.08154296875,1163.2600685687264,1139.9948671973518,1163.2600685687264,4275
2023-07-20,1153.5662841796875,1163.260118500525,1114.7909468963367,1163.260118500525,2334
2023-07-21,1162.2906494140625,1163.260032774708,1135.6326069963088,1158.41311597148,5003
2023-07-24,1158.4132080078125,1163.2601251961296,1155.5050576948222,1155.5050576948222,6141
2023-07-25,1155.0203857421875,1163.2601451033363,1105.0971378481695,1160.3519947405778,3938
2023-07-26,1145.326416015625,1163.2600078025814,1126.9081325587508,1163.2600078025814,1813
2023-07-27,1177.8009033203125,1211.7293244036136,1134.1786476417824,1143.8724822370114,49306
2023-07-28,1211.729248046875,1221.42308203125,1177.8008291015624,1177.8008291015624,103452
2023-07-31,1258.259765625,1311.575857388771,1218.515042673825,1231.1170279998073,10604
2023-08-01,1304.7900390625,1308.667572610977,1211.7292338990528,1279.5860709973997,6545
2023-08-02,1268.4381103515625,1308.6675192775006,1238.8719182493671,1308.6675192775006,3676
2023-08-03,1345.504150390625,1357.1367511144633,1260.1984117491445,1308.667581431804,8666
2023-08-04,1364.891845703125,1400.7590319893577,1279.5861053466797,1397.8508817499333,9067
2023-08-07,1267.9534912109375,1364.891831517584,1250.504589955741,1364.891831517584,8856
2023-08-08,1272.3157958984375,1298.0044576822918,1169.0764570312501,1260.1985026041668,8357
2023-08-09,1285.88720703125,1289.280049266161,1240.8108744817189,1279.5862143092725,6665
2023-08-10,1259.2291259765625,1376.524525701862,1240.810840069284,1294.126930853511,2225
2023-08-11,1292.1881103515625,1328.0552972105331,1255.351540063971,1321.2696132101873,4255
2023-08-14,1340.6573486328125,1416.2692598355306,1163.260172349512,1260.1985200453046,6096
2023-08-15,1501.5748291015625,1551.013380608457,1328.0552071459915,1328.0552071459915,6469
2023-08-16,1745.8594970703125,1793.3592834981,1454.5597864264319,1454.5597864264319,8515
2023-08-17,2032.3123779296875,2367.234355785498,1793.3593604435591,1793.3593604435591,20466
2023-08-18,2062.847900390625,2326.5201884104795,2006.6236625040385,2132.6435060429394,18928
2023-08-22,2104.53125,2163.6636342699217,2084.1741996775677,2132.64336711193,7914
2023-08-23,2132.15869140625,2229.5817186789614,2113.74040764325,2208.255284848119,12254
2023-08-24,2115.679443359375,2196.622963872781,2104.531533348547,2196.622963872781,6022
2023-08-25,2131.189453125,2181.1126993546736,2114.22524324113,2156.878113806288,11917
2023-08-28,2117.6181640625,2166.572028692922,2082.235667844472,2132.643607661936,12409
2023-08-29,2207.285888671875,2277.081489894701,2100.6537201370015,2100.6537201370015,5508
2023-08-30,2350.27001953125,2370.142378945723,2229.5817879653023,2251.8776058449553,7680
2023-08-31,2418.611572265625,2424.427872639811,2374.989319459231,2424.427872639811,11699
2023-09-01,2361.41796875,2501.0091787253696,2269.811237203664,2440.907407763752,8477
2023-09-04,2421.519775390625,2520.396883913381,2361.4180035434597,2403.5861821781646,9043
2023-09-05,2363.841552734375,2556.2641683660227,2229.58194434655,2539.7846496469397,7543
2023-09-06,2272.719482421875,2340.576323441082,2234.4288364181793,2278.0510913590983,7224
2023-09-07,2288.714111328125,2405.0401144451835,2169.9646498127945,2279.020277735037,5113
2023-09-08,2375.958740234375,2510.21834265072,2293.561150303766,2329.428336508855,7959
2023-09-11,2200.985107421875,2471.9277797515006,2181.1127468395593,2423.4586075995103,9083
2023-09-12,2343.484375,2423.458505687694,2113.255816959669,2307.1324974146846,5387
2023-09-13,2422.489013671875,2470.9581816124887,2326.5200611494597,2374.9892290900734,7477
2023-09-14,2423.45849609375,2505.8560849609376,2423.45849609375,2505.8560849609376,4667
2023-09-15,2434.6064453125,2491.800066763202,2326.520194604818,2491.800066763202,3762
2023-09-18,2410.371826171875,2563.5344035035287,2341.0609130122975,2423.458502083124,4367
2023-09-19,2364.810791015625,2460.2950553792402,2279.0203605975544,2423.45848638617,2853
2023-09-20,2239.275634765625,2423.458479183577,2200.5002990986877,2326.5201400162337,8523
2023-09-21,2055.093017578125,2335.2448487479733,2037.1594228492593,2335.2448487479733,7537
2023-09-22,2054.12353515625,2131.674211330153,1874.7875965040998,2070.6030538432046,17154
2023-09-25,2199.04638671875,2204.862687499139,2035.7052731361582,2045.39910777014,5882
2023-09-26,2206.316650390625,2345.9078620146365,2001.776750024886,2200.5003499062914,64600
2023-09-27,2213.5869140625,2316.826242438964,2133.612786446929,2133.612786446929,6076
2023-09-28,2321.1884765625,2345.90775246659,2229.5817482120483,2229.5817482120483,4385
2023-09-29,2357.54052734375,2471.927773325067,2279.9898521021796,2423.4586012990853,10024
2023-10-02,2296.46923828125,2432.182912134933,2226.67363458507,2326.520123205994,5333
2023-10-03,2229.581787109375,2287.7447902513586,2191.7758350670856,2287.7447902513586,5629
2023-10-04,2231.5205078125,2298.4079600449336,2142.3372381692548,2298.4079600449336,6663
2023-10-05,2248.969482421875,2271.7499922653724,2156.8780596502897,2156.8780596502897,4353
2023-10-06,2278.051025390625,2363.3567659158907,2181.597375592171,2248.96952293883,4744
2023-10-09,2325.551025390625,2365.2957490425697,2282.8981512275623,2312.9490398424473,5018
2023-10-10,2522.8203125,2568.866024255524,2272.234702209414,2313.91818864073,6438
2023-10-11,2605.218017578125,2617.3353106831396,2384.6832830668604,2501.009296875,6640
2023-10-12,2687.615478515625,2704.579688028348,2522.820300392034,2617.335181962917,7407
2023-10-17,2896.517822265625,2917.844258708009,2714.273729030706,2714.273729030706,4605
2023-10-18,2912.9970703125,3053.5576610596922,2859.6809841670133,2908.150153390183,4601
2023-10-19,2722.028564453125,2993.455914184918,2569.8353719249412,2993.455914184918,5787
2023-10-20,2850.95654296875,2907.1807794502824,2639.6309644691964,2756.9263543703246,6897
2023-10-23,2749.17138671875,2907.180884615491,2374.9893855645055,2907.180884615491,5767
2023-10-24,2565.957763671875,2888.762423778688,2471.927577394515,2714.273418315546,4781
2023-10-25,2590.1923828125,2636.722784898952,2374.989273162659,2617.3351173629303,2804
2023-10-26,2606.187255859375,2713.3041209411904,2532.9988095817544,2627.0289988390946,4226
2023-10-27,2586.31494140625,2714.2735517007122,2501.009201209942,2714.2735517007122,3856
2023-10-30,2435.09130859375,2588.2538988635797,2404.0710371466957,2588.2538988635797,2910
2023-10-31,2404.07080078125,2520.3968072706652,2336.69865535613,2471.9276379000753,35
2023-11-01,2498.10107421875,2614.9117763698405,2328.458975659076,2355.6017114286237,2172
2023-11-02,2581.95263671875,2627.0289639601324,2453.024646974581,2501.009124360569,2530
2023-11-03,2509.733642578125,2665.31967951663,2430.244203145369,2665.31967951663,2554
2023-11-07,2744.324462890625,2767.5896649780057,2501.009224393434,2519.912201089431,8425
2023-11-08,2943.53271484375,3383.1480898418204,2748.2019583672095,2748.2019583672095,9690
2023-11-09,2998.302734375,3102.026753960556,2944.0172661806905,2944.0172661806905,6124
2023-11-10,3148.557373046875,3219.3223632662166,2762.742768837313,3005.0886257528673,7609
2023-11-13,2969.221435546875,3295.90365029689,2914.935963659632,3198.965307641099,8749
2023-11-14,2890.216552734375,3053.0729608710094,2814.604648956652,2970.1906817300437,4475
2023-11-15,2744.324462890625,3041.9251729250377,2714.758268571245,2898.456426719523,5087
2023-11-16,2551.417236328125,2859.1964812119318,2520.396965977631,2811.2120005135116,7463
2023-11-17,2519.427490234375,2646.4167173296823,2423.4585323531887,2646.4167173296823,4815
2023-11-21,2902.333984375,3247.434484855127,2619.274023307031,3247.434484855127,8337
2023-11-22,3142.25634765625,3295.9036193216875,2909.119635760113,2909.119635760113,4504
2023-11-23,3387.510498046875,3488.8110695294617,3145.6493249855803,3247.4345881977483,5098
2023-11-24,3734.06494140625,3867.8398536373147,3538.2494901694736,3538.2494901694736,6843
2023-11-27,3655.544677734375,3926.00263718489,3383.632643233051,3730.1871970092484,6731
2023-11-28,3594.4736328125,4071.410263703479,3393.8112698156856,3656.514170164172,6742
2023-11-29,3623.070556640625,3683.6570207984946,3393.8113762672447,3451.004998432274,4208
2023-11-30,3703.044677734375,3971.563886041292,3561.5146979047367,3767.9933671082504,5780
2023-12-01,3932.303955078125,3974.4721350475315,3703.0447697272125,3850.391053758243,5793
2023-12-04,4254.62353515625,4362.225087309894,3810.1612679270083,4071.4100814892345,6609
2023-12-05,4765.00390625,4943.855136176381,4268.194934232275,4268.194934232275,19122
2023-12-06,5127.06884765625,5525.485428557501,4740.284867657225,4943.855383446185,14759
2023-12-07,5549.72021484375,5767.831489662937,4964.212614884689,5137.732251296397,16499
2023-12-11,5644.23486328125,6059.130959714806,5350.996383909403,5771.708780760251,13213
2023-12-12,5481.37841796875,5816.30038160978,5332.578066539233,5718.3926585193485,17625
2023-12-13,5060.66650390625,5767.831759073305,4846.917444599416,5539.0572556882125,18381
2023-12-14,4771.78955078125,5262.2975269509425,4565.795588457021,5186.200933809992,10932
2023-12-15,4609.41845703125,4798.448236026223,4411.664226698048,4797.478852544197,11695
2023-12-18,4376.28125,4810.080310665633,4362.225191051058,4809.110927289844,9853
2023-12-19,4816.38134765625,4939.97772922537,4385.975124780257,4478.55123803399,8555
2023-12-20,5431.93994140625,5465.383669072622,4924.467725946953,4939.977860516864,10856
2023-12-21,5553.59765625,6039.258753436464,5327.731317638331,5670.893050979665,13315
2023-12-22,5482.83251953125,5990.789421977214,5346.149459903615,5553.597507849104,2260
2023-12-26,5068.90576171875,5670.892848738705,4856.610798663403,5515.791505867219,6264
2023-12-27,5074.23779296875,5234.670757862499,4747.070870602343,5136.763027020997,6018
2023-12-28,5837.626953125,5954.922346902504,5040.793782173697,5137.732124138575,5758
2023-12-29,6271.42626953125,6396.961427102051,5913.239082485606,6058.646600907383,9593
2024-01-02,7061.47314453125,7367.31359714977,5836.657259005101,6271.910391257765,11606
2024-01-03,7568.4609375,7725.98574087416,6622.827425552354,7066.805025216138,14298
2024-01-04,8509.2470703125,8918.326845166894,7190.885710592176,7415.78264842682,21572
2024-01-05,8232.00390625,9364.728419256728,7872.362661641104,8336.697314384126,36501
2024-01-08,7553.435546875,7948.943979000898,7173.437249342274,7900.4748083972345,54913
2024-01-09,7450.68115234375,7871.393567139117,7302.36548537672,7553.435797432019,17771
2024-01-10,7704.65966796875,7755.0676074169605,7299.457385481214,7444.864903120282,16583
2024-01-11,7698.84326171875,7968.331857382035,7470.068770436248,7851.0364614278715,15128
2024-01-12,7534.04833984375,7900.47529203893,7512.721903472602,7852.006118468139,6659
2024-01-15,7381.85498046875,7658.129264045059,7221.906711029834,7658.129264045059,8603
2024-01-16,7087.162109375,7415.783085312371,6990.223768390524,7365.375148000445,17759
2024-01-17,7380.400390625,7464.2520533017005,7037.723364541604,7037.723364541604,15517
2024-01-18,7599.48095703125,7658.1286511316885,7415.782807741445,7415.782807741445,8254
2024-01-19,7931.4951171875,7948.9440186919455,7270.375626852389,7609.659822772168,18065
2024-01-22,8045.88232421875,8239.759006730044,7955.244975144719,8045.88232421875,8849
2024-01-23,7900.474609375,8239.758795053682,7610.628976466642,8094.351286905675,7496
2024-01-24,8954.6796875,9688.987656461435,7834.557102503383,7871.393673883626,12657
2024-01-25,8745.7763671875,9403.018262216665,8239.758271014603,8947.408098995858,19153
2024-01-26,7859.27587890625,9015.26557802382,7803.53633366578,8940.623056571365,19470
2024-01-29,8327.48828125,8530.574108026309,7808.383459108171,7808.383459108171,13680
2024-01-30,8699.2470703125,8858.225955929978,7818.07751527416,8428.78908807301,13080
2024-01-31,8349.298828125,9063.734360033524,7939.24966937696,8917.35747357737,13041
2024-02-01,8671.134765625,9063.735054063023,8142.820797233091,8617.818677071687,10764
2024-02-02,8678.4052734375,9015.266019879224,8278.534603200922,8849.501451126605,12193
2024-02-05,8390.013671875,8771.950747174682,8142.820894714038,8743.838627419122,15543
2024-02-06,7951.85205078125,8689.552820090592,7755.067220071925,8394.860265727859,11509
2024-02-07,7598.02734375,7795.781563975185,6980.530097262535,7658.129116563537,14168
2024-02-08,7115.7587890625,7755.0671360942715,6935.938169844314,7755.0671360942715,10834
2024-02-09,7590.2724609375,7706.598475664511,6911.704041696599,6911.704041696599,10310
2024-02-14,7048.38720703125,8094.351970665787,6887.469551087474,7929.556780843848,10709
2024-02-15,7257.7734375,7443.895048292039,6785.683726793108,7066.804909760251,9769
2024-02-16,7524.35400390625,8045.8822767871525,6960.172861124308,7270.375551313692,21392
2024-02-19,7909.68408203125,8238.789755889895,7609.659911017257,7609.659911017257,18696
2024-02-20,7664.16015625,8332.292570255036,7597.984165134314,7998.961652042693,14158
2024-02-21,7342.59375,8033.275010014019,7163.183287852994,7666.611005407571,9079
2024-02-22,7548.474609375,7838.178388460696,7372.495494837327,7499.945549934249,10977
2024-02-23,7439.65185546875,7843.080298313237,7039.16456773613,7645.0425207808275,8603
2024-02-26,7272.00634765625,7730.33637361234,7159.262063196464,7730.33637361234,8222
2024-02-27,6478.87451171875,7161.712689431107,6372.502735291197,7161.712689431107,11474
2024-02-28,5724.95849609375,6705.83373803943,5666.6255856532025,6519.560578649445,25382
2024-02-29,5869.5654296875,6127.406703782675,5734.762482204281,5734.762482204281,18932
2024-03-01,6957.302734375,7137.203396921017,5872.506641147925,5979.368615085341,14480
2024-03-04,7675.4345703125,8038.66723199353,7058.772372748755,7117.595475854994,17817
2024-03-05,6446.03173828125,8019.5497519605515,6421.5221118999525,7843.080442015209,20056
2024-03-06,6576.4228515625,6950.439744506909,6470.541267190295,6568.579771238633,10494
2024-03-07,6563.67822265625,6861.715292064391,6470.541638466207,6622.501328460488,8973
2024-03-08,6406.81640625,6607.795344778117,6274.46442234124,6568.5799421384845,7642
2024-03-11,5986.72119140625,6519.070263204104,5936.231362313083,6373.4830861102155,10039
2024-03-12,6689.16748046875,6764.657132527389,5893.094786032193,5960.741357357467,11702
2024-03-13,6879.85205078125,7107.791573660715,6637.206752232143,6689.167159598214,11825
2024-03-14,6338.6796875,7107.791777028072,6191.131734059624,6872.499359581625,9404
2024-03-15,6340.640625,6592.599595332432,5980.3491012756085,6338.679854802861,8944
2024-03-18,6527.89404296875,6665.638146451082,6340.150300499949,6470.541515896035,9865
2024-03-19,6712.69677734375,6941.126505563568,6382.797191309549,6605.83480148126,5873
2024-03-20,6637.697265625,6862.695644247102,6471.521992525017,6734.265197190477,11692
2024-03-21,6590.1484375,6803.8723826614105,6372.5029520603985,6661.716547576986,10153
2024-03-22,6383.287109375,6744.559003063326,6314.6601553500805,6470.541379492397,8932
2024-03-25,6179.3671875,6568.580066039981,6127.40677802237,6440.6398125148735,7492
2024-03-26,6025.93701171875,6420.542014113088,5982.309874808072,6225.445379388931,12850
2024-03-27,5922.50634765625,6215.641490504987,5814.173794864325,6127.406832122424,8421
2024-04-03,5905.83984375,6386.228542859811,5748.488035164031,5748.488035164031,7971
2024-04-04,5793.09521484375,6174.464996291409,5757.311160800461,5882.310253691403,7802
2024-04-05,5915.6435546875,6038.1916893139405,5862.702760528879,5880.349691915086,5776
2024-04-08,5822.5068359375,6102.896961392647,5735.252566128031,6082.30887525783,11864
2024-04-09,5734.76220703125,5823.487051844709,5511.2344212028665,5823.487051844709,8449
2024-04-10,5978.38818359375,6125.445944751353,5740.154610518433,5872.506595560276,9944
2024-04-11,6383.77734375,6499.952973825156,6024.466217821355,6264.660558483069,2128
2024-04-12,6289.66015625,6589.657975252805,6109.759503351259,6384.26731158912,11498
2024-04-15,5858.78125,6431.326137884873,5784.271983768407,6373.483418047189,8496
2024-04-16,5975.93701171875,6077.8970558855535,5442.117357403131,5784.271736385961,17860
2024-04-17,5881.330078125,6125.936154886492,5759.762328552154,5931.329717062219,4501
2024-04-18,5901.427734375,6137.700528458292,5833.290974255545,5880.349456064665,10695
2024-04-19,5931.32958984375,6072.505037932593,5700.939101643208,5921.525739282025,5603
2024-04-22,6071.0,6195.0,5880.0,6050.5,8729
2024-04-23,5863.0,6150.0,5700.0,6100.0,5343
2024-04-24,5450.0,5900.0,5300.0,5890.0,10184
2024-04-25,5433.5,5784.5,5201.0,5509.0,8517
2024-04-26,5626.0,5700.0,5301.5,5623.0,4588
2024-04-29,5758.5,5904.0,5611.5,5700.0,7859
2024-04-30,5706.0,6019.5,5561.0,5769.0,12773
2024-05-02,5897.5,5985.0,5603.0,5706.0,10619
2024-05-03,6156.0,6210.0,5793.5,5900.0,12817
2024-05-06,6371.0,6420.0,6160.0,6200.0,13705
2024-05-07,6460.5,6700.0,6180.0,6400.0,10585
2024-05-08,6590.5,6700.0,6400.0,6699.0,10479
2024-05-09,6328.0,6690.0,6201.0,6650.0,6288
2024-05-10,6576.0,6599.0,6348.0,6348.0,5783
2024-05-13,6500.0,6800.0,6400.5,6600.0,5688
2024-05-14,6342.0,6700.0,6250.0,6500.0,7154
2024-05-15,6280.0,6536.0,6201.0,6536.0,9853
2024-05-16,6274.5,6377.0,6000.0,6280.0,5835
2024-05-17,6220.0,6374.0,6200.0,6300.0,4821
2024-05-20,6129.0,6300.0,5980.0,6295.0,6660
2024-05-21,6250.0,6370.0,6090.0,6200.0,10375
2024-05-22,6339.0,6350.0,6200.0,6309.0,9219
2024-05-23,6357.5,6600.0,6200.0,6390.0,8794
2024-05-24,6198.0,6480.0,6003.0,6360.0,5653
2024-05-27,6197.0,6388.5,6077.0,6208.0,6067
2024-05-28,6183.5,6220.0,5955.0,6200.0,6685
2024-05-29,6304.5,6340.0,6140.0,6200.0,10538
2024-05-30,6485.5,6550.0,6316.0,6350.0,16293
2024-05-31,6388.0,6750.0,6340.0,6532.0,10548
2024-06-03,6392.5,6630.0,6378.0,6400.0,6557
2024-06-04,6127.0,6400.0,6100.0,6388.0,6817
2024-06-05,6037.0,6198.5,5800.0,6050.0,8149
2024-06-06,5762.5,6155.0,5699.0,6000.0,8312
2024-06-07,5918.0,5959.0,5705.0,5765.0,4625
2024-06-10,6021.5,6032.0,5940.0,5940.0,5154
2024-06-11,5910.5,6209.0,5842.0,6209.0,3889
2024-06-12,5891.5,6060.0,5850.0,5912.0,5405
2024-06-13,6012.0,6230.0,5950.0,6100.0,5410
2024-06-14,5994.0,6250.0,5871.0,6100.0,2671
2024-06-18,5844.0,6058.0,5774.5,5900.0,5423
2024-06-19,5846.0,5990.0,5550.5,5844.0,9178
2024-06-24,5852.5,6050.0,5600.0,5970.0,7668
2024-06-25,5859.5,6059.0,5721.0,5850.0,8794
2024-06-26,5925.0,5959.0,5790.0,5800.0,8185
2024-06-27,6535.0,6600.0,5912.0,6000.0,25450
2024-06-28,6273.0,7000.0,6230.0,6600.0,25325
2024-07-01,6205.5,6270.0,6059.0,6251.0,13698
2024-07-02,6338.0,6451.0,6181.5,6239.0,6155
2024-07-03,6188.5,6499.5,6131.0,6330.5,8957
2024-07-04,6174.5,6380.0,6150.0,6188.0,4561
2024-07-05,6291.0,6479.5,6246.0,6246.0,6213
2024-07-08,6529.0,6600.0,6270.0,6270.0,12444
2024-07-10,7020.0,7180.0,6480.0,6610.0,20124
2024-07-11,6910.0,7250.0,6690.0,7070.0,13359
2024-07-12,6830.0,6970.0,6650.0,6900.0,8665
2024-07-15,6000.0,6830.0,5860.0,6660.0,11150
2024-07-16,6230.0,6480.0,5400.0,6000.0,15441
2024-07-17,6440.0,6470.0,6080.0,6300.0,5341
2024-07-18,6490.0,6550.0,6280.0,6440.0,4527
2024-07-19,6300.0,6520.0,6200.0,6410.0,4706
2024-07-22,6190.0,6490.0,6120.0,6450.0,4204
2024-07-23,6120.0,6250.0,6090.0,6250.0,5199
2024-07-24,6080.0,6190.0,5790.0,6120.0,3612
2024-07-25,6010.0,6100.0,5840.0,6090.0,3311
2024-07-26,5980.0,6220.0,5900.0,6100.0,4097
2024-07-29,5780.0,6280.0,5700.0,5970.0,4447
2024-07-30,5650.0,5920.0,5440.0,5650.0,6053
2024-07-31,5930.0,6000.0,5500.0,5660.0,2115
2024-08-01,6110.0,6400.0,6000.0,6090.0,8627
2024-08-02,5920.0,6140.0,5700.0,6140.0,5017
2024-08-05,5670.0,5800.0,5000.0,5600.0,7535
2024-08-06,5790.0,5940.0,5580.0,5740.0,3818
2024-08-07,5650.0,6010.0,5510.0,5890.0,3787
2024-08-08,5760.0,5910.0,5690.0,5690.0,4169
2024-08-09,5890.0,6100.0,5640.0,5640.0,8524
2024-08-12,6080.0,6180.0,6000.0,6100.0,4554
2024-08-13,6000.0,6200.0,5950.0,6160.0,3290
2024-08-14,5830.0,6110.0,5770.0,5990.0,10701
2024-08-15,5890.0,5980.0,5800.0,5900.0,8069
2024-08-16,5880.0,6050.0,5750.0,6040.0,5383
2024-08-19,5880.0,6000.0,5800.0,6000.0,3322
2024-08-20,5770.0,5950.0,5700.0,5900.0,7788
2024-08-21,5780.0,5880.0,5600.0,5880.0,2119
2024-08-22,5750.0,5870.0,5610.0,5760.0,4626
2024-08-23,5900.0,5910.0,5750.0,5800.0,7138
2024-08-26,5940.0,5970.0,5630.0,5950.0,4267
2024-08-27,6000.0,6020.0,5750.0,5920.0,6548
2024-08-28,5920.0,6110.0,5830.0,6010.0,2530
2024-08-29,5900.0,6060.0,5750.0,5750.0,6859
2024-08-30,5990.0,6050.0,5810.0,5930.0,8809
2024-09-02,6060.0,6120.0,5890.0,5990.0,5908
2024-09-03,6110.0,6140.0,5860.0,6050.0,6621
2024-09-04,5990.0,6050.0,5900.0,6020.0,4455
2024-09-05,5880.0,6040.0,5820.0,5990.0,4739
2024-09-06,5840.0,5960.0,5780.0,5780.0,4478
2024-09-09,5900.0,5940.0,5750.0,5890.0,4003
2024-09-10,5760.0,5890.0,5660.0,5890.0,5121
2024-09-11,5830.0,5880.0,5720.0,5760.0,4928
2024-09-12,5820.0,5960.0,5790.0,5900.0,3630
2024-09-13,5780.0,5920.0,5740.0,5840.0,10597
2024-09-16,5810.0,5850.0,5740.0,5770.0,3928
2024-09-17,5820.0,6180.0,5690.0,5750.0,10743
2024-09-18,5790.0,5850.0,5660.0,5850.0,2681
2024-09-19,5720.0,5900.0,5700.0,5750.0,4426
2024-09-20,5820.0,5880.0,5700.0,5880.0,2757
2024-09-23,5770.0,5840.0,5690.0,5840.0,3066
2024-09-24,5760.0,5830.0,5720.0,5790.0,4071
2024-09-25,5700.0,5820.0,5620.0,5820.0,4533
2024-09-26,5660.0,5790.0,5650.0,5790.0,2576
2024-09-27,5780.0,5800.0,5600.0,5720.0,3513
2024-09-30,5840.0,5890.0,5600.0,5840.0,9010
2024-10-01,5800.0,5840.0,5630.0,5720.0,50634
2024-10-02,6120.0,6140.0,5770.0,5890.0,17802
2024-10-03,6870.0,6940.0,6120.0,6120.0,32953
2024-10-04,6830.0,7250.0,6500.0,6910.0,47574
2024-10-07,6580.0,7000.0,6560.0,6900.0,8804
2024-10-08,6280.0,6830.0,6220.0,6600.0,9301
2024-10-09,6710.0,6850.0,6210.0,6310.0,12354
2024-10-10,6600.0,6890.0,6460.0,6780.0,7264
2024-10-14,6580.0,6830.0,6540.0,6730.0,3917
2024-10-15,6470.0,6700.0,6320.0,6660.0,4261
2024-10-16,6620.0,6830.0,6400.0,6560.0,5553
2024-10-17,6600.0,6800.0,6590.0,6650.0,3190
2024-10-18,6530.0,6830.0,6400.0,6600.0,3592
2024-10-21,6360.0,6730.0,6300.0,6300.0,2523
2024-10-22,6280.0,6550.0,6250.0,6310.0,3946
2024-10-23,6190.0,6360.0,5940.0,6250.0,3083
2024-10-24,6140.0,6340.0,6000.0,6000.0,4084
2024-10-25,6200.0,6390.0,6190.0,6310.0,4913
2024-10-28,6000.0,6340.0,5960.0,6340.0,7324
2024-10-29,5980.0,6040.0,5900.0,6040.0,5990
2024-10-30,6050.0,6140.0,5990.0,6000.0,4573
2024-10-31,6060.0,6100.0,6000.0,6070.0,2167
2024-11-01,6130.0,6250.0,6100.0,6100.0,4290
2024-11-04,5950.0,6190.0,5940.0,6110.0,26624
2024-11-05,5980.0,6000.0,5910.0,5940.0,8333
2024-11-06,5960.0,6030.0,5930.0,6030.0,10784
2024-11-07,5950.0,6160.0,5750.0,5990.0,14902
2024-11-08,5700.0,5990.0,5650.0,5990.0,36823
2024-11-11,5800.0,6150.0,5700.0,5900.0,14382
2024-11-12,5850.0,6000.0,5720.0,5800.0,24233
2024-11-13,5890.0,6000.0,5700.0,5800.0,12954
2024-11-14,5800.0,5990.0,5760.0,5990.0,24666
2024-11-15,5920.0,6150.0,5700.0,5910.0,38304
2024-11-19,5990.0,6190.0,5860.0,6010.0,48849
2024-11-20,6530.0,6590.0,5910.0,6000.0,38354
2024-11-21,6650.0,6850.0,6150.0,6480.0,29209
2024-11-22,6560.0,6810.0,6500.0,6600.0,21191
2024-11-25,6450.0,6750.0,6400.0,6710.0,13324
2024-11-26,6300.0,6550.0,6230.0,6300.0,12624
2024-11-27,6300.0,6490.0,6290.0,6290.0,11881
2024-11-28,6510.0,6540.0,6170.0,6310.0,5942
2024-11-29,6490.0,6750.0,6310.0,6640.0,4180
2024-12-02,6420.0,6700.0,6310.0,6650.0,9838
2024-12-03,6350.0,6690.0,6300.0,6580.0,12397
2024-12-04,6040.0,6450.0,5900.0,6350.0,16390
2024-12-05,6290.0,6320.0,6000.0,6180.0,7060
2024-12-06,6120.0,6380.0,6010.0,6340.0,6203
2024-12-09,6110.0,6300.0,6000.0,6000.0,10082
2024-12-10,6090.0,6140.0,5970.0,6000.0,7730
2024-12-11,6210.0,6290.0,6000.0,6000.0,7748
2024-12-12,6250.0,6360.0,6060.0,6060.0,5724
2024-12-13,6190.0,6500.0,6120.0,6330.0,8956
2024-12-16,6300.0,6460.0,6030.0,6240.0,11368
2024-12-17,6360.0,6500.0,6200.0,6400.0,6944
2024-12-18,6380.0,6690.0,6280.0,6350.0,11867
2024-12-19,6160.0,6670.0,6100.0,6460.0,15940
2024-12-20,6210.0,6300.0,5850.0,6070.0,6738
2024-12-23,6440.0,6500.0,6210.0,6250.0,6739
2024-12-24,6480.0,6550.0,6360.0,6380.0,2306
2024-12-26,6470.0,6600.0,6400.0,6550.0,7589
2024-12-27,6280.0,6630.0,6230.0,6590.0,7983
2024-12-30,6390.0,6470.0,6220.0,6300.0,7841
2025-01-02,6340.0,6570.0,6200.0,6300.0,12871
2025-01-03,6320.0,6590.0,6200.0,6500.0,8656
2025-01-06,6340.0,6540.0,6250.0,6290.0,16875
2025-01-07,6700.0,6900.0,6210.0,6340.0,18062
2025-01-08,6930.0,7100.0,6680.0,6780.0,28875
2025-01-09,7650.0,7950.0,6900.0,6950.0,44791
2025-01-10,7410.0,7950.0,7350.0,7650.0,43316
2025-01-13,6830.0,7510.0,6650.0,7400.0,13094
2025-01-14,7030.0,7300.0,6820.0,6880.0,12789
2025-01-15,6900.0,7340.0,6660.0,7200.0,9858
2025-01-16,6560.0,7200.0,6450.0,7150.0,11979
2025-01-17,6410.0,6900.0,6250.0,6660.0,15300
2025-01-20,6380.0,6590.0,6120.0,6400.0,9271
2025-01-21,6270.0,6450.0,6250.0,6450.0,6888
2025-01-22,6340.0,6420.0,6100.0,6250.0,8918
2025-01-23,6290.0,6450.0,6230.0,6430.0,3136
2025-01-24,6220.0,6460.0,6140.0,6320.0,5730
2025-01-27,6140.0,6260.0,6080.0,6260.0,5759
2025-01-28,6140.0,6250.0,6030.0,6250.0,7828
2025-01-29,6350.0,6380.0,6080.0,6080.0,6547
2025-01-30,6290.0,6460.0,6280.0,6390.0,5794
2025-01-31,6240.0,6430.0,6160.0,6300.0,6373
2025-02-03,6300.0,6400.0,5970.0,6160.0,14326
2025-02-04,6240.0,6340.0,6130.0,6300.0,6601
2025-02-05,6100.0,6200.0,6060.0,6180.0,5915
2025-02-06,6090.0,6120.0,5950.0,6050.0,4905
2025-02-07,6100.0,6180.0,6000.0,6080.0,5546
2025-02-10,6000.0,6170.0,5940.0,6160.0,5723
2025-02-11,5780.0,6060.0,5730.0,5910.0,10589
2025-02-12,5850.0,5980.0,5650.0,5780.0,7097
2025-02-13,5980.0,6020.0,5760.0,5760.0,4569
2025-02-14,6020.0,6050.0,5830.0,5900.0,3654
2025-02-17,5790.0,6000.0,5700.0,6000.0,6594
2025-02-18,5970.0,6000.0,5800.0,5900.0,4581
2025-02-19,6140.0,6170.0,5930.0,5970.0,5559
2025-02-20,6060.0,6190.0,6000.0,6180.0,5651
2025-02-21,5990.0,6140.0,5900.0,6110.0,4338
2025-02-24,6110.0,6210.0,5910.0,6000.0,4799
2025-02-25,5820.0,6160.0,5760.0,6010.0,6252
2025-02-26,5780.0,6100.0,5720.0,6100.0,4293
2025-02-27,5680.0,5980.0,5500.0,5880.0,4604
2025-02-28,5710.0,5860.0,5410.0,5600.0,4837
2025-03-05,5740.0,5750.0,5510.0,5710.0,5287
2025-03-06,5800.0,5880.0,5550.0,5730.0,3349
2025-03-07,5950.0,6030.0,5710.0,5800.0,3822
2025-03-10,5670.0,6010.0,5610.0,5910.0,3931
2025-03-11,5730.0,6000.0,5530.0,5600.0,3699
2025-03-12,5800.0,5980.0,5750.0,5780.0,2129
2025-03-13,5830.0,6090.0,5720.0,5820.0,4898
2025-03-14,5890.0,5990.0,5800.0,5990.0,5296
2025-03-17,6050.0,6090.0,5770.0,5770.0,4947
2025-03-18,6240.0,6300.0,6020.0,6050.0,12060
2025-03-19,6350.0,6500.0,6200.0,6270.0,9979
2025-03-20,6250.0,6550.0,6050.0,6500.0,4874
2025-03-21,6380.0,6470.0,6200.0,6250.0,5583
2025-03-25,6570.0,6600.0,6290.0,6380.0,9710
2025-03-26,6480.0,6700.0,6300.0,6600.0,8402
2025-03-27,6540.0,6700.0,6300.0,6700.0,11493
2025-03-28,6560.0,6650.0,6270.0,6540.0,8752
2025-03-31,6610.0,6670.0,6320.0,6560.0,6158
2025-04-01,6630.0,6700.0,6450.0,6700.0,4859
2025-04-03,6470.0,6650.0,6310.0,6650.0,5172
2025-04-04,6580.0,6800.0,5500.0,6500.0,14720
2025-04-07,6690.0,6740.0,5990.0,6380.0,16225
2025-04-08,6670.0,6950.0,6320.0,6650.0,11787
2025-04-09,6810.0,6900.0,6300.0,6650.0,8009
2025-04-10,6840.0,7000.0,6370.0,7000.0,6619
2025-04-11,7020.0,7250.0,6720.0,6940.0,10305
2025-04-14,7140.0,7240.0,6650.0,7150.0,10521
2025-04-15,6970.0,7220.0,6700.0,7220.0,3830
