Price,('Close', 'LOMA.BA'),('High', 'LOMA.BA'),('Low', 'LOMA.BA'),('Open', 'LOMA.BA'),('Volume', 'LOMA.BA')
Ticker,LOMA.BA,LOMA.BA,LOMA.BA,LOMA.BA,LOMA.BA
Date,,,,,
2020-04-17,63.3028678894043,65.50029588095211,61.18995511905101,65.07771332688145,77472
2020-04-20,62.62673568725586,64.19028990920462,60.17575548761003,64.19028990920462,96622
2020-04-21,62.49995422363281,63.471895341829814,61.866080422386645,62.584475888943835,62666
2020-04-22,65.2044906616211,65.33126671994845,62.964801791498495,63.04931701435066,57849
2020-04-23,64.31707000732422,65.92288516638146,62.62673961844265,65.7538547067328,128881
2020-04-24,65.41577911376953,65.50029433296669,58.31639108354453,64.23254670071572,416226
2020-04-27,66.93708038330078,67.65547595236254,63.80997176353269,66.30320649161006,115816
2020-04-28,73.27581787109375,73.52937000206443,68.16257244670587,68.62740942268738,315760
2020-04-29,69.5993423461914,74.50130233997457,68.0357882535857,74.45904150716181,409016
2020-04-30,70.14871215820312,70.99387736492847,66.51449919004465,68.03579914138979,240146
2020-05-04,65.880615234375,68.45837130086908,64.02125464247942,68.37385608270979,492936
2020-05-05,67.90901947021484,68.88096069603627,64.14803707893445,67.06385430830028,228007
2020-05-06,70.40226745605469,72.68421103728805,66.34547170264084,68.0358021918801,552682
2020-05-07,71.62774658203125,73.95195074840984,70.31773801810579,70.99387271847345,1193274
2020-05-08,70.86710357666016,75.13519058732152,70.1487144174268,74.16324927866508,888306
2020-05-11,78.0510025024414,78.38906986154487,70.14870941787842,71.75452453754595,1046103
2020-05-12,82.9952163696289,87.47459430965242,80.79778823697714,80.79778823697714,875224
2020-05-13,79.40326690673828,82.82618850054092,77.75519736785473,82.61489720334566,100617
2020-05-14,78.93843078613281,82.06553943962456,76.06486782319246,79.02294601631661,257945
2020-05-15,81.55844116210938,82.40360635549911,79.69908031589145,81.64295639182862,226662
2020-05-18,84.30522155761719,87.05200822490796,83.37554120599994,84.51651283971647,312597
2020-05-19,91.0665512084961,92.88365769624363,82.82619042628879,84.26296870138285,394505
2020-05-20,90.34815216064453,92.96816272977306,84.93909413038357,91.27783249832264,500811
2020-05-21,92.12299346923828,94.0668757271861,87.81265286259072,91.27782839153885,252306
2020-05-22,91.78492736816406,92.50331640413488,84.51650889298679,92.1229946933556,392246
2020-05-26,94.86978912353516,97.19399331141686,92.9681675152683,92.9681675152683,256996
2020-05-27,89.96782684326172,97.9123804726795,89.16492253709592,95.75721322808262,257844
2020-05-28,91.48912048339844,92.29202473519142,87.81265365197615,90.60169456459747,479297
2020-05-29,89.50299072265625,91.27783624898915,84.51651504536032,91.19332102356346,149701
2020-06-01,92.75687408447266,94.23591307898589,89.58750481051572,90.8552525200985,124550
2020-06-02,97.36302185058594,97.8701260946366,93.30623303486887,93.30623303486887,166563
2020-06-03,99.47594451904297,103.95532279599621,96.34883576214283,97.27851622110512,287324
2020-06-04,96.51786041259766,101.41982100718432,95.67269523753778,101.41982100718432,101849
2020-06-05,98.5885238647461,102.26499126952666,98.03916518400902,98.29271732837964,198630
2020-06-08,103.44821166992188,103.95530945079393,99.72948386336328,99.72948386336328,319824
2020-06-09,98.71529388427734,102.94111971069164,94.02462463771808,99.30690692073594,216919
2020-06-10,98.96883392333984,99.51819253907752,94.2359105571732,98.884318701249,230311
2020-06-11,92.12299346923828,98.67302282140889,89.58749823613998,98.46173155198403,284024
2020-06-12,89.71427917480469,95.50365898281594,82.82618212668993,92.96816361159073,434256
2020-06-16,87.17878723144531,96.34882789498907,86.20684601130601,90.85525437466075,404860
2020-06-17,83.20650482177734,87.89717389238935,81.98101795732468,87.05200875880868,223747
2020-06-18,78.09326171875,81.98102014746364,74.9661467721011,81.9387593104163,144647
2020-06-19,84.3897476196289,86.58717594607366,79.31875619794145,79.8681148915774,176620
2020-06-22,80.37521362304688,87.0520203575675,78.60036789566774,87.0520203575675,162714
2020-06-23,83.12198638916016,83.67134499439955,80.71326714106219,81.13584969153897,219861
2020-06-24,80.92455291748047,83.33327200190607,79.02293156955012,83.33327200190607,86868
2020-06-25,83.3332748413086,83.67134215985686,80.96681650766627,81.1358469428915,101915
2020-06-26,81.00907897949219,83.24876793435075,79.86810730757509,83.24876793435075,41779
2020-06-29,79.61455535888672,83.24876812001507,79.0229423271209,82.82618554072566,128483
2020-06-30,77.07906341552734,79.61455900746047,73.44485693594912,79.61455900746047,110616
2020-07-01,78.47358703613281,79.44552829963102,75.47325446388895,76.91003271560024,95085
2020-07-02,80.79778289794922,84.09392810317048,78.76938535257474,79.53003523810243,92999
2020-07-03,82.74166870117188,82.82618392576218,79.44552335736371,80.75553190685744,32236
2020-07-06,89.41847229003906,90.2213765749327,85.36167713412836,85.57296841416333,318877
2020-07-07,84.43199920654297,88.06620545823222,82.02327983486903,88.02395106987555,443066
2020-07-08,84.51651763916016,86.96749794031552,83.67135246276855,86.16458715388436,220071
2020-07-13,86.46038818359375,88.23523351928355,83.71360173966264,86.37586651914849,330698
2020-07-14,87.51685333251953,87.85491423199655,84.5165144889234,87.85491423199655,255061
2020-07-15,91.86944580078125,92.96816303405939,87.47458976386497,88.74233744160213,265095
2020-07-16,93.98236846923828,94.5739879831869,90.01009457430652,92.12300759248274,171019
2020-07-17,96.81367492675781,97.36302714083136,91.27784036256641,94.65850111673552,507751
2020-07-20,94.2781753540039,97.10947732566133,92.96816678820349,96.813670811864,382858
2020-07-21,99.89851379394531,100.74367890708562,94.65849267171463,95.08107522828479,417145
2020-07-22,106.36402893066406,106.9979027698791,97.19398867963945,100.74367960000443,655934
2020-07-23,107.63177490234375,113.75922836568901,102.01142566080772,106.49080329946904,889821
2020-07-24,108.26566314697266,109.95599348246827,105.81467642278581,107.25146107681618,557150
2020-07-27,113.20987701416016,114.05504222202428,109.87147702233639,109.87147702233639,647290
2020-07-28,109.87146759033203,112.40696299626278,108.26565899172117,111.4772761889429,575532
2020-07-29,112.06890869140625,112.40696960693315,106.91339590433867,112.36470876844297,358812
2020-07-30,110.71663665771484,113.12536253737294,106.49081083108452,111.89986273069255,288785
2020-07-31,108.68824005126953,110.54760074391315,106.91338813326641,110.54760074391315,324459
2020-08-03,115.15375518798828,120.85862012390696,105.64564696145713,107.50500776873935,641219
2020-08-04,119.29505157470703,125.92960292769853,111.26598293166586,125.92960292769853,1143230
2020-08-05,114.85794830322266,122.54895696796731,112.40697432234244,121.2812091372642,682775
2020-08-06,124.99990844726562,126.18314728064243,114.43534509316287,114.5198667584739,612163
2020-08-07,124.66185760498047,126.9860617298191,122.54894476421809,125.08444017313295,888594
2020-08-10,123.3095932006836,128.46510589851053,121.7460453731897,125.1689668924881,418589
2020-08-11,121.83055114746094,125.92960728120016,117.90053836058674,124.23927698212366,495527
2020-08-12,114.94245147705078,122.46441556964419,113.67470385046566,122.46441556964419,386901
2020-08-13,113.84375,119.54861510697748,113.25213693851592,115.78763254161701,422253
2020-08-14,111.60406494140625,114.05503881246378,109.02630855524058,114.05503881246378,452050
2020-08-18,112.7027816772461,114.09729906286896,108.18114281516463,111.56180352813853,146864
2020-08-19,113.75923156738281,115.02697926138991,111.56179707262525,112.40696220196332,258799
2020-08-20,115.02698516845703,115.78762866544461,110.46308549794023,112.40696797448273,268845
2020-08-21,113.29438781738281,116.63278748872665,111.47727505719568,116.63278748872665,240497
2020-08-24,108.56145477294922,113.674706219302,105.43434647478011,113.674706219302,749009
2020-08-25,110.547607421875,111.56180305220104,103.70176434882927,108.98404669031606,269325
2020-08-26,105.43436431884766,110.67438625886138,104.80049038506701,110.67438625886138,492039
2020-08-27,99.64498138427734,107.50501411321538,98.03916616607528,105.6456531962018,317322
2020-08-28,109.15306854248047,109.82920320813678,101.41981296256344,101.46207379720373,226592
2020-08-31,107.58953094482422,109.5334134552565,105.64564843439194,109.02630918429249,1199110
2020-09-01,108.18114471435547,110.71664029359818,105.22306653857231,108.18114471435547,393122
2020-09-02,104.03983306884766,108.18114376834951,102.30724830704187,107.1669481247607,493998
2020-09-03,103.61724090576172,107.3359686689513,101.8423954693593,104.88498856720602,191363
2020-09-04,103.53273010253906,104.80047781808035,100.65916732435912,103.61724532728881,160826
2020-09-07,106.78661346435547,107.42048731528924,103.78628110546127,104.7159614638778,81046
2020-09-08,106.32177734375,106.44854695645321,102.51853420829454,106.40629256825157,291434
2020-09-09,105.64563751220703,107.166937271622,103.11014221191405,107.166937271622,211362
2020-09-10,106.8288803100586,108.09662808324418,105.6879086038113,107.12468683418217,217127
2020-09-11,111.39276123046875,113.37889145049323,105.22305350590352,106.99789890192568,411433
2020-09-14,108.35017395019531,114.0972997774859,107.33597830919044,113.25213459394897,255302
2020-09-15,111.05469512939453,112.40696452273316,107.67404099034302,109.57565612251646,459235
2020-09-16,102.47627258300781,109.02630237697325,101.41981616462628,109.02630237697325,358544
2020-09-17,92.67236328125,102.26498678510957,91.78493726296622,102.26498678510957,377590
2020-09-18,96.4756088256836,97.19399795573669,91.95397629736256,92.20752198838784,269209
2020-09-21,98.88432312011719,99.39142092342118,91.0242846005608,94.6584973457532,163477
2020-09-22,100.57464599609375,101.4198110884979,96.348820534073,98.88431581128545,678844
2020-09-23,96.34883117675781,100.06755928372608,95.58818121995314,100.06755928372608,282013
2020-09-24,100.4901351928711,101.4198155457542,95.12333790986125,95.12333790986125,446452
2020-09-25,103.49047088623047,104.71596423263082,98.46174078176593,100.99723625254101,202210
2020-09-28,104.03983306884766,105.98371557517464,103.53273524705325,105.22306561843371,729892
2020-09-29,104.42015838623047,105.64564529238272,101.37755864333107,103.8707997410904,271377
2020-09-30,109.49114990234375,110.12502377723628,103.53273289911449,104.80048064889957,611157
2020-10-01,110.88567352294922,112.40697348773708,107.335982202576,109.87147784515655,296981
2020-10-02,114.77342987060547,114.94246032125032,108.85727382465876,110.58986496021107,229939
2020-10-05,120.14022064208984,121.28119875048598,111.98438212152888,114.94246013983341,350912
2020-10-06,122.21086883544922,124.66184227076943,118.74568704436003,121.28118214139262,722246
2020-10-07,121.70377349853516,123.47862535386716,118.5344043970108,122.29538648491386,383833
2020-10-08,124.36605072021484,125.08444627962399,122.54895074692891,123.39411592449393,355467
2020-10-09,122.39065551757812,125.30160729391415,116.48183908192588,125.30160729391415,330512
2020-10-13,120.69620513916016,123.34648455014681,118.17627516354588,123.34648455014681,153073
2020-10-14,124.95404052734375,125.12782652348872,120.78311032475648,122.08652518437616,282067
2020-10-15,129.08152770996094,130.34149282210348,114.70051368345106,124.25888982373866,352937
2020-10-16,132.9048614501953,134.2517260788423,129.4725384190777,130.2545820052489,326503
2020-10-19,136.38063049316406,139.89985305090718,133.3827791510202,133.55656513654637,332067
2020-10-20,132.77452087402344,138.98745932230565,130.34147731238807,136.42407958696617,292444
2020-10-21,135.51170349121094,136.42409659797,132.07938014580535,132.77453742995615,519934
2020-10-22,137.11924743652344,137.29303343463636,132.94831718670483,135.55514693546374,163643
2020-10-23,139.8129425048828,141.46394238593874,131.77521865635242,137.2930127640866,436124
2020-10-26,128.2125701904297,139.03091024181688,127.82154840717874,138.6833382698207,308265
2020-10-27,120.9568862915039,130.86284635865263,119.9141571420726,128.2994534067325,167108
2020-10-28,115.74324035644531,119.04522741839497,111.96334510550801,119.04522741839497,283734
2020-10-29,117.2204360961914,118.78453655762978,112.96261958468492,116.00392088119567,144602
2020-10-30,116.48184967041016,119.9141729844654,114.48327746886461,119.9141729844654,236149
2020-11-02,119.26245880126953,121.65205269346255,116.69907891417587,119.91416622641307,350680
2020-11-03,124.82368469238281,127.73464970003971,119.91416094289443,119.91416094289443,438071
2020-11-04,123.43338012695312,129.25529672248092,122.95545873096505,127.64774655207209,554692
2020-11-05,124.17198944091797,128.1691338335739,121.21758759175295,125.99677563300486,415770
2020-11-06,120.82655334472656,128.56014244001796,120.34863193793421,128.56014244001796,97347
2020-11-09,117.6983642578125,125.90987557644645,117.30734243483415,125.90987557644645,713311
2020-11-10,121.39137268066406,122.08652995140889,115.65635502981898,119.04522849354461,474721
2020-11-11,129.4725341796875,131.2104205445155,120.95688834022604,121.7389451598111,895669
2020-11-12,128.08224487304688,133.38280462765758,127.387100798167,129.64634555957326,494920
2020-11-13,126.51813507080078,132.07936624047557,123.86785566219757,128.0822222216949,320751
2020-11-16,130.60218811035156,131.21044580333057,126.86572905487591,126.86572905487591,193876
2020-11-17,136.07650756835938,136.33717991567298,125.12781817448375,129.47253408332,332701
2020-11-18,134.46896362304688,138.59644392811617,132.20970594192673,135.9896142617566,201884
2020-11-19,132.29661560058594,136.64133204067087,131.29733612297534,136.64133204067087,134957
2020-11-20,134.90342712402344,135.55513450143417,131.29731827262555,132.07936182191023,120213
2020-11-24,143.11495971679688,145.1135319705916,134.85999831727221,134.9034481343374,436147
2020-11-25,145.37420654296875,151.63059521224264,143.54942043737898,145.3307567292125,355799
2020-11-26,146.63417053222656,148.58929280598957,144.24457664207176,146.85140634042244,86731
2020-11-27,149.45822143554688,155.75805925768475,145.547977270082,146.33002079956688,333717
2020-11-30,148.9803009033203,153.80293805340924,145.11350652496802,149.45822228918863,170822
2020-12-01,147.72035217285156,149.45823866900275,142.506692684398,149.45823866900275,117188
2020-12-02,146.8513946533203,155.84496170048982,146.41692307150575,146.8513946533203,113889
2020-12-03,149.28445434570312,150.2837337885902,146.85141057199587,147.72035382981832,132747
2020-12-04,148.02447509765625,151.9781559348948,147.2858680956333,151.9781559348948,147621
2020-12-09,141.02951049804688,147.93760758362743,140.63848863641468,143.85357642842447,218869
2020-12-10,145.72178649902344,146.80796560718406,142.07222734740824,142.07222734740824,140757
2020-12-11,145.8955535888672,147.06863217719754,143.37562368825758,145.72176760589767,140458
2020-12-14,145.50454711914062,149.37134199782713,141.6377522404541,144.24458203629067,158426
2020-12-15,147.37277221679688,150.8485450213532,145.11351459022686,145.11351459022686,126591
2020-12-16,149.32789611816406,151.15266890590274,147.80724549887123,149.45823229620927,261923
2020-12-17,154.62844848632812,154.67189830057646,149.2410029950787,152.06506855393752,154038
2020-12-18,156.32289123535156,156.8442625085179,153.80296101943304,154.6719043020287,112347
2020-12-21,149.24099731445312,155.49738581644255,141.63774417616222,155.49738581644255,152064
2020-12-22,148.58929443359375,152.93401064510235,144.41836421874117,150.32718091819717,410182
2020-12-23,153.41192626953125,153.80294806195232,145.4610879482041,145.9824591774463,80311
2020-12-28,150.63131713867188,153.41193287666968,149.892710075272,153.3684830625247,136805
2020-12-29,151.41334533691406,156.36631868752266,147.7203369140625,147.7203369140625,90980
2020-12-30,157.0614776611328,159.88554295794432,152.4995260278219,155.54082711669585,297543
2021-01-04,150.50096130371094,158.1476642026776,147.8072453084187,157.6697427854257,280978
2021-01-05,152.1085205078125,153.80295721515816,149.4582409096452,151.02234143143426,404527
2021-01-06,152.36920166015625,156.40978240193084,147.80724967343326,154.23742431301514,396616
2021-01-07,151.1526641845703,155.5408299149815,150.41407043368255,152.93400036333375,189729
2021-01-08,144.63560485839844,155.10637392953566,142.9411681311407,155.10637392953566,206078
2021-01-11,144.07078552246094,147.7203443185262,141.63774190541042,145.11351471290516,440505
2021-01-12,147.72035217285156,148.58929542092716,142.506692684398,144.15767955213292,244536
2021-01-13,145.8955535888672,152.49952701387397,144.28801667262334,147.72033955759872,197642
2021-01-14,142.50668334960938,147.7203424965463,141.63774015845323,147.7203424965463,281505
2021-01-15,139.0309295654297,143.37564611434937,136.46754945337162,141.76809568764,140213
2021-01-18,135.16412353515625,140.6819051497162,134.81653828399698,139.0309182985298,69737
2021-01-19,141.98532104492188,142.50669229595476,137.29303282171253,137.29303282171253,136476
2021-01-20,143.41909790039062,146.025927865527,141.6377614390762,143.37564808250045,137849
2021-01-21,136.7282257080078,145.9824660180429,134.68620376664674,145.9824660180429,140523
2021-01-22,135.38136291503906,142.76738064441963,132.51384749771043,138.94402233497416,81922
2021-01-25,131.2973175048828,139.0309063679943,131.21041788479462,136.42407687359443,143186
2021-01-26,138.37921142578125,139.0309188579278,130.3414864293073,131.29732930006423,219498
2021-01-27,134.20826721191406,139.03090435865911,132.07935914072615,139.03090435865911,244885
2021-01-28,140.50811767578125,140.98603910420996,134.68620068506962,136.85855876063528,110696
2021-01-29,136.64132690429688,144.89628783015263,135.12067620742872,142.94116550560784,154825
2021-02-01,138.50955200195312,139.8998665382401,136.85856509175665,138.16197999739242,84536
2021-02-02,143.37562561035156,143.37562561035156,139.1178093049252,143.37562561035156,129881
2021-02-03,144.28802490234375,145.98246153622785,142.9411602542231,144.24457508936797,181286
2021-02-04,146.8948516845703,147.72034507879465,143.1149434333574,144.63559404446266,119309
2021-02-05,145.070068359375,147.72034784007474,143.37563172713135,146.93830424335346,103494
2021-02-08,148.63275146484375,149.28445892821574,144.4183712314293,144.4183712314293,162845
2021-02-09,152.36920166015625,152.67332383719153,148.15482166405116,148.37205747294274,163474
2021-02-10,155.1063690185547,155.5408406404554,152.0650676652497,152.36920310418887,195067
2021-02-11,160.40695190429688,161.62346732246945,152.54301172954402,154.67192034085787,318855
2021-02-12,154.9325714111328,161.62343123519426,153.6726064538454,157.71318693111698,114267
2021-02-17,155.5842742919922,162.4923697107801,151.84781607999372,155.62772410147292,268636
2021-02-18,154.9760284423828,159.01660910790972,150.50096290825016,157.2787226695719,268260
2021-02-19,152.9774627685547,156.40978597566064,152.49954132626914,155.97531434795047,202492
2021-02-22,149.54515075683594,156.4097976849554,148.24173577612797,154.67191104401144,106752
2021-02-23,151.67405700683594,152.0650788434861,144.24458907439254,146.8514189974237,74505
2021-02-24,153.672607421875,156.40977314836306,149.45822767510248,155.45393034218142,138320
2021-02-25,151.06578063964844,158.14766241679197,146.76450119197494,154.67188961642293,132763
2021-02-26,146.93829345703125,152.06505279035508,143.37562120233477,152.06505279035508,99748
2021-03-01,149.8927001953125,150.1533858039781,145.98245584239132,148.1548138162364,76552
2021-03-02,148.32861328125,151.80438635525246,145.11352583960215,151.80438635525246,154013
2021-03-03,147.63345336914062,150.10994694359889,142.9411651069292,148.58929625097198,160393
2021-03-04,147.50311279296875,151.15267169480495,143.4625320907611,147.63344897341878,310031
2021-03-05,141.3336181640625,149.02377143993627,140.76881033976488,147.72035652938288,199604
2021-03-08,142.1156768798828,144.76595655030934,135.72893843303711,141.6377554214416,142339
2021-03-09,143.89700317382812,145.54798999554214,140.76880226434523,141.55084586220528,155654
2021-03-10,146.37347412109375,146.85139551570043,143.02805087688805,144.24456600950455,372300
2021-03-11,154.2374267578125,154.62844856821104,141.42051383005062,147.11209476503058,361292
2021-03-12,155.97531127929688,157.27872613678403,151.19612346851062,154.67189642180972,146870
2021-03-15,158.7124786376953,159.79865769560186,155.28015546651497,155.97531271537952,186098
2021-03-16,156.4097900390625,159.01661987304686,155.10637512207032,158.58214823404947,169798
2021-03-17,156.1490936279297,157.7131940721854,154.02018539556394,155.54083602711395,171399
2021-03-18,154.4546661376953,156.14910286124115,153.80295868563752,156.14910286124115,178099
2021-03-19,155.93186950683594,157.1483980586388,150.3271879824173,153.80296111495875,187412
2021-03-22,156.67047119140625,157.49596463007677,152.93401255113662,155.540842310531,141293
2021-03-23,157.1918182373047,158.14766105277045,154.1070805107998,157.2787178601728,60801
2021-03-25,153.19468688964844,157.19181760408327,149.50167833598516,155.10635925385822,221265
2021-03-26,154.5850067138672,157.19183659611807,150.3271898764664,154.67190634688453,228622
2021-03-29,155.4973907470703,158.14767029111587,149.45823785753808,149.45823785753808,129320
2021-03-30,162.4923858642578,162.8399578566155,155.75807575491024,156.4097831848471,331929
2021-03-31,161.92758178710938,163.10064723256946,160.7545030826274,162.49238960243957,210913
2021-04-05,164.92544555664062,165.53370323167158,159.6683357943289,162.0579299354685,111089
2021-04-06,168.4446563720703,169.44393581815837,165.9681627757346,165.9681627757346,158009
2021-04-07,172.22454833984375,172.48523396489477,166.6633168808563,168.4012033691676,187367
2021-04-08,166.66331481933594,172.05076021465726,165.96815758080575,171.1818169812499,341701
2021-04-09,164.53439331054688,167.70603055367926,162.49237157273586,167.61913093372203,112410
2021-04-12,163.40478515625,164.53441406307053,161.10207752715004,164.53441406307053,137643
2021-04-13,160.84140014648438,163.14409444489417,159.45108564920415,163.14409444489417,138657
2021-04-14,158.62559509277344,162.40549032617548,157.62630238629418,161.6234466941673,269547
2021-04-15,159.88555908203125,159.88555908203125,157.71320094232973,159.01661582615066,134781
2021-04-16,158.14767456054688,161.62344762781163,157.4525172952895,159.88556109417925,152821
2021-04-19,159.66831970214844,160.75449874774128,156.40978256536988,158.14766903831844,115621
2021-04-20,155.23670959472656,163.36133445780607,154.6719017738802,159.66832556713757,887731
2021-04-21,159.32073974609375,160.7544907109888,154.6718883597622,156.40977474582695,128192
2021-04-22,156.62701416015625,159.3641799777932,156.23599236606827,159.3641799777932,277539
2021-04-23,159.84210205078125,161.14551687575477,154.7587921887973,156.40977899682193,108713
2021-04-26,161.31930541992188,161.62344085417,156.40978147177745,159.45108277817312,125689
2021-04-27,162.88340759277344,165.09921550530686,161.79722854339641,161.79722854339641,183176
2021-04-28,162.40550231933594,165.96817525940352,161.6234586295762,163.31789546340426,135575
2021-04-29,161.05862426757812,165.88124832585942,158.14765930101163,165.88124832585942,187930
2021-04-30,161.62344360351562,162.44893703463245,159.01661386797505,161.62344360351562,102959
2021-05-03,160.8848419189453,161.6234490056445,159.53799045111597,160.75450573142058,98274
2021-05-04,161.88414001464844,162.53584749195457,159.45109611423436,159.45109611423436,236976
2021-05-05,162.231689453125,164.664733014912,161.97100384667982,161.97100384667982,159612
2021-05-06,161.79722595214844,163.57856221640225,160.7979465463341,162.23169756494102,153602
2021-05-07,162.88340759277344,165.09921550530686,162.49238578680203,163.36132902630365,225601
2021-05-10,163.18753051757812,164.66473125966013,162.49237332747464,162.8399452930161,277844
2021-05-11,162.4923858642578,164.23027234408946,160.7544993844262,162.4923858642578,114495
2021-05-12,163.92613220214844,164.23026763099952,159.88555155610536,162.49238120104184,90691
2021-05-13,165.70745849609375,165.96814409674087,161.188956701285,164.23025777112056,96654
2021-05-14,173.18038940429688,175.35274749201002,166.96743731802434,166.96743731802434,162305
2021-05-17,182.13050842285156,182.47808041527202,171.61628991436297,172.91970477447205,303096
2021-05-18,180.7401885986328,183.1297824382782,180.30571699142456,181.17466020584106,234357
2021-05-19,184.1725311279297,185.04147443427428,174.2665827392105,178.13337780063938,240006
2021-05-20,188.8213653564453,189.25583696874315,180.00158367138636,184.08562743420313,244947
2021-05-21,186.08419799804688,192.0364647661262,182.4780886917941,188.90826365637224,277038
2021-05-26,187.90896606445312,191.16750304822978,175.52652552610186,181.1746562979814,147765
2021-05-27,186.040771484375,191.16753180648521,185.0849285217334,187.908994332511,266707
2021-05-28,191.16751098632812,192.9053974498402,185.08490836403587,186.12763759033882,171395
2021-05-31,196.3377227783203,199.77004593067173,190.29856990129363,192.9053996259689,75943
2021-06-01,201.68174743652344,202.76792657338748,195.38190844271205,195.51224463552666,238130
2021-06-02,205.80921936035156,208.54638536465382,202.46378245818474,203.33272573053745,242095
2021-06-03,201.85552978515625,203.33273073269183,198.98801426404455,199.85695755777402,341444
2021-06-04,205.15750122070312,205.93954482147993,198.3362915844,203.98442256051652,346130
2021-06-07,208.98085021972656,214.6289813067462,206.85194192334657,208.63327822567248,650369
2021-06-08,205.33128356933594,208.28568518540416,203.37616134307927,205.6788555503953,288667
2021-06-09,209.11117553710938,210.45804014737237,204.1147521428267,205.63540274108664,217711
2021-06-10,210.6318359375,213.49935127946793,207.93811985063806,208.5463774664442,581508
2021-06-11,205.0271453857422,211.41388320927416,204.28855162116363,211.41388320927416,190788
2021-06-14,203.33273315429688,207.3298776566656,202.37689021620182,205.76577705752032,406670
2021-06-15,205.50506591796875,206.8084807123745,199.2921273682432,203.7671795254278,130128
2021-06-16,206.41746520996094,207.8512162238475,205.07060056293403,207.8512162238475,163575
2021-06-17,203.33273315429688,205.896113249523,201.63829636314892,205.896113249523,97956
2021-06-18,200.1176300048828,201.37759504592248,193.81779154066302,200.72588761858938,130780
2021-06-22,204.37545776367188,204.54924376868328,191.3847583184892,200.1176409752917,128331
2021-06-23,207.50363159179688,208.54636074371132,203.89750948185787,206.8084744041804,187632
2021-06-24,212.36972045898438,214.23795636198145,204.20165938710863,204.20165938710863,143727
2021-06-25,206.28712463378906,207.5905395238737,198.1190632928673,206.80849589343168,176388
2021-06-28,204.158203125,205.93953934497807,202.46376652902907,205.07059614099083,113269
2021-06-29,203.072021484375,204.1582004752617,201.16034911221857,204.1582004752617,87965
2021-06-30,201.3776092529297,204.24512478730017,199.85695848187197,202.46378837511378,98876
2021-07-01,195.55567932128906,204.20166192992187,194.86052207568076,204.20166192992187,124446
2021-07-02,199.42247009277344,199.77004207908692,196.38116880595553,196.38116880595553,17116
2021-07-05,211.02285766601562,214.62896657819482,199.42246084897047,199.42246084897047,73943
2021-07-06,208.45948791503906,211.58768903184983,203.5065138626072,211.58768903184983,99439
2021-07-07,210.02357482910156,211.15320367339726,204.41889367969839,210.0670246421555,129568
2021-07-08,208.8070526123047,209.45876000918514,198.98799184750152,205.80920123845874,105448
2021-07-12,219.4950714111328,221.58052991852193,210.84907542082007,210.84907542082007,106586
2021-07-13,215.97584533691406,219.84264010996887,215.49792390226196,218.1916532546489,121072
2021-07-14,223.2749786376953,224.1873584427449,218.53922731918738,218.53922731918738,159385
2021-07-15,229.9658203125,230.2699557463396,223.66598190057184,223.66598190057184,343568
2021-07-16,224.70870971679688,232.8767702348591,224.18733850967777,232.8767702348591,119784
2021-07-19,222.40602111816406,223.70944924592948,214.6289817197976,215.49792496562674,163368
2021-07-20,230.1830596923828,233.74573229113517,221.58052689308354,221.58052689308354,146302
2021-07-21,236.7436065673828,237.22151476280075,231.13891182016485,232.00785509768426,145769
2021-07-22,240.0889892578125,240.69726008908086,235.04912943717102,237.56905934749176,102675
2021-07-23,240.0889892578125,244.17303279794845,239.3938453232555,241.34896747199352,168167
2021-07-26,247.7357177734375,249.38670459081342,243.304102039818,243.304102039818,109062
2021-07-27,247.17092895507812,249.3867237329439,245.12890692403914,247.4750378915362,114222
2021-07-28,253.64453125,255.4693173921239,246.77988482776595,247.12745682673153,115125
2021-07-29,258.1195983886719,259.8140484422525,255.46933191311783,256.20793902667975,177718
2021-07-30,251.6894073486328,258.33681791517654,250.64669135825858,258.33681791517654,295174
2021-08-02,251.1245880126953,255.4693040682783,247.64881516822894,251.1245880126953,171282
2021-08-03,253.8617706298828,254.55694115562213,248.517774831349,251.12460463727223,123688
2021-08-04,250.5597686767578,257.20717863170546,246.77986057906878,256.3382354606524,450873
2021-08-05,249.38670349121094,257.20719245086565,243.30410096703508,257.20719245086565,726128
2021-08-06,246.77987670898438,254.42656650683435,243.39100342398365,250.6466846801275,381733
2021-08-09,239.4373016357422,246.4323107004635,235.9180920847887,246.34541107196168,163112
2021-08-10,245.91091918945312,247.64880554414893,239.43728191099484,240.6972601253658,292788
2021-08-11,249.43016052246094,252.38458891976,244.95510788732108,245.9109508089152,186992
2021-08-12,247.17092895507812,248.95225208880984,245.9109505798715,245.9109505798715,231397
2021-08-13,248.300537109375,248.9522445558563,239.91523993492441,248.08330129388125,232513
2021-08-17,240.30624389648438,247.86606073831467,236.35256273732372,247.86606073831467,553900
2021-08-18,235.6139373779297,240.5234610293304,231.22578493686382,240.5234610293304,552847
2021-08-19,228.66241455078125,234.52778158105727,222.4494755186162,234.52778158105727,225991
2021-08-20,230.05271911621094,232.0078413749889,225.92523879212405,228.5320684704947,198745
2021-08-23,232.22508239746094,235.48361956861334,230.05272428335934,230.79133134576256,129325
2021-08-24,240.2628173828125,241.04486103271006,232.876799488585,234.61468605193264,210520
2021-08-25,239.00282287597656,242.8696308254958,237.00426407031836,240.78417239393013,229642
2021-08-26,233.78916931152344,243.30410844544664,233.48506039040132,243.30410844544664,230354
2021-08-27,238.91595458984375,242.4351641067568,235.48361818254872,235.48361818254872,264441
2021-08-30,244.86819458007812,250.25565327871215,240.95794999759826,242.4351641137524,302670
2021-08-31,241.870361328125,247.86606450868783,240.95795499579435,246.34541380618055,233770
2021-09-01,240.61036682128906,245.7805894694706,239.39385164467046,242.86962444531903,422876
2021-09-02,240.48001098632812,244.69439046620957,237.6559458166603,243.30407615599592,295246
2021-09-03,235.78775024414062,238.61181573541288,232.57264969301352,234.61467158261894,217745
2021-09-06,240.04556274414062,241.56621336785918,235.78774630133722,235.78774630133722,52049
2021-09-07,241.0014190673828,242.43517014636004,238.9593970976667,241.5227903282956,255075
2021-09-08,232.7898712158203,241.69653875715716,231.13888448737586,241.04483137608375,567383
2021-09-09,228.3148193359375,236.17874446607678,223.44873225009803,234.6146573575761,118928
2021-09-10,225.66456604003906,230.791325761666,220.71157905250976,228.53206807405536,126731
2021-09-13,229.1837921142578,250.12533064991837,227.66314136089306,238.09046081253703,230105
2021-09-14,224.8390655517578,229.83548923068577,219.88609168705966,229.83548923068577,196643
2021-09-15,223.0142822265625,229.40102048690906,220.2771162629979,225.05630418980851,145814
2021-09-16,225.66456604003906,225.92523840020684,215.49791970481266,223.70944378465268,295282
2021-09-17,229.35757446289062,232.007840687497,225.92523812265625,225.92523812265625,193580
2021-09-20,226.92453002929688,227.8369363751207,221.14606257792266,223.75289239220072,240326
2021-09-21,234.52780151367188,236.35258782623364,221.58055108709405,226.79421111267274,177168
2021-09-22,232.7898712158203,236.78701512334558,229.40099813784673,236.78701512334558,308267
2021-09-23,232.9636993408203,235.96153775460522,229.40102657897728,235.96153775460522,182131
2021-09-24,228.57550048828125,234.52776677270765,226.79417751729716,234.52776677270765,92990
2021-09-27,235.0491485595703,235.48362018352515,230.66099576484376,230.74786887519997,83382
2021-09-28,236.7001495361328,239.69801452733435,232.00786102133284,235.918105870007,107247
2021-09-29,240.13246154785156,242.00068414699368,234.6146668570495,237.22149648879451,280529
2021-09-30,241.17520141601562,243.13032383378638,239.39387826482024,242.43517980357475,616947
2021-10-01,238.9593963623047,243.30411265980112,236.78703821355646,240.69728288130327,185155
2021-10-04,235.0491485595703,239.74143679467392,233.74573368770578,233.74573368770578,244232
2021-10-05,230.87823486328125,233.74573701498358,230.26996397386858,233.65883738534694,299905
2021-10-06,228.87962341308594,231.13888093637294,225.14317842621804,229.48789423329274,204208
2021-10-07,230.3568572998047,233.74573061854676,226.5769489174203,226.5769489174203,178202
2021-10-12,231.13890075683594,232.87678722869185,229.22721503057718,232.0078439927639,167895
2021-10-13,234.26708984375,234.61466181690744,231.57336064520678,232.00783224116404,158483
2021-10-14,239.74143981933594,241.0448547076448,234.26710789565618,234.61467989559645,215001
2021-10-15,244.8247528076172,246.77987505719,240.6972725029635,240.6972725029635,168681
2021-10-18,244.8247528076172,250.25564794531945,244.17304539109293,247.64881827922235,215070
2021-10-19,244.4337158203125,245.91092989331975,239.82832738712455,244.17304346297826,207412
2021-10-20,246.9536590576172,248.30051036137237,240.6538210869437,244.17303031162078,206384
2021-10-21,241.30555725097656,248.21364035281798,240.74072290971932,246.91022544476743,381550
2021-10-22,242.4785919189453,244.17304178409455,238.95938252891816,241.30553980096445,149317
2021-10-25,242.82618713378906,245.04198168006224,239.0028158505886,239.0028158505886,351552
2021-10-26,246.91021728515625,248.083295967244,243.3910077569363,243.3910077569363,182893
2021-10-27,240.2628173828125,245.650276336408,239.3938741011387,244.86820616846597,239903
2021-10-28,244.12960815429688,248.08328919626726,240.69727182965335,240.69727182965335,160651
2021-10-29,240.74069213867188,247.60536432474328,238.09042610493907,247.60536432474328,276985
2021-11-01,250.9942626953125,252.42801375208572,235.57052003059815,235.57052003059815,138023
2021-11-02,258.9016418457031,263.2897944798164,251.21148907956535,251.99353267045137,143239
2021-11-03,264.1587219238281,268.11240271382695,263.289778759605,263.289778759605,174761
2021-11-04,260.5526428222656,266.591782591795,256.72929776708804,265.0276953249636,254126
2021-11-05,269.41583251953125,273.717112030078,258.9450774125817,264.1587366893451,296000
2021-11-08,270.3716735839844,279.799712684573,268.5034509923387,275.4549966490983,930297
2021-11-09,267.6344909667969,277.19286564418246,265.0276615093281,271.11026357675524,475750
2021-11-10,270.849609375,274.5860545736909,264.9407796315762,271.11028173098595,328234
2021-11-11,274.93365478515625,279.0176989019103,269.37242296939706,269.37242296939706,369332
2021-11-12,262.46429443359375,278.8873428464104,253.73142549881413,278.670107036908,720517
2021-11-15,252.73216247558594,269.37242125945625,244.17306572228134,268.50347796507094,560510
2021-11-16,247.56195068359375,255.46934033077457,239.39388864329385,248.6046932921623,264307
2021-11-17,250.64671325683594,251.99356480634114,242.00071654677933,251.99356480634114,294473
2021-11-18,257.16375732421875,258.9450803232522,243.3910019430144,252.8624777653235,273683
2021-11-19,245.3895721435547,261.9863937688378,244.17305687908262,257.2072058228059,342266
2021-11-23,233.74574279785156,243.30411889739196,229.0534543798679,236.35257264318076,579872
2021-11-24,232.74644470214844,237.22149694157704,230.26995124365538,234.61466730485643,325646
2021-11-25,242.0006866455078,243.3041014748373,230.26995318154243,230.26995318154243,126469
2021-11-26,230.1830596923828,237.13460563412661,220.71158365036555,231.09546600806266,455816
2021-11-29,221.40673828125,234.35400040023723,218.19165097297207,230.1830569736291,447735
2021-11-30,223.05775451660156,225.31698587000514,213.76005064942876,221.31985466693334,277561
2021-12-01,234.6147003173828,235.48364365189164,225.92526697229457,225.92526697229457,257780
2021-12-02,235.70083618164062,239.611080468525,228.53205498901931,238.00353029141985,191677
2021-12-03,235.9615020751953,243.30408230924405,231.57334976933407,241.5661960070352,146003
2021-12-06,237.9166259765625,239.39383995190306,236.35253889988252,238.09042521532282,228295
2021-12-07,242.0006866455078,245.6502587748474,238.09044215751936,241.56621503573132,316420
2021-12-09,229.2272186279297,245.04199637722317,225.92524488680152,239.82833687983546,494895
2021-12-10,226.79417419433594,232.8767765673641,225.14318742526524,232.00783337121723,192326
2021-12-13,220.277099609375,228.9230949941589,217.2357984313363,226.79417356231508,269431
2021-12-14,214.88966369628906,222.88393877036128,208.11190384211122,217.2358077683833,77836
2021-12-15,209.58909606933594,221.58051481712576,205.93953730062276,215.4979124495968,121206
2021-12-16,217.06202697753906,218.10475622802008,209.41532370897545,209.41532370897545,169041
2021-12-17,220.8853759765625,222.4494765100784,212.97800019665652,220.7115899748434,109211
2021-12-20,217.5833740234375,219.8426316683012,211.58767119063774,219.8426316683012,186212
2021-12-21,222.536376953125,225.75145114422438,217.23581769769248,217.23581769769248,96058
2021-12-22,226.79417419433594,227.66311739048282,223.75287300782185,223.75287300782185,92481
2021-12-23,232.2685089111328,234.5277665557353,228.53206372362877,228.53206372362877,173840
2021-12-27,229.14035034179688,236.35256885781402,227.31556417568288,234.6146823220948,223324
2021-12-28,230.00929260253906,233.9195372907859,227.66313518237334,227.66313518237334,205134
2021-12-29,230.05271911621094,235.26637847295225,223.31840911375338,227.66312524437114,213748
2021-12-30,236.52635192871094,238.09043909658106,230.2699502211459,234.61466626305432,248293
2022-01-03,238.09043884277344,240.52346921643164,232.8767795980412,236.52635167657067,161154
2022-01-04,235.22296142578125,242.86965184258747,233.7457472116495,236.3525771062032,318107
2022-01-05,237.2215118408203,240.26281327467697,225.9252493722098,230.70443733969887,112331
2022-01-06,237.6559600830078,239.82831803623458,228.5754932313034,236.35254531107176,122602
2022-01-07,238.61180114746094,239.82831628879586,233.050570131329,238.09042993887707,102903
2022-01-10,235.0925750732422,241.13174099548107,234.18019530912485,238.61181098778542,175692
2022-01-11,235.1360626220703,238.95940784396475,235.04916298833624,236.7870495908378,159985
2022-01-12,235.0491485595703,238.9593931751639,232.87679043979608,238.9593931751639,141816
2022-01-13,233.5284881591797,238.959383232649,232.0078375386083,235.48361038562865,192344
2022-01-14,233.224365234375,238.524924413847,229.4010202012955,238.524924413847,135997
2022-01-17,240.95794677734375,241.30554528335335,228.53206921074477,228.53206921074477,69067
2022-01-18,231.8340301513672,237.65596007298595,229.40099985107236,230.61751500121977,170736
2022-01-19,229.40101623535156,236.35256218187737,226.0990425179691,236.35256218187737,200760
2022-01-20,232.18165588378906,234.61468646958923,228.96655512865465,230.2699700534857,118220
2022-01-21,226.750732421875,233.31124279454227,225.05628262117858,233.22434317331968,220857
2022-01-24,223.40530395507812,226.35970555701226,208.54636980300555,222.4494611232059,124995
2022-01-25,231.3995819091797,235.4836258803743,218.45233250571258,226.7941931910616,82399
2022-01-26,231.18234252929688,236.26566587781676,226.35971806826532,229.4010194626566,110471
2022-01-27,229.61825561523438,235.04915097037235,225.92524677374053,225.92524677374053,114885
2022-01-28,231.9644012451172,240.6972699258227,225.49076370307216,236.3525538621797,195057
2022-01-31,242.4785919189453,242.86962697030046,232.00783685534964,232.8767800645457,87083
2022-02-01,245.12889099121094,248.08329267568402,233.91952860474484,242.43516166905727,137054
2022-02-02,240.30624389648438,246.7798816816174,239.82833571875494,245.91093843625958,193841
2022-02-03,236.30911254882812,242.4351514679521,234.39742691211498,242.4351514679521,113470
2022-02-04,233.74574279785156,236.35257264318076,230.70444131163418,236.26567301139423,97798
2022-02-07,233.4850616455078,238.9593935077405,228.53207451831182,234.18020563758566,95803
2022-02-08,232.48573303222656,235.48359755667738,229.40099540576688,229.40099540576688,105004
2022-02-09,233.5284881591797,235.39671076084466,231.1388943268532,232.96368037514736,92908
2022-02-10,234.48434448242188,236.1787679319761,231.13890762113874,236.1787679319761,68307
2022-02-11,235.396728515625,241.43589490004345,231.83405577510635,236.35257142425846,113585
2022-02-14,237.17808532714844,238.09046518871926,231.13891875985155,235.48363527789388,60100
2022-02-15,238.39459228515625,243.30411647469757,232.87679719721052,238.09045683595403,97091
2022-02-16,238.82904052734375,245.91092220599282,238.09043351392944,241.5227697137739,126420
2022-02-17,239.00282287597656,243.30410243699043,238.0904430990549,238.82905014220432,1578627
2022-02-18,231.8340301513672,243.30409075113735,230.70441462295346,238.95937484486706,184850
2022-02-21,235.0491485595703,236.35256343143485,231.57337556793155,234.61467693561548,14407
2022-02-22,230.05271911621094,234.6146710533596,229.22721244417644,234.6146710533596,196747
2022-02-23,227.35899353027344,233.65883202270854,225.7514432320434,230.26995868900727,671655
2022-02-24,218.06130981445312,225.6645766462177,208.54638370951108,225.6645766462177,472804
2022-02-25,207.6339874267578,220.71158602199117,205.93955073705476,220.71158602199117,299809
2022-03-02,200.16107177734375,205.93953876394735,196.16392774667136,205.0705955624117,392596
2022-03-03,195.1212158203125,206.59126444361075,188.12621977725226,204.20167042796436,615908
2022-03-04,189.08206176757812,197.250123241365,185.34560303675224,196.38117996717395,578183
2022-03-07,185.43247985839844,195.46877681020825,182.47807818191882,191.1675104762959,481572
2022-03-08,184.21597290039062,189.42963251077904,182.47808636359449,182.47808636359449,262553
2022-03-09,192.12335205078125,193.47020344020876,182.47807696475022,183.95527779313676,533811
2022-03-10,194.8170928955078,197.2501368833181,190.68961205764103,197.2501368833181,249866
2022-03-11,192.1667938232422,197.2066673090313,190.29857114528755,195.5122306287201,137492
2022-03-14,182.65187072753906,189.42963081206884,180.9574340211621,189.42963081206884,187849
2022-03-15,185.08489990234375,185.9972929057792,180.82708356500618,182.65185631285618,95798
2022-03-16,195.9032440185547,196.38116543580003,182.65186006768766,182.65186006768766,217806
2022-03-17,199.42247009277344,199.85694170517598,189.42962300751464,189.42962300751464,89098
2022-03-18,199.85694885253906,202.59411480495422,198.11906234077784,199.85694885253906,101920
2022-03-21,199.85694885253906,203.7237436894034,198.51008415411977,203.7237436894034,56037
2022-03-22,199.94383239746094,203.24580589696592,198.98798958927534,198.98798958927534,91829
2022-03-23,193.77435302734375,199.85695603717068,193.73090321118337,197.337025808137,209690
2022-03-25,196.51150512695312,203.2458151240208,195.51222572131937,202.46377152474406,128222
2022-03-28,194.64328002929688,199.77003969074576,193.8612364399305,199.77003969074576,162224
2022-03-29,194.03501892089844,198.98799250166851,193.16607572220119,197.90181350329698,57160
2022-03-30,192.0364532470703,198.6838636327834,191.167510019708,193.77433970179493,67113
2022-03-31,188.69102478027344,195.2080992708519,187.82208151486296,192.47093328841774,55757
2022-04-01,189.55995178222656,193.12262416835574,186.1276288301387,190.29855879806482,210786
2022-04-04,199.1183319091797,199.68315295291146,190.29856360288287,191.1675068156814,259918
2022-04-05,197.11978149414062,201.3775981139774,194.12191667551772,198.98800417734984,149066
2022-04-06,195.46878051757812,198.07561025533383,190.29857085616698,195.51223033167838,111799
2022-04-07,201.76861572265625,203.33271619131682,193.33986902806836,198.1190568017959,121371
2022-04-08,201.11691284179688,204.2016640354128,200.29141940494745,201.59483428176924,59028
2022-04-11,201.29071044921875,203.24583287720867,197.25012940164862,203.24583287720867,61459
2022-04-12,198.98800659179688,201.5948363724754,197.72804151627327,201.5948363724754,73714
2022-04-13,205.59197998046875,205.93955197977945,197.25011940679298,203.02858676422025,70384
2022-04-18,211.19664001464844,212.89107654349667,205.76574520486537,208.19878873145228,102080
2022-04-19,217.19235229492188,217.49648772148032,212.02214285657598,212.89108606500457,135843
2022-04-20,217.8006134033203,218.97369205723547,213.9772685281517,217.19235579941002,55861
2022-04-21,222.31912231445312,222.44945849042898,216.23651993385545,218.1047425042878,228624
2022-04-22,218.17730712890625,220.87696450001542,215.9725896887339,220.87696450001542,128031
2022-04-25,221.5068817138672,222.27179012782668,207.87361748796746,218.26730110859933,123948
2022-04-26,216.6475067138672,219.07719563171443,212.3730491566881,218.67224976726783,87995
2022-04-27,212.46304321289062,220.24704990289567,212.3730491402794,217.32242104820963,95752
2022-04-28,215.47763061523438,220.47199905433104,207.01871042969796,212.46302172400755,77756
2022-04-29,212.05807495117188,224.74646972543505,208.77349740260632,216.60250080897066,123252
2022-05-02,211.4281768798828,214.6227743810546,207.87363053259378,214.6227743810546,79469
2022-05-03,219.2571563720703,219.75209627826877,211.47315016690416,212.95795615433275,221145
2022-05-04,217.0074462890625,219.07718629052093,212.3730401013515,219.07718629052093,114178
2022-05-05,212.1030731201172,217.77235621407232,208.32355563453612,217.77235621407232,99690
2022-05-06,209.8983612060547,212.4630412084349,196.58004872413156,206.4787924466036,38812
2022-05-09,201.30445861816406,206.02885925367184,199.77465544432852,202.47431295033294,100860
2022-05-10,197.2099609375,203.50916132540675,194.60029769783404,201.30444393587283,165069
2022-05-11,202.02435302734375,203.3291846325119,197.52492422940736,197.52492422940736,95659
2022-05-12,200.3145751953125,205.62389567430478,196.1750952166234,197.97486673237222,100517
2022-05-13,210.57327270507812,211.47315848586905,197.92987473873208,199.77464333558694,44070
2022-05-16,218.7172393798828,219.5721281160685,207.42367020800734,207.42367020800734,139050
2022-05-17,221.3719024658203,225.87133137772724,218.67224511867616,218.67224511867616,210376
2022-05-19,212.46304321289062,221.82185005541893,211.47316333883754,221.14693570433755,56580
2022-05-20,217.32240295410156,220.2470315652851,212.64299992244116,218.4472601122491,45412
2022-05-23,221.3719024658203,222.2717882482017,214.62275909795994,217.3224164451041,59546
2022-05-24,221.91183471679688,223.84658361537754,216.01758022109323,221.37189776636333,48976
2022-05-26,225.4663848876953,226.63623914773402,220.47201606329338,223.1716734028439,89446
2022-05-27,226.3212890625,229.47088950670974,223.57663450059786,224.9714603006958,64135
2022-05-30,229.20089721679688,230.3707514351619,224.9714369484003,227.6710941917811,25758
2022-05-31,223.5766143798828,227.22115445499836,220.42701421912045,226.77121157488946,92189
2022-06-01,220.112060546875,224.0715523652807,217.5473806598659,224.0715523652807,20488
2022-06-02,229.11093139648438,232.17053764036316,217.3224218610376,220.47202217786423,84702
2022-06-03,229.6058349609375,230.37074331205736,222.9466861545399,228.12102902190054,25527
2022-06-06,226.05130004882812,230.37075444082703,222.94669692466758,229.9208115610598,58419
2022-06-07,231.5406036376953,231.72059178129442,223.48664226483385,226.77121991800462,52954
2022-06-08,231.67559814453125,235.77006733662694,227.22115268129124,231.45062670623292,169831
2022-06-09,226.8162078857422,232.1705253957281,223.3966392615872,232.1705253957281,233029
2022-06-10,228.70596313476562,229.47087153234028,219.75210246238422,227.67109999091016,174725
2022-06-13,227.5811004638672,228.57098028038283,216.96245960900333,228.57098028038283,113712
2022-06-14,227.3111572265625,227.67110605196422,222.27179128393345,224.97144866794883,82449
2022-06-15,229.4708709716797,233.29538548787434,223.17167059206494,233.29538548787434,161007
2022-06-16,219.57212829589844,225.4213858119777,219.1221854100462,223.17167138271645,68193
2022-06-21,221.23692321777344,224.97144369057,220.47201481675862,224.07155791580774,133196
2022-06-22,217.90733337402344,224.02655934673686,215.97258446400028,222.72172772850027,64603
2022-06-23,215.92758178710938,219.5721218009403,211.2931756923841,218.67223605585448,116526
2022-06-24,215.92758178710938,218.67223605585448,212.46302990722901,215.972578820597,250471
2022-06-27,224.97145080566406,228.12105111694336,213.72287826538084,215.2976784210205,243309
2022-06-28,235.45509338378906,237.5698303203955,224.97143022764726,225.28639572243253,152530
2022-06-29,229.87582397460938,236.66996448456322,225.42139202807257,236.66996448456322,123224
2022-06-30,233.16041564941406,237.56985056516407,225.19642084822846,229.47087838680622,138285
2022-07-01,235.5001220703125,238.46973419039094,226.0063105147658,238.46973419039094,48356
2022-07-04,227.22116088867188,233.9703042814047,221.37190328163675,230.37076113861386,121873
2022-07-05,246.7487030029297,247.468600674503,229.47088426181188,233.745341909826,189377
2022-07-06,262.6316833496094,263.6215632489392,242.9691725935528,247.46860171565564,162400
2022-07-07,270.4156799316406,277.61476625261605,264.1164794007871,265.91625098103094,191086
2022-07-08,272.6569519042969,277.1972517169013,250.91130543340202,277.1972517169013,385177
2022-07-11,274.1863098144531,275.2377534535635,257.1721169214702,268.5945665626292,355653
2022-07-12,266.4916687011719,272.75252015751073,262.8594408233704,272.179002816199,117766
2022-07-13,267.6864929199219,268.0688572732526,258.08018653373256,261.6168526099093,86379
2022-07-14,272.0834045410156,272.4179587454654,259.99187641672484,262.90721483342355,62821
2022-07-15,280.97283935546875,283.69699550182276,264.7711286592802,266.9695776262365,276905
2022-07-18,281.2118225097656,284.8440504106388,273.46941127863715,281.9764928561693,169545
2022-07-19,282.9323425292969,284.98741958860774,278.2486710714875,281.97649002075195,92641
2022-07-20,285.5609436035156,288.66746432890955,280.0647915508957,282.93234914356697,139987
2022-07-21,306.0639953613281,310.65207589098077,284.8440572784993,290.86591661995647,168809
2022-07-22,301.38031005859375,310.6520918527839,296.31430299804003,310.6520918527839,508904
2022-07-25,312.2292175292969,312.85051582867,297.3179124928226,301.5714678436838,221610
2022-07-26,313.85418701171875,318.29889548396545,305.8728124770839,313.51963278901104,292673
2022-07-27,328.6698913574219,330.2470421646685,310.17413945711996,312.56377073182813,136416
2022-07-28,337.4637145996094,343.1510486619893,318.7768098294525,330.77274707695216,282970
2022-07-29,328.23974609375,343.9157214233937,320.306181929021,339.32764104360166,249111
2022-08-01,321.1664733886719,332.2065592432849,315.4313577924456,328.23977678995635,87783
2022-08-02,319.3025207519531,329.7691174522549,315.4791106945357,329.7691174522549,108368
2022-08-03,324.32073974609375,325.89791969840894,316.38717570912223,324.9898481604277,77670
2022-08-04,321.59661865234375,324.9898837112059,316.3872103188504,324.9898837112059,102275
2022-08-05,327.80963134765625,334.5483799033012,321.21422566474814,322.1222972211786,192423
2022-08-08,335.1219177246094,337.4159580643569,326.4236534815238,334.5484003470961,45074
2022-08-09,333.16241455078125,339.27989457272724,328.81329685641356,334.45282140448256,58429
2022-08-10,339.7099914550781,344.10691903233,332.636688397919,334.6439845930019,125064
2022-08-11,328.3353576660156,355.0992296155016,326.9015788115789,340.28351478632186,526486
2022-08-12,346.7832946777344,347.97811036938907,331.68083600334114,339.3276564299311,105507
2022-08-16,335.93438720703125,352.18388040424696,332.6844652313444,349.842030010644,118808
2022-08-17,359.8306884765625,360.3563956880921,333.59252545131073,334.5483779597672,226247
2022-08-18,378.27862548828125,378.89992377694296,357.53661464619734,359.2093565150653,131759
2022-08-19,377.1316223144531,384.2527356760748,369.2458385599068,377.5617676419143,159119
2022-08-22,370.6318359375,381.3373964450807,368.9590939313346,377.56176710589943,111583
2022-08-23,373.1648254394531,382.77116095981927,368.959080101374,370.8707851796195,277685
2022-08-24,380.52490234375,381.38516379644796,371.01415789423805,380.3337201674595,196221
2022-08-25,384.2049255371094,386.642337753466,375.50666191922534,382.34100148674014,74037
2022-08-26,378.326416015625,388.0761233946466,368.33777467673826,385.2085658326172,200366
2022-08-29,378.5176086425781,386.2600201079645,375.6978319605784,382.341018830887,70697
2022-08-30,366.2348937988281,380.42930981049153,365.1834501738337,380.42930981049153,160306
2022-08-31,354.8602600097656,366.23489954706145,354.09558963611573,366.0915274982902,128655
2022-09-01,350.8934631347656,360.3563971734289,350.79787204946524,357.96676589243793,178585
2022-09-05,347.3567810058594,359.4005279356353,343.1510359810986,359.4005279356353,50560
2022-09-06,353.1875305175781,364.46657936395485,349.22074811984515,349.22074811984515,78381
2022-09-07,359.5439147949219,360.4519863449987,350.12876176374436,350.79787018699085,86840
2022-09-08,367.9076232910156,368.95906688043505,359.4005418317191,368.95906688043505,85535
2022-09-09,368.09881591796875,375.07652773365004,364.1798147025939,366.0915197666495,68140
2022-09-12,372.25677490234375,375.6500396740258,368.4811457871169,368.9590720462441,63399
2022-09-13,356.5329895019531,377.561744914937,354.8124666362851,377.561744914937,109999
2022-09-14,366.6172180175781,368.00321582321556,353.6654281937397,354.6212807023714,216904
2022-09-15,370.4884338378906,377.56173648481126,366.61721372111754,369.91491650537205,81039
2022-09-16,367.7642822265625,373.1648434999219,364.6099803629171,368.9590979582927,33484
2022-09-19,384.49169921875,387.1202938063238,366.0437561449907,367.76427911600763,125395
2022-09-20,383.8703918457031,390.89591395761664,375.02875571371186,384.2049460739476,197671
2022-09-21,380.4293212890625,387.12028925143295,375.6500584587979,383.2968789872213,132341
2022-09-22,383.2968444824219,390.895883366591,376.6058771223796,380.42928704240376,72902
2022-09-23,363.1283874511719,383.29688262010643,357.82341732741986,383.29688262010643,185429
2022-09-26,353.04412841796875,368.00321428131747,346.2575698010578,363.2239517581835,189281
2022-09-27,348.0736999511719,357.0109271201001,342.48195670438645,352.7095906487736,58477
2022-09-28,363.1283874511719,372.7825042938691,346.974484765832,353.66545279161943,64497
2022-09-29,365.13568115234375,370.8707965631135,353.66545033080416,362.26812344695884,81773
2022-09-30,372.7347106933594,377.5617543658644,365.1356713107853,368.00322893888045,70637
2022-10-03,391.0870666503906,393.8112522634586,377.9440940323747,379.8080181808699,117809
2022-10-04,396.6310119628906,406.2373180510348,389.9878253289934,394.76708789429966,276524
2022-10-05,398.6383056640625,400.50222985777583,378.5654015423124,396.67881954887105,124812
2022-10-06,401.0279235839844,406.2373316223219,391.8995434474164,397.6346587173786,160300
2022-10-11,381.5285339355469,400.0242863424298,377.60953270362705,386.26001565718127,108449
2022-10-12,387.1202697753906,391.89953236521023,377.609525553528,381.385154667607,116764
2022-10-13,398.3993225097656,404.27783890069713,379.47345409937924,388.07612686233745,179092
2022-10-14,378.27862548828125,404.3256060177965,377.466145032199,399.11619824377215,251410
2022-10-17,371.6354675292969,388.41069763414146,371.3487234264334,379.4734702710272,125288
2022-10-18,382.3888244628906,383.2968961093272,368.0032543693041,368.0032543693041,140839
2022-10-19,372.3045654296875,387.1202798434491,369.628189977904,387.1202798434491,171645
2022-10-20,368.9590759277344,382.29323036578324,368.76789375395066,370.8707809843547,123308
2022-10-21,375.2198791503906,378.5175818727057,368.76787491392406,369.0546481599486,80157
2022-10-24,382.86669921875,384.06151481882137,368.0032048219832,376.6058771424971,49763
2022-10-25,387.1202697753906,389.07975576909513,378.5653780714919,383.2968597035349,95428
2022-10-26,383.5836181640625,391.421620773186,382.81894778915995,387.120284281173,185617
2022-10-27,383.2012939453125,396.7266021343946,379.90362004256,382.8189587469173,127729
2022-10-28,389.8444519042969,392.4730463058983,375.2198910041139,378.7565569580264,107092
2022-10-31,406.33294677734375,409.10491348794375,389.98786145579686,389.98786145579686,255613
2022-11-01,396.00970458984375,407.67111750910556,393.6200731859217,407.67111750910556,206849
2022-11-02,380.7160339355469,398.59048711205014,379.47343737046504,398.4948960292816,230746
2022-11-03,392.8553771972656,394.76708219579245,377.5617372090509,382.340999705368,120578
2022-11-04,403.8954772949219,406.52407176811647,392.85539217562643,396.6788023184549,91499
2022-11-07,399.5463562011719,420.57511179070724,395.72294609398364,406.2373238887513,81255
2022-11-08,391.4216003417969,413.88413418314536,387.1202640743046,413.88413418314536,127059
2022-11-09,370.58404541015625,393.81125071374294,368.0032318562889,390.9436930629147,112109
2022-11-10,364.8489074707031,382.2454053041435,358.44468411309464,369.91491400471364,176251
2022-11-11,377.561767578125,381.3851778827136,365.13568408821203,372.78250469738924,87477
2022-11-14,380.4293212890625,386.35561886671275,369.4370167794539,379.8080229551892,126658
2022-11-15,378.0397033691406,387.0725221089152,377.5617770690532,379.4734822694029,145585
2022-11-16,387.88494873046875,388.0761309064262,370.8707852012152,374.6941953579288,101278
2022-11-17,389.031982421875,401.4580653984951,377.561751981918,401.4580653984951,85707
2022-11-18,400.8845520019531,404.1822549541338,388.5540599912726,391.89954390263654,150917
2022-11-22,409.8695373535156,410.39527372687735,398.59048960359746,406.23730954803096,113168
2022-11-23,401.45806884765625,411.0643752555319,400.5022163027809,411.01659429641,71901
2022-11-24,409.58282470703125,420.57512922075557,396.67881506048536,396.67881506048536,41906
2022-11-25,401.45806884765625,413.8841519310361,398.59051121303014,409.3438523428781,365647
2022-11-28,392.42523193359375,409.10486971509937,387.21585331440355,399.54634472175593,163514
2022-11-29,413.8841552734375,413.8841552734375,389.5099151822766,393.8112516689521,95153
2022-11-30,415.79583740234375,417.7075424018948,401.4580499057112,408.1490174041397,117452
2022-12-01,421.5309753417969,422.48682789359236,411.01659727204685,417.03845668023627,126998
2022-12-02,408.1490173339844,417.70754233009643,403.6564989176904,416.75168983048525,249013
2022-12-05,397.6346740722656,411.0166102189284,396.67882149036114,407.1931998913104,132353
2022-12-06,411.1121826171875,415.7958542214835,398.59050852956005,406.23732883708163,91707
2022-12-07,412.92828369140625,419.4758792089997,406.2373161315918,413.8841361999512,199758
2022-12-12,402.6528625488281,410.5386456135826,388.07611203519104,410.5386456135826,146889
2022-12-13,405.2814636230469,413.8841361999512,403.36975860595703,405.2814636230469,86079
2022-12-14,410.06072998046875,419.61925515483864,396.6787947363509,418.66340263740165,111293
2022-12-15,411.8768615722656,413.83637681912955,401.93600079916536,407.6711161494507,95126
2022-12-16,411.8768615722656,415.36571757629486,406.2373373118794,412.9283052205456,64152
2022-12-19,411.0166015625,422.48683230377907,406.71526503452037,416.75171693313956,109876
2022-12-20,415.7480773925781,420.5751210915294,411.0165956121765,420.3361579545456,8041
2022-12-21,419.6670227050781,425.3065757140272,410.4908621670858,415.79583180125655,265559
2022-12-22,417.2296142578125,428.69984420304445,413.40620427606854,420.5750979918385,184912
2022-12-23,416.751708984375,429.655718322194,415.7002653524177,420.5751191585436,179555
2022-12-26,431.0895080566406,432.0453606243937,417.22964582422094,424.35075912210357,49182
2022-12-27,443.1332702636719,446.3353823010101,423.49048187272945,432.0453742928904,235231
2022-12-28,459.76507568359375,468.8456748914818,448.2948451052089,449.25069765340766,134649
2022-12-29,447.6735534667969,477.92628123490533,442.55973642352234,468.3677556102072,96842
2022-12-30,452.1182556152344,468.36774894601444,434.8651287762633,454.0299607129732,96638
2023-01-02,471.23529052734375,473.14699555990904,458.80920781566937,458.80920781566937,66403
2023-01-03,443.80230712890625,469.3235807222498,439.69215301880837,469.3235807222498,162936
2023-01-04,442.5597229003906,457.8533634325855,433.957050101031,444.471427966915,117626
2023-01-05,439.79638671875,455.0486011499125,432.58186492600254,449.33507911488203,215403
2023-01-06,458.38958740234375,465.313602845204,443.52472446015287,445.46151364993517,275751
2023-01-09,460.47161865234375,474.02914265052,454.3223072139881,468.70297250837933,314298
2023-01-10,455.58123779296875,474.5133398366575,452.2402647014675,474.0291425511099,175532
2023-01-11,480.3236999511719,480.3236999511719,449.52876488036367,454.6612442078129,355630
2023-01-12,511.3123474121094,515.1859258015951,477.0311845757727,483.22890408833825,217082
2023-01-13,522.9330444335938,524.4824520339155,499.8852665186687,506.47033747920284,136662
2023-01-16,550.048095703125,553.9216738418794,518.0910760584012,525.83823233591,154804
2023-01-17,548.0145263671875,557.3110908607326,542.3009745994966,551.9849205744877,322356
2023-01-18,495.3338317871094,568.2539324459829,487.15088569687157,547.1429422477357,278933
2023-01-19,486.1340637207031,495.81800921314743,463.4736371789948,491.94443101616974,322045
2023-01-20,505.5019836425781,511.3123512706537,494.8496429911062,494.8496429911062,295122
2023-01-23,523.6593627929688,527.0487437819199,513.249121184047,513.249121184047,313222
2023-01-24,517.02587890625,527.7750348731478,504.5335654475412,524.3372460084994,133181
2023-01-25,532.6170043945312,534.5537935014204,508.4071405584162,518.0910860928622,255582
2023-01-26,532.6170043945312,544.2377390358664,523.9014534135298,541.816752652255,211846
2023-01-27,517.1226806640625,538.4273603917954,517.1226806640625,532.6169931933229,89881
2023-01-30,502.3062744140625,527.7750397399222,501.57997848781486,515.6701076357956,99394
2023-01-31,506.9545593261719,511.3123349077722,493.8812325813709,503.5651783182605,261697
2023-02-01,507.4387512207031,518.5752886997834,498.72320015011854,505.50196209390657,72791
2023-02-02,507.2934875488281,527.7750569805183,498.19061377283356,522.9330839806971,151487
2023-02-03,482.74468994140625,512.280724130399,481.292098096046,506.47035674895784,138819
2023-02-06,483.7131042480469,498.7716285050161,476.4501447248029,484.19730154959643,131225
2023-02-07,490.0076599121094,497.7548165905617,485.9888282957737,497.7548165905617,80404
2023-02-08,489.5718688964844,493.88123660573774,484.19729078993896,493.88123660573774,88994
2023-02-09,485.98883056640625,502.5967918628225,483.1320547066566,502.5967918628225,91181
2023-02-10,487.8287658691406,495.57592244870017,484.1972862224721,484.1972862224721,78312
2023-02-13,499.15899658203125,503.5651800865658,484.19728854477484,498.62639138585484,82460
2023-02-14,501.5315856933594,517.8974189276248,489.0392717430221,499.6916123156424,405568
2023-02-15,483.2288818359375,505.5019565498184,482.7446845595488,492.91282736371176,171701
2023-02-16,495.8180236816406,503.56518030166626,482.26049959659576,484.1972887516022,172420
2023-02-17,478.3869323730469,502.59679737168284,475.2396499232242,495.81803517206475,53608
2023-02-22,464.82940673828125,494.8496392567953,444.49312019348145,482.30891739961226,120855
2023-02-23,482.30889892578125,485.6982798867581,455.58123270452353,468.7029671750826,159046
2023-02-24,495.3338317871094,503.56518578552664,479.3553210842994,484.1972940245449,171592
2023-02-27,490.9760437011719,506.47035671738246,489.03925457414556,493.97807275867405,82547
2023-02-28,483.2288818359375,494.8496164692666,476.01433059652305,492.91282736371176,42662
2023-03-01,490.0076599121094,492.912843666529,476.4501357248178,483.71309511086685,34798
2023-03-02,486.1340637207031,493.88122011465856,482.50258416103657,490.00764191768087,108468
2023-03-03,484.342529296875,498.67478639903936,481.2920923685308,494.8496160972218,106987
2023-03-06,488.07086181640625,495.8180183531746,476.4501270112537,482.26049441383,119188
2023-03-07,477.9027099609375,493.8812200204218,475.4817235882884,490.9760363732428,63482
2023-03-08,487.586669921875,490.0076563663729,469.6713702325906,479.25847064219084,71931
2023-03-09,496.7864074707031,506.9545503136707,484.19727823655273,490.00764557539134,121805
2023-03-10,489.1361083984375,510.8281410855835,485.16568470877223,504.5335763139128,161768
2023-03-13,494.5591125488281,498.2390000476856,483.1320390335876,488.21611046264564,216259
2023-03-14,494.2685852050781,515.1859139371999,486.42458323640034,507.7776717954693,272920
2023-03-15,473.9807434082031,483.22889991194825,460.9558243649046,481.63105475070665,238391
2023-03-16,496.3022155761719,498.5295112589983,474.51333781916924,474.51333781916924,295118
2023-03-17,507.97137451171875,511.5060384365313,489.4750613341113,495.8180341291893,126544
2023-03-20,507.4387512207031,522.9330642350758,493.88122733312713,522.9330642350758,190722
2023-03-21,511.4091491699219,515.3796023736597,501.77367047586387,507.7776695296144,291146
2023-03-22,509.37554931640625,521.8193960327358,500.51471526284803,513.6849170206292,267678
2023-03-23,508.2134704589844,521.916277588978,502.5967936422021,518.0911071263548,167806
2023-03-27,541.0904541015625,544.1409205724996,515.1858999230984,517.6068862949176,156317
2023-03-28,547.1913452148438,555.8584885208428,535.0864129735362,542.4946551476622,143718
2023-03-29,545.593505859375,551.9848861619636,543.4630260564749,548.1113080134585,105161
2023-03-30,561.4751586914062,566.5108222661055,549.1281279497091,551.9849037464618,63443
2023-03-31,543.6082763671875,571.3528048555869,542.3009673205571,563.605648179579,118104
2023-04-03,550.629150390625,562.7340829889603,546.1745588368841,562.7340829889603,91730
2023-04-04,539.1052856445312,557.7952896034228,532.1328327032653,550.0481328033752,111474
2023-04-05,527.0487670898438,534.989614722067,521.4804980760329,521.9646953815816,129048
2023-04-10,526.7098388671875,533.8275154304813,521.6257672916591,530.1960357336753,117908
2023-04-11,527.2908325195312,537.4105673891085,524.9182540506083,525.8382406944086,68231
2023-04-12,545.15771484375,550.9196741434057,528.8402314789735,528.8402314789735,96997
2023-04-13,550.1449584960938,557.3111023072171,544.3830578075242,557.3111023072171,112624
2023-04-14,551.3070068359375,559.247853986492,544.2377384249498,559.247853986492,167622
2023-04-17,547.1429443359375,566.5108361708379,542.3009713772124,552.9533118864076,135900
2023-04-18,563.3151245117188,566.0266174447224,549.5639100083489,553.9216855062125,266570
2023-04-19,545.7871704101562,561.6688654196406,539.3957897219651,561.6688654196406,143230
2023-04-20,559.489990234375,562.3951740867387,541.3325911571019,545.7871827549462,128968
2023-04-21,576.1947631835938,582.5861436369664,553.9216883042279,566.5108175838695,100986
2023-04-24,576.969482421875,583.9419352611415,561.9593663413647,577.1631731602658,117598
2023-04-25,570.0938720703125,585.8786911002201,561.668827831616,578.1315348542668,220460
2023-04-26,561.0878295898438,578.6157474172776,540.3641624415748,570.1907029558369,367620
2023-04-27,551.1618041992188,565.3003415620067,548.7892256339668,562.6372564411578,157022
2023-04-28,540.7030639648438,556.0521527795908,532.6169932551421,556.0521527795908,194474
2023-05-02,531.3580932617188,546.1745178283943,522.9330489846329,545.690320560816,163877
2023-05-03,530.5834350585938,537.4590132067194,510.34396389178585,510.34396389178585,444470
2023-05-04,523.9014892578125,540.364197792716,513.2975563508718,540.364197792716,90483
2023-05-05,555.5679931640625,560.7004727165836,523.9014779614364,523.9014779614364,58308
2023-05-08,547.046142578125,566.5108507299908,541.3325906975468,559.7320884135636,89203
2023-05-09,544.2861328125,551.9848811337456,542.7851331148498,544.237724907307,141562
2023-05-10,535.8126831054688,550.0480945569501,530.1960066372011,545.2061218935967,161549
2023-05-11,535.4254150390625,544.2377825373447,527.7750738129055,544.2377825373447,115112
2023-05-12,574.887451171875,578.9546610176569,535.5221888718515,535.5221888718515,371015
2023-05-15,579.0031127929688,584.4260985153727,550.7259807121791,571.35277236797,265219
2023-05-16,592.0764770507812,594.5942793469378,578.179979195209,581.0367550621543,297673
2023-05-17,595.0300903320312,602.3414579440515,586.8471439133364,595.5626955556136,316941
2023-05-18,592.8511962890625,597.4510707193504,580.1167834343452,592.2701240552508,139407
2023-05-19,594.5458374023438,599.2425272611099,578.9062419981349,595.5626398442702,175468
2023-05-22,603.5035400390625,608.1518224018018,590.7207192119413,590.7207192119413,126906
2023-05-23,601.373046875,614.3495581633803,594.5942846719001,610.0885982789855,105673
2023-05-24,605.4887084960938,612.025371882497,592.6574803672281,601.3730315490991,130307
2023-05-29,609.07177734375,611.9769610571892,580.0683481166925,604.0845216599005,91354
2023-05-30,583.1188354492188,608.1034044543921,574.2580011648527,595.6110903987475,426846
2023-05-31,588.5418090820312,588.7839077283011,575.7589887377596,582.9735402178245,299700
2023-06-01,616.0442504882812,616.2863491390891,590.7207079713264,597.4994701939481,279367
2023-06-02,608.9749145507812,634.153173902016,607.0865923843307,619.7725378765452,240192
2023-06-05,617.9325561523438,620.7409240690488,590.7206921717938,605.2466108317559,531481
2023-06-06,635.8963012695312,639.0919914450641,589.7522775830283,589.7522775830283,252710
2023-06-07,637.1552124023438,650.7611441454721,632.3616475104067,639.1404094285887,157860
2023-06-08,639.1888427734375,650.7611700441057,629.4564888819474,650.7611700441057,83743
2023-06-09,634.2984619140625,648.8243808891938,630.4248835206942,636.2352511107467,197967
2023-06-12,620.2567138671875,640.2540851151869,618.368332659484,634.2984349461481,363403
2023-06-13,613.3811645507812,629.4564913015752,608.1518100575219,629.4564913015752,111053
2023-06-14,611.3474731445312,622.2419119309477,605.2465992453607,612.0253611569087,60608
2023-06-15,625.9702758789062,631.39326184742,608.1517920861653,610.0885812329365,1629860
2023-06-16,639.9635620117188,647.371804509056,629.4565040103013,629.4565040103013,270070
2023-06-21,688.1896362304688,692.3053132212506,653.6663455947589,653.6663455947589,302251
2023-06-22,667.8048706054688,687.5601434397029,663.3502792340795,687.5601434397029,265776
2023-06-23,673.760498046875,687.5117122716412,661.6555663536146,670.1290185388968,251194
2023-06-26,676.9562377929688,701.1176950442386,660.493529483919,697.2441166185798,608019
2023-06-27,702.715576171875,710.8984633855329,687.5601768013424,687.5601768013424,299574
2023-06-28,701.3598022460938,720.9213853553683,689.9811654820045,706.9280713008608,243629
2023-06-29,719.4203491210938,722.4223486432516,701.1176681202602,703.0544572587139,167302
2023-06-30,703.75,720.0,691.0,720.0,321598
2023-07-03,732.5999755859375,740.0,695.0,708.0,189633
2023-07-04,729.2999877929688,740.0,724.5,740.0,110893
2023-07-05,715.0499877929688,729.2999877929688,700.0,729.2999877929688,281861
2023-07-06,709.3499755859375,712.0,696.0,712.0,226214
2023-07-07,702.7999877929688,718.0,690.0,710.2000122070312,165882
2023-07-10,697.2999877929688,709.9500122070312,693.0,707.0499877929688,66982
2023-07-11,690.25,706.75,689.0,705.0,129991
2023-07-12,696.5999755859375,704.0,693.5999755859375,698.0,97844
2023-07-13,734.3499755859375,746.0,701.7999877929688,701.7999877929688,328586
2023-07-14,734.6500244140625,744.4500122070312,724.0,730.0,200900
2023-07-17,729.3499755859375,739.1500244140625,722.0,723.2000122070312,316222
2023-07-18,720.9000244140625,740.0,715.6500244140625,740.0,248047
2023-07-19,711.9000244140625,732.8499755859375,704.0,732.8499755859375,200979
2023-07-20,709.5999755859375,726.9500122070312,703.5999755859375,715.0,225332
2023-07-21,729.75,732.4000244140625,705.0499877929688,713.4500122070312,315406
2023-07-24,748.4000244140625,754.0,736.0499877929688,750.0,443905
2023-07-25,749.7999877929688,764.0999755859375,747.0,754.5499877929688,282114
2023-07-26,748.75,759.9000244140625,743.0,753.0,296001
2023-07-27,727.0,758.0,724.0,758.0,84511
2023-07-28,733.5499877929688,740.0,728.0,739.0499877929688,111732
2023-07-31,733.4000244140625,740.0,722.5,740.0,189992
2023-08-01,734.2000122070312,744.0,722.0,733.5,192165
2023-08-02,722.1500244140625,733.4000244140625,710.0,730.9000244140625,181398
2023-08-03,746.3499755859375,754.4000244140625,722.0,723.0,181572
2023-08-04,762.2000122070312,767.0,750.2999877929688,755.0,125329
2023-08-07,765.9000244140625,774.0,760.0,760.7999877929688,193890
2023-08-08,788.0,792.0,762.0,770.0,337828
2023-08-09,762.2999877929688,804.8499755859375,760.7999877929688,790.0,191100
2023-08-10,755.2000122070312,789.5499877929688,755.0,763.0,401545
2023-08-11,781.7999877929688,788.5,756.0,760.0,198411
2023-08-14,814.1500244140625,840.0,770.7999877929688,779.7999877929688,170661
2023-08-15,858.25,877.9000244140625,814.0,814.0,195650
2023-08-16,908.9000244140625,910.0,858.0,858.0,310993
2023-08-17,942.8499755859375,960.0,911.0,911.0,499494
2023-08-18,971.4000244140625,975.0,940.0,960.0,576679
2023-08-22,974.0999755859375,975.0,943.25,972.0,464713
2023-08-23,990.0999755859375,999.5,965.0,968.0,270813
2023-08-24,991.8499755859375,996.2999877929688,975.9000244140625,992.2000122070312,181686
2023-08-25,1014.0999755859375,1015.7000122070312,977.0499877929688,992.0,212316
2023-08-28,1045.449951171875,1056.449951171875,1014.0999755859375,1023.5,228468
2023-08-29,1074.699951171875,1076.8499755859375,1047.75,1047.75,344752
2023-08-30,1079.5999755859375,1130.5,1050.449951171875,1111.0,334474
2023-08-31,1038.0999755859375,1088.949951171875,1013.1500244140625,1088.949951171875,187063
2023-09-01,1004.5,1054.9000244140625,1002.2999877929688,1054.0,117626
2023-09-04,1025.699951171875,1049.5,990.0,1020.0,53986
2023-09-05,956.9000244140625,978.2999877929688,944.0,975.9500122070312,455394
2023-09-06,919.3499755859375,949.7000122070312,914.0499877929688,948.5,361003
2023-09-07,870.2000122070312,929.5,870.0,910.0,198512
2023-09-08,867.0999755859375,896.3499755859375,860.0,870.2000122070312,231148
2023-09-11,875.5,885.0,842.3499755859375,870.0,246876
2023-09-12,884.6500244140625,899.0,866.5999755859375,875.0,142629
2023-09-13,909.7000122070312,913.5999755859375,884.5,899.0,242500
2023-09-14,910.25,918.2999877929688,901.0,910.0,188943
2023-09-15,887.2000122070312,913.0,882.0499877929688,911.0,86954
2023-09-18,928.0,929.5,882.0,890.0,296746
2023-09-19,915.9000244140625,936.7999877929688,900.0,926.0,192505
2023-09-20,906.4000244140625,926.7999877929688,904.0,909.5499877929688,114552
2023-09-21,900.25,910.0,884.2000122070312,909.9000244140625,147943
2023-09-22,898.8499755859375,913.0999755859375,882.4000244140625,899.0,297308
2023-09-25,904.1500244140625,908.0,895.0,899.0499877929688,92593
2023-09-26,907.3499755859375,916.0,890.0,890.0,195377
2023-09-27,959.7999877929688,964.75,909.25,910.0,169408
2023-09-28,1007.0499877929688,1020.0,964.7000122070312,970.0,144109
2023-09-29,999.0999755859375,1033.0,980.0,1007.0999755859375,219004
2023-10-02,992.0,1007.0,975.0,996.7000122070312,186390
2023-10-03,1021.25,1034.0,978.0,987.0,321284
2023-10-04,1088.4000244140625,1110.0,1000.0,1031.050048828125,337276
2023-10-05,1088.199951171875,1124.0,1050.0,1087.0,188992
2023-10-06,1056.949951171875,1105.0,1041.0,1070.0,163334
2023-10-09,1089.949951171875,1110.949951171875,1066.4000244140625,1099.0,190797
2023-10-10,1205.300048828125,1265.0,1093.699951171875,1108.0,518737
2023-10-11,1224.4000244140625,1248.0,1105.8499755859375,1248.0,403406
2023-10-12,1304.050048828125,1380.0,1180.0,1252.0,1586288
2023-10-17,1338.0999755859375,1374.0,1288.199951171875,1333.0,1179442
2023-10-18,1272.050048828125,1362.0,1251.0,1303.0,833081
2023-10-19,1282.5,1313.75,1220.0,1275.0,361153
2023-10-20,1393.050048828125,1400.0,1282.5,1300.0,371810
2023-10-23,1149.050048828125,1276.5999755859375,1132.0,1260.0,275188
2023-10-24,1071.5999755859375,1203.1500244140625,1046.1500244140625,1149.5,129256
2023-10-25,1123.199951171875,1150.0,1000.0,1114.0,63043
2023-10-26,1082.5999755859375,1163.1500244140625,1070.0,1100.0,78704
2023-10-27,1065.800048828125,1085.0,1010.0,1050.0,84921
2023-10-30,990.75,1075.0,980.0,1050.5,54266
2023-10-31,976.8499755859375,1030.050048828125,890.0,990.0,22218
2023-11-01,1040.199951171875,1049.949951171875,991.5,1009.5,139669
2023-11-02,1092.9000244140625,1100.0,1031.0,1031.0,192370
2023-11-03,1070.0,1115.949951171875,1020.0,1100.0,223272
2023-11-07,1072.449951171875,1141.5,1070.0,1075.0,115719
2023-11-08,1004.0999755859375,1072.0,1001.1500244140625,1036.0,47276
2023-11-09,1049.050048828125,1084.949951171875,961.7999877929688,1000.0,130892
2023-11-10,1093.449951171875,1111.0,1051.0,1080.0,64558
2023-11-13,1053.0,1128.0,1038.300048828125,1125.0,42791
2023-11-14,1048.699951171875,1098.0,1040.0999755859375,1053.0,45064
2023-11-15,1037.300048828125,1070.0,1025.0,1050.0,83830
2023-11-16,1029.300048828125,1065.5,999.0,1065.5,106579
2023-11-17,1077.75,1090.0,999.0,1055.0,293058
2023-11-21,1197.4000244140625,1223.0,1132.4000244140625,1156.0,359742
2023-11-22,1270.699951171875,1354.050048828125,1190.0,1200.5,248551
2023-11-23,1334.5,1350.0,1240.0,1278.0,84987
2023-11-24,1280.75,1384.0,1245.0,1348.0,348829
2023-11-27,1184.3499755859375,1348.0,1172.550048828125,1290.0,912844
2023-11-28,1071.5999755859375,1248.0,1068.9000244140625,1185.0,187557
2023-11-29,1085.949951171875,1125.0,1070.0,1080.0,198324
2023-11-30,1163.050048828125,1180.0,1051.0,1105.0,589956
2023-12-01,1260.050048828125,1270.0,1148.0,1200.0,149793
2023-12-04,1215.949951171875,1280.0,1180.5,1280.0,165040
2023-12-05,1267.75,1272.0999755859375,1184.0,1214.5,160825
2023-12-06,1272.6500244140625,1300.0,1201.0,1298.0,252378
2023-12-07,1310.9000244140625,1317.0,1230.0,1300.0,291315
2023-12-11,1313.699951171875,1360.0,1281.0,1310.0,392511
2023-12-12,1409.9000244140625,1420.0,1289.0,1300.0,322430
2023-12-13,1397.75,1495.0,1340.0,1425.0,137786
2023-12-14,1399.1500244140625,1470.0,1355.0999755859375,1398.800048828125,135951
2023-12-15,1315.5999755859375,1450.0,1305.050048828125,1420.0,276352
2023-12-18,1301.1500244140625,1335.0,1250.0,1314.0,184219
2023-12-19,1304.5999755859375,1350.0,1286.449951171875,1335.0,152971
2023-12-20,1305.1500244140625,1336.0,1280.0,1280.0,263857
2023-12-21,1347.699951171875,1372.0,1286.0,1341.0,194802
2023-12-22,1320.300048828125,1400.0,1300.0,1350.0,102796
2023-12-26,1299.949951171875,1344.0,1286.1500244140625,1344.0,275068
2023-12-27,1304.4000244140625,1333.5,1261.0,1270.0,356137
2023-12-28,1326.5999755859375,1354.0,1260.0,1275.0,158078
2023-12-29,1393.550048828125,1400.0,1313.5,1320.0,83189
2024-01-02,1393.5999755859375,1440.0,1338.0,1407.0,80970
2024-01-03,1438.9000244140625,1449.9000244140625,1350.0,1395.0,157124
2024-01-04,1453.25,1485.0,1424.9000244140625,1450.0,125713
2024-01-05,1536.75,1564.0999755859375,1453.0,1484.0,254017
2024-01-08,1587.800048828125,1612.0,1510.0,1540.0,232056
2024-01-09,1563.4000244140625,1620.0,1542.0,1580.0,93394
2024-01-10,1582.4000244140625,1600.0,1518.3499755859375,1560.0,131282
2024-01-11,1519.199951171875,1618.0,1510.0,1600.0,251737
2024-01-12,1514.449951171875,1599.949951171875,1490.5,1542.0,188062
2024-01-15,1512.3499755859375,1560.0,1483.0,1514.449951171875,63238
2024-01-16,1555.1500244140625,1579.0,1500.0,1512.0,382068
2024-01-17,1675.300048828125,1678.0,1560.0,1560.0,653224
2024-01-18,1733.050048828125,1740.0,1656.0,1697.0,448118
2024-01-19,1792.699951171875,1808.5,1690.0,1750.0,657024
2024-01-22,1919.3499755859375,1925.5,1766.0,1793.0,440043
2024-01-23,1880.5,1972.0,1851.0,1921.0,136948
2024-01-24,1869.800048828125,1914.0,1832.0,1870.0,109279
2024-01-25,1880.25,1933.3499755859375,1873.0,1925.0,130332
2024-01-26,1770.5,1905.0,1760.0,1880.0,93045
2024-01-29,1782.949951171875,1816.0,1770.0,1816.0,86695
2024-01-30,1846.0,1850.0,1780.0,1790.0,197226
2024-01-31,1804.8499755859375,1920.0,1763.949951171875,1850.0,106566
2024-02-01,1874.9000244140625,1900.0,1750.0,1812.0,141851
2024-02-02,1854.5999755859375,1924.0,1830.0,1900.0,183908
2024-02-05,1759.199951171875,1878.0,1740.0,1878.0,180028
2024-02-06,1686.25,1790.0,1665.550048828125,1750.0,140907
2024-02-07,1615.25,1734.949951171875,1588.9000244140625,1660.0,370270
2024-02-08,1567.300048828125,1671.0,1550.9000244140625,1618.0,278648
2024-02-09,1536.8499755859375,1585.0,1500.0,1550.0,242236
2024-02-14,1514.050048828125,1569.5,1495.0,1498.0,66907
2024-02-15,1473.949951171875,1559.0,1465.0,1515.0,135542
2024-02-16,1438.75,1520.0,1400.0,1480.5,58207
2024-02-19,1460.800048828125,1507.0,1405.0,1430.0,113202
2024-02-20,1436.3499755859375,1500.0,1426.5999755859375,1490.0,135053
2024-02-21,1439.300048828125,1497.050048828125,1390.550048828125,1497.050048828125,648686
2024-02-22,1503.949951171875,1568.3499755859375,1440.0,1448.699951171875,930352
2024-02-23,1505.0,1585.0,1451.0,1503.949951171875,188772
2024-02-26,1427.25,1560.0,1410.0,1460.0,174461
2024-02-27,1397.5,1480.0,1374.949951171875,1423.4000244140625,1013617
2024-02-28,1350.199951171875,1415.0,1342.5999755859375,1360.0,685675
2024-02-29,1422.699951171875,1461.25,1341.0,1400.0,406706
2024-03-01,1497.050048828125,1502.300048828125,1395.5,1420.0,387886
2024-03-04,1517.300048828125,1615.0,1488.050048828125,1502.0,422620
2024-03-05,1420.3499755859375,1555.0,1406.699951171875,1520.0,80177
2024-03-06,1386.25,1439.0,1315.0,1420.5,308548
2024-03-07,1355.4000244140625,1429.0,1326.449951171875,1390.0,280346
2024-03-08,1415.4000244140625,1425.0,1302.5,1302.5,506052
2024-03-11,1357.75,1426.0,1345.0,1426.0,170573
2024-03-12,1435.75,1459.949951171875,1347.0,1347.0,124975
2024-03-13,1448.1500244140625,1532.5,1435.0,1480.0,275598
2024-03-14,1457.3499755859375,1477.449951171875,1418.300048828125,1477.449951171875,247961
2024-03-15,1483.1500244140625,1493.050048828125,1412.1500244140625,1445.0,233122
2024-03-18,1536.25,1542.0999755859375,1425.0,1425.0,465343
2024-03-19,1519.550048828125,1570.0,1505.0,1550.0,895659
2024-03-20,1580.0,1585.0,1520.5,1523.1500244140625,352201
2024-03-21,1595.6500244140625,1613.25,1545.5999755859375,1613.25,286034
2024-03-22,1580.8499755859375,1616.949951171875,1530.0,1600.0,529424
2024-03-25,1522.0,1610.0,1517.9000244140625,1581.0,175757
2024-03-26,1536.3499755859375,1557.0,1520.1500244140625,1530.0,118533
2024-03-27,1484.6500244140625,1538.550048828125,1460.050048828125,1538.0,323067
2024-04-03,1434.550048828125,1490.0,1407.5,1490.0,265321
2024-04-04,1373.0,1435.0,1334.0,1410.0,295003
2024-04-05,1402.0,1412.5,1370.0,1370.0,246161
2024-04-08,1580.199951171875,1600.0,1436.0,1461.0,545390
2024-04-09,1590.8499755859375,1620.0,1520.5,1600.0,599427
2024-04-10,1555.1500244140625,1620.0,1530.0,1599.5,402800
2024-04-11,1578.9000244140625,1600.0,1515.0,1554.5,24721
2024-04-12,1567.0,1605.0,1560.0,1590.0,175048
2024-04-15,1478.25,1560.0,1470.0,1560.0,111406
2024-04-16,1509.25,1548.449951171875,1450.0,1485.0,154831
2024-04-17,1450.75,1515.0,1432.0,1475.5,113430
2024-04-18,1467.949951171875,1520.0,1400.0,1470.0,61594
2024-04-19,1466.300048828125,1514.25,1432.0,1468.0,193955
2024-04-22,1531.25,1548.0,1460.0,1460.0,132636
2024-04-23,1492.4000244140625,1578.0,1470.0,1578.0,263290
2024-04-24,1494.25,1520.050048828125,1475.0,1480.0,227027
2024-04-25,1569.0,1572.449951171875,1456.949951171875,1500.0,242875
2024-04-26,1570.949951171875,1586.0,1532.5999755859375,1562.0,50907
2024-04-29,1599.9000244140625,1620.0,1551.300048828125,1570.0,114099
2024-04-30,1568.949951171875,1620.75,1559.4000244140625,1620.75,491524
2024-05-02,1634.6500244140625,1638.0,1581.5,1590.0,320746
2024-05-03,1674.5999755859375,1724.0,1640.0,1657.0,853963
2024-05-06,1701.949951171875,1710.0,1640.5999755859375,1690.0,2146255
2024-05-07,1659.300048828125,1736.449951171875,1645.0,1705.0,1802407
2024-05-08,1627.699951171875,1692.25,1605.0,1692.25,704714
2024-05-09,1636.0999755859375,1648.0,1610.0,1648.0,480335
2024-05-10,1674.050048828125,1695.8499755859375,1650.0,1665.0,605423
2024-05-13,1573.8499755859375,1671.5,1562.0,1669.300048828125,648156
2024-05-14,1567.5,1600.0,1540.0,1589.0,707508
2024-05-15,1666.5,1700.0,1570.0999755859375,1599.0,647873
2024-05-16,1680.0999755859375,1720.0,1642.0,1720.0,833457
2024-05-17,1660.5999755859375,1735.5,1649.0,1735.5,582638
2024-05-20,1705.8499755859375,1710.4000244140625,1633.050048828125,1670.0,351289
2024-05-21,1736.5,1750.0,1703.0,1728.949951171875,650686
2024-05-22,1754.75,1790.0,1732.199951171875,1745.0,636545
2024-05-23,1734.949951171875,1787.449951171875,1704.300048828125,1755.0,255225
2024-05-24,1714.9000244140625,1756.800048828125,1681.3499755859375,1756.800048828125,658300
2024-05-27,1758.4000244140625,1780.0,1698.0,1750.0,149776
2024-05-28,1758.199951171875,1781.25,1709.300048828125,1760.0,498669
2024-05-29,1761.300048828125,1779.800048828125,1715.0,1761.0,327883
2024-05-30,1825.1500244140625,1842.0,1772.0,1781.0,678753
2024-05-31,1866.949951171875,1879.0,1790.0,1829.5,345067
2024-06-03,1889.3499755859375,1903.949951171875,1865.0,1876.699951171875,730869
2024-06-04,1828.0,1890.0,1800.0,1890.0,399419
2024-06-05,1855.949951171875,1880.0,1750.0,1828.0,469010
2024-06-06,1837.5,1881.75,1789.800048828125,1881.75,476858
2024-06-07,1846.199951171875,1864.199951171875,1828.25,1837.5,312869
2024-06-10,1887.050048828125,1898.1500244140625,1805.0,1847.0,484394
2024-06-11,1843.3499755859375,1890.0,1820.3499755859375,1890.0,163453
2024-06-12,1836.0999755859375,1884.050048828125,1806.050048828125,1851.0,276490
2024-06-13,1834.550048828125,1895.0,1805.199951171875,1887.5,594507
2024-06-14,1828.050048828125,1851.6500244140625,1781.0,1835.0,306972
2024-06-18,1812.199951171875,1829.0,1789.0,1800.0,246385
2024-06-19,1820.25,1848.0,1805.0,1819.5,115106
2024-06-24,1824.550048828125,1832.0,1760.0,1810.0,258584
2024-06-25,1815.050048828125,1840.0,1790.0,1824.0,532843
2024-06-26,1815.1500244140625,1830.449951171875,1791.050048828125,1817.0,656900
2024-06-27,1858.050048828125,1870.0,1804.050048828125,1821.9000244140625,200234
2024-06-28,1853.0,1937.0,1825.0,1895.0,208662
2024-07-01,1856.800048828125,1868.0,1820.0,1859.800048828125,203744
2024-07-02,1878.5999755859375,1920.0,1860.5999755859375,1898.5,118947
2024-07-03,1911.6500244140625,1955.5999755859375,1870.0999755859375,1902.0,170946
2024-07-04,1919.449951171875,1948.0,1845.0,1912.0,159257
2024-07-05,1900.1500244140625,1935.0,1889.0,1920.0,342829
2024-07-08,1879.699951171875,1903.949951171875,1856.0,1900.0,408679
2024-07-10,1910.0,1930.0,1860.0,1890.0,203168
2024-07-11,2010.0,2015.0,1910.0,1920.0,357211
2024-07-12,1975.0,2045.0,1970.0,2015.0,311636
2024-07-15,1725.0,1965.0,1720.0,1950.0,504814
2024-07-16,1730.0,1750.0,1640.0,1740.0,434476
2024-07-17,1775.0,1795.0,1695.0,1750.0,437157
2024-07-18,1785.0,1830.0,1740.0,1790.0,342615
2024-07-19,1820.0,1820.0,1755.0,1800.0,411060
2024-07-22,1850.0,1855.0,1805.0,1850.0,201654
2024-07-23,1845.0,1885.0,1820.0,1885.0,248593
2024-07-24,1775.0,1850.0,1765.0,1850.0,179738
2024-07-25,1740.0,1770.0,1710.0,1770.0,368047
2024-07-26,1730.0,1770.0,1715.0,1770.0,169984
2024-07-29,1650.0,1745.0,1645.0,1745.0,250243
2024-07-30,1585.0,1665.0,1565.0,1640.0,383314
2024-07-31,1655.0,1685.0,1565.0,1585.0,46108
2024-08-01,1635.0,1680.0,1605.0,1650.0,116213
2024-08-02,1640.0,1680.0,1600.0,1600.0,430951
2024-08-05,1625.0,1660.0,1580.0,1615.0,594867
2024-08-06,1635.0,1660.0,1615.0,1625.0,162821
2024-08-07,1615.0,1690.0,1605.0,1640.0,484082
2024-08-08,1765.0,1775.0,1670.0,1670.0,598440
2024-08-09,1790.0,1805.0,1705.0,1730.0,767310
2024-08-12,1750.0,1790.0,1730.0,1790.0,198028
2024-08-13,1750.0,1770.0,1725.0,1750.0,281653
2024-08-14,1775.0,1780.0,1735.0,1755.0,289095
2024-08-15,1790.0,1840.0,1750.0,1750.0,218167
2024-08-16,1800.0,1830.0,1780.0,1805.0,249125
2024-08-19,1815.0,1830.0,1765.0,1800.0,486378
2024-08-20,1835.0,1875.0,1775.0,1860.0,809187
2024-08-21,1795.0,1855.0,1785.0,1855.0,181578
2024-08-22,1745.0,1795.0,1735.0,1795.0,255842
2024-08-23,1810.0,1820.0,1750.0,1750.0,129052
2024-08-26,1805.0,1840.0,1765.0,1800.0,510002
2024-08-27,1785.0,1830.0,1770.0,1790.0,163753
2024-08-28,1765.0,1775.0,1745.0,1760.0,449824
2024-08-29,1800.0,1835.0,1760.0,1770.0,314587
2024-08-30,1830.0,1860.0,1800.0,1820.0,292990
2024-09-02,1870.0,1895.0,1830.0,1845.0,145807
2024-09-03,1855.0,1885.0,1775.0,1850.0,836160
2024-09-04,1900.0,1910.0,1840.0,1850.0,394761
2024-09-05,1910.0,1925.0,1870.0,1905.0,302053
2024-09-06,1825.0,1910.0,1800.0,1910.0,202299
2024-09-09,1810.0,1860.0,1795.0,1825.0,249288
2024-09-10,1825.0,1840.0,1760.0,1820.0,326447
2024-09-11,1860.0,1910.0,1815.0,1825.0,457975
2024-09-12,1980.0,1990.0,1865.0,1890.0,965412
2024-09-13,2000.0,2030.0,1975.0,1990.0,445183
2024-09-16,2045.0,2070.0,2025.0,2050.0,1047125
2024-09-17,2090.0,2105.0,2035.0,2035.0,1071753
2024-09-18,2180.0,2200.0,2085.0,2130.0,1929450
2024-09-19,2195.0,2225.0,2185.0,2210.0,1052138
2024-09-20,2180.0,2210.0,2120.0,2200.0,375663
2024-09-23,2080.0,2200.0,2045.0,2185.0,876047
2024-09-24,2085.0,2130.0,2065.0,2090.0,417229
2024-09-25,2125.0,2155.0,2060.0,2095.0,966595
2024-09-26,2120.0,2200.0,2095.0,2125.0,323369
2024-09-27,2045.0,2150.0,2030.0,2120.0,489691
2024-09-30,2015.0,2050.0,1980.0,2050.0,505382
2024-10-01,2020.0,2045.0,1990.0,2015.0,241619
2024-10-02,1990.0,2055.0,1980.0,2040.0,176669
2024-10-03,2055.0,2060.0,1980.0,1990.0,369063
2024-10-04,2020.0,2045.0,2005.0,2035.0,504908
2024-10-07,2060.0,2065.0,1990.0,2055.0,604415
2024-10-08,2045.0,2090.0,2025.0,2050.0,496770
2024-10-09,2050.0,2060.0,1990.0,2055.0,763041
2024-10-10,2055.0,2090.0,2020.0,2050.0,543534
2024-10-14,2005.0,2060.0,1985.0,2060.0,582842
2024-10-15,1975.0,2025.0,1960.0,2025.0,652913
2024-10-16,1945.0,2030.0,1935.0,1990.0,303686
2024-10-17,1955.0,1985.0,1935.0,1965.0,417152
2024-10-18,1940.0,1990.0,1915.0,1990.0,232911
2024-10-21,1950.0,1965.0,1920.0,1950.0,416765
2024-10-22,1940.0,1960.0,1920.0,1960.0,602583
2024-10-23,1980.0,1990.0,1910.0,1940.0,463827
2024-10-24,2035.0,2045.0,2010.0,2010.0,630896
2024-10-25,2150.0,2180.0,2045.0,2045.0,768646
2024-10-28,2110.0,2220.0,2095.0,2155.0,474667
2024-10-29,2095.0,2130.0,2080.0,2120.0,304736
2024-10-30,2105.0,2130.0,2060.0,2090.0,237827
2024-10-31,2145.0,2150.0,2060.0,2060.0,284848
2024-11-01,2150.0,2205.0,2130.0,2180.0,306381
2024-11-04,2220.0,2225.0,2150.0,2200.0,365452
2024-11-05,2290.0,2300.0,2200.0,2240.0,628406
2024-11-06,2305.0,2330.0,2285.0,2310.0,697108
2024-11-07,2405.0,2480.0,2310.0,2330.0,956675
2024-11-08,2405.0,2500.0,2350.0,2470.0,652592
2024-11-11,2385.0,2460.0,2340.0,2415.0,517744
2024-11-12,2380.0,2445.0,2340.0,2380.0,939873
2024-11-13,2450.0,2480.0,2390.0,2450.0,1730276
2024-11-14,2435.0,2500.0,2400.0,2500.0,1457366
2024-11-15,2375.0,2450.0,2330.0,2435.0,1045173
2024-11-19,2450.0,2500.0,2430.0,2480.0,1382473
2024-11-20,2465.0,2530.0,2440.0,2470.0,1309449
2024-11-21,2410.0,2525.0,2375.0,2500.0,765137
2024-11-22,2365.0,2385.0,2315.0,2380.0,1327153
2024-11-25,2475.0,2485.0,2350.0,2440.0,1499196
2024-11-26,2575.0,2635.0,2425.0,2480.0,1361263
2024-11-27,2535.0,2665.0,2485.0,2635.0,1187658
2024-11-28,2600.0,2640.0,2450.0,2540.0,577651
2024-11-29,2665.0,2685.0,2520.0,2650.0,813404
2024-12-02,2780.0,2795.0,2650.0,2725.0,1629372
2024-12-03,2850.0,2880.0,2740.0,2795.0,1171901
2024-12-04,2745.0,2875.0,2690.0,2850.0,1768866
2024-12-05,2660.0,2745.0,2585.0,2745.0,2259289
2024-12-06,2595.0,2740.0,2540.0,2650.0,953005
2024-12-09,2645.0,2700.0,2520.0,2640.0,847534
2024-12-10,2620.0,2695.0,2610.0,2645.0,489771
2024-12-11,2780.0,2800.0,2535.0,2630.0,590580
2024-12-12,2875.0,2895.0,2740.0,2815.0,1220585
2024-12-13,2870.0,2970.0,2855.0,2900.0,842241
2024-12-16,2990.0,3035.0,2830.0,2880.0,1195702
2024-12-17,2935.0,3125.0,2900.0,2990.0,891720
2024-12-18,2805.0,3030.0,2795.0,3025.0,861616
2024-12-19,2710.0,2880.0,2650.0,2800.0,632125
2024-12-20,2750.0,2770.0,2560.0,2660.0,873336
2024-12-23,2780.0,2850.0,2690.0,2750.0,668427
2024-12-24,2805.0,2860.0,2795.0,2800.0,120056
2024-12-26,2930.0,2940.0,2790.0,2805.0,586628
2024-12-27,2985.0,3000.0,2870.0,2950.0,650620
2024-12-30,2880.0,3100.0,2855.0,3010.0,590039
2025-01-02,2980.0,3025.0,2900.0,2950.0,1108987
2025-01-03,3005.0,3100.0,2875.0,3020.0,781706
2025-01-06,3060.0,3220.0,3030.0,3060.0,1005064
2025-01-07,3080.0,3150.0,3020.0,3075.0,930459
2025-01-08,3000.0,3100.0,2930.0,3100.0,757730
2025-01-09,3000.0,3050.0,2915.0,3050.0,321520
2025-01-10,3040.0,3060.0,2890.0,3010.0,1019372
2025-01-13,2790.0,3100.0,2775.0,3100.0,1146845
2025-01-14,2860.0,2915.0,2800.0,2800.0,702830
2025-01-15,2765.0,3025.0,2760.0,2940.0,555825
2025-01-16,2660.0,2805.0,2655.0,2775.0,540303
2025-01-17,2525.0,2730.0,2515.0,2670.0,691743
2025-01-20,2570.0,2675.0,2500.0,2500.0,292977
2025-01-21,2700.0,2710.0,2550.0,2625.0,410875
2025-01-22,2805.0,2835.0,2705.0,2750.0,676815
2025-01-23,2720.0,2800.0,2655.0,2800.0,684278
2025-01-24,2745.0,2780.0,2600.0,2725.0,428221
2025-01-27,2645.0,2700.0,2605.0,2695.0,630727
2025-01-28,2650.0,2775.0,2590.0,2660.0,322588
2025-01-29,2825.0,2850.0,2630.0,2700.0,731393
2025-01-30,2950.0,2970.0,2850.0,2860.0,524379
2025-01-31,2845.0,3020.0,2830.0,3000.0,643069
2025-02-03,2820.0,2840.0,2690.0,2840.0,253605
2025-02-04,2935.0,2960.0,2840.0,2840.0,314701
2025-02-05,2880.0,3010.0,2855.0,2970.0,201836
2025-02-06,2920.0,2940.0,2870.0,2885.0,269052
2025-02-07,2885.0,2995.0,2830.0,2935.0,381239
2025-02-10,2830.0,2975.0,2825.0,2885.0,326178
2025-02-11,2685.0,2850.0,2650.0,2830.0,708734
2025-02-12,2720.0,2780.0,2605.0,2685.0,387015
2025-02-13,2795.0,2805.0,2700.0,2700.0,166291
2025-02-14,2850.0,2865.0,2720.0,2785.0,250600
2025-02-17,2620.0,2800.0,2595.0,2790.0,1106740
2025-02-18,2850.0,2870.0,2650.0,2710.0,856469
2025-02-19,2860.0,2885.0,2810.0,2850.0,292027
2025-02-20,2865.0,2900.0,2810.0,2855.0,258298
2025-02-21,2740.0,2935.0,2720.0,2900.0,308414
2025-02-24,2815.0,2830.0,2730.0,2770.0,265064
2025-02-25,2700.0,2815.0,2670.0,2815.0,294910
2025-02-26,2690.0,2740.0,2635.0,2700.0,310411
2025-02-27,2585.0,2735.0,2565.0,2695.0,383168
2025-02-28,2515.0,2615.0,2500.0,2575.0,467212
2025-03-05,2660.0,2675.0,2460.0,2515.0,411978
2025-03-06,2595.0,2690.0,2560.0,2650.0,172574
2025-03-07,2645.0,2695.0,2530.0,2595.0,162892
2025-03-10,2540.0,2615.0,2500.0,2615.0,219708
2025-03-11,2595.0,2680.0,2535.0,2555.0,274594
2025-03-12,2625.0,2685.0,2570.0,2600.0,318451
2025-03-13,2520.0,2640.0,2500.0,2640.0,273445
2025-03-14,2690.0,2705.0,2540.0,2540.0,261204
2025-03-17,2745.0,2790.0,2670.0,2710.0,199325
2025-03-18,2670.0,2710.0,2625.0,2700.0,295321
2025-03-19,2900.0,2920.0,2695.0,2695.0,598856
2025-03-20,2810.0,2895.0,2790.0,2890.0,206197
2025-03-21,2910.0,2930.0,2720.0,2800.0,535708
2025-03-25,3025.0,3070.0,2910.0,2910.0,902011
2025-03-26,2935.0,3020.0,2890.0,3010.0,432886
2025-03-27,2875.0,3015.0,2840.0,3005.0,312618
2025-03-28,2845.0,2910.0,2805.0,2875.0,282618
2025-03-31,2920.0,2940.0,2735.0,2830.0,902600
2025-04-01,2915.0,2960.0,2835.0,2960.0,297321
2025-04-03,2805.0,2900.0,2750.0,2900.0,217551
2025-04-04,2640.0,2750.0,2435.0,2750.0,555095
2025-04-07,2460.0,2675.0,2400.0,2500.0,980626
2025-04-08,2355.0,2625.0,2315.0,2625.0,985349
2025-04-09,2515.0,2540.0,2105.0,2400.0,935434
2025-04-10,2445.0,2535.0,2350.0,2520.0,353364
2025-04-11,2670.0,2695.0,2485.0,2485.0,341955
2025-04-14,2780.0,3000.0,2670.0,3000.0,419374
2025-04-15,2695.0,2850.0,2600.0,2800.0,468948
