Price,('Close', 'METR.BA'),('High', 'METR.BA'),('Low', 'METR.BA'),('Open', 'METR.BA'),('Volume', 'METR.BA')
Ticker,METR.BA,METR.BA,METR.BA,METR.BA,METR.BA
Date,,,,,
2020-04-17,14.800000190734863,15.199999809265137,14.199999809265137,15.149999618530273,12341
2020-04-20,14.800000190734863,15.199999809265137,14.449999809265137,15.199999809265137,11914
2020-04-21,14.649999618530273,15.0,14.300000190734863,15.0,17893
2020-04-22,14.550000190734863,14.800000190734863,14.350000381469727,14.800000190734863,8653
2020-04-23,14.399999618530273,14.699999809265137,13.800000190734863,14.699999809265137,37362
2020-04-24,14.25,14.699999809265137,13.5,14.699999809265137,19012
2020-04-27,14.399999618530273,14.800000190734863,14.0,14.800000190734863,11176
2020-04-28,15.100000381469727,15.199999809265137,14.0,14.600000381469727,140909
2020-04-29,15.649999618530273,16.299999237060547,14.550000190734863,15.600000381469727,67758
2020-04-30,15.399999618530273,15.899999618530273,15.350000381469727,15.800000190734863,9259
2020-05-04,15.0,15.0,14.300000190734863,15.0,41805
2020-05-05,15.0,15.800000190734863,14.899999618530273,15.399999618530273,13900
2020-05-06,16.899999618530273,17.0,14.600000381469727,15.300000190734863,151317
2020-05-07,17.299999237060547,18.0,16.899999618530273,17.200000762939453,126171
2020-05-08,17.649999618530273,17.950000762939453,17.5,17.700000762939453,117838
2020-05-11,17.850000381469727,17.899999618530273,16.5,17.600000381469727,94273
2020-05-12,18.149999618530273,19.100000381469727,18.049999237060547,18.100000381469727,67101
2020-05-13,17.75,18.5,17.100000381469727,18.5,6210
2020-05-14,17.799999237060547,18.0,17.5,17.5,18718
2020-05-15,17.850000381469727,18.049999237060547,17.399999618530273,17.799999237060547,75803
2020-05-18,18.25,18.5,17.899999618530273,18.0,80266
2020-05-19,17.950000762939453,18.5,17.5,18.5,53105
2020-05-20,17.799999237060547,18.350000381469727,17.149999618530273,18.350000381469727,12954
2020-05-21,17.75,18.0,17.25,17.950000762939453,9812
2020-05-22,17.5,17.950000762939453,16.5,17.899999618530273,15350
2020-05-26,17.0,18.100000381469727,16.899999618530273,17.299999237060547,37837
2020-05-27,16.899999618530273,17.700000762939453,16.600000381469727,17.700000762939453,62375
2020-05-28,16.75,16.899999618530273,16.600000381469727,16.899999618530273,174315
2020-05-29,16.549999237060547,16.799999237060547,16.0,16.799999237060547,50166
2020-06-01,17.0,17.0,16.450000762939453,16.450000762939453,77682
2020-06-02,17.799999237060547,18.0,17.0,17.350000381469727,244822
2020-06-03,18.799999237060547,18.850000381469727,17.799999237060547,17.799999237060547,122741
2020-06-04,18.950000762939453,19.5,18.700000762939453,18.850000381469727,62228
2020-06-05,20.0,20.299999237060547,19.299999237060547,19.399999618530273,145043
2020-06-08,20.350000381469727,20.700000762939453,20.299999237060547,20.399999618530273,130227
2020-06-09,19.600000381469727,20.5,19.399999618530273,20.0,83174
2020-06-10,19.5,19.5,19.049999237060547,19.5,85530
2020-06-11,17.600000381469727,19.950000762939453,16.850000381469727,19.5,90596
2020-06-12,18.700000762939453,18.899999618530273,17.700000762939453,18.0,58019
2020-06-16,19.450000762939453,19.899999618530273,19.0,19.0,60799
2020-06-17,19.549999237060547,20.0,19.299999237060547,20.0,112606
2020-06-18,18.200000762939453,19.299999237060547,18.200000762939453,19.299999237060547,28614
2020-06-19,18.700000762939453,19.0,17.799999237060547,18.0,14881
2020-06-22,18.0,18.899999618530273,17.850000381469727,18.899999618530273,20688
2020-06-23,18.850000381469727,19.0,17.5,18.0,47531
2020-06-24,18.950000762939453,19.100000381469727,18.5,19.100000381469727,6396
2020-06-25,19.350000381469727,19.399999618530273,18.299999237060547,19.100000381469727,18922
2020-06-26,19.0,19.899999618530273,18.600000381469727,19.399999618530273,11723
2020-06-29,19.100000381469727,19.899999618530273,18.649999618530273,19.0,4120
2020-06-30,18.299999237060547,19.799999237060547,17.600000381469727,19.799999237060547,13735
2020-07-01,17.799999237060547,18.5,17.700000762939453,18.450000762939453,25740
2020-07-02,18.0,18.399999618530273,17.549999237060547,18.0,11467
2020-07-03,17.899999618530273,18.899999618530273,17.600000381469727,18.700000762939453,5758
2020-07-06,18.549999237060547,18.850000381469727,18.0,18.149999618530273,65132
2020-07-07,18.700000762939453,18.950000762939453,18.100000381469727,18.549999237060547,38281
2020-07-08,19.0,19.149999618530273,18.549999237060547,18.899999618530273,10507
2020-07-13,18.799999237060547,19.350000381469727,18.049999237060547,19.049999237060547,64413
2020-07-14,18.799999237060547,18.799999237060547,18.399999618530273,18.799999237060547,8185
2020-07-15,18.950000762939453,19.0,18.5,18.700000762939453,67088
2020-07-16,19.100000381469727,19.450000762939453,18.899999618530273,18.950000762939453,28522
2020-07-17,19.0,19.299999237060547,18.649999618530273,19.299999237060547,17412
2020-07-20,18.950000762939453,19.399999618530273,18.549999237060547,19.0,31225
2020-07-21,18.899999618530273,19.200000762939453,18.5,19.200000762939453,15825
2020-07-22,19.299999237060547,19.399999618530273,18.5,18.5,154365
2020-07-23,19.200000762939453,19.600000381469727,19.0,19.399999618530273,94580
2020-07-24,19.049999237060547,19.450000762939453,19.049999237060547,19.450000762939453,20600
2020-07-27,20.200000762939453,20.799999237060547,18.600000381469727,18.649999618530273,178808
2020-07-28,20.399999618530273,20.75,20.049999237060547,20.149999618530273,88739
2020-07-29,19.899999618530273,21.0,19.0,20.399999618530273,81148
2020-07-30,19.299999237060547,20.200000762939453,19.049999237060547,20.200000762939453,173575
2020-07-31,19.799999237060547,20.100000381469727,19.299999237060547,19.5,134205
2020-08-03,20.200000762939453,20.200000762939453,19.5,20.100000381469727,93397
2020-08-04,20.350000381469727,21.049999237060547,19.899999618530273,20.649999618530273,81697
2020-08-05,20.100000381469727,20.899999618530273,19.649999618530273,20.649999618530273,31373
2020-08-06,20.0,20.350000381469727,19.100000381469727,20.350000381469727,8037
2020-08-07,19.75,20.200000762939453,19.5,20.049999237060547,41210
2020-08-10,20.049999237060547,20.399999618530273,19.75,20.100000381469727,47835
2020-08-11,19.899999618530273,20.799999237060547,19.799999237060547,20.649999618530273,68799
2020-08-12,19.399999618530273,20.399999618530273,19.0,20.200000762939453,12467
2020-08-13,19.149999618530273,19.700000762939453,17.899999618530273,19.700000762939453,81338
2020-08-14,19.799999237060547,20.200000762939453,19.0,19.0,101619
2020-08-18,19.399999618530273,20.0,18.649999618530273,20.0,15437
2020-08-19,19.200000762939453,19.950000762939453,18.799999237060547,19.0,26107
2020-08-20,19.200000762939453,19.649999618530273,18.950000762939453,19.649999618530273,2038
2020-08-21,18.899999618530273,19.75,18.700000762939453,19.600000381469727,22617
2020-08-24,18.200000762939453,19.649999618530273,18.0,18.899999618530273,24609
2020-08-25,18.149999618530273,18.700000762939453,17.799999237060547,17.799999237060547,12996
2020-08-26,17.549999237060547,18.700000762939453,17.5,18.149999618530273,19590
2020-08-27,18.149999618530273,18.5,17.600000381469727,18.5,21300
2020-08-28,18.399999618530273,18.399999618530273,18.0,18.299999237060547,23593
2020-08-31,18.450000762939453,18.75,18.100000381469727,18.75,35703
2020-09-01,18.600000381469727,18.600000381469727,17.549999237060547,17.549999237060547,20522
2020-09-02,18.25,18.799999237060547,17.75,18.799999237060547,36026
2020-09-03,18.149999618530273,18.299999237060547,17.75,18.299999237060547,9301
2020-09-04,18.049999237060547,18.149999618530273,16.649999618530273,18.100000381469727,20112
2020-09-07,17.899999618530273,18.350000381469727,17.0,18.149999618530273,94295
2020-09-08,17.649999618530273,18.100000381469727,17.100000381469727,17.899999618530273,1135
2020-09-09,17.399999618530273,17.950000762939453,17.0,17.700000762939453,8713
2020-09-10,17.600000381469727,18.0,17.399999618530273,18.0,5605
2020-09-11,17.649999618530273,17.950000762939453,16.950000762939453,17.950000762939453,5099
2020-09-14,17.0,17.950000762939453,16.700000762939453,17.950000762939453,29721
2020-09-15,17.200000762939453,17.399999618530273,17.0,17.0,18319
2020-09-16,16.799999237060547,17.700000762939453,16.0,17.399999618530273,26909
2020-09-17,16.450000762939453,17.350000381469727,15.550000190734863,17.350000381469727,38047
2020-09-18,16.75,17.0,16.149999618530273,16.450000762939453,24881
2020-09-21,16.700000762939453,17.200000762939453,16.450000762939453,17.200000762939453,26961
2020-09-22,16.799999237060547,17.200000762939453,16.200000762939453,17.200000762939453,15747
2020-09-23,16.75,17.0,16.0,16.0,45875
2020-09-24,17.700000762939453,17.700000762939453,16.75,17.200000762939453,19386
2020-09-25,17.700000762939453,17.899999618530273,16.799999237060547,17.899999618530273,3524
2020-09-28,17.5,18.0,17.0,18.0,27285
2020-09-29,17.5,17.700000762939453,17.0,17.700000762939453,13564
2020-09-30,17.549999237060547,17.950000762939453,17.100000381469727,17.899999618530273,9786
2020-10-01,17.75,17.899999618530273,17.5,17.899999618530273,23780
2020-10-02,17.850000381469727,18.0,17.25,18.0,1298
2020-10-05,17.850000381469727,18.0,17.299999237060547,17.950000762939453,13840
2020-10-06,17.75,18.049999237060547,17.299999237060547,17.5,5526
2020-10-07,17.5,18.299999237060547,17.200000762939453,18.299999237060547,20568
2020-10-08,17.200000762939453,17.799999237060547,17.0,17.799999237060547,43048
2020-10-09,17.600000381469727,17.700000762939453,17.200000762939453,17.600000381469727,27113
2020-10-13,17.600000381469727,18.100000381469727,17.100000381469727,18.100000381469727,49372
2020-10-14,17.600000381469727,17.899999618530273,17.350000381469727,17.899999618530273,10803
2020-10-15,17.450000762939453,17.649999618530273,17.049999237060547,17.600000381469727,44851
2020-10-16,17.549999237060547,17.75,17.0,17.75,69992
2020-10-19,19.850000381469727,20.5,17.399999618530273,17.799999237060547,230751
2020-10-20,21.0,21.450000762939453,20.0,20.0,140834
2020-10-21,20.399999618530273,21.450000762939453,19.549999237060547,21.0,84072
2020-10-22,21.25,21.549999237060547,20.399999618530273,20.5,56946
2020-10-23,21.149999618530273,21.899999618530273,20.200000762939453,21.5,59479
2020-10-26,20.899999618530273,21.5,20.399999618530273,21.100000381469727,17556
2020-10-27,20.399999618530273,21.450000762939453,20.0,21.0,80672
2020-10-28,19.100000381469727,20.100000381469727,18.100000381469727,20.100000381469727,90859
2020-10-29,19.700000762939453,19.850000381469727,18.25,19.100000381469727,17267
2020-10-30,19.100000381469727,19.700000762939453,18.700000762939453,19.700000762939453,21711
2020-11-02,19.100000381469727,20.200000762939453,19.100000381469727,20.0,31583
2020-11-03,19.149999618530273,20.0,19.0,20.0,45647
2020-11-04,19.0,19.799999237060547,18.0,18.0,18962
2020-11-05,18.700000762939453,19.049999237060547,18.399999618530273,19.0,32255
2020-11-06,18.75,19.700000762939453,18.700000762939453,18.75,3589
2020-11-09,19.100000381469727,19.950000762939453,18.5,18.5,18446
2020-11-10,19.299999237060547,19.799999237060547,18.5,19.799999237060547,41168
2020-11-11,19.100000381469727,19.899999618530273,18.799999237060547,19.049999237060547,27573
2020-11-12,19.0,19.100000381469727,18.75,19.0,58717
2020-11-13,19.100000381469727,19.25,18.649999618530273,18.649999618530273,4464
2020-11-16,18.950000762939453,19.600000381469727,18.600000381469727,19.600000381469727,13372
2020-11-17,19.0,19.5,18.600000381469727,18.600000381469727,14629
2020-11-18,18.950000762939453,19.799999237060547,18.399999618530273,19.450000762939453,63653
2020-11-19,19.5,19.5,18.299999237060547,18.850000381469727,39781
2020-11-20,18.600000381469727,20.0,18.600000381469727,20.0,11983
2020-11-24,19.0,19.899999618530273,17.399999618530273,18.700000762939453,35907
2020-11-25,19.200000762939453,19.899999618530273,19.0,19.899999618530273,5556
2020-11-26,19.5,19.799999237060547,18.850000381469727,19.200000762939453,35560
2020-11-27,19.5,19.5,18.649999618530273,19.450000762939453,6176
2020-11-30,19.5,19.899999618530273,18.549999237060547,19.5,3463
2020-12-01,19.0,20.0,18.600000381469727,20.0,8696
2020-12-02,19.75,19.799999237060547,18.899999618530273,19.799999237060547,45100
2020-12-03,19.399999618530273,20.0,19.299999237060547,20.0,9434
2020-12-04,19.100000381469727,19.799999237060547,19.100000381469727,19.399999618530273,20665
2020-12-09,19.25,19.75,18.649999618530273,19.75,18457
2020-12-10,19.450000762939453,19.5,19.0,19.5,15908
2020-12-11,19.100000381469727,19.399999618530273,19.0,19.399999618530273,5994
2020-12-14,18.799999237060547,19.799999237060547,18.799999237060547,19.25,30448
2020-12-15,19.5,19.5,18.799999237060547,18.799999237060547,10722
2020-12-16,19.149999618530273,19.649999618530273,19.100000381469727,19.5,5555
2020-12-17,19.549999237060547,19.649999618530273,18.600000381469727,19.549999237060547,24520
2020-12-18,19.399999618530273,19.799999237060547,18.700000762939453,19.700000762939453,16698
2020-12-21,19.0,19.700000762939453,18.450000762939453,18.549999237060547,44461
2020-12-22,19.200000762939453,19.25,18.149999618530273,18.399999618530273,9655
2020-12-23,19.0,19.799999237060547,19.0,19.0,2517
2020-12-28,18.600000381469727,18.899999618530273,18.149999618530273,18.149999618530273,5145
2020-12-29,19.100000381469727,19.350000381469727,18.049999237060547,18.649999618530273,13986
2020-12-30,19.850000381469727,20.0,19.399999618530273,19.399999618530273,25254
2021-01-04,19.049999237060547,20.0,19.0,20.0,31906
2021-01-05,18.850000381469727,19.5,18.5,19.049999237060547,98036
2021-01-06,19.399999618530273,19.5,18.5,18.5,1171
2021-01-07,18.899999618530273,19.299999237060547,18.899999618530273,19.299999237060547,11554
2021-01-08,19.0,19.0,18.75,18.899999618530273,7334
2021-01-11,19.100000381469727,19.100000381469727,18.149999618530273,18.149999618530273,13471
2021-01-12,18.649999618530273,19.0,18.600000381469727,18.75,8580
2021-01-13,18.5,18.799999237060547,18.0,18.0,20515
2021-01-14,19.600000381469727,19.600000381469727,18.299999237060547,18.899999618530273,33327
2021-01-15,19.350000381469727,19.899999618530273,18.299999237060547,19.899999618530273,7404
2021-01-18,19.100000381469727,19.399999618530273,18.5,19.399999618530273,1957
2021-01-19,18.850000381469727,19.600000381469727,18.600000381469727,19.600000381469727,12745
2021-01-20,18.5,18.700000762939453,18.350000381469727,18.350000381469727,6857
2021-01-21,18.0,18.700000762939453,17.649999618530273,17.649999618530273,30979
2021-01-22,18.450000762939453,18.799999237060547,17.649999618530273,17.649999618530273,2407
2021-01-25,18.0,19.350000381469727,18.0,18.5,18261
2021-01-26,17.950000762939453,18.5,17.850000381469727,18.0,7234
2021-01-27,18.0,18.549999237060547,17.799999237060547,17.850000381469727,6920
2021-01-28,18.149999618530273,18.200000762939453,17.799999237060547,17.799999237060547,2226
2021-01-29,17.950000762939453,18.299999237060547,17.899999618530273,18.299999237060547,11103
2021-02-01,18.049999237060547,18.100000381469727,17.700000762939453,17.950000762939453,2653
2021-02-02,18.100000381469727,18.350000381469727,17.700000762939453,18.049999237060547,12546
2021-02-03,18.149999618530273,18.149999618530273,17.899999618530273,18.0,27177
2021-02-04,18.299999237060547,18.299999237060547,17.799999237060547,17.799999237060547,20411
2021-02-05,18.600000381469727,18.600000381469727,17.950000762939453,18.200000762939453,2363
2021-02-08,19.0,19.0,18.200000762939453,18.299999237060547,6920
2021-02-09,19.0,19.549999237060547,18.399999618530273,19.549999237060547,24096
2021-02-10,19.0,19.0,18.25,18.25,2407
2021-02-11,19.0,19.299999237060547,18.75,19.0,14538
2021-02-12,18.649999618530273,19.0,18.25,18.25,13927
2021-02-17,18.899999618530273,19.149999618530273,18.5,18.799999237060547,8815
2021-02-18,19.100000381469727,19.399999618530273,19.0,19.0,30429
2021-02-19,19.0,19.200000762939453,18.5,19.100000381469727,7870
2021-02-22,18.25,18.450000762939453,18.100000381469727,18.200000762939453,7966
2021-02-23,18.600000381469727,18.700000762939453,18.25,18.25,6127
2021-02-24,18.899999618530273,19.0,18.100000381469727,19.0,9977
2021-02-25,19.100000381469727,19.100000381469727,18.299999237060547,18.899999618530273,15929
2021-02-26,19.25,19.5,19.0,19.200000762939453,29379
2021-03-01,19.100000381469727,19.25,18.5,19.25,2001
2021-03-02,19.299999237060547,19.299999237060547,18.700000762939453,19.299999237060547,1108
2021-03-03,18.700000762939453,19.5,18.100000381469727,19.5,8159
2021-03-04,18.950000762939453,18.950000762939453,17.799999237060547,17.799999237060547,13834
2021-03-05,18.700000762939453,19.0,18.549999237060547,18.549999237060547,807
2021-03-08,18.049999237060547,18.700000762939453,17.75,17.850000381469727,30482
2021-03-09,17.899999618530273,18.0,17.799999237060547,17.950000762939453,10519
2021-03-10,17.950000762939453,18.350000381469727,17.950000762939453,18.350000381469727,1521
2021-03-11,18.149999618530273,18.399999618530273,17.5,18.399999618530273,437
2021-03-12,18.100000381469727,18.299999237060547,17.700000762939453,18.299999237060547,812
2021-03-15,18.549999237060547,18.549999237060547,18.149999618530273,18.149999618530273,3073
2021-03-16,18.75,19.0,18.5,18.649999618530273,8437
2021-03-17,18.5,18.799999237060547,18.5,18.5,5638
2021-03-18,18.149999618530273,18.850000381469727,17.950000762939453,17.950000762939453,6901
2021-03-19,18.0,18.5,17.75,17.75,53411
2021-03-22,18.049999237060547,18.100000381469727,17.299999237060547,18.100000381469727,12286
2021-03-23,18.0,18.0,18.0,18.0,6074
2021-03-25,18.350000381469727,18.450000762939453,18.0,18.450000762939453,4247
2021-03-26,18.5,18.5,18.0,18.299999237060547,113490
2021-03-29,18.049999237060547,18.600000381469727,18.0,18.5,7738
2021-03-30,17.950000762939453,18.25,17.100000381469727,17.950000762939453,13750
2021-03-31,17.799999237060547,17.950000762939453,17.450000762939453,17.5,4394
2021-04-05,17.350000381469727,18.899999618530273,17.0,17.0,9019
2021-04-06,17.5,18.0,17.350000381469727,18.0,413
2021-04-07,17.5,18.299999237060547,17.0,17.5,2237
2021-04-08,18.149999618530273,18.299999237060547,17.5,18.0,25287
2021-04-09,18.049999237060547,18.100000381469727,17.549999237060547,18.0,11010
2021-04-12,17.850000381469727,18.100000381469727,17.299999237060547,18.100000381469727,13052
2021-04-13,17.350000381469727,17.700000762939453,17.100000381469727,17.100000381469727,4444
2021-04-14,17.350000381469727,17.950000762939453,17.100000381469727,17.100000381469727,15026
2021-04-15,17.149999618530273,17.5,17.149999618530273,17.149999618530273,2685
2021-04-16,17.049999237060547,18.0,16.799999237060547,17.100000381469727,37429
2021-04-19,17.399999618530273,17.5,16.5,17.049999237060547,9028
2021-04-20,17.0,17.350000381469727,16.75,17.350000381469727,9428
2021-04-21,17.0,17.0,16.5,17.0,16410
2021-04-22,16.799999237060547,17.0,16.299999237060547,16.299999237060547,3471
2021-04-23,16.700000762939453,17.0,16.600000381469727,16.700000762939453,55776
2021-04-26,16.950000762939453,17.0,16.600000381469727,17.0,5600
2021-04-27,17.0,17.0,16.399999618530273,16.399999618530273,7069
2021-04-28,17.0,17.200000762939453,16.799999237060547,17.0,10738
2021-04-29,17.100000381469727,17.5,17.0,17.0,5340
2021-04-30,17.450000762939453,17.700000762939453,17.049999237060547,17.549999237060547,11993
2021-05-03,17.399999618530273,17.5,16.299999237060547,16.799999237060547,5277
2021-05-04,17.0,17.700000762939453,16.700000762939453,17.700000762939453,4764
2021-05-05,17.0,17.149999618530273,16.5,16.5,6457
2021-05-06,16.950000762939453,18.0,16.5,17.5,11182
2021-05-07,16.850000381469727,17.0,16.399999618530273,16.5,3905
2021-05-10,16.899999618530273,17.399999618530273,16.799999237060547,16.899999618530273,6467
2021-05-11,17.100000381469727,17.549999237060547,16.600000381469727,16.700000762939453,14319
2021-05-12,17.100000381469727,17.600000381469727,16.75,17.600000381469727,5591
2021-05-13,17.200000762939453,17.200000762939453,16.700000762939453,16.75,66611
2021-05-14,17.25,17.299999237060547,16.950000762939453,17.200000762939453,85600
2021-05-17,17.299999237060547,17.5,17.200000762939453,17.200000762939453,75982
2021-05-18,17.299999237060547,17.399999618530273,17.049999237060547,17.049999237060547,71555
2021-05-19,17.25,17.549999237060547,17.0,17.299999237060547,9482
2021-05-20,17.5,18.25,17.100000381469727,17.100000381469727,201054
2021-05-21,17.5,17.700000762939453,17.299999237060547,17.5,144323
2021-05-26,17.850000381469727,17.850000381469727,17.0,17.5,26854
2021-05-27,18.149999618530273,18.700000762939453,17.100000381469727,18.0,139489
2021-05-28,18.299999237060547,18.5,18.049999237060547,18.149999618530273,152551
2021-05-31,18.75,19.0,18.399999618530273,18.850000381469727,7110
2021-06-01,19.450000762939453,19.799999237060547,18.799999237060547,18.899999618530273,55609
2021-06-02,19.799999237060547,20.25,19.450000762939453,20.0,53419
2021-06-03,19.399999618530273,20.0,18.5,19.75,21819
2021-06-04,20.850000381469727,21.0,19.0,19.700000762939453,52722
2021-06-07,22.799999237060547,23.899999618530273,21.0,21.0,172929
2021-06-08,23.850000381469727,24.5,23.0,23.0,56711
2021-06-09,29.649999618530273,29.700000762939453,22.299999237060547,23.399999618530273,170122
2021-06-10,30.5,34.0,29.100000381469727,29.649999618530273,254064
2021-06-11,29.0,31.799999237060547,26.299999237060547,31.799999237060547,121415
2021-06-14,29.200000762939453,30.149999618530273,28.5,29.600000381469727,37547
2021-06-15,28.399999618530273,30.100000381469727,28.0,30.100000381469727,17138
2021-06-16,28.0,29.200000762939453,27.299999237060547,28.299999237060547,13131
2021-06-17,27.299999237060547,29.5,27.149999618530273,28.0,27748
2021-06-18,27.0,27.25,26.100000381469727,26.5,27558
2021-06-22,26.5,27.0,25.799999237060547,27.0,43363
2021-06-23,26.049999237060547,27.0,26.0,26.5,3904
2021-06-24,26.600000381469727,26.850000381469727,24.950000762939453,25.5,64786
2021-06-25,25.049999237060547,26.5,24.649999618530273,26.5,149531
2021-06-28,25.100000381469727,25.200000762939453,24.049999237060547,24.049999237060547,16322
2021-06-29,24.950000762939453,25.450000762939453,24.700000762939453,24.899999618530273,5676
2021-06-30,25.399999618530273,25.399999618530273,24.75,24.75,17303
2021-07-01,25.299999237060547,25.799999237060547,24.100000381469727,24.799999237060547,12049
2021-07-02,25.700000762939453,26.399999618530273,25.100000381469727,26.0,5565
2021-07-05,25.649999618530273,26.5,25.0,25.5,5683
2021-07-06,26.0,27.25,25.700000762939453,25.700000762939453,31408
2021-07-07,25.799999237060547,26.450000762939453,25.700000762939453,26.450000762939453,315
2021-07-08,25.799999237060547,25.799999237060547,25.200000762939453,25.799999237060547,24496
2021-07-12,26.0,26.5,24.5,25.799999237060547,9023
2021-07-13,26.75,26.75,25.5,26.75,6146
2021-07-14,26.899999618530273,27.149999618530273,26.5,26.75,4279
2021-07-15,27.399999618530273,27.5,26.700000762939453,26.700000762939453,84682
2021-07-16,27.100000381469727,28.0,26.100000381469727,28.0,5337
2021-07-19,26.25,26.850000381469727,25.299999237060547,26.850000381469727,15741
2021-07-20,26.299999237060547,26.399999618530273,25.149999618530273,26.399999618530273,14684
2021-07-21,26.600000381469727,26.950000762939453,25.600000381469727,25.600000381469727,13119
2021-07-22,26.600000381469727,27.0,26.0,27.0,10474
2021-07-23,26.5,26.600000381469727,26.0,26.0,9623
2021-07-26,28.0,28.0,25.5,25.5,41770
2021-07-27,27.200000762939453,27.200000762939453,26.799999237060547,27.0,45981
2021-07-28,27.5,27.799999237060547,26.549999237060547,27.799999237060547,17615
2021-07-29,27.100000381469727,27.549999237060547,26.600000381469727,27.549999237060547,15346
2021-07-30,26.950000762939453,26.950000762939453,26.299999237060547,26.700000762939453,42112
2021-08-02,25.950000762939453,27.299999237060547,25.600000381469727,26.200000762939453,3599
2021-08-03,26.100000381469727,26.799999237060547,26.0,26.0,2465
2021-08-04,26.299999237060547,26.299999237060547,25.850000381469727,26.100000381469727,30319
2021-08-05,26.100000381469727,26.100000381469727,25.25,26.0,102
2021-08-06,26.200000762939453,26.5,26.149999618530273,26.149999618530273,1809
2021-08-09,25.799999237060547,26.0,25.0,25.0,5257
2021-08-10,26.0,26.299999237060547,26.0,26.0,51
2021-08-11,26.950000762939453,26.950000762939453,25.200000762939453,25.200000762939453,39470
2021-08-12,26.5,27.25,26.049999237060547,27.25,919
2021-08-13,26.299999237060547,27.25,25.799999237060547,27.25,2211
2021-08-17,26.299999237060547,27.399999618530273,25.299999237060547,26.899999618530273,13154
2021-08-18,26.799999237060547,26.899999618530273,25.600000381469727,26.0,3046
2021-08-19,26.0,26.799999237060547,25.5,26.799999237060547,21341
2021-08-20,26.5,26.649999618530273,25.100000381469727,25.100000381469727,1158
2021-08-23,26.5,27.149999618530273,26.0,27.149999618530273,4930
2021-08-24,27.5,27.5,25.25,26.0,64933
2021-08-25,27.0,27.700000762939453,26.450000762939453,27.600000381469727,7660
2021-08-26,28.899999618530273,29.299999237060547,27.200000762939453,27.299999237060547,86453
2021-08-27,29.700000762939453,30.350000381469727,28.899999618530273,29.299999237060547,28724
2021-08-30,32.599998474121094,33.5,28.549999237060547,29.5,69907
2021-08-31,33.75,33.75,30.600000381469727,33.29999923706055,75514
2021-09-01,33.0,34.75,32.75,33.70000076293945,162409
2021-09-02,32.599998474121094,33.0,32.5,33.0,32372
2021-09-03,33.0,33.25,32.5,32.900001525878906,27042
2021-09-06,34.0,34.0,32.5,33.400001525878906,108611
2021-09-07,35.04999923706055,35.150001525878906,34.0,34.75,44434
2021-09-08,34.150001525878906,35.5,33.04999923706055,35.5,7401
2021-09-09,33.54999923706055,34.95000076293945,33.5,34.95000076293945,34121
2021-09-10,32.75,33.29999923706055,30.0,33.29999923706055,36956
2021-09-13,34.0,36.54999923706055,33.75,35.79999923706055,42265
2021-09-14,34.0,34.95000076293945,32.25,34.95000076293945,41493
2021-09-15,33.099998474121094,34.75,33.0,34.0,32903
2021-09-16,34.54999923706055,35.25,32.0,32.5,21369
2021-09-17,35.79999923706055,36.0,34.5,35.0,53678
2021-09-20,33.5,35.79999923706055,33.0,35.79999923706055,19749
2021-09-21,36.0,36.0,33.0,33.599998474121094,31473
2021-09-22,36.70000076293945,37.099998474121094,34.54999923706055,34.54999923706055,13717
2021-09-23,35.099998474121094,37.0,35.04999923706055,37.0,6445
2021-09-24,35.5,36.599998474121094,34.0,36.5,11373
2021-09-27,36.099998474121094,37.099998474121094,36.099998474121094,37.0,16705
2021-09-28,35.79999923706055,36.5,35.0,36.0,5421
2021-09-29,36.900001525878906,37.04999923706055,35.5,35.79999923706055,20306
2021-09-30,37.5,37.54999923706055,35.5,37.400001525878906,18721
2021-10-01,37.45000076293945,37.79999923706055,36.099998474121094,37.79999923706055,6062
2021-10-04,36.900001525878906,38.5,36.0,38.5,3968
2021-10-05,37.5,37.5,36.04999923706055,36.04999923706055,905
2021-10-06,37.0,37.5,36.5,37.5,4805
2021-10-07,35.849998474121094,37.0,35.0,37.0,29162
2021-10-12,35.29999923706055,37.20000076293945,35.0,37.20000076293945,2544
2021-10-13,35.0,35.29999923706055,34.29999923706055,35.25,19602
2021-10-14,35.150001525878906,36.0,34.45000076293945,35.0,5536
2021-10-15,36.0,36.599998474121094,35.0,35.0,9428
2021-10-18,37.0,37.400001525878906,33.95000076293945,34.5,17562
2021-10-19,37.95000076293945,38.0,37.0,37.0,7503
2021-10-20,39.95000076293945,40.099998474121094,38.0,38.599998474121094,44863
2021-10-21,42.650001525878906,43.900001525878906,39.5,39.900001525878906,36647
2021-10-22,42.79999923706055,43.599998474121094,42.0,43.54999923706055,31338
2021-10-25,45.099998474121094,46.0,42.400001525878906,42.400001525878906,152190
2021-10-26,45.650001525878906,46.5,44.70000076293945,44.70000076293945,9735
2021-10-27,45.0,46.5,45.0,46.5,20392
2021-10-28,43.349998474121094,44.5,42.900001525878906,44.5,29274
2021-10-29,42.20000076293945,43.20000076293945,41.70000076293945,43.20000076293945,1245
2021-11-01,41.95000076293945,42.79999923706055,40.849998474121094,41.5,10545
2021-11-02,42.599998474121094,43.5,41.20000076293945,41.20000076293945,12253
2021-11-03,42.79999923706055,43.0,42.599998474121094,43.0,1830
2021-11-04,42.75,42.79999923706055,41.0,42.79999923706055,5094
2021-11-05,41.650001525878906,42.54999923706055,40.099998474121094,41.70000076293945,18287
2021-11-08,41.900001525878906,42.0,40.5,41.0,27679
2021-11-09,41.650001525878906,42.099998474121094,41.0,42.0,8829
2021-11-10,41.5,41.650001525878906,41.0,41.0,2134
2021-11-11,41.400001525878906,41.900001525878906,40.099998474121094,40.099998474121094,13286
2021-11-12,39.54999923706055,40.5,39.0,40.400001525878906,12425
2021-11-15,39.70000076293945,39.79999923706055,39.0,39.599998474121094,2834
2021-11-16,36.79999923706055,39.70000076293945,36.5,39.70000076293945,15150
2021-11-17,35.599998474121094,37.5,35.20000076293945,37.0,12544
2021-11-18,35.95000076293945,35.95000076293945,33.0,35.0,5229
2021-11-19,35.70000076293945,37.29999923706055,35.0,36.0,4218
2021-11-23,34.599998474121094,35.0,34.0,35.0,9238
2021-11-24,33.599998474121094,35.29999923706055,33.099998474121094,35.29999923706055,7432
2021-11-25,34.400001525878906,34.5,33.650001525878906,33.650001525878906,3114
2021-11-26,33.5,35.0,32.400001525878906,35.0,5603
2021-11-29,33.150001525878906,34.0,33.0,33.849998474121094,7017
2021-11-30,31.899999618530273,32.0,31.700000762939453,32.0,5860
2021-12-01,33.849998474121094,33.900001525878906,31.899999618530273,33.0,3738
2021-12-02,36.900001525878906,37.79999923706055,34.5,34.5,29785
2021-12-03,39.650001525878906,40.0,37.0,37.0,21281
2021-12-06,40.0,40.099998474121094,39.0,39.5,22691
2021-12-07,41.29999923706055,41.849998474121094,40.04999923706055,40.04999923706055,7882
2021-12-09,40.0,41.0,39.0,41.0,3150
2021-12-10,38.349998474121094,40.0,37.900001525878906,40.0,5221
2021-12-13,37.20000076293945,38.0,37.099998474121094,37.099998474121094,7893
2021-12-14,37.45000076293945,37.5,37.45000076293945,37.5,3318
2021-12-15,36.0,37.099998474121094,35.5,37.099998474121094,4161
2021-12-16,36.650001525878906,37.0,35.599998474121094,35.599998474121094,2868
2021-12-17,36.54999923706055,36.650001525878906,35.0,36.650001525878906,2601
2021-12-20,35.75,36.70000076293945,34.75,36.70000076293945,5170
2021-12-21,38.25,38.5,35.5,35.5,6981
2021-12-22,37.099998474121094,38.29999923706055,37.0,38.29999923706055,1440
2021-12-23,36.04999923706055,37.400001525878906,36.0,37.099998474121094,8825
2021-12-27,36.099998474121094,36.70000076293945,36.0,36.70000076293945,19850
2021-12-28,34.29999923706055,36.150001525878906,34.099998474121094,36.150001525878906,25873
2021-12-29,37.0,38.0,34.099998474121094,34.400001525878906,8730
2021-12-30,38.599998474121094,38.70000076293945,37.0,37.0,15264
2022-01-03,39.349998474121094,39.900001525878906,37.5,37.5,6065
2022-01-04,38.900001525878906,39.0,38.79999923706055,38.79999923706055,9642
2022-01-05,38.150001525878906,39.95000076293945,38.099998474121094,39.95000076293945,2944
2022-01-06,38.0,38.0,36.349998474121094,38.0,1993
2022-01-07,37.400001525878906,37.900001525878906,36.599998474121094,37.900001525878906,2564
2022-01-10,35.75,37.400001525878906,35.5,35.70000076293945,13528
2022-01-11,35.45000076293945,36.400001525878906,35.0,36.0,13768
2022-01-12,35.650001525878906,35.650001525878906,35.599998474121094,35.599998474121094,634
2022-01-13,35.5,36.0,35.0,36.0,1789
2022-01-14,35.900001525878906,36.29999923706055,35.900001525878906,36.0,3591
2022-01-17,35.79999923706055,35.79999923706055,35.70000076293945,35.79999923706055,550
2022-01-18,35.150001525878906,36.20000076293945,35.0,35.0,3536
2022-01-19,35.599998474121094,36.70000076293945,35.099998474121094,35.099998474121094,1241
2022-01-20,35.5,36.099998474121094,34.5,35.0,5283
2022-01-21,35.0,35.599998474121094,34.04999923706055,35.5,3307
2022-01-24,33.349998474121094,34.0,33.099998474121094,33.400001525878906,5731
2022-01-25,35.29999923706055,35.5,33.0,33.0,22076
2022-01-26,36.54999923706055,36.79999923706055,35.900001525878906,36.79999923706055,13563
2022-01-27,36.5,36.79999923706055,36.0,36.70000076293945,9960
2022-01-28,38.0,39.0,36.5,36.5,20736
2022-01-31,40.349998474121094,40.599998474121094,38.5,39.0,15055
2022-02-01,41.95000076293945,42.0,40.349998474121094,40.599998474121094,20626
2022-02-02,43.25,43.75,41.0,43.75,22038
2022-02-03,41.25,42.79999923706055,41.099998474121094,42.79999923706055,7992
2022-02-04,41.5,43.0,40.5,41.95000076293945,7390
2022-02-07,43.0,43.20000076293945,41.0,42.20000076293945,53738
2022-02-08,42.0,43.0,41.20000076293945,43.0,12811
2022-02-09,39.400001525878906,43.400001525878906,38.5,42.79999923706055,34260
2022-02-10,41.599998474121094,41.900001525878906,39.400001525878906,39.400001525878906,30454
2022-02-11,42.29999923706055,43.5,42.0,43.5,30283
2022-02-14,42.900001525878906,43.0,41.0,41.20000076293945,70156
2022-02-15,43.099998474121094,43.75,43.0,43.75,4223
2022-02-16,43.849998474121094,44.5,41.0,43.099998474121094,30541
2022-02-17,44.099998474121094,44.400001525878906,42.5,44.400001525878906,15591
2022-02-18,44.900001525878906,45.0,41.25,44.400001525878906,46064
2022-02-21,44.150001525878906,44.70000076293945,42.0,44.0,16457
2022-02-22,46.0,46.5,44.29999923706055,44.29999923706055,28237
2022-02-23,47.04999923706055,47.5,45.25,47.400001525878906,11837
2022-02-24,45.400001525878906,47.0,45.0,46.79999923706055,19735
2022-02-25,46.70000076293945,47.5,46.70000076293945,47.0,8232
2022-03-02,48.599998474121094,49.45000076293945,48.5,48.599998474121094,32414
2022-03-03,47.849998474121094,49.5,46.75,48.0,18621
2022-03-04,46.900001525878906,49.0,45.29999923706055,48.70000076293945,8598
2022-03-07,45.70000076293945,47.099998474121094,43.5,46.95000076293945,7773
2022-03-08,45.20000076293945,46.0,45.099998474121094,46.0,6957
2022-03-09,43.650001525878906,45.0,43.0,45.0,6243
2022-03-10,44.95000076293945,46.0,41.900001525878906,41.95000076293945,8032
2022-03-11,46.099998474121094,46.099998474121094,44.5,44.5,5322
2022-03-14,42.5,46.0,42.5,46.0,4631
2022-03-15,41.150001525878906,42.25,41.0,42.0,5151
2022-03-16,42.20000076293945,42.5,41.20000076293945,41.20000076293945,1494
2022-03-17,41.95000076293945,42.5,41.5,42.0,8470
2022-03-18,42.04999923706055,42.20000076293945,41.95000076293945,42.20000076293945,3381
2022-03-21,42.900001525878906,45.0,41.29999923706055,42.0,5229
2022-03-22,41.54999923706055,44.0,40.5,43.900001525878906,12851
2022-03-23,41.5,43.5,40.70000076293945,41.0,6962
2022-03-25,42.75,42.75,41.0,41.0,5516
2022-03-28,42.900001525878906,43.20000076293945,42.5,43.20000076293945,3284
2022-03-29,41.45000076293945,41.599998474121094,41.0,41.5,15378
2022-03-30,41.5,41.599998474121094,41.0,41.45000076293945,10820
2022-03-31,41.650001525878906,42.25,41.0,41.0,4657
2022-04-01,41.900001525878906,42.20000076293945,41.099998474121094,41.650001525878906,18564
2022-04-04,42.25,42.45000076293945,40.20000076293945,42.25,16852
2022-04-05,41.45000076293945,42.45000076293945,41.25,42.45000076293945,8518
2022-04-06,41.349998474121094,43.0,41.0,43.0,2330
2022-04-07,41.95000076293945,42.400001525878906,40.5,40.5,7463
2022-04-08,41.95000076293945,42.599998474121094,41.650001525878906,42.5,9457
2022-04-11,41.849998474121094,43.0,41.54999923706055,43.0,5795
2022-04-12,41.900001525878906,42.0,41.0,41.75,9264
2022-04-13,41.29999923706055,42.349998474121094,41.150001525878906,42.349998474121094,9108
2022-04-18,39.95000076293945,41.099998474121094,38.900001525878906,41.099998474121094,33946
2022-04-19,40.0,40.79999923706055,39.5,40.099998474121094,35212
2022-04-20,39.5,41.20000076293945,39.20000076293945,40.95000076293945,17049
2022-04-21,38.95000076293945,39.79999923706055,38.400001525878906,39.099998474121094,11750
2022-04-22,38.150001525878906,39.400001525878906,37.5,37.5,9865
2022-04-25,37.54999923706055,38.95000076293945,36.849998474121094,38.95000076293945,30603
2022-04-26,37.75,38.75,37.650001525878906,37.79999923706055,15712
2022-04-27,37.70000076293945,38.0,37.099998474121094,37.75,13193
2022-04-28,38.400001525878906,38.5,37.5,38.0,10096
2022-04-29,38.5,39.0,38.20000076293945,38.400001525878906,12255
2022-05-02,38.099998474121094,39.5,37.5,38.0,1579
2022-05-03,38.5,39.5,37.5,37.5,8748
2022-05-04,39.099998474121094,39.25,39.04999923706055,39.099998474121094,726
2022-05-05,38.099998474121094,39.150001525878906,38.0,39.150001525878906,4027
2022-05-06,38.150001525878906,38.79999923706055,38.150001525878906,38.150001525878906,800
2022-05-09,36.400001525878906,38.150001525878906,35.20000076293945,38.150001525878906,9972
2022-05-10,36.400001525878906,36.400001525878906,35.5,36.400001525878906,6155
2022-05-11,37.29999923706055,37.5,35.900001525878906,36.400001525878906,3955
2022-05-12,37.150001525878906,37.70000076293945,36.29999923706055,37.0,7604
2022-05-13,38.45000076293945,39.0,37.79999923706055,38.599998474121094,14809
2022-05-16,39.0,39.099998474121094,38.25,38.54999923706055,10828
2022-05-17,39.75,40.0,38.5,39.0,8750
2022-05-19,39.29999923706055,39.75,39.0,39.75,1061
2022-05-20,38.75,39.599998474121094,38.349998474121094,39.599998474121094,400
2022-05-23,39.0,39.20000076293945,37.79999923706055,38.0,13015
2022-05-24,38.099998474121094,39.0,37.599998474121094,39.0,7582
2022-05-26,38.70000076293945,39.5,37.099998474121094,39.0,11025
2022-05-27,39.0,39.349998474121094,38.0,38.70000076293945,9728
2022-05-30,39.650001525878906,39.849998474121094,39.20000076293945,39.5,8850
2022-05-31,39.04999923706055,40.0,38.5,39.0,11084
2022-06-01,38.900001525878906,39.099998474121094,38.650001525878906,39.0,9800
2022-06-02,38.650001525878906,39.900001525878906,38.20000076293945,38.900001525878906,2905
2022-06-03,39.5,40.0,39.0,40.0,4972
2022-06-06,39.5,39.5,39.5,39.5,354
2022-06-07,38.900001525878906,39.5,38.0,39.5,2196
2022-06-08,38.599998474121094,39.0,37.5,38.5,4866
2022-06-09,38.0,39.0,38.0,38.29999923706055,5147
2022-06-10,37.900001525878906,38.0,37.79999923706055,38.0,590
2022-06-13,36.75,37.20000076293945,36.29999923706055,36.29999923706055,17574
2022-06-14,37.0,37.0,36.20000076293945,36.5,4054
2022-06-15,37.25,37.25,36.29999923706055,37.0,23150
2022-06-16,37.04999923706055,37.5,36.5,37.0,22199
2022-06-21,36.849998474121094,37.5,35.20000076293945,35.20000076293945,8430
2022-06-22,35.79999923706055,36.5,35.29999923706055,36.0,2643
2022-06-23,35.349998474121094,37.0,35.29999923706055,37.0,4072
2022-06-24,34.25,35.5,34.0,35.0,6557
2022-06-27,34.400001525878906,35.20000076293945,34.25,34.25,5486
2022-06-28,35.25,36.0,32.5,34.0,42955
2022-06-29,35.04999923706055,36.5,35.0,36.5,5510
2022-06-30,36.04999923706055,36.5,35.29999923706055,35.29999923706055,6763
2022-07-01,36.849998474121094,38.0,36.0,38.0,4751
2022-07-04,36.0,37.0,35.0,36.400001525878906,11581
2022-07-05,36.5,37.0,36.0,36.099998474121094,7391
2022-07-06,37.04999923706055,37.099998474121094,36.0,36.5,9400
2022-07-07,38.95000076293945,39.400001525878906,38.0,38.349998474121094,23201
2022-07-08,42.25,42.349998474121094,39.0,39.0,25052
2022-07-11,41.45000076293945,42.0,39.400001525878906,41.900001525878906,62130
2022-07-12,42.70000076293945,43.349998474121094,39.599998474121094,39.599998474121094,22607
2022-07-13,42.20000076293945,42.5,41.20000076293945,41.20000076293945,4753
2022-07-14,41.54999923706055,41.79999923706055,40.0,40.900001525878906,11455
2022-07-15,41.5,42.0,40.099998474121094,40.099998474121094,7129
2022-07-18,42.400001525878906,43.5,41.20000076293945,42.5,13569
2022-07-19,43.599998474121094,44.0,41.95000076293945,42.5,24589
2022-07-20,43.0,44.0,42.099998474121094,42.099998474121094,25910
2022-07-21,44.400001525878906,45.900001525878906,43.0,44.0,13668
2022-07-22,46.900001525878906,47.0,44.70000076293945,44.70000076293945,31606
2022-07-25,51.400001525878906,52.0,48.0,48.0,35445
2022-07-26,50.29999923706055,52.900001525878906,47.0,52.900001525878906,153590
2022-07-27,51.400001525878906,51.79999923706055,48.79999923706055,49.54999923706055,56275
2022-07-28,52.0,53.0,50.5,52.0,30310
2022-07-29,51.0,53.70000076293945,48.0,50.0,49023
2022-08-01,52.20000076293945,55.0,50.0,50.0,57277
2022-08-02,52.599998474121094,53.79999923706055,52.5,53.5,18861
2022-08-03,56.900001525878906,58.099998474121094,53.0,53.900001525878906,55251
2022-08-04,57.20000076293945,61.0,56.70000076293945,58.0,50142
2022-08-05,64.30000305175781,64.5,56.29999923706055,58.5,71066
2022-08-08,68.19999694824219,69.0,65.30000305175781,65.30000305175781,63884
2022-08-09,68.19999694824219,70.0,63.0,70.0,70596
2022-08-10,65.0999984741211,70.0,64.0,69.0,39769
2022-08-11,67.0,67.0,63.5,64.5,11136
2022-08-12,68.30000305175781,69.0,66.80000305175781,67.5,21945
2022-08-16,66.0,69.0,65.9000015258789,69.0,9695
2022-08-17,67.0999984741211,69.0,66.0,68.0,8274
2022-08-18,70.0999984741211,71.0,68.0,69.5999984741211,37825
2022-08-19,70.0999984741211,70.80000305175781,67.0999984741211,70.80000305175781,21258
2022-08-22,70.0999984741211,70.69999694824219,67.30000305175781,69.9000015258789,45784
2022-08-23,72.30000305175781,72.4000015258789,70.0,70.0,28400
2022-08-24,78.0999984741211,85.5,73.0,73.0,112610
2022-08-25,79.19999694824219,82.9000015258789,79.0,81.9000015258789,25212
2022-08-26,79.30000305175781,81.0,77.19999694824219,78.5,17866
2022-08-29,79.5999984741211,82.0,79.0,82.0,18080
2022-08-30,77.9000015258789,81.9000015258789,77.0,79.0,9931
2022-08-31,73.9000015258789,77.9000015258789,73.4000015258789,77.9000015258789,8882
2022-09-01,70.5,73.4000015258789,69.0,73.4000015258789,58898
2022-09-05,71.0,72.5999984741211,68.5,72.0,16603
2022-09-06,67.5999984741211,70.0,66.0,70.0,26136
2022-09-07,70.4000015258789,71.9000015258789,65.5999984741211,66.69999694824219,26291
2022-09-08,70.5999984741211,73.0,70.19999694824219,72.0,15197
2022-09-09,71.5,72.5,70.5999984741211,72.5,5590
2022-09-12,71.19999694824219,73.4000015258789,71.0,73.0,12141
2022-09-13,69.0999984741211,73.0,68.4000015258789,73.0,12746
2022-09-14,70.0999984741211,71.0,69.0,69.0,6528
2022-09-15,69.69999694824219,70.5,67.0,70.30000305175781,5817
2022-09-16,69.0,71.0,67.0,67.30000305175781,15830
2022-09-19,69.5999984741211,70.80000305175781,69.5,70.80000305175781,14944
2022-09-20,68.0999984741211,70.5999984741211,68.0,70.0,6405
2022-09-21,69.5,69.5,67.0999984741211,68.0,13507
2022-09-22,70.80000305175781,71.5,68.80000305175781,68.80000305175781,25118
2022-09-23,67.5999984741211,70.4000015258789,66.5,70.4000015258789,3547
2022-09-26,66.4000015258789,68.0,63.0,67.0,21010
2022-09-27,62.20000076293945,65.19999694824219,59.0,65.19999694824219,19827
2022-09-28,64.5,66.19999694824219,62.20000076293945,62.20000076293945,11405
2022-09-29,67.19999694824219,67.5999984741211,61.0,64.5999984741211,40436
2022-09-30,69.0,69.5,67.5,67.5,9825
2022-10-03,71.80000305175781,75.0,69.0,70.0,67152
2022-10-04,75.9000015258789,76.19999694824219,72.9000015258789,73.0,126385
2022-10-05,73.30000305175781,75.0999984741211,71.0999984741211,73.80000305175781,32517
2022-10-06,71.80000305175781,75.0,71.5,74.5,6816
2022-10-11,67.19999694824219,71.0999984741211,67.0,71.0999984741211,7103
2022-10-12,67.69999694824219,68.0,65.0999984741211,67.5,8775
2022-10-13,70.0,70.0,68.69999694824219,68.69999694824219,1497
2022-10-14,66.5999984741211,70.80000305175781,66.0,70.80000305175781,7506
2022-10-17,66.69999694824219,67.0,63.5,67.0,3103
2022-10-18,64.80000305175781,66.69999694824219,64.0,66.69999694824219,2079
2022-10-19,62.70000076293945,65.0,62.5,64.0,3504
2022-10-20,60.5,64.0,60.0,64.0,6722
2022-10-21,64.30000305175781,65.0,60.0,60.0,11849
2022-10-24,64.9000015258789,66.0,62.5,64.4000015258789,21755
2022-10-25,67.5,68.80000305175781,66.5,66.5,6113
2022-10-26,67.0999984741211,69.0,65.0999984741211,65.0999984741211,3264
2022-10-27,71.80000305175781,72.0,66.30000305175781,68.80000305175781,26291
2022-10-28,73.0,73.0,70.5,71.80000305175781,22876
2022-10-31,72.69999694824219,73.0,70.5,73.0,1867
2022-11-01,74.0,74.0,70.69999694824219,73.0,4389
2022-11-02,70.80000305175781,74.0,70.4000015258789,73.5,22467
2022-11-03,71.80000305175781,75.0,70.5999984741211,73.0,9850
2022-11-04,69.80000305175781,73.9000015258789,69.5,70.19999694824219,8952
2022-11-07,69.5,71.5,67.0,69.19999694824219,5120
2022-11-08,68.0,69.0,67.5,68.0999984741211,11501
2022-11-09,65.69999694824219,68.0,65.0,68.0,4239
2022-11-10,68.0,70.5,67.0,68.0,12949
2022-11-11,71.0,71.0,69.5,70.5999984741211,15058
2022-11-14,72.30000305175781,73.9000015258789,70.0,71.9000015258789,27809
2022-11-15,74.0,74.80000305175781,72.0,72.5,27526
2022-11-16,73.0,74.4000015258789,72.80000305175781,74.0,19873
2022-11-17,74.30000305175781,74.30000305175781,72.30000305175781,73.5,7097
2022-11-18,75.80000305175781,76.0,72.5,74.5,22764
2022-11-22,76.0,76.5,72.19999694824219,75.5,13787
2022-11-23,80.19999694824219,80.19999694824219,75.0,75.0,32018
2022-11-24,83.5,85.0,78.0,78.80000305175781,32518
2022-11-25,86.0,86.9000015258789,81.0,84.5999984741211,22612
2022-11-28,85.4000015258789,89.0,83.80000305175781,84.5999984741211,7350
2022-11-29,91.9000015258789,93.30000305175781,85.4000015258789,85.4000015258789,42680
2022-11-30,94.0,99.0,91.0,92.0999984741211,29142
2022-12-01,94.0,98.0,93.19999694824219,94.0,11866
2022-12-02,94.0,95.0999984741211,87.5,95.0,41043
2022-12-05,89.30000305175781,94.0,89.30000305175781,94.0,9758
2022-12-06,87.19999694824219,91.0,85.0,90.9000015258789,9652
2022-12-07,93.80000305175781,94.0,87.5,91.0,38786
2022-12-12,92.0,94.0,90.19999694824219,93.0,8835
2022-12-13,91.19999694824219,91.19999694824219,86.0,86.0,3796
2022-12-14,90.0,92.0,89.0,91.5999984741211,5009
2022-12-15,87.5999984741211,89.0,86.5,89.0,3971
2022-12-16,91.30000305175781,93.30000305175781,88.0,88.0,35583
2022-12-19,92.5,94.9000015258789,92.0,93.5,9279
2022-12-20,94.0,94.0,94.0,94.0,1063
2022-12-21,95.4000015258789,95.4000015258789,92.9000015258789,93.5,68423
2022-12-22,92.30000305175781,97.5,91.0,96.5,26245
2022-12-23,104.5,104.5,93.5999984741211,95.0,66291
2022-12-26,107.5,109.0,102.0,102.0,15135
2022-12-27,109.5,114.0,107.5,109.5,37796
2022-12-28,108.0,114.0,107.5,110.5,34571
2022-12-29,104.0,110.0,102.0,109.5,19823
2022-12-30,103.0,106.0,100.0,106.0,28206
2023-01-02,109.75,111.75,98.0,100.0,29214
2023-01-03,108.0,118.75,107.0,113.75,25580
2023-01-04,116.5,116.5,108.5,110.0,18871
2023-01-05,120.0,124.75,117.0,120.0,52081
2023-01-06,120.0,129.0,120.0,126.0,16827
2023-01-09,123.5,125.0,119.5,125.0,11737
2023-01-10,123.0,129.0,123.0,124.0,40423
2023-01-11,120.0,125.0,118.0,121.5,36848
2023-01-12,120.0,123.0,118.0,121.0,10722
2023-01-13,119.0,125.0,119.0,123.0,12593
2023-01-16,123.5,123.5,115.0,119.0,29830
2023-01-17,120.0,125.0,117.5,122.0,15694
2023-01-18,117.0,125.0,110.75,125.0,32259
2023-01-19,106.0,110.0,102.5,110.0,49419
2023-01-20,113.75,119.25,109.0,109.0,37209
2023-01-23,120.0,123.0,116.0,116.0,41800
2023-01-24,124.0,124.0,118.0,119.0,15861
2023-01-25,128.5,130.0,120.0,124.0,28866
2023-01-26,132.75,135.0,130.0,130.0,17819
2023-01-27,125.0,134.0,123.5,134.0,24518
2023-01-30,123.5,129.25,123.5,127.0,16587
2023-01-31,125.0,125.0,121.0,124.0,12585
2023-02-01,126.5,127.0,120.5,120.5,18803
2023-02-02,122.0,126.0,120.0,125.0,16200
2023-02-03,118.5,123.5,118.0,118.0,15411
2023-02-06,119.75,120.5,115.0,115.0,18740
2023-02-07,122.5,124.0,118.25,118.25,14913
2023-02-08,125.0,127.0,120.0,127.0,20565
2023-02-09,128.0,132.0,127.0,128.0,16834
2023-02-10,123.75,133.0,123.75,128.5,6328
2023-02-13,132.0,135.5,130.0,130.0,11409
2023-02-14,126.0,137.0,124.0,130.0,10133
2023-02-15,129.0,131.0,124.75,125.0,8035
2023-02-16,124.5,129.5,124.5,129.0,16318
2023-02-17,119.0,125.0,118.0,120.5,10279
2023-02-22,119.0,120.75,114.75,120.0,14368
2023-02-23,114.0,120.75,114.0,120.75,10906
2023-02-24,120.0,121.0,117.0,121.0,4050
2023-02-27,116.5,121.0,116.5,119.0,8659
2023-02-28,115.5,117.0,115.0,117.0,3577
2023-03-01,115.0,120.0,114.0,120.0,6527
2023-03-02,112.0,119.75,111.0,115.0,5094
2023-03-03,112.0,116.5,111.0,111.0,5395
2023-03-06,117.5,117.75,115.0,117.0,4744
2023-03-07,115.0,120.0,115.0,115.0,8761
2023-03-08,114.75,117.75,110.0,110.25,13233
2023-03-09,111.0,111.0,110.0,111.0,9195
2023-03-10,109.0,115.0,107.0,115.0,14101
2023-03-13,106.0,110.0,106.0,108.5,13308
2023-03-14,102.0,110.75,99.0,107.0,19205
2023-03-15,97.19999694824219,100.0,93.0,99.5,14742
2023-03-16,104.75,105.0,100.0,102.0,12090
2023-03-17,106.0,110.0,100.0,100.0,8086
2023-03-20,104.5,108.0,100.0,103.0,8924
2023-03-21,108.5,113.0,102.0,102.0,12234
2023-03-22,108.0,110.25,106.0,108.75,4454
2023-03-23,108.0,110.5,107.0,107.0,2206
2023-03-27,116.5,117.0,107.0,107.0,8143
2023-03-28,117.75,122.5,108.5,112.25,16127
2023-03-29,119.75,122.0,117.5,122.0,7868
2023-03-30,119.25,121.0,115.0,115.0,4391
2023-03-31,115.0,119.5,115.0,119.25,4771
2023-04-03,116.25,120.0,115.0,120.0,5743
2023-04-04,115.25,124.0,114.0,116.0,5247
2023-04-05,115.0,115.0,110.25,113.0,20211
2023-04-10,119.0,120.0,110.0,110.0,9383
2023-04-11,120.75,123.0,116.5,120.5,12297
2023-04-12,123.5,124.0,119.0,119.5,11580
2023-04-13,124.5,126.0,123.5,125.0,8822
2023-04-14,127.0,127.5,121.25,121.25,6939
2023-04-17,133.75,134.5,123.0,123.5,25487
2023-04-18,137.25,141.25,134.0,134.0,31570
2023-04-19,128.5,137.5,127.0,137.5,23538
2023-04-20,136.0,139.0,129.0,129.0,12212
2023-04-21,138.0,140.0,135.25,140.0,9653
2023-04-24,138.0,138.5,130.0,138.5,11797
2023-04-25,138.0,142.5,135.0,139.75,14181
2023-04-26,134.0,136.0,132.25,132.25,3677
2023-04-27,129.5,134.0,129.0,133.5,11496
2023-04-28,143.5,146.0,127.0,129.0,55830
2023-05-02,150.5,154.0,144.0,146.0,31710
2023-05-03,153.5,158.0,150.75,153.0,30815
2023-05-04,160.75,162.25,154.0,154.0,33234
2023-05-05,156.25,165.0,153.5,162.0,57544
2023-05-08,159.5,168.0,156.0,158.0,24685
2023-05-09,159.0,162.0,153.0,159.0,24207
2023-05-10,161.0,166.25,156.5,164.0,18236
2023-05-11,168.0,168.0,160.0,161.0,10799
2023-05-12,167.0,170.0,161.0,168.0,29298
2023-05-15,164.5,170.0,161.0,170.0,25558
2023-05-16,163.5,170.0,161.0,170.0,29273
2023-05-17,179.5,180.5,163.5,166.0,35375
2023-05-18,184.75,189.0,177.0,179.0,19601
2023-05-19,191.25,200.0,184.0,188.0,15644
2023-05-22,186.5,200.0,185.5,192.0,43016
2023-05-23,183.0,195.0,181.0,193.5,20227
2023-05-24,180.0,188.0,178.5,188.0,10238
2023-05-29,179.75,185.0,177.0,185.0,16595
2023-05-30,178.0,180.0,173.0,178.75,28286
2023-05-31,174.5,180.0,173.0,178.0,16760
2023-06-01,187.25,189.0,175.0,180.0,48504
2023-06-02,193.0,194.0,186.0,186.0,37646
2023-06-05,194.0,200.0,189.0,197.0,41604
2023-06-06,196.75,200.0,190.0,196.0,31159
2023-06-07,189.75,199.5,186.0,197.5,46760
2023-06-08,194.75,197.0,189.75,189.75,58061
2023-06-09,187.25,197.0,185.0,197.0,12848
2023-06-12,183.25,193.0,177.0,190.0,19267
2023-06-13,182.0,191.0,180.0,183.25,25628
2023-06-14,184.25,189.0,181.0,183.0,16018
2023-06-15,193.75,195.0,177.0,180.5,32517
2023-06-16,190.5,196.0,187.0,196.0,50447
2023-06-21,204.75,207.5,195.0,195.0,74990
2023-06-22,198.5,206.0,196.0,205.0,17214
2023-06-23,201.0,205.0,193.5,196.5,35120
2023-06-26,226.5,232.0,199.75,202.5,228375
2023-06-27,229.25,235.0,218.0,221.0,124446
2023-06-28,233.75,238.0,225.75,230.0,33606
2023-06-29,228.5,236.0,225.5,235.0,15430
2023-06-30,232.0,236.0,231.0,236.0,25596
2023-07-03,230.25,232.0,219.0,232.0,15935
2023-07-04,235.5,238.0,230.25,235.0,12352
2023-07-05,236.0,239.0,233.0,235.5,25354
2023-07-06,225.5,239.0,216.5,236.0,61766
2023-07-07,220.25,225.0,218.5,224.0,19361
2023-07-10,221.0,231.0,217.0,223.0,21423
2023-07-11,227.25,232.0,217.25,217.25,7444
2023-07-12,229.0,233.5,225.0,233.5,21807
2023-07-13,232.0,232.0,222.5,232.0,16018
2023-07-14,229.5,233.0,225.25,232.0,4919
2023-07-17,236.75,237.0,229.0,230.0,25681
2023-07-18,240.0,242.0,232.0,240.0,37043
2023-07-19,240.0,249.5,236.0,249.5,15346
2023-07-20,237.25,250.0,229.0,250.0,4357
2023-07-21,244.5,245.25,240.0,240.0,4836
2023-07-24,241.25,246.0,234.0,243.0,15113
2023-07-25,239.25,242.0,230.0,242.0,16381
2023-07-26,235.5,240.0,235.0,240.0,12154
2023-07-27,225.5,239.0,225.0,235.5,5602
2023-07-28,229.75,230.0,225.0,228.0,36794
2023-07-31,224.0,238.5,220.0,230.0,13773
2023-08-01,228.0,230.0,222.0,222.0,24869
2023-08-02,213.5,230.0,209.0,230.0,55815
2023-08-03,215.0,219.0,205.0,214.0,20379
2023-08-04,219.0,223.0,211.75,215.0,23576
2023-08-07,214.5,222.5,212.0,221.0,25862
2023-08-08,215.75,222.0,210.75,222.0,34437
2023-08-09,221.0,222.0,212.5,217.0,17699
2023-08-10,218.5,226.0,214.5,223.0,22250
2023-08-11,215.75,224.75,214.0,220.0,22561
2023-08-14,221.0,239.0,200.0,215.0,20061
2023-08-15,239.75,247.5,215.0,220.0,40829
2023-08-16,255.0,258.0,235.25,245.0,20152
2023-08-17,270.5,285.0,255.0,255.0,43227
2023-08-18,260.0,279.5,250.0,275.0,19300
2023-08-22,260.5,270.0,249.5,253.0,24630
2023-08-23,262.0,274.0,252.0,260.5,18946
2023-08-24,269.0,273.0,262.5,262.5,25955
2023-08-25,271.0,279.5,267.0,275.0,36863
2023-08-28,296.0,300.0,275.0,275.0,40918
2023-08-29,312.5,325.0,300.0,300.0,32418
2023-08-30,303.5,334.5,300.0,320.0,42367
2023-08-31,301.5,325.0,285.5,305.0,25106
2023-09-01,312.5,325.0,305.5,305.5,40239
2023-09-04,312.0,325.0,306.0,315.0,18817
2023-09-05,294.0,315.5,277.0,315.5,24951
2023-09-06,285.5,299.5,285.0,290.0,5435
2023-09-07,268.0,295.0,261.0,289.0,24830
2023-09-08,265.5,274.5,258.0,268.0,19631
2023-09-11,243.25,269.5,230.0,265.5,67776
2023-09-12,263.0,266.5,222.0,243.0,23816
2023-09-13,264.0,265.0,253.0,262.5,25129
2023-09-14,271.0,287.0,253.0,264.0,15559
2023-09-15,270.5,284.0,261.0,284.0,10513
2023-09-18,263.0,270.5,250.0,269.0,44482
2023-09-19,259.5,276.5,255.0,259.0,23281
2023-09-20,250.5,260.0,250.0,260.0,30976
2023-09-21,237.75,257.0,226.5,255.0,66010
2023-09-22,230.0,244.0,228.0,235.0,40068
2023-09-25,222.75,236.5,221.0,230.0,72612
2023-09-26,217.75,229.0,217.25,219.5,19012
2023-09-27,222.0,226.0,212.0,214.0,40387
2023-09-28,226.75,232.0,222.0,226.0,40559
2023-09-29,223.25,232.0,222.0,232.0,12005
2023-10-02,216.25,222.5,209.0,218.0,39890
2023-10-03,218.5,220.0,210.0,210.0,22551
2023-10-04,226.25,230.0,210.0,220.0,40612
2023-10-05,242.75,243.5,230.0,230.0,27398
2023-10-06,257.0,261.5,243.0,243.0,8874
2023-10-09,254.5,260.0,249.0,260.0,35088
2023-10-10,267.0,272.0,255.0,260.0,45787
2023-10-11,259.0,276.0,253.0,270.5,83736
2023-10-12,291.0,292.0,255.0,259.5,54621
2023-10-17,306.0,320.0,294.0,295.0,37144
2023-10-18,295.0,315.0,289.5,309.0,30206
2023-10-19,275.0,294.0,265.0,294.0,66637
2023-10-20,284.0,288.0,266.5,266.5,77047
2023-10-23,270.0,283.5,250.0,283.5,26030
2023-10-24,258.5,270.0,241.0,270.0,49190
2023-10-25,261.0,264.5,240.0,260.0,11724
2023-10-26,260.5,269.0,255.5,269.0,6644
2023-10-27,252.0,268.0,250.0,261.0,2548
2023-10-30,232.75,260.0,232.0,260.0,8564
2023-10-31,229.0,237.5,228.0,228.0,7436
2023-11-01,260.5,280.0,228.0,239.5,5307
2023-11-02,262.0,271.0,255.0,267.0,7389
2023-11-03,260.0,270.0,255.0,263.0,8957
2023-11-07,256.0,260.0,250.0,260.0,14139
2023-11-08,238.0,255.0,230.5,255.0,8938
2023-11-09,239.25,243.0,235.0,241.0,27640
2023-11-10,252.0,253.0,243.0,243.0,10502
2023-11-13,245.0,251.0,243.5,250.0,6486
2023-11-14,239.25,247.0,235.0,247.0,10475
2023-11-15,235.5,242.0,230.0,237.0,6661
2023-11-16,230.5,241.0,222.25,241.0,13040
2023-11-17,238.0,240.0,230.5,231.0,27517
2023-11-21,294.0,318.0,271.0,315.0,95572
2023-11-22,325.0,344.0,284.0,284.0,99009
2023-11-23,385.5,388.0,330.0,330.0,120665
2023-11-24,445.5,475.0,386.5,390.0,115763
2023-11-27,397.5,449.0,390.0,430.0,92263
2023-11-28,387.5,414.0,383.0,390.0,89488
2023-11-29,426.5,440.0,390.0,390.0,67600
2023-11-30,443.0,448.0,408.0,430.0,24441
2023-12-01,505.0,520.0,430.0,437.0,55394
2023-12-04,548.0,559.0,508.0,508.0,75512
2023-12-05,625.5,640.0,565.0,565.0,107493
2023-12-06,727.5,760.0,640.0,640.0,220811
2023-12-07,776.5,786.5,740.0,756.0,131141
2023-12-11,773.5,818.0,725.5,786.5,81502
2023-12-12,772.5,776.0,745.0,775.0,120609
2023-12-13,735.0,930.0,711.0,800.0,65440
2023-12-14,753.5,780.0,735.0,760.0,47184
2023-12-15,734.0,786.0,720.0,750.0,21220
2023-12-18,778.0,785.0,761.0,762.0,111017
2023-12-19,786.0,813.0,751.0,780.0,137122
2023-12-20,808.5,825.0,795.0,800.0,53784
2023-12-21,854.5,860.0,811.0,829.5,51395
2023-12-22,867.5,870.0,827.0,870.0,9622
2023-12-26,808.5,929.5,795.0,900.0,71420
2023-12-27,752.0,845.0,730.0,845.0,67148
2023-12-28,740.5,769.0,711.0,750.0,47220
2023-12-29,768.0,789.0,726.5,759.0,23287
2024-01-02,799.0,825.0,767.5,770.0,31926
2024-01-03,803.0,820.0,799.0,820.0,39724
2024-01-04,797.5,843.0,783.0,803.5,55002
2024-01-05,829.0,839.0,790.5,825.0,33485
2024-01-08,951.0,994.0,833.0,840.0,75631
2024-01-09,1049.0,1100.0,955.0,990.0,131619
2024-01-10,1118.0,1133.0,1060.0,1060.0,103188
2024-01-11,1146.5,1160.0,1114.0,1115.0,120572
2024-01-12,1293.0,1300.0,1145.0,1189.0,125777
2024-01-15,1313.0,1375.0,1195.0,1293.0,107247
2024-01-16,1226.0,1390.0,1161.0,1310.0,124021
2024-01-17,1179.0,1290.0,1165.0,1227.0,155989
2024-01-18,1174.0,1193.0,1150.5,1178.0,87001
2024-01-19,1161.0,1193.5,1140.0,1190.0,107700
2024-01-22,1218.5,1265.0,1161.5,1161.5,93359
2024-01-23,1170.0,1265.0,1142.0,1265.0,50484
2024-01-24,1164.5,1190.0,1100.0,1190.0,69947
2024-01-25,1148.5,1176.0,1140.0,1165.0,115723
2024-01-26,1097.0,1185.0,1070.0,1150.0,84199
2024-01-29,1109.0,1165.0,1050.0,1150.0,70015
2024-01-30,1106.0,1142.0,1060.0,1110.0,113968
2024-01-31,1109.0,1215.5,1098.5,1108.0,149275
2024-02-01,1113.0,1159.0,1100.0,1109.0,113337
2024-02-02,1149.5,1175.0,1113.5,1134.0,121696
2024-02-05,1160.0,1213.0,1100.0,1179.0,89300
2024-02-06,1086.5,1190.0,1050.5,1169.0,48182
2024-02-07,994.5,1049.0,932.0,1047.0,164035
2024-02-08,917.0,995.0,905.0,993.0,87233
2024-02-09,917.5,945.0,901.0,917.0,108112
2024-02-14,1012.5,1060.0,919.0,920.0,62016
2024-02-15,990.0,1098.0,960.0,1055.0,75347
2024-02-16,925.0,1025.5,883.5,995.0,98545
2024-02-19,900.5,935.5,883.0,899.0,48330
2024-02-20,868.0,910.0,862.0,900.5,45955
2024-02-21,801.0,885.0,790.5,871.0,101489
2024-02-22,834.0,860.0,789.0,803.0,198190
2024-02-23,836.5,890.0,810.0,859.0,87536
2024-02-26,791.5,869.0,788.0,830.0,116593
2024-02-27,733.5,800.0,705.0,800.0,114211
2024-02-28,710.0,759.5,701.0,719.0,119992
2024-02-29,726.5,780.0,700.0,713.0,80545
2024-03-01,778.0,793.5,709.5,728.0,345145
2024-03-04,807.5,880.0,775.0,794.0,210093
2024-03-05,758.5,859.0,751.0,817.0,70443
2024-03-06,716.5,783.5,705.0,770.0,111388
2024-03-07,684.5,739.0,663.5,739.0,112958
2024-03-08,698.5,714.5,667.5,691.0,54796
2024-03-11,660.5,715.0,656.0,715.0,61257
2024-03-12,773.5,780.0,656.0,660.5,136624
2024-03-13,804.5,835.0,782.0,782.0,179887
2024-03-14,761.5,810.0,751.0,810.0,74556
2024-03-15,814.0,848.0,720.0,751.0,306369
2024-03-18,884.0,898.0,820.0,820.0,167065
2024-03-19,871.0,936.0,856.5,920.0,167719
2024-03-20,903.5,914.0,871.0,872.0,205590
2024-03-21,900.5,939.5,881.5,895.0,188360
2024-03-22,892.5,900.0,865.0,900.0,62214
2024-03-25,834.5,916.0,825.0,901.0,103380
2024-03-26,826.5,841.0,801.0,840.0,132872
2024-03-27,885.5,920.0,850.5,856.0,352542
2024-04-03,909.5,931.0,900.0,900.0,499656
2024-04-04,925.0,953.0,910.0,910.0,387598
2024-04-05,945.5,977.0,926.0,947.0,333560
2024-04-08,940.0,966.0,915.0,960.0,288547
2024-04-09,891.5,951.0,878.5,951.0,441062
2024-04-10,843.5,895.0,820.0,891.5,415008
2024-04-11,841.0,863.5,816.0,844.0,49765
2024-04-12,826.5,859.0,807.0,859.0,297681
2024-04-15,767.5,831.0,759.0,820.0,143942
2024-04-16,766.5,780.0,710.0,761.0,910591
2024-04-17,737.0,788.0,728.0,776.0,300592
2024-04-18,730.0,773.0,727.0,760.0,186762
2024-04-19,770.5,799.0,717.0,735.0,284711
2024-04-22,812.5,820.0,771.0,771.0,439327
2024-04-23,766.0,827.0,760.0,815.0,800797
2024-04-24,737.5,770.5,722.0,766.0,444734
2024-04-25,745.5,758.0,719.5,720.0,438849
2024-04-26,745.5,762.0,730.0,746.0,187866
2024-04-29,737.5,772.0,727.0,758.0,601376
2024-04-30,757.5,766.0,730.0,755.0,1201370
2024-05-02,778.5,800.0,742.5,769.0,1496897
2024-05-03,884.5,895.0,785.0,800.0,2259876
2024-05-06,987.0,998.0,911.0,911.0,1582378
2024-05-07,991.0,1060.0,980.0,1000.0,1016002
2024-05-08,1009.5,1015.0,973.0,1001.0,634424
2024-05-09,1015.5,1033.0,965.0,1008.0,568188
2024-05-10,1072.0,1090.0,998.5,1020.0,739216
2024-05-13,1033.0,1099.0,1028.0,1090.0,362753
2024-05-14,1054.5,1079.5,1007.5,1033.0,244650
2024-05-15,1147.0,1157.5,1055.0,1075.0,576594
2024-05-16,1198.0,1219.0,1120.0,1147.0,526093
2024-05-17,1137.0,1200.0,1131.0,1200.0,391089
2024-05-20,1115.5,1126.5,1070.0,1110.0,554404
2024-05-21,1079.0,1149.5,1076.0,1125.0,571087
2024-05-22,1030.5,1085.0,1027.0,1085.0,515784
2024-05-23,1077.0,1079.5,1005.0,1030.0,919248
2024-05-24,1070.0,1070.0,1070.0,1070.0,114
2024-05-27,1078.0,1095.5,1051.5,1074.5,281332
2024-05-28,1111.5,1125.0,1066.0,1087.0,1373665
2024-05-29,1109.0,1180.0,1092.0,1130.0,567778
2024-05-30,1113.0,1170.0,1102.0,1130.0,621814
2024-05-31,1105.0,1139.0,1075.0,1114.0,369608
2024-06-03,1095.0,1114.5,1092.0,1105.0,270925
2024-06-04,1045.5,1093.0,1025.5,1091.0,280366
2024-06-05,1035.5,1070.0,990.0,1038.0,279900
2024-06-06,957.5,1060.0,954.0,1029.0,408729
2024-06-07,1001.5,1019.0,959.5,959.5,248420
2024-06-10,1036.0,1040.0,975.0,1005.0,245904
2024-06-11,1008.5,1079.5,1004.0,1050.0,282909
2024-06-12,1023.5,1040.0,1011.0,1011.0,212251
2024-06-13,1048.5,1089.0,1025.0,1080.0,263747
2024-06-14,1050.0,1067.5,1037.5,1049.0,224598
2024-06-18,1038.5,1070.0,1035.5,1070.0,93939
2024-06-19,1042.5,1064.0,996.5,1037.5,170021
2024-06-24,1019.5,1040.0,1003.0,1039.5,126316
2024-06-25,1019.5,1039.0,999.0,1019.0,263134
2024-06-26,1079.0,1139.0,1004.0,1020.0,261403
2024-06-27,1106.0,1130.0,1081.0,1083.0,436555
2024-06-28,1075.5,1130.0,1055.0,1120.0,301420
2024-07-01,1030.0,1075.0,1017.0,1074.0,237509
2024-07-02,1039.0,1053.0,990.0,1037.0,169900
2024-07-03,1033.5,1067.5,1025.0,1050.0,191510
2024-07-04,1027.5,1047.0,1023.0,1046.0,142550
2024-07-05,1030.5,1040.0,1016.0,1027.5,199038
2024-07-08,1091.5,1138.0,1044.0,1044.0,1363874
2024-07-10,1180.0,1215.0,1090.0,1120.0,2292230
2024-07-11,1180.0,1260.0,1140.0,1215.0,2099263
2024-07-12,1150.0,1190.0,1125.0,1185.0,1475570
2024-07-15,1000.0,1160.0,985.0,1160.0,1308617
2024-07-16,995.0,1020.0,901.0,1015.0,1994030
2024-07-17,971.0,1020.0,950.0,950.0,915035
2024-07-18,969.0,990.0,960.0,976.0,616421
2024-07-19,965.0,998.0,958.0,981.0,578911
2024-07-22,965.0,985.0,955.0,985.0,660935
2024-07-23,965.0,984.0,957.0,970.0,1522636
2024-07-24,937.0,979.0,935.0,975.0,701771
2024-07-25,905.0,945.0,896.0,945.0,1450839
2024-07-26,921.0,930.0,908.0,930.0,339566
2024-07-29,884.0,929.0,879.0,920.0,575777
2024-07-30,838.0,890.0,833.0,885.0,661791
2024-07-31,880.0,889.0,835.0,856.0,213556
2024-08-01,897.0,905.0,860.0,895.0,813166
2024-08-02,906.0,933.0,862.0,870.0,549577
2024-08-05,855.0,887.0,830.0,836.0,2039291
2024-08-06,907.0,915.0,865.0,868.0,1625963
2024-08-07,922.0,938.0,896.0,929.0,1656677
2024-08-08,936.0,960.0,925.0,932.0,2259849
2024-08-09,916.0,949.0,901.0,945.0,2068501
2024-08-12,953.0,978.0,914.0,940.0,2045618
2024-08-13,1045.0,1060.0,980.0,983.0,3774201
2024-08-14,1045.0,1105.0,1005.0,1060.0,2724489
2024-08-15,1045.0,1075.0,1025.0,1060.0,1314509
2024-08-16,1025.0,1070.0,1015.0,1045.0,857015
2024-08-19,1085.0,1095.0,999.0,1025.0,2125436
2024-08-20,1115.0,1130.0,1050.0,1085.0,1827068
2024-08-21,1065.0,1135.0,1060.0,1100.0,1183291
2024-08-22,1015.0,1070.0,1010.0,1070.0,1003007
2024-08-23,1020.0,1045.0,1000.0,1025.0,2409615
2024-08-26,1010.0,1035.0,1005.0,1020.0,642350
2024-08-27,1005.0,1020.0,997.0,1020.0,550290
2024-08-28,1040.0,1045.0,991.0,991.0,1323375
2024-08-29,1075.0,1085.0,1030.0,1045.0,1070801
2024-08-30,1120.0,1160.0,1095.0,1105.0,1572257
2024-09-02,1155.0,1170.0,1125.0,1130.0,1119101
2024-09-03,1110.0,1150.0,1105.0,1145.0,907992
2024-09-04,1155.0,1165.0,1115.0,1115.0,955471
2024-09-05,1170.0,1200.0,1125.0,1170.0,1076107
2024-09-06,1130.0,1195.0,1125.0,1170.0,706891
2024-09-09,1200.0,1210.0,1130.0,1130.0,1134261
2024-09-10,1250.0,1255.0,1180.0,1205.0,2192656
2024-09-11,1260.0,1295.0,1240.0,1255.0,1198574
2024-09-12,1275.0,1295.0,1225.0,1280.0,1037168
2024-09-13,1240.0,1295.0,1225.0,1280.0,1738798
2024-09-16,1215.0,1265.0,1200.0,1245.0,1415425
2024-09-17,1220.0,1225.0,1185.0,1215.0,1125918
2024-09-18,1220.0,1235.0,1195.0,1225.0,740884
2024-09-19,1215.0,1240.0,1200.0,1235.0,539587
2024-09-20,1170.0,1225.0,1165.0,1225.0,784811
2024-09-23,1155.0,1180.0,1120.0,1180.0,1283868
2024-09-24,1160.0,1185.0,1140.0,1155.0,865494
2024-09-25,1145.0,1185.0,1130.0,1150.0,812822
2024-09-26,1115.0,1155.0,1110.0,1140.0,912798
2024-09-27,1115.0,1145.0,1110.0,1125.0,596643
2024-09-30,1070.0,1120.0,1055.0,1110.0,2565981
2024-10-01,1080.0,1100.0,1050.0,1060.0,3621678
2024-10-02,1075.0,1090.0,1075.0,1090.0,550649
2024-10-03,1080.0,1090.0,1075.0,1090.0,1550239
2024-10-04,1140.0,1145.0,1075.0,1075.0,3448715
2024-10-07,1150.0,1180.0,1130.0,1140.0,629838
2024-10-08,1155.0,1175.0,1145.0,1160.0,701002
2024-10-09,1185.0,1200.0,1140.0,1155.0,2390877
2024-10-10,1215.0,1225.0,1185.0,1200.0,1622854
2024-10-14,1215.0,1240.0,1200.0,1215.0,370991
2024-10-15,1195.0,1210.0,1185.0,1210.0,2622596
2024-10-16,1140.0,1210.0,1125.0,1195.0,1545519
2024-10-17,1165.0,1185.0,1130.0,1155.0,1156318
2024-10-18,1170.0,1185.0,1150.0,1165.0,286005
2024-10-21,1195.0,1205.0,1160.0,1170.0,454005
2024-10-22,1210.0,1220.0,1190.0,1210.0,753522
2024-10-23,1215.0,1230.0,1195.0,1215.0,838032
2024-10-24,1245.0,1250.0,1215.0,1240.0,1204305
2024-10-25,1250.0,1280.0,1245.0,1255.0,1081261
2024-10-28,1300.0,1320.0,1250.0,1250.0,1266193
2024-10-29,1400.0,1415.0,1310.0,1315.0,4050304
2024-10-30,1385.0,1480.0,1375.0,1445.0,2307736
2024-10-31,1450.0,1475.0,1355.0,1395.0,1906575
2024-11-01,1490.0,1525.0,1465.0,1470.0,1379306
2024-11-04,1550.0,1565.0,1490.0,1500.0,1161934
2024-11-05,1635.0,1735.0,1505.0,1585.0,3455694
2024-11-06,1605.0,1740.0,1580.0,1730.0,1766848
2024-11-07,1695.0,1725.0,1560.0,1620.0,2509061
2024-11-08,1650.0,1760.0,1590.0,1740.0,1619913
2024-11-11,1710.0,1720.0,1605.0,1655.0,1099617
2024-11-12,1745.0,1750.0,1695.0,1730.0,1119459
2024-11-13,1805.0,1840.0,1755.0,1770.0,1222745
2024-11-14,1835.0,1885.0,1820.0,1820.0,1312946
2024-11-15,1855.0,1875.0,1765.0,1840.0,2861365
2024-11-19,1930.0,1970.0,1905.0,1935.0,1672041
2024-11-20,2015.0,2030.0,1895.0,1960.0,2582568
2024-11-21,2045.0,2075.0,2010.0,2050.0,1997670
2024-11-22,2165.0,2170.0,2020.0,2075.0,1259665
2024-11-25,2190.0,2290.0,2120.0,2165.0,2226421
2024-11-26,2210.0,2245.0,2135.0,2225.0,1221375
2024-11-27,2200.0,2230.0,2165.0,2210.0,1973264
2024-11-28,2215.0,2230.0,2190.0,2215.0,558363
2024-11-29,2295.0,2300.0,2225.0,2245.0,1205750
2024-12-02,2510.0,2515.0,2290.0,2290.0,2029130
2024-12-03,2770.0,2790.0,2560.0,2560.0,3329107
2024-12-04,2700.0,2895.0,2520.0,2835.0,5144728
2024-12-05,2590.0,2750.0,2405.0,2745.0,4877797
2024-12-06,2525.0,2650.0,2470.0,2625.0,1687915
2024-12-09,2625.0,2680.0,2470.0,2470.0,1125466
2024-12-10,2700.0,2720.0,2625.0,2680.0,1453634
2024-12-11,2885.0,2900.0,2715.0,2750.0,1534838
2024-12-12,2865.0,2955.0,2830.0,2885.0,1270654
2024-12-13,2910.0,2930.0,2810.0,2855.0,1471871
2024-12-16,2995.0,3020.0,2930.0,2965.0,1416427
2024-12-17,3000.0,3050.0,2850.0,3050.0,1581978
2024-12-18,2900.0,3015.0,2825.0,2990.0,1198400
2024-12-19,2765.0,2935.0,2690.0,2935.0,2067844
2024-12-20,2740.0,2780.0,2650.0,2750.0,1284841
2024-12-23,2975.0,2995.0,2680.0,2725.0,1362736
2024-12-24,3050.0,3080.0,2940.0,2975.0,578079
2024-12-26,3000.0,3045.0,2965.0,2995.0,1394211
2024-12-27,2895.0,3035.0,2875.0,3035.0,809293
2024-12-30,2785.0,2910.0,2765.0,2895.0,878718
2025-01-02,2855.0,2965.0,2795.0,2795.0,985951
2025-01-03,2820.0,2915.0,2715.0,2870.0,2198424
2025-01-06,2845.0,2890.0,2820.0,2830.0,1026687
2025-01-07,2820.0,2880.0,2790.0,2870.0,952415
2025-01-08,2855.0,2870.0,2730.0,2850.0,673358
2025-01-09,2920.0,2935.0,2820.0,2870.0,608359
2025-01-10,2920.0,2950.0,2820.0,2950.0,674832
2025-01-13,2825.0,2915.0,2810.0,2915.0,852376
2025-01-14,2855.0,2950.0,2790.0,2825.0,420379
2025-01-15,2750.0,2895.0,2705.0,2855.0,910541
2025-01-16,2610.0,2770.0,2590.0,2755.0,1268852
2025-01-17,2430.0,2645.0,2410.0,2625.0,1300923
2025-01-20,2545.0,2570.0,2450.0,2450.0,803192
2025-01-21,2575.0,2625.0,2425.0,2585.0,485748
2025-01-22,2735.0,2750.0,2580.0,2600.0,394062
2025-01-23,2680.0,2775.0,2650.0,2730.0,525017
2025-01-24,2670.0,2705.0,2425.0,2660.0,388824
2025-01-27,2560.0,2670.0,2510.0,2670.0,456183
2025-01-28,2500.0,2645.0,2435.0,2600.0,742390
2025-01-29,2585.0,2620.0,2485.0,2490.0,394792
2025-01-30,2610.0,2700.0,2600.0,2600.0,653783
2025-01-31,2495.0,2645.0,2485.0,2600.0,448241
2025-02-03,2400.0,2465.0,2350.0,2410.0,374270
2025-02-04,2395.0,2445.0,2360.0,2380.0,858217
2025-02-05,2360.0,2400.0,2325.0,2400.0,829197
2025-02-06,2275.0,2430.0,2250.0,2380.0,589386
2025-02-07,2230.0,2310.0,2190.0,2280.0,631431
2025-02-10,2210.0,2290.0,2165.0,2225.0,649762
2025-02-11,2150.0,2270.0,2060.0,2180.0,1604342
2025-02-12,2230.0,2325.0,2080.0,2165.0,1370589
2025-02-13,2420.0,2440.0,2240.0,2315.0,855014
2025-02-14,2530.0,2550.0,2360.0,2450.0,1244938
2025-02-17,2355.0,2470.0,2335.0,2440.0,924668
2025-02-18,2460.0,2470.0,2330.0,2340.0,1551975
2025-02-19,2515.0,2550.0,2425.0,2485.0,484906
2025-02-20,2460.0,2545.0,2430.0,2500.0,414619
2025-02-21,2410.0,2535.0,2400.0,2460.0,640517
2025-02-24,2335.0,2480.0,2325.0,2410.0,327599
2025-02-25,2240.0,2355.0,2185.0,2305.0,1284224
2025-02-26,2180.0,2290.0,2125.0,2240.0,644212
2025-02-27,2060.0,2220.0,2050.0,2200.0,521298
2025-02-28,2115.0,2140.0,1985.0,2070.0,808957
2025-03-05,2375.0,2395.0,2040.0,2115.0,492138
2025-03-06,2245.0,2370.0,2220.0,2370.0,752584
2025-03-07,2255.0,2330.0,2155.0,2290.0,333394
2025-03-10,2075.0,2230.0,1995.0,2200.0,597361
2025-03-11,2030.0,2200.0,1995.0,2100.0,877935
2025-03-12,2105.0,2170.0,2030.0,2055.0,681964
2025-03-13,2050.0,2150.0,2040.0,2105.0,583266
2025-03-14,2115.0,2135.0,2070.0,2070.0,895698
2025-03-17,2095.0,2135.0,2080.0,2135.0,666831
2025-03-18,1975.0,2075.0,1965.0,2075.0,1100135
2025-03-19,2055.0,2065.0,1995.0,2025.0,588634
2025-03-20,2065.0,2090.0,2040.0,2075.0,384719
2025-03-21,2160.0,2175.0,2035.0,2050.0,465761
2025-03-25,2170.0,2235.0,2160.0,2165.0,873123
2025-03-26,2125.0,2230.0,2120.0,2200.0,606321
2025-03-27,2190.0,2230.0,2125.0,2140.0,668194
2025-03-28,2120.0,2240.0,2110.0,2175.0,365402
2025-03-31,2105.0,2120.0,2000.0,2090.0,389744
2025-04-01,2095.0,2185.0,2080.0,2110.0,411581
2025-04-03,2005.0,2090.0,2000.0,2090.0,229191
2025-04-04,1830.0,1940.0,1760.0,1940.0,761787
2025-04-07,1640.0,1880.0,1625.0,1760.0,1587500
2025-04-08,1440.0,1725.0,1425.0,1710.0,2619521
2025-04-09,1610.0,1685.0,1330.0,1475.0,3608350
2025-04-10,1525.0,1595.0,1465.0,1550.0,1089317
2025-04-11,1745.0,1775.0,1560.0,1595.0,1129420
2025-04-14,2085.0,2105.0,1805.0,2050.0,1873055
2025-04-15,2070.0,2145.0,2015.0,2120.0,1482575
