Price,('Close', 'MIRG.BA'),('High', 'MIRG.BA'),('Low', 'MIRG.BA'),('Open', 'MIRG.BA'),('Volume', 'MIRG.BA')
Ticker,MIRG.BA,MIRG.BA,MIRG.BA,MIRG.BA,MIRG.BA
Date,,,,,
2020-04-17,465.1855163574219,473.5539330537988,448.9409427703373,463.7087369404142,6671
2020-04-20,486.3526916503906,489.3062505065671,448.94094613882214,469.1235983226946,12193
2020-04-21,477.49200439453125,492.2597983448776,467.15454862928885,492.2597983448776,5207
2020-04-22,486.3526916503906,492.25980936274357,476.50749546313574,477.49201508186127,6775
2020-04-23,467.6468811035156,491.7676149709601,458.7862033562911,491.7676149709601,7871
2020-04-24,477.49200439453125,477.49200439453125,443.5260783087347,462.72421044418496,11087
2020-04-27,571.0213623046875,571.0213623046875,474.53844246699896,477.4920012375404,55988
2020-04-28,619.2628784179688,624.1854768155679,576.9285321986164,576.9285321986164,50017
2020-04-29,620.2474365234375,640.9223510742188,580.8666469029018,620.2474365234375,20097
2020-04-30,664.55078125,664.55078125,603.0183015046297,620.2473958333334,48278
2020-05-04,650.2752075195312,679.3185362429623,631.0770749735345,669.473340065528,20359
2020-05-05,667.5043334960938,672.426931825711,635.0151845206201,657.6591368368593,13830
2020-05-06,662.5817260742188,671.4424029459393,639.9377740687105,667.5043243362858,14359
2020-05-07,678.3340454101562,684.2411633672839,654.7055735816457,664.5507701768585,16820
2020-05-08,663.5662231445312,689.16373323616,649.782948479808,677.3494978092544,12660
2020-05-11,673.411376953125,677.349455180921,644.8603098016036,669.473298725329,13867
2020-05-12,696.0553588867188,703.9315157058046,673.4114080318467,673.4114080318467,28308
2020-05-13,669.473388671875,708.8541762408088,659.6281917796415,707.8696565515854,6204
2020-05-14,686.2100830078125,689.1636414712607,640.9221865682725,664.5506542758586,13932
2020-05-15,687.1947021484375,694.0863395625336,680.795324549634,689.1637414096078,9213
2020-05-18,703.9315185546875,708.8541165865385,691.132763671875,700.977959735577,13190
2020-05-19,758.0801391601562,764.971776788885,679.3185662603998,701.9625184690798,37411
2020-05-20,753.1575927734375,775.8015465430964,751.1885533152063,758.0801914190156,15306
2020-05-21,766.9408569335938,774.3247547859711,757.5879196539157,759.0646992243912,28931
2020-05-22,774.81689453125,777.278193433827,755.1265033106337,766.9407380430034,9017
2020-05-26,763.0027465820312,785.6466990612399,759.064667889995,775.8015023311492,15053
2020-05-27,727.5599975585938,776.785978448891,713.7767229093105,763.0027037996078,10060
2020-05-28,708.3619384765625,726.5755532949314,689.1638039382818,726.5755532949314,17970
2020-05-29,718.6993408203125,722.6374194001498,691.1327907614512,696.0553889862479,7785
2020-06-01,754.1420288085938,754.1420288085938,718.6993224938295,718.6993224938295,10155
2020-06-02,760.0491333007812,777.2782263484025,754.1420156844539,754.1420156844539,32340
2020-06-03,784.6622314453125,785.6467511836379,760.0492379871786,760.0492379871786,19439
2020-06-04,795.9840698242188,804.352486142717,787.6156535057205,797.460849174542,26097
2020-06-05,827.98095703125,830.9345157364744,804.8447471736586,804.8447471736586,25338
2020-06-08,856.5320434570312,871.2998373097387,832.9035732926994,832.9035732926994,32363
2020-06-09,803.367919921875,856.0397136912626,798.4453223733341,845.7022588393268,25398
2020-06-10,831.9190673828125,843.7333026592548,792.0460233248198,803.3679987980769,12599
2020-06-11,786.6310424804688,828.4731192081532,757.0954589079855,828.4731192081532,14575
2020-06-12,811.7364501953125,825.0274654501782,753.1575311090528,793.522836697904,11223
2020-06-16,816.1666870117188,829.9499603750047,807.3060112781777,817.1512065376677,7916
2020-06-17,801.39892578125,826.0119149022958,784.6620931789389,826.0119149022958,4633
2020-06-18,757.5879516601562,777.7706066426556,718.6994213280235,772.8480078664362,12550
2020-06-19,806.321533203125,806.8137929914053,769.4020490821028,769.4020490821028,12027
2020-06-22,818.6281127929688,822.0739316682248,788.600262594309,809.2751758458452,13210
2020-06-23,858.5010986328125,872.2843731521466,820.1048339003817,820.1048339003817,43203
2020-06-24,902.804443359375,905.7580020617503,851.6094258515369,861.4546215261212,50308
2020-06-25,928.894287109375,943.1698219934088,905.7580754007685,905.7580754007685,22633
2020-06-26,897.3896484375,933.3246151604499,876.2224762582282,925.4484580704882,17891
2020-06-29,919.049072265625,937.2626853742635,905.7580572944563,906.2503171082033,21202
2020-06-30,900.83544921875,932.8323367593067,870.8076009114583,930.3710377177254,25596
2020-07-01,918.556640625,923.4792378416398,890.9900962118166,905.7578878617363,11226
2020-07-02,913.6343994140625,929.8789765588169,896.4053024423534,922.4950778566558,12604
2020-07-03,909.6961669921875,922.494922588398,895.9128917347301,915.6032849596693,14622
2020-07-06,936.7703857421875,954.983998076639,915.6032146507981,915.6032146507981,37609
2020-07-07,902.804443359375,936.2781086529614,895.912806387166,935.293589085503,25398
2020-07-08,898.3740844726562,930.3709696730523,895.9127856110873,903.7889419681079,15924
2020-07-13,877.20703125,911.1729600694445,867.8540943287037,899.8509837962963,19723
2020-07-14,874.2533569335938,897.8818260399071,823.5506003096297,886.0675914867504,54868
2020-07-15,888.03662109375,892.9592187716532,875.2378671312015,886.0675820225887,18415
2020-07-16,895.420654296875,910.6807094278278,871.299921993111,886.0677172811297,14312
2020-07-17,901.3276977539062,910.1883741927759,890.0057223042395,905.7580359733411,7119
2020-07-20,894.9282836914062,904.2812195495673,879.1759706671352,904.2812195495673,6396
2020-07-21,907.23486328125,924.9562170946656,895.91288723379,896.8974068900909,12656
2020-07-22,919.5413208007812,923.4793992624549,897.8818892615766,915.6032423391077,12577
2020-07-23,921.5104370117188,926.4330355000292,903.789082453801,925.4485158023671,20316
2020-07-24,963.352294921875,964.829074116952,894.43593248495,923.4792566547969,34773
2020-07-27,993.8724975585938,1033.7455398083441,958.9220531174545,959.9065726791767,41703
2020-07-28,1029.8074951171875,1031.776534304792,995.3493093341076,995.3493093341076,20996
2020-07-29,1044.575439453125,1053.4361170733682,1005.1946500298216,1033.7457223617166,15995
2020-07-30,1042.114013671875,1043.5907930960675,1003.2254888348045,1004.210008450933,13099
2020-07-31,1039.160400390625,1051.4668949475958,1019.4700090994716,1039.6526601729038,13689
2020-08-03,1102.1697998046875,1112.507256613932,999.2874915603018,1041.6218384933982,25233
2020-08-04,1117.4298095703125,1176.5009889308576,1105.6155736982034,1107.5846130102216,28434
2020-08-05,1106.6002197265625,1146.9655302326025,1087.8943441262024,1130.2286941691225,15167
2020-08-06,1104.1387939453125,1126.2904862001226,1065.2502675424237,1107.5846127405052,10168
2020-08-07,1126.2904052734375,1131.7052629910982,1063.2811518315668,1110.5380919129698,12640
2020-08-10,1134.1666259765625,1160.7486562728882,1087.8942028681436,1132.197586695353,23516
2020-08-11,1098.7236328125,1142.042485719086,1094.7855552755377,1142.042485719086,15782
2020-08-12,1096.7547607421875,1117.429670953665,1069.6804735604908,1112.5070732842657,13222
2020-08-13,1118.906494140625,1131.212988796813,1104.6309603394468,1131.212988796813,10461
2020-08-14,1105.615478515625,1131.7052471537943,1075.0953718068233,1112.5071155143867,18548
2020-08-18,1070.1729736328125,1131.705458317312,1048.5135390238688,1122.352520645268,8112
2020-08-19,1093.80126953125,1113.4916614220015,1053.4359661552094,1053.4359661552094,10787
2020-08-20,1092.816650390625,1097.739247914907,1063.2810652449325,1097.739247914907,3641
2020-08-21,1101.67724609375,1112.5069598623213,1093.8010906256982,1112.5069598623213,8600
2020-08-24,1100.20068359375,1121.860115396043,1056.3895601754755,1100.6929434074384,7302
2020-08-25,1094.7857666015625,1119.3987559586121,1005.1944853419022,1119.3987559586121,12224
2020-08-26,1095.2779541015625,1100.6928114027387,1038.668082316538,1092.8166553283006,4285
2020-08-27,1079.525634765625,1102.6618430802555,1053.435867942744,1082.9714530252509,9165
2020-08-28,1161.2410888671875,1161.7333487607302,1049.005833139456,1079.5259465391023,24867
2020-08-31,1210.4669189453125,1229.6650522673406,1132.68986599966,1181.4235890478853,36933
2020-09-01,1216.8662109375,1227.6959264070085,1202.5906769095116,1210.959093408677,12087
2020-09-02,1199.6373291015625,1220.804503968763,1162.71783805412,1220.804503968763,10066
2020-09-03,1185.361572265625,1210.9590813012614,1169.1169992237787,1210.9590813012614,7382
2020-09-04,1186.8382568359375,1201.113789580957,1134.1664636043135,1201.113789580957,5607
2020-09-07,1174.0394287109375,1228.6802574685535,1146.9651441913982,1228.6802574685535,30234
2020-09-08,1146.96533203125,1166.6557239974518,1138.1046556464592,1166.6557239974518,9633
2020-09-09,1162.7177734375,1171.5784507964647,1135.1512216540536,1142.0428595999153,17522
2020-09-10,1200.62158203125,1208.0054785997079,1181.4234509532594,1196.1912440901751,26968
2020-09-11,1202.5908203125,1216.8663560427751,1191.7611035516015,1216.8663560427751,8524
2020-09-14,1189.7919921875,1216.8662824524204,1177.4854966125363,1216.8662824524204,3846
2020-09-15,1173.54736328125,1186.3461180821362,1142.0427360790688,1186.3461180821362,5750
2020-09-16,1095.770263671875,1161.7330737940813,1049.4978446309244,1161.7330737940813,16927
2020-09-17,1043.0986328125,1139.0893045437117,1023.9004984662577,1102.6620752713545,22132
2020-09-18,1112.507080078125,1127.2748731765073,1014.0551260889104,1043.5907122856747,21455
2020-09-21,1112.0147705078125,1112.5070302557133,1045.5597045412103,1106.1076535330035,15563
2020-09-22,1104.6309814453125,1130.228490819268,1100.6929030800886,1113.4916577670663,5237
2020-09-23,1121.8602294921875,1125.3060485384558,1056.389667613091,1104.6311342608465,7532
2020-09-24,1133.67431640625,1137.1201349971504,1073.126361166142,1073.126361166142,6932
2020-09-25,1139.08935546875,1148.9345530095343,1112.5073221086323,1134.1667566983579,2557
2020-09-28,1153.8570556640625,1180.9313466459412,1141.5505597632086,1180.9313466459412,2254
2020-09-29,1140.073486328125,1153.3644984744374,1116.9372799993591,1153.3644984744374,4091
2020-09-30,1111.0303955078125,1166.6557542549913,1074.1109096136672,1141.0582440350506,12305
2020-10-01,1126.2904052734375,1144.996277388993,1097.7393373075897,1115.460689838116,8066
2020-10-02,1115.9530029296875,1132.197576858527,1092.8167915764914,1122.3523805380182,7777
2020-10-05,1116.4454345703125,1140.5661692678193,1097.73955868245,1115.4609147867407,5350
2020-10-06,1097.739501953125,1126.7828340675799,1092.816903289658,1106.6001795473655,13330
2020-10-07,1075.0953369140625,1102.661884014423,1053.4359070494934,1092.8166886214372,15760
2020-10-08,1082.9718017578125,1107.5847972523081,1068.204004461115,1078.0492026589134,5114
2020-10-09,1046.54443359375,1083.9561819254175,1038.668276050241,1082.9716622324788,14016
2020-10-13,1033.7454833984375,1069.188185686384,1004.2098981584822,1033.7454833984375,66697
2020-10-14,1072.6341552734375,1078.0490133312658,1011.1016773435707,1043.0985658671016,17609
2020-10-15,1063.28125,1082.9716435185185,1053.4360532407406,1082.9716435185185,8988
2020-10-16,1095.2779541015625,1102.6618504213484,1023.9002896769663,1063.2810700491573,24151
2020-10-19,1125.305908203125,1137.1201434598509,1096.754839666038,1096.754839666038,19583
2020-10-20,1188.807373046875,1191.2686719558747,1122.352302503882,1133.1820177034808,20297
2020-10-21,1200.62158203125,1214.897115396935,1183.3924900381817,1191.26864637787,24375
2020-10-22,1265.10791015625,1278.8911869984192,1211.9438423364543,1211.9438423364543,38941
2020-10-23,1274.953125,1319.2565154440153,1230.6497345559847,1299.5661196911196,54210
2020-10-26,1214.4049072265625,1299.5658512679875,1186.3460990741855,1279.8754595821088,22802
2020-10-27,1186.34619140625,1265.107764279694,1146.965404969528,1221.7888991992997,18966
2020-10-28,1122.8446044921875,1180.9312609279955,1112.9994084861182,1161.7331287161605,24645
2020-10-29,1139.08935546875,1180.9314450170834,1098.7240455515341,1180.9314450170834,11728
2020-10-30,1138.1046142578125,1175.5163576330692,1117.4297034451706,1139.0891338203191,6005
2020-11-02,1219.32763671875,1220.8044162545418,1137.120242559674,1138.104762250202,16469
2020-11-03,1252.3089599609375,1278.890989771429,1230.6495282634999,1230.6495282634999,14128
2020-11-04,1238.5257568359375,1277.9065440167303,1210.9592058093824,1255.2625913877744,9968
2020-11-05,1240.0025634765625,1255.2626188428878,1196.191436779693,1240.494823327089,6965
2020-11-06,1237.048828125,1259.69277802303,1220.8042553720652,1226.7113727367687,2422
2020-11-09,1244.432861328125,1309.4111594670935,1210.9591925898685,1260.185176028481,6620
2020-11-10,1248.370849609375,1279.8754767288544,1210.959104904993,1260.1850847791798,11244
2020-11-11,1244.432861328125,1260.185176028481,1225.7269876214523,1260.185176028481,11364
2020-11-12,1252.3089599609375,1270.030313167932,1225.726930150446,1243.4482833574402,6179
2020-11-13,1288.736083984375,1298.5812794311616,1231.6339503930124,1245.4172240185135,16412
2020-11-16,1298.089111328125,1314.333684962493,1278.8909788511446,1288.7361749931858,8276
2020-11-17,1276.4295654296875,1299.5657742901562,1260.1849932510604,1299.5657742901562,4863
2020-11-18,1267.0770263671875,1289.7209825493517,1259.2008676951305,1262.1544271971518,3977
2020-11-19,1278.398681640625,1279.383201226024,1230.6494817487726,1278.8909414333245,7625
2020-11-20,1273.4759521484375,1277.9062898250265,1241.4790689286274,1277.9062898250265,8672
2020-11-24,1265.60009765625,1297.5969884954784,1260.1852392065343,1279.8756335691364,9399
2020-11-25,1251.3243408203125,1279.8754076053551,1250.3398212760007,1265.107614440678,6624
2020-11-26,1236.556640625,1267.0767487932922,1195.2068166550557,1267.0767487932922,3782
2020-11-27,1291.6895751953125,1309.4109260745165,1229.6648471180986,1231.6338861046768,6125
2020-11-30,1281.352294921875,1318.2717809453634,1265.10772107154,1299.565908026796,2467
2020-12-01,1298.5814208984375,1309.4111370696905,1277.9065082078635,1285.7826654233204,5485
2020-12-02,1327.624755859375,1348.7919284592833,1281.8445918642242,1304.4885439478471,8074
2020-12-03,1332.5472412109375,1353.7144120170217,1328.1169031352454,1328.1169031352454,5404
2020-12-04,1327.1324462890625,1377.3429468534111,1310.8878725770671,1377.3429468534111,9560
2020-12-09,1356.6680908203125,1402.9405148178123,1343.869335246536,1343.869335246536,14630
2020-12-10,1379.8043212890625,1402.9405335975127,1357.6526286533124,1373.4049434165124,9132
2020-12-11,1362.082763671875,1397.0332068307846,1338.9465548202024,1378.327335844326,8441
2020-12-14,1358.1448974609375,1394.0798657518576,1353.7145589045226,1360.6061966589457,3846
2020-12-15,1395.5565185546875,1400.9713762986387,1353.714435987792,1353.714435987792,18211
2020-12-16,1424.599853515625,1441.3366866253457,1401.9559028377678,1402.9404224324574,13667
2020-12-17,1449.7049560546875,1462.0114497393624,1385.2189291469917,1424.599708937951,10543
2020-12-18,1462.0115966796875,1476.287130788681,1449.7051017581412,1451.1818811487267,14502
2020-12-21,1456.5968017578125,1491.5472488429104,1418.2005359460147,1452.1664633949129,13123
2020-12-22,1471.8568115234375,1471.8568115234375,1437.3986253004807,1457.0890174278845,13186
2020-12-23,1520.5906982421875,1525.0210369550978,1471.856972400175,1471.856972400175,5491
2020-12-28,1544.218994140625,1553.5719303499561,1526.0053815224537,1535.850577532276,19386
2020-12-29,1548.6492919921875,1581.1384379780377,1520.0982243076526,1581.1384379780377,7801
2020-12-30,1571.2933349609375,1585.076609829016,1527.482211273117,1551.602942292254,13759
2021-01-04,1562.925048828125,1585.076742433563,1512.7145433224655,1565.3863481176181,7807
2021-01-05,1547.6650390625,1575.2315919211196,1536.8353218680422,1575.2315919211196,12381
2021-01-06,1550.618408203125,1569.324281063988,1526.0054175967261,1548.6493689546132,4558
2021-01-07,1546.1881103515625,1570.308841776977,1530.9280557763004,1550.6184487766386,10252
2021-01-08,1563.9091796875,1565.3859588940038,1526.0051800539031,1554.5562447129762,8251
2021-01-11,1555.048583984375,1560.463441351842,1526.9897776256826,1542.7420899674046,3640
2021-01-12,1534.3739013671875,1572.7701683888881,1506.3150908513294,1554.556554545261,6909
2021-01-13,1560.9559326171875,1565.3862711203585,1535.8506810992196,1535.8506810992196,8084
2021-01-14,1562.925048828125,1573.262505843996,1545.695953801673,1557.51019039124,10239
2021-01-15,1590.491455078125,1594.9217933931059,1526.989939230066,1574.2468812565285,9546
2021-01-18,1622.980712890625,1629.3800908911037,1535.8507201148773,1580.154106272037,7376
2021-01-19,1609.9410400390625,1675.5220992504546,1568.028333024263,1675.5220992504546,6396
2021-01-20,1595.6416015625,1641.0059487021015,1577.8903352904822,1641.0059487021015,8514
2021-01-21,1573.9454345703125,1611.4203258696057,1532.032727196103,1577.890159970238,17098
2021-01-22,1581.8349609375,1592.6829563055253,1529.0742561930135,1577.8902353491271,5871
2021-01-25,1572.958984375,1597.6135139106582,1558.166266653605,1582.8207961892633,2286
2021-01-26,1570.4937744140625,1574.9315904171165,1532.5257930546015,1568.0283210790326,3691
2021-01-27,1554.715087890625,1584.7936227340529,1545.8394546581383,1577.8903524421187,3069
2021-01-28,1572.4661865234375,1585.2865442686898,1541.4014735253263,1554.2218312705786,10188
2021-01-29,1538.44287109375,1577.890124198718,1530.5534204727564,1572.959217560597,8007
2021-02-01,1483.7098388671875,1558.1665306813932,1473.354934707596,1529.0741808996836,26061
2021-02-02,1457.0828857421875,1494.0646848727,1430.9490810232921,1483.2166904610829,10897
2021-02-03,1455.603515625,1478.2856842289127,1451.1657000285823,1464.4791468178355,7869
2021-02-04,1433.90771484375,1466.4517001187457,1427.4975359259477,1459.5484305149587,14006
2021-02-05,1444.7554931640625,1457.5758490760986,1429.962774804021,1429.962774804021,8699
2021-02-08,1465.9586181640625,1470.3964343643574,1449.686625429648,1449.686625429648,16267
2021-02-09,1469.9031982421875,1475.8202859238065,1449.6864819966559,1469.4101076020527,17935
2021-02-10,1480.258056640625,1506.8849503976517,1469.4100628877623,1470.3962441380227,26928
2021-02-11,1474.3411865234375,1497.023358623798,1469.410279545098,1479.2720935017767,11239
2021-02-12,1440.3177490234375,1479.271909301716,1435.8799332955323,1469.410096573038,9648
2021-02-17,1417.1427001953125,1484.2030367390016,1401.3637974791504,1440.3179635596757,15387
2021-02-18,1405.308349609375,1439.8246950383773,1401.363624417489,1417.1425251850328,16905
2021-02-19,1401.8568115234375,1410.2393531329692,1391.994997865165,1409.7462624500554,5110
2021-02-22,1427.9908447265625,1434.4010246234704,1391.9952191516181,1402.8432159002314,8886
2021-02-23,1450.1796875,1478.7789468930637,1420.1011560693642,1438.8386018786127,10343
2021-02-24,1495.5439453125,1498.0093985688675,1468.423959492458,1468.423959492458,9705
2021-02-25,1493.0787353515625,1518.2263626642869,1484.2031021823655,1498.5027333994049,4970
2021-02-26,1463.0,1503.9265251095383,1439.824738793394,1498.9956184698349,7394
2021-03-01,1450.1796875,1502.4472994942196,1440.8109645953757,1502.4472994942196,8595
2021-03-02,1421.58056640625,1450.6729193087713,1407.28093531857,1450.6729193087713,9320
2021-03-03,1390.0225830078125,1434.8938334702855,1369.8058657664787,1420.101113537602,5639
2021-03-04,1399.88427734375,1439.8246177681401,1360.9301181644064,1362.9024806544999,5982
2021-03-05,1427.4974365234375,1429.469799130033,1386.5709124365826,1395.446544166262,3584
2021-03-08,1398.8980712890625,1458.0689449424594,1392.4878933099444,1415.1700615437467,5206
2021-03-09,1415.170166015625,1422.0734351181404,1362.9025570965812,1401.3636278105946,11089
2021-03-10,1394.95361328125,1428.9768721417684,1381.6401641619168,1428.9768721417684,3241
2021-03-11,1455.110595703125,1464.4793186168354,1373.7506335577452,1395.4466234631798,14692
2021-03-12,1452.6451416015625,1473.3549501376338,1420.101156759165,1459.5484111135863,5641
2021-03-15,1465.9586181640625,1475.8204319424956,1444.26262785151,1468.9171622975925,10087
2021-03-16,1471.3826904296875,1478.779051138952,1450.6728804437469,1465.958692576227,7064
2021-03-17,1475.820556640625,1477.2998288323797,1430.4562094268135,1477.2998288323797,5099
2021-03-18,1467.437744140625,1476.8064662974368,1444.7555747083438,1467.9308347804572,10584
2021-03-19,1576.904052734375,1582.821141112365,1510.8298991801516,1510.8298991801516,20118
2021-03-22,1591.6968994140625,1596.6278067852338,1554.2220033931615,1578.8765402490176,11186
2021-03-23,1584.3004150390625,1616.8444011556446,1563.0975149934106,1594.6553197125204,8107
2021-03-25,1555.700927734375,1577.8900059429477,1500.967868153229,1577.8900059429477,11013
2021-03-26,1567.042236328125,1577.3971409734652,1518.719347983205,1543.3738828530622,5961
2021-03-29,1557.67333984375,1572.9591497630777,1503.9264598048235,1567.04206205237,7042
2021-03-30,1562.1112060546875,1562.6042967131643,1538.4428544477983,1558.1664807868726,2524
2021-03-31,1565.56298828125,1595.6415212844488,1519.705552718996,1568.0284418061024,12617
2021-04-05,1572.4661865234375,1574.9316399359861,1506.8851257496474,1563.0974635557532,10877
2021-04-06,1595.1483154296875,1607.4755821640747,1542.387613806511,1576.9039606627946,7010
2021-04-07,1595.1483154296875,1606.9824914946992,1582.8210486953005,1597.613768776565,6857
2021-04-08,1587.2589111328125,1597.120724808692,1574.9316440379632,1597.120724808692,9919
2021-04-09,1586.272705078125,1594.1621558960455,1559.1527178915237,1586.7657957542451,9710
2021-04-12,1568.0283203125,1587.7519469830975,1559.1526883107313,1586.7657656495676,3165
2021-04-13,1554.715087890625,1577.8903524421187,1550.7703620095199,1558.6598137717303,4773
2021-04-14,1556.1942138671875,1577.3971134857834,1542.3876745806597,1550.2771256015328,3227
2021-04-15,1556.687255859375,1572.466157407522,1548.7978050853014,1548.7978050853014,2543
2021-04-16,1568.5213623046875,1573.9453594707836,1538.4428325654276,1573.9453594707836,3590
2021-04-19,1558.1666259765625,1577.397163449058,1543.3739048438736,1543.3739048438736,6084
2021-04-20,1489.1337890625,1558.1664812706954,1484.2028824762003,1558.1664812706954,10213
2021-04-21,1518.7193603515625,1526.608811574168,1480.2582856413605,1504.9128207120027,3008
2021-04-22,1505.8990478515625,1526.1157672235056,1489.6270542107302,1526.1157672235056,4498
2021-04-23,1499.4886474609375,1511.8159135531846,1481.2442936444118,1511.8159135531846,5980
2021-04-26,1483.2166748046875,1504.9126633989051,1479.2719496057389,1485.1890374041618,2868
2021-04-27,1504.9129638671875,1508.8576898537333,1480.2584264512768,1480.2584264512768,3546
2021-04-28,1513.2952880859375,1518.7192855342741,1503.9265652206286,1504.9127465748718,6362
2021-04-29,1565.56298828125,1571.4800767408956,1518.719371309055,1534.4982738681101,5740
2021-04-30,1578.87646484375,1597.6139119593224,1535.484482049793,1577.8902834166147,6934
2021-05-03,1574.931396484375,1605.5030140742408,1530.5532419184408,1577.889940122104,29559
2021-05-04,1551.26318359375,1558.166452687937,1544.3599144995628,1558.166452687937,3428
2021-05-05,1559.645751953125,1567.0421118264405,1551.2632107633674,1552.2493920798095,3100
2021-05-06,1570.0008544921875,1572.9593988159793,1553.2357699907006,1558.1666771970204,3204
2021-05-07,1576.410888671875,1587.2588835266704,1568.0283471931693,1573.945435295785,11463
2021-05-10,1562.310791015625,1601.3191830795422,1552.4352487209624,1570.2112248513552,5639
2021-05-11,1548.48486328125,1578.6052640019632,1528.7337808414381,1560.335512745137,3580
2021-05-12,1567.24853515625,1569.7174206873722,1540.5845714201323,1562.3107640940061,2980
2021-05-13,1578.6055908203125,1580.086922309978,1532.6843146406788,1532.6843146406788,2901
2021-05-14,1614.1575927734375,1628.970908094087,1580.0869675359436,1580.0869675359436,16458
2021-05-17,1619.09521484375,1627.4894260826472,1584.5308156247618,1616.6263291852508,16171
2021-05-18,1610.2071533203125,1618.6013641778547,1586.9996291847544,1601.8129424627703,7054
2021-05-19,1610.2071533203125,1628.4769063631986,1581.0743038735482,1628.4769063631986,15436
2021-05-20,1648.721923828125,1669.9543415354053,1610.2073056614302,1626.9957289648612,10392
2021-05-21,1646.746826171875,1668.9667983391118,1630.9459570751735,1649.2157119682347,3518
2021-05-26,1663.5350341796875,1676.867015753701,1619.5888726949763,1646.7466129383372,4248
2021-05-27,1707.481201171875,1718.3442973042584,1630.9457511482658,1666.003925030048,17100
2021-05-28,1734.145263671875,1738.0954806734055,1719.3319499161357,1721.307058416901,6208
2021-05-31,1735.133056640625,1785.498330339357,1733.1579478681258,1738.095719799374,4145
2021-06-01,1723.2823486328125,1777.597838131268,1708.469033315052,1756.859196686403,8329
2021-06-02,1798.8299560546875,1808.211720854314,1728.219831510131,1737.6015963097573,10023
2021-06-03,1875.859375,1888.2038036325348,1829.9381004869701,1846.7265234272177,19187
2021-06-04,1913.386474609375,1925.7309034778227,1876.3531880040323,1881.2909595514113,14872
2021-06-07,1940.05029296875,1970.1706971100311,1925.7307565737146,1926.718310807855,25579
2021-06-08,1931.65625,2018.5610301635993,1887.2163055981596,1942.5193475204499,5841
2021-06-09,1963.2578125,1970.1706921214789,1894.1290162852113,1896.104124748491,17588
2021-06-10,1961.776611328125,2024.4863091984173,1948.4446283163304,1975.1085943399194,7610
2021-06-11,1953.3824462890625,2012.635705529378,1930.6686969136083,1975.1086413438447,9009
2021-06-14,1968.6895751953125,1999.3037597105142,1926.71851577931,1926.71851577931,10176
2021-06-15,1970.66455078125,2009.1791674088965,1945.975693968656,1968.1956650999907,3510
2021-06-16,1960.295166015625,1970.664485533592,1946.9631837782392,1970.664485533592,7509
2021-06-17,1934.618896484375,1960.295308586771,1878.32830072143,1960.295308586771,5567
2021-06-18,1937.0877685546875,1942.5193172302168,1893.6353791504528,1925.7308940513078,4371
2021-06-22,1949.9259033203125,1970.170765826297,1897.5855270853283,1970.170765826297,4847
2021-06-23,1933.1373291015625,1999.3034599060604,1911.9049139926565,1960.29506935714,11400
2021-06-24,1938.569091796875,1969.1832751110385,1911.905125684539,1915.8553428863665,5132
2021-06-25,1900.054443359375,1925.7308547561233,1827.9629805915818,1925.7308547561233,7110
2021-06-28,1893.1414794921875,1924.7432151957607,1876.353057399664,1901.0419134180806,3327
2021-06-29,1877.3404541015625,1925.7306078369527,1876.84667702263,1886.2284415223485,5258
2021-06-30,1878.822021484375,1920.7930784689142,1857.0958272806133,1878.3282443433802,4252
2021-07-01,1874.3779296875,1930.1747437166591,1841.7886400775487,1930.1747437166591,5049
2021-07-02,1931.1622314453125,1954.863532163639,1846.7263476362743,1873.3903109443916,5378
2021-07-05,1949.4322509765625,1969.1833376125965,1927.706055676925,1931.656273004132,7235
2021-07-06,1940.544189453125,1974.6148126267294,1893.6353604459882,1974.6148126267294,1788
2021-07-07,1935.606201171875,1955.3572848573021,1910.9173465650908,1945.4817430145886,2791
2021-07-08,1928.693603515625,1950.4197987421194,1905.9798539606534,1950.4197987421194,2396
2021-07-12,1941.0379638671875,1949.9259525086552,1888.2038091651298,1917.8304379700219,4446
2021-07-13,1940.544189453125,1954.369949581544,1936.100195126133,1941.0379666005683,1164
2021-07-14,1934.125,1960.2951876436048,1930.6685601225429,1960.2951876436048,4362
2021-07-15,1937.0877685546875,1963.7517347800133,1881.7847274947524,1925.7308940513078,2109
2021-07-16,1932.14990234375,1963.7516385435968,1905.4859374251294,1905.4859374251294,1631
2021-07-19,1900.054443359375,1944.9881633036846,1876.8469176738527,1893.1415633679428,3538
2021-07-20,1915.361572265625,1954.8637444185638,1900.054480556361,1900.054480556361,3203
2021-07-21,1941.5318603515625,1965.2331648522938,1925.7309906844084,1965.2331648522938,4472
2021-07-22,1939.06298828125,1957.3327439640627,1915.8554607922713,1935.6065480169339,2330
2021-07-23,1936.100341796875,1955.3576520060253,1920.7932490665248,1955.3576520060253,2393
2021-07-26,1944.4942626953125,1974.614666459765,1935.6062746992445,1955.3573591349511,1662
2021-07-27,1944.4942626953125,1961.7764615765557,1915.855190263538,1944.4942626953125,3536
2021-07-28,1961.776611328125,1964.7392742196348,1937.5815310474609,1964.7392742196348,4998
2021-07-29,1964.24560546875,1974.6149261612698,1954.8638391278987,1974.6149261612698,2464
2021-07-30,1953.8760986328125,1988.9342747770959,1946.4694417009216,1988.9342747770959,4090
2021-08-02,1964.24560546875,2004.7353338871606,1936.100306446196,1991.8971273154693,2271
2021-08-03,1968.6895751953125,1982.0215587745133,1947.4571569025113,1982.0215587745133,4864
2021-08-04,1977.0836181640625,1979.5525038011306,1960.295195832,1979.0587266737168,12062
2021-08-05,2089.664794921875,2098.5527831800496,1980.0462730710583,1980.0462730710583,13426
2021-08-06,2108.427978515625,2121.2661816634954,2078.8013558666935,2103.4902080741363,5234
2021-08-09,2115.834716796875,2138.054684651218,2085.2205388642246,2138.054684651218,3848
2021-08-10,2154.84375,2172.6197296058663,2103.490920027498,2116.3291275206234,7795
2021-08-11,2246.19189453125,2260.511429581021,2162.7435695860354,2162.7435695860354,5734
2021-08-12,2271.374755859375,2299.026274626359,2212.1215013586957,2241.748128609035,9149
2021-08-13,2261.992919921875,2305.4453051986975,2238.7853959672084,2271.3746849248255,5824
2021-08-17,2241.25439453125,2259.5241483531618,2195.3331214113105,2259.5241483531618,5782
2021-08-18,2230.884765625,2336.059279807852,2221.996778510956,2264.46160583361,4190
2021-08-19,2197.80224609375,2238.7857523677967,2190.39558833338,2238.7857523677967,4320
2021-08-20,2224.9599609375,2314.333630029752,2192.370667235353,2212.1217543275634,4280
2021-08-23,2224.466064453125,2250.636253446691,2203.233646967779,2250.636253446691,5160
2021-08-24,2250.142333984375,2300.50760018284,2212.6152728953225,2246.6858941472256,5771
2021-08-25,2263.474365234375,2270.3872450583895,2251.6237141074935,2265.449473755522,4156
2021-08-26,2248.6611328125,2271.374881628788,2242.2420298861575,2271.374881628788,3580
2021-08-27,2324.208984375,2330.628087157425,2271.37483070427,2271.37483070427,7582
2021-08-30,2412.101318359375,2418.026644013482,2271.374834074335,2315.814776480137,6209
2021-08-31,2653.55859375,2735.5256065081876,2518.263644980462,2518.263644980462,23810
2021-09-01,2734.0439453125,2741.9443793246005,2686.1475641141415,2686.1475641141415,25539
2021-09-02,2735.031982421875,2765.1523924106336,2716.7622255434476,2737.500868486527,15217
2021-09-03,2723.1806640625,2759.7201688930754,2667.877629724331,2735.525091370127,12207
2021-09-06,2745.4013671875,2764.1649017114432,2725.6502782149278,2763.671124487129,6755
2021-09-07,2762.1953125,2765.652996188752,2726.6305659871246,2736.509662240701,10779
2021-09-08,2732.064208984375,2798.2541572765294,2669.3319445582288,2780.965737946489,12261
2021-09-09,2740.461181640625,2773.0621978605745,2711.811803750366,2773.0621978605745,7026
2021-09-10,2714.77587890625,2765.6532288930302,2682.668813380612,2765.6532288930302,5334
2021-09-13,2839.252685546875,2962.7414070824907,2815.542851012037,2864.938339626283,9328
2021-09-14,2896.05712890625,2913.3455477211432,2816.5304023577414,2839.7462790520262,6974
2021-09-15,3060.5439453125,3092.157052559111,2821.4698217600067,2962.740894768298,28327
2021-09-16,3201.81494140625,3210.2121728169113,3062.5196909470455,3111.421215044426,20055
2021-09-17,3225.03125,3260.102044723541,3082.2782968295296,3260.102044723541,13602
2021-09-20,3160.3232421875,3259.1142156850774,3084.2541925943656,3259.1142156850774,6665
2021-09-21,3132.16748046875,3220.0914374981517,3121.7944293585397,3162.298724169837,6850
2021-09-22,3163.286865234375,3200.8274339036147,3072.3991726667414,3132.6616644778896,11770
2021-09-23,3213.670166015625,3236.886043329295,3141.552759892311,3170.2021404070524,18518
2021-09-24,3239.355712890625,3259.6078605314474,3183.0448633527276,3259.6078605314474,6977
2021-09-27,3250.716552734375,3269.980790016952,3240.3435018899104,3241.331411494145,9553
2021-09-28,3215.645751953125,3274.9203280259935,3210.7062039470525,3262.077503210205,9166
2021-09-29,3288.751220703125,3289.7391303518793,3221.079409763454,3250.2227444017067,7065
2021-09-30,3307.02734375,3334.1948574029125,3290.7268355582523,3293.196609526699,7563
2021-10-01,3298.136474609375,3309.4974359566886,3260.101951837932,3309.4974359566886,13721
2021-10-04,3332.713134765625,3339.1345473566957,3301.1000266249703,3309.4972584748316,7895
2021-10-05,3378.156982421875,3383.0965305757304,3318.8824045756073,3348.0257386833555,12303
2021-10-06,3381.614501953125,3408.2880606889516,3322.833881776026,3377.6628636218916,7237
2021-10-07,3418.167236328125,3431.9979708103774,3388.5299481518696,3408.2881402693733,6043
2021-10-12,3482.511962890625,3556.6289882075366,3419.2654346201934,3419.2654346201934,12396
2021-10-13,3458.794677734375,3508.206030273437,3448.912407226562,3458.794677734375,5701
2021-10-14,3575.8994140625,3576.8876410665243,3464.7238761097483,3508.2058642868246,10576
2021-10-15,3694.486572265625,3702.886501612758,3576.393447914751,3576.393447914751,12199
2021-10-18,3951.919677734375,4051.7306023283163,3856.5557745332326,3878.7908814972297,41549
2021-10-19,3962.2958984375,4027.0247627217386,3904.4846227027215,4027.0247627217386,22526
2021-10-20,3983.048583984375,4022.083547157029,3884.720005865917,4001.3307819259976,8471
2021-10-21,3960.81396484375,3981.56673262362,3884.7204829842267,3981.56673262362,4088
2021-10-22,3963.7783203125,3982.5546324755364,3864.9556247175738,3960.8136394446524,6204
2021-10-25,3948.4609375,3982.5547686459768,3922.7670357668003,3982.5547686459768,11450
2021-10-26,3930.1787109375,3950.9314775781054,3889.661404639175,3932.155164903272,10986
2021-10-27,3893.6142578125,3941.049152323921,3879.284966762175,3930.178655665054,8773
2021-10-28,3904.48486328125,3952.413872612847,3893.6143663194443,3903.496636284722,8443
2021-10-29,3878.790771484375,3903.496445188097,3805.6619773213574,3903.496445188097,9286
2021-11-01,3937.0966796875,3951.4259723219047,3841.7327666378405,3903.4969590275164,6488
2021-11-02,3912.884521484375,3940.06076200485,3907.4492733802804,3938.0843081488156,5280
2021-11-03,3911.896240234375,3971.683968549186,3894.602269234223,3971.683968549186,8268
2021-11-04,3893.1201171875,3951.4255079513187,3888.6730958580565,3923.261039531508,7234
2021-11-05,3755.756591796875,3948.9549640363934,3730.5568041134597,3912.88467970523,34159
2021-11-08,3748.344970703125,3834.3207187788357,3720.674615000597,3765.144829522517,25049
2021-11-09,3772.289794921875,3805.900343409124,3642.7903286915903,3751.53033850328,16537
2021-11-10,3776.243896484375,3786.129351710774,3707.5399826609028,3772.2897143938153,8401
2021-11-11,3901.788818359375,3904.2601819382703,3717.4250953738106,3778.220639414627,14389
2021-11-12,3902.778076171875,3926.9974436658495,3855.822159601925,3926.9974436658495,13061
2021-11-15,3926.502685546875,3959.1246867107843,3865.2128651783187,3906.2375030056587,13096
2021-11-16,3929.468505859375,3953.193598724941,3865.2130460151334,3925.5143237151137,7877
2021-11-17,3886.961181640625,3938.365551285923,3862.247542388078,3938.365551285923,6224
2021-11-18,3910.19189453125,3914.640349473834,3776.2439734823347,3888.9381653611267,12273
2021-11-19,3900.800537109375,3924.525629073548,3828.6367157183504,3904.754719103404,16512
2021-11-23,3860.2705078125,3897.8352400268086,3757.461767015445,3897.8352400268086,7623
2021-11-24,3821.717529296875,3919.583549835,3817.2690738178694,3919.583549835,5684
2021-11-25,3866.696044921875,3903.272231464661,3741.6450287688344,3830.614131170207,6628
2021-11-26,3755.97900390625,3863.2362014121923,3658.6072623916384,3863.2362014121923,5201
2021-11-29,3731.265380859375,3840.4996700592587,3707.046013570713,3756.473293751656,6403
2021-11-30,3744.1162109375,3781.1866684715346,3610.6625638149753,3732.747937293729,6802
2021-12-01,3833.0849609375,3845.4417789933914,3716.9308712121215,3736.7017801015477,9061
2021-12-02,3879.052734375,3904.2606458751434,3833.5796391198396,3853.350550100344,6119
2021-12-03,3868.672607421875,3944.296334128857,3857.304334779649,3885.9721527470015,4650
2021-12-06,3867.684326171875,3886.960963708067,3820.7284142247404,3820.7284142247404,11806
2021-12-07,3879.547119140625,3933.422853117734,3845.442296714749,3933.422853117734,17353
2021-12-09,3862.247314453125,3879.5468609089558,3831.10813083263,3879.052588153075,3254
2021-12-10,3872.626953125,3934.4110461869814,3845.441952177728,3863.235770979579,7578
2021-12-13,3853.350341796875,3934.4110724349825,3843.464886841008,3934.4110724349825,8719
2021-12-14,3835.556640625,3899.8120998107283,3757.4615440761922,3845.442095884343,3413
2021-12-15,3805.406005859375,3855.3275549685836,3756.4730022770814,3839.510826537943,2478
2021-12-16,3828.142578125,3830.6139419585215,3757.4615724862815,3757.4615724862815,6079
2021-12-17,3815.785888671875,3855.3277113524123,3781.1867938264045,3855.3277113524123,5113
2021-12-20,3761.415771484375,3852.3619609657317,3751.5303161059664,3844.453596663005,10055
2021-12-21,3777.232421875,3855.3275177473174,3658.6069597904675,3781.1866039444844,4687
2021-12-22,3760.92138671875,3779.7037513784044,3687.2747463427354,3777.2323876073974,4983
2021-12-23,3764.381591796875,3854.3392401302563,3736.702315386604,3756.4732271082257,13708
2021-12-27,3764.875732421875,3855.3276503729326,3722.862546488324,3756.4730952351647,6525
2021-12-28,3806.888916015625,3843.4651013941184,3776.2440039417525,3776.2440039417525,9076
2021-12-29,3831.6025390625,3835.0624484759983,3768.33562407282,3835.0624484759983,5674
2021-12-30,3838.028076171875,3852.36198656582,3787.612253406964,3845.44216775495,9349
2022-01-03,3852.362060546875,3889.4325191741545,3830.6140581522045,3837.5338770959634,9233
2022-01-04,3840.993896484375,3855.327807563779,3786.623888941809,3845.4423516469487,7986
2022-01-05,3813.80859375,3854.3389598318427,3791.566319680696,3854.3389598318427,8003
2022-01-06,3772.783935546875,3816.2799379480443,3762.4042077011413,3815.7856651934853,5527
2022-01-07,3766.358642578125,3815.785921352116,3747.5762766440084,3786.1295540877213,7747
2022-01-10,3747.081787109375,3845.4420661800473,3707.5399663774465,3781.1866074906634,1809
2022-01-11,3708.0341796875,3756.472909307518,3695.1830881556584,3756.472909307518,6401
2022-01-12,3655.641357421875,3752.518819030134,3645.2616293924184,3677.3893590074026,7773
2022-01-13,3627.9619140625,3654.6526420406162,3602.2597315650546,3647.7328236759195,7811
2022-01-14,3567.66064453125,3608.191009293173,3560.246553416264,3599.29409995519,6040
2022-01-17,3512.302001953125,3554.3151837946693,3507.359274677649,3514.2790928633153,9247
2022-01-18,3504.39404296875,3545.4186840923617,3472.760584752953,3519.2222265074047,8876
2022-01-19,3486.105712890625,3537.0158062449045,3466.8290756011406,3505.3823501801094,6460
2022-01-20,3476.71435546875,3532.567173519357,3471.2773554815226,3499.450900869882,7184
2022-01-21,3429.759033203125,3489.566043293567,3415.4251216938455,3476.714950216282,26253
2022-01-24,3336.3408203125,3425.3099088541667,3311.6271846064815,3380.8253645833333,11922
2022-01-25,3383.297119140625,3387.7455740817886,3313.604658395727,3361.0548444348065,6940
2022-01-26,3412.459228515625,3435.1957760984346,3351.1694045967465,3351.1694045967465,4964
2022-01-27,3422.8388671875,3494.5084174751805,3415.4247757784296,3435.689958963222,10910
2022-01-28,3438.1611328125,3558.269407003621,3430.252769079751,3507.359315474051,12930
2022-01-31,3514.773681640625,3538.993047468271,3461.392222265405,3504.3939534287765,14464
2022-02-01,3580.511962890625,3587.9260544758486,3479.680317331585,3538.498777241025,15845
2022-02-02,3639.8251953125,3681.8383867304196,3580.512454487201,3587.4322742501527,8916
2022-02-03,3539.981689453125,3701.6088902980246,3515.2680501802047,3657.618612392226,7709
2022-02-04,3528.119140625,3585.454783706045,3519.716503276916,3543.9358697508055,3297
2022-02-07,3550.361572265625,3593.8575792765364,3520.7052038490947,3538.9932977059552,5708
2022-02-08,3465.34619140625,3588.4201040663775,3461.8862822150013,3588.4201040663775,3623
2022-02-09,3388.239990234375,3509.3368243127734,3380.825898352024,3509.3368243127734,6219
2022-02-10,3401.58544921875,3437.173091233244,3343.2612581394396,3437.173091233244,3953
2022-02-11,3357.1005859375,3420.36749921783,3341.2838576174177,3407.516407457763,4266
2022-02-14,3399.11376953125,3418.390407165643,3316.5702186352605,3357.100584943471,8382
2022-02-15,3415.919189453125,3424.3218267300317,3333.869907808035,3365.9976385726786,5698
2022-02-16,3428.276123046875,3449.5298533368136,3400.5968463902104,3440.1386701854453,1195
2022-02-17,3454.47216796875,3494.5082597709347,3390.7109847282336,3445.080985941077,5264
2022-02-18,3373.411865234375,3508.34833984375,3322.0074939546134,3459.90960536859,9292
2022-02-21,3364.5146484375,3446.5639258931524,3322.995736953917,3385.7683769350488,3011
2022-02-22,3399.11376953125,3471.771865230115,3361.054767022321,3370.9402222194453,4027
2022-02-23,3405.53955078125,3449.5298294488166,3341.77836035298,3449.5298294488166,4097
2022-02-24,3303.224853515625,3306.6847628339865,3229.083939550738,3301.7420352363274,6411
2022-02-25,3287.902587890625,3385.7685999775676,3262.2004028980946,3355.1236871018586,3045
2022-03-02,3269.119873046875,3359.5717836558224,3224.6353268457533,3242.429145326202,3998
2022-03-03,3304.21337890625,3309.156106473799,3202.8874637715035,3252.3147394469897,15438
2022-03-04,3206.347900390625,3321.0191988168044,3200.9108991721423,3321.0191988168044,16930
2022-03-07,3186.576416015625,3257.257419193884,3064.491046889542,3205.853053246059,12912
2022-03-08,3195.473388671875,3254.291847024845,3120.343929263039,3254.291847024845,9481
2022-03-09,3152.96630859375,3237.4869605406902,3086.2394781093235,3149.012126046525,8867
2022-03-10,3353.640869140625,3395.6540561527036,3084.2621994749447,3163.3458456153276,11230
2022-03-11,3304.21337890625,3353.1463818249813,3239.4636477713634,3278.0169227982424,8333
2022-03-14,3180.15087890625,3306.6847031213574,3113.918330293655,3306.6847031213574,5298
2022-03-15,3169.771240234375,3247.8663370622294,3144.563329232979,3212.7729707661683,2577
2022-03-16,3260.71728515625,3294.822104418912,3143.5746450801503,3294.822104418912,6479
2022-03-17,3359.07763671875,3385.768365438999,3213.2671742655375,3317.0644526220617,3271
2022-03-18,3376.377197265625,3390.2168344378456,3296.7992835253576,3358.089105288048,10482
2022-03-21,3443.104248046875,3449.035521514656,3331.892870525981,3425.310427643532,5740
2022-03-22,3405.045166015625,3458.920898791892,3376.377344905318,3443.1041699034463,4158
2022-03-23,3454.47216796875,3459.909168090034,3351.663438402646,3405.539166877191,12538
2022-03-25,3462.875244140625,3509.3368874391144,3369.9519575436457,3454.9668793238607,7348
2022-03-28,3459.415283203125,3489.071650825955,3400.5968207511787,3463.86373834655,3302
2022-03-29,3417.401611328125,3498.46233800701,3366.985793515648,3498.46233800701,2189
2022-03-30,3365.503173828125,3452.989451074061,3281.971078604604,3355.123446019285,10604
2022-03-31,3319.5361328125,3410.4823282320203,3277.028671909898,3408.5052370272483,7368
2022-04-01,3352.15771484375,3356.1118967545062,3273.0740766286217,3311.627350258497,6620
2022-04-04,3389.72265625,3400.5966571886847,3286.913920102435,3354.1350168143044,8095
2022-04-05,3396.1484375,3415.425076862902,3332.38724576117,3389.7228910456997,3845
2022-04-06,3451.01220703125,3453.9778434165532,3316.5700242308344,3360.066024548616,3536
2022-04-07,3446.56396484375,3458.426511115979,3406.527871174979,3458.426511115979,8250
2022-04-08,3492.53173828125,3493.5202839190315,3400.5969939675915,3400.5969939675915,4926
2022-04-11,3456.943359375,3487.5882676222477,3407.5160880084713,3487.5882676222477,2492
2022-04-12,3444.092529296875,3469.7947123513295,3364.020343627229,3459.9092573303856,1803
2022-04-13,3467.3232421875,3475.725878697434,3370.9400586911975,3370.9400586911975,1989
2022-04-18,3401.58544921875,3459.90964029806,3371.929080873338,3459.90964029806,8589
2022-04-19,3393.182373046875,3438.161192558494,3366.985917726921,3401.5850096589356,7340
2022-04-20,3433.712890625,3460.897892638009,3361.054794335684,3361.054794335684,4588
2022-04-21,3438.1611328125,3458.920587610965,3385.7682230830396,3386.7567685496333,5454
2022-04-22,3436.184326171875,3450.023963849207,3394.171140365688,3440.1385083653986,1976
2022-04-25,3389.228271484375,3436.1841830770563,3291.8565390237623,3436.1841830770563,4492
2022-04-26,3366.985595703125,3385.2736854038026,3291.856146121963,3361.05432336777,2360
2022-04-27,3318.54736328125,3404.05655211766,3263.188813283112,3314.593181138526,4275
2022-04-28,3275.051025390625,3341.283569520167,3239.463389738931,3341.283569520167,2262
2022-04-29,3303.224853515625,3329.421309783219,3232.543848869099,3262.2002144550543,8416
2022-05-02,3279.005126953125,3313.6042163240504,3232.543492655025,3232.543492655025,2792
2022-05-03,3278.51123046875,3310.638959999953,3251.326228557732,3251.326228557732,1897
2022-05-04,3279.005126953125,3300.753125986278,3223.6465839596444,3237.4862197080147,4954
2022-05-05,3187.565185546875,3261.7061031824824,3164.334364687718,3203.381914642471,2988
2022-05-06,3187.565185546875,3212.278824758744,3115.8956318324545,3163.345819119243,9805
2022-05-09,3077.027587890625,3195.7553404780447,3067.13360850834,3195.7553404780447,3405
2022-05-10,3140.849853515625,3144.818078220004,3042.6362920822557,3042.6362920822557,1645
2022-05-11,3177.5556640625,3219.718047990897,3105.1355693149,3140.8495886424835,2993
2022-05-12,3188.468505859375,3273.2893077420686,3055.5329801017033,3134.8974730913583,1943
2022-05-13,3271.801025390625,3298.0905121016167,3190.452425001895,3190.452425001895,4364
2022-05-16,3257.912353515625,3321.8999743444183,3185.492255523347,3292.634318306443,1422
2022-05-17,3227.158447265625,3307.514990219365,3198.388820776014,3259.89629809863,2161
2022-05-19,3116.0478515625,3275.272837291816,3086.286171986927,3264.856249440365,2828
2022-05-20,3036.683837890625,3149.778237602984,3012.87449058276,3124.9768341572913,19480
2022-05-23,3050.076416015625,3095.21496762685,2986.088798896416,3037.6757150235303,5257
2022-05-24,3050.572509765625,3074.8778842336765,2986.584891268102,3074.8778842336765,2006
2022-05-26,3073.885986328125,3074.8780424799174,3026.2672910420997,3065.4535090378913,4920
2022-05-27,3098.19140625,3107.119911743516,3055.532991114313,3074.8780863502643,4830
2022-05-30,3097.695068359375,3102.159320659653,3065.453246190703,3097.199040326011,2551
2022-05-31,3478.1484375,3491.045165876355,3070.909437615873,3100.175090469909,16948
2022-06-01,3416.641357421875,3492.037624310395,3279.2415815789805,3492.037624310395,4803
2022-06-02,3457.8115234375,3472.1963368329507,3306.5229687612073,3392.831849133912,2712
2022-06-03,3473.188232421875,3482.1167368754013,3434.0020184313967,3467.2358961195237,4013
2022-06-06,3422.097412109375,3471.204187554922,3403.248346786842,3464.259795067673,1709
2022-06-07,3408.704833984375,3421.601563565806,3333.8045967999105,3421.601563565806,969
2022-06-08,3400.2724609375,3402.7526013174693,3344.7173164261944,3344.7173164261944,2716
2022-06-09,3335.788818359375,3397.7923279943075,3323.8841445094677,3397.7923279943075,1735
2022-06-10,3368.5263671875,3372.9906194779855,3273.7850130227507,3334.7964609927203,3067
2022-06-13,3322.1376953125,3350.9308791630865,3280.4372221495814,3350.9308791630865,2510
2022-06-14,3357.30615234375,3409.064207464377,3314.5062221478465,3334.413166425011,3171
2022-06-15,3403.092529296875,3432.952949267307,3315.9996377164493,3364.273983335314,3859
2022-06-16,3362.78076171875,3403.09232627391,3302.064578067768,3403.09232627391,2986
2022-06-21,3376.2177734375,3426.9804817055756,3284.645829110775,3384.180551205041,2781
2022-06-22,3359.794677734375,3374.227213011267,3305.548252038471,3374.227213011267,1380
2022-06-23,3229.90185546875,3374.2272080243642,3196.060048662606,3374.2272080243642,6908
2022-06-24,3172.171875,3283.6507736507688,3099.013847760433,3234.8787554910573,6265
2022-06-27,3143.804443359375,3175.157883272568,3035.8092614361544,3075.6231533894156,4109
2022-06-28,3160.725341796875,3185.1113505747126,3095.5300938397986,3145.297458692529,4176
2022-06-29,3128.874267578125,3184.116043258286,3064.1766924572157,3184.116043258286,3432
2022-06-30,3158.23681640625,3165.2042471389454,3087.5671618317638,3088.064835455528,2696
2022-07-01,3122.90234375,3189.092943227092,3087.5675124501995,3189.092943227092,3928
2022-07-04,3066.664794921875,3082.5903504943353,2986.041669836295,3082.5903504943353,3906
2022-07-05,3109.962646484375,3135.3440026966814,3025.8557994279086,3036.804619754786,4129
2022-07-06,3159.72998046875,3174.1625162119526,3085.5766071674675,3109.962615837017,4597
2022-07-07,3333.91552734375,3368.255006577474,3185.1111173309446,3185.1111173309446,8255
2022-07-08,3507.603759765625,3583.2501518604568,3335.408683023442,3335.408683023442,7414
2022-07-11,3454.089599609375,3536.270534567637,3390.3371167326627,3536.270534567637,2712
2022-07-12,3458.915771484375,3479.8849490828657,3412.484021087717,3479.8849490828657,5208
2022-07-13,3483.87890625,3489.8700995539552,3395.5088050166596,3444.9361497742907,2655
2022-07-14,3438.945068359375,3484.8775518508187,3400.0023106166295,3484.8775518508187,1237
2022-07-15,3555.27392578125,3569.253376690094,3472.8950186398506,3494.86272721089,5713
2022-07-18,3573.746826171875,3619.6793084305805,3556.7717783806143,3594.2167367436896,2215
2022-07-19,3570.751220703125,3624.6719606130714,3544.7893829687064,3574.7453495853433,1675
2022-07-20,3580.2373046875,3584.231433600831,3495.8613313933724,3544.789410581683,3308
2022-07-21,3774.951171875,3789.4298895028764,3504.8481981963364,3580.736649211414,7186
2022-07-22,3857.330078125,3882.2933843515407,3664.6133540561095,3774.9511675774174,5525
2022-07-25,4033.07177734375,4045.054164401964,3893.2772616645907,3895.274326174293,13849
2022-07-26,3987.13916015625,4112.454953945283,3894.27566356358,4033.0716423418717,5530
2022-07-27,4102.96875,4117.946732781698,3974.158098077391,3994.628007879046,6942
2022-07-28,4106.962890625,4193.835191010211,4005.112607414752,4113.95261594335,8090
2022-07-29,3989.635498046875,4153.89404877362,3939.2096207720992,4103.967437610476,5522
2022-08-01,3868.31396484375,3994.129029265617,3854.3345132413206,3990.1349002363513,4626
2022-08-02,3831.3681640625,3994.128917448528,3774.4518269888586,3883.291839989331,5042
2022-08-03,3868.813232421875,3937.212692073675,3833.8646034027074,3937.212692073675,3614
2022-08-04,3927.227294921875,3944.2023429802707,3846.346183584811,3868.313892836853,1632
2022-08-05,3975.656005859375,3984.1435296694476,3845.347552069434,3928.2257257442625,3604
2022-08-08,4033.07177734375,4044.0556321471126,3929.224422839232,3978.651769454363,5780
2022-08-09,4031.573974609375,4044.0556277815404,3994.1290150928794,4031.573974609375,2437
2022-08-10,4291.1923828125,4323.145415098713,4004.1143583660555,4034.07032613438,10822
2022-08-11,4359.09228515625,4427.991006419744,4270.722186144378,4370.5754053668325,8141
2022-08-12,4349.10693359375,4393.541615844909,4294.686929488398,4295.186195581108,3282
2022-08-16,4377.06591796875,4393.54169934128,4269.224439894009,4348.607750143471,2808
2022-08-17,4291.69140625,4441.4712366216845,4264.731036783097,4441.4712366216845,2972
2022-08-18,4289.1953125,4341.618256023746,4272.71953024968,4293.688707659178,1960
2022-08-19,4283.2041015625,4293.189424097906,4119.944078108609,4131.926465151096,2374
2022-08-22,4218.798828125,4273.218836677145,4155.891295303254,4273.218836677145,3614
2022-08-23,4204.8193359375,4271.720997183715,4163.879513383846,4163.879513383846,6202
2022-08-24,4260.73681640625,4268.725073854399,4173.864516657634,4173.864516657634,13199
2022-08-25,4321.1484375,4343.615413778163,4228.784201689775,4283.703477036395,6773
2022-08-26,4268.22607421875,4343.615258592014,4213.80606695593,4343.615258592014,2001
2022-08-29,4475.42138671875,4478.41698336314,4218.7986075160015,4268.725218255836,8659
2022-08-30,4422.0,4493.3950547589475,4364.0851304053285,4493.3950547589475,3181
2022-08-31,4254.74609375,4474.423197862884,4194.834156264667,4474.423197862884,5609
2022-09-01,4179.85595703125,4254.74587503826,4150.898522068539,4193.835408392559,4295
2022-09-05,4208.31396484375,4289.694339297366,4143.908637822176,4179.855797090032,4452
2022-09-06,4142.91015625,4192.836766954387,4094.4813438667447,4192.836766954387,7511
2022-09-07,4134.4228515625,4233.776812130177,4044.0556813979288,4133.923585428994,7041
2022-09-08,4042.557861328125,4183.850176352932,3995.127578899303,4075.0101598320557,4117
2022-09-09,4078.5048828125,4093.9821323371893,3995.127441824657,4035.0687309206296,4358
2022-09-12,4074.5107421875,4093.4828544535367,3954.187609131847,3954.187609131847,3570
2022-09-13,4086.4931640625,4093.9821558109347,4004.1142548297194,4093.9821558109347,4795
2022-09-14,4095.979248046875,4168.37283543922,4044.055571572366,4093.4829174471392,6138
2022-09-15,4065.52392578125,4193.3360496913565,4024.5841048412935,4093.9820939956094,2787
2022-09-16,4032.0732421875,4113.453620899308,3996.1260810387257,4113.453620899308,2895
2022-09-19,4090.986572265625,4142.410982436892,3995.127477577438,4142.410982436892,14010
2022-09-20,4060.53125,4133.923367760974,4044.0554684618223,4133.923367760974,2829
2022-09-21,4033.07177734375,4079.0042610669025,3999.620946806237,4074.011599792647,1182
2022-09-22,4037.565185546875,4073.0130807087185,4011.6033468367928,4033.0717903855148,6050
2022-09-23,3885.7880859375,3994.1288304638315,3795.4209211482557,3993.1302982562156,2626
2022-09-26,3740.00244140625,3944.202281018472,3639.1506868789425,3944.202281018472,10488
2022-09-27,3731.514892578125,3814.393066536911,3694.569200572401,3764.466455718365,2088
2022-09-28,3718.533935546875,3783.937795046961,3694.5691626002786,3783.937795046961,7865
2022-09-29,3732.01416015625,3734.5104906981605,3675.0978238006896,3719.5325074466973,12689
2022-09-30,3808.901123046875,3843.8497504702964,3779.444422789991,3791.926075441213,4051
2022-10-03,3801.911376953125,3871.3093653177325,3725.0243970383804,3814.3930295366877,6365
2022-10-04,3793.424072265625,3841.8528870866,3744.4959913124753,3841.8528870866,7018
2022-10-05,3768.9599609375,3811.397581374603,3719.5326147813453,3793.4240009541827,4150
2022-10-06,3754.481201171875,3789.429829374273,3717.535508500769,3769.4591846871886,956
2022-10-11,3634.157958984375,3749.4884286265496,3540.7951978454716,3744.495767603079,8117
2022-10-12,3640.6484375,3693.071378522696,3559.7673284935545,3684.583854738069,7169
2022-10-13,3684.583984375,3724.525274178523,3545.788002307758,3545.788002307758,2622
2022-10-14,3593.21826171875,3704.5546063572497,3556.7718349985234,3704.5546063572497,6761
2022-10-17,3590.22265625,3694.569274961758,3570.7512776387152,3694.569274961758,3578
2022-10-18,3592.718994140625,3619.6793645802572,3554.774769077439,3594.716058617635,6344
2022-10-19,3551.27978515625,3594.71593605019,3494.8627156043513,3584.730614005606,8788
2022-10-20,3554.275390625,3564.7599787979348,3499.855385346432,3499.855385346432,4225
2022-10-21,3607.697021484375,3636.6544567523097,3544.7894896954144,3553.77627995098,12223
2022-10-24,3634.157958984375,3643.644014928969,3544.789326664248,3607.6968555599797,4609
2022-10-25,3663.115478515625,3684.583921418197,3594.716020895802,3634.6573100168666,5881
2022-10-26,3700.061279296875,3707.550271226365,3604.7014487280308,3707.550271226365,9165
2022-10-27,3739.00390625,3744.4958334724265,3629.6646279126053,3708.548673471091,6184
2022-10-28,3789.92919921875,3792.425529872958,3738.504787742063,3738.504787742063,3296
2022-10-31,3923.233154296875,3973.6590322027014,3734.510561738435,3784.437173526382,9246
2022-11-01,3989.13623046875,3994.128891583229,3923.2331037576264,3954.1876026673967,4025
2022-11-02,3927.7265625,4004.114278791153,3889.283071294649,4004.114278791153,3787
2022-11-03,3853.835205078125,3969.1656795402373,3814.8924474675414,3927.726591313591,2010
2022-11-04,3865.817626953125,3893.7765301055692,3812.89541741457,3852.8367076323475,2867
2022-11-07,3761.97021484375,3912.249316989466,3747.990763481358,3912.249316989466,1703
2022-11-08,3734.510498046875,3788.4312378582467,3696.5662737351686,3696.5662737351686,2268
2022-11-09,3658.6220703125,3784.437130590714,3596.7130723978235,3744.4958416135028,4288
2022-11-10,3639.64990234375,3771.45615395126,3596.2137512458203,3771.45615395126,1728
2022-11-11,3728.02001953125,3729.018551744865,3599.708630081735,3654.1286357237473,2298
2022-11-14,3829.37109375,3984.143589064537,3654.6279538787485,3776.4488856747066,4474
2022-11-15,3814.39306640625,3953.1890444770534,3810.8982036490715,3844.349032896351,5982
2022-11-16,3793.424072265625,3887.2861051145246,3764.96590273165,3884.2905083214746,4201
2022-11-17,3743.497314453125,3793.4239257421773,3716.0376782441463,3787.9319985003813,3667
2022-11-18,3738.00537109375,3787.931982167528,3704.554541674319,3737.5061049830124,2022
2022-11-22,3714.539794921875,3734.5104389805947,3672.6014423985634,3734.0111728791267,2816
2022-11-23,3691.074462890625,3778.446034783748,3645.1419793810974,3739.5032770256703,3931
2022-11-24,3779.444580078125,3838.3579830436756,3725.5238383808414,3736.5076931710287,5759
2022-11-25,3754.481201171875,3882.2933271692154,3715.0391779148836,3837.8586427404525,5097
2022-11-28,3768.460693359375,3768.9599594819715,3696.56637170546,3696.56637170546,2762
2022-11-29,3845.846923828125,3794.422513448494,3714.5399342179994,3785.4357232850634,12627
2022-11-30,3854.33447265625,3884.290440060314,3799.4151990821324,3874.3051175922924,6732
2022-12-01,3933.218505859375,3933.218505859375,3845.846934581717,3890.281619402926,6155
2022-12-02,4293.189453125,4293.189453125,3914.745726474372,3988.6371137359724,8274
2022-12-05,4708.07958984375,4724.056105949264,4193.8354776975075,4343.116050058407,29865
2022-12-06,4942.734375,5022.616950757576,4643.174715909091,4693.101325757576,23584
2022-12-07,4822.91064453125,4982.675800457751,4804.937064489519,4982.176534345481,6437
2022-12-12,4722.05908203125,4842.881486117903,4643.175033082113,4812.925518162534,4259
2022-12-13,4748.02099609375,4842.881562787526,4713.072366259201,4713.072366259201,6541
2022-12-14,4782.47021484375,4872.837383534294,4740.531860313332,4740.531860313332,1589
2022-12-15,4847.37451171875,4987.1690181850445,4754.011752043047,4782.96918552535,10884
2022-12-16,4771.9853515625,4912.778390811362,4744.525716248006,4746.023514537887,7065
2022-12-19,4865.84765625,4892.808027011081,4792.954801970039,4892.808027011081,2048
2022-12-20,4903.7919921875,4982.17677560976,4793.953442169047,4982.17677560976,831
2022-12-21,4972.6904296875,4985.172082372458,4802.939953172063,4985.172082372458,7055
2022-12-22,4896.80224609375,5061.560070442337,4877.330866852553,5005.642263390695,5766
2022-12-23,4962.2060546875,5002.147344995881,4872.837417622497,4992.661288547641,6495
2022-12-26,5042.587890625,5077.536519569926,4937.242737662438,5076.5379873143565,6117
2022-12-27,5596.77294921875,5621.736254076996,5242.294020231657,5371.104673300206,14346
2022-12-28,5571.81005859375,5641.707317393313,5506.40619500273,5611.751349336358,20046
2022-12-29,5392.07421875,5686.641236255787,5392.07421875,5619.739574652777,6801
2022-12-30,5536.861328125,5563.8216988841305,5214.33541126578,5480.943522106064,1912
2023-01-02,5549.3427734375,5581.795070358187,5403.057804241172,5403.057804241172,5583
2023-01-03,5357.12548828125,5609.254879854599,5302.705480991161,5553.836340320654,4617
2023-01-04,5292.220703125,5496.9198057930425,5250.781616487323,5496.9198057930425,4113
2023-01-05,5501.91259765625,5501.91259765625,5214.335314874943,5304.203215744102,14220
2023-01-06,5392.07421875,5580.7968164062495,5392.07421875,5580.7968164062495,5484
2023-01-09,5402.0595703125,5512.896652069374,5307.698270978945,5392.074247631701,3393
2023-01-10,5328.16796875,5469.959545129779,5311.192920873547,5469.959545129779,4377
2023-01-11,5388.080078125,5450.987610541952,5292.220981108691,5432.015497590808,9706
2023-01-12,5501.91259765625,5501.91259765625,5325.671658729511,5501.91259765625,10341
2023-01-13,5651.6923828125,5840.41497298062,5392.074004803446,5481.9419048835025,9226
2023-01-16,5841.41357421875,5925.290281951122,5768.021454952925,5791.486962473291,14938
2023-01-17,5854.39453125,5929.284449354,5806.46498366344,5889.343159698533,10000
2023-01-18,5488.931640625,5961.237383032791,5304.20317900673,5930.282884058918,23824
2023-01-19,5258.27099609375,5516.890857086588,5093.013903451609,5516.890857086588,28034
2023-01-20,5389.07861328125,5409.548524634273,5243.29290315728,5283.234193602203,5142
2023-01-23,5422.0302734375,5541.854146883633,5242.294463268301,5392.074305075967,9567
2023-01-24,5464.966796875,5526.376527919731,5246.787508529086,5246.787508529086,3889
2023-01-25,5485.93603515625,5490.928696273065,5311.192896067727,5442.000617328278,6496
2023-01-26,5481.94189453125,5551.8391500170765,5392.073994620901,5490.928684522285,3015
2023-01-27,5316.185546875,5536.361901699556,5192.367551418107,5536.361901699556,8250
2023-01-30,5244.29150390625,5347.140328145082,5243.292971632087,5347.140328145082,1767
2023-01-31,5302.2060546875,5363.116519722516,5233.307331942973,5330.1649566707865,2498
2023-02-01,5282.2353515625,5351.6333396406835,5192.367453331758,5351.6333396406835,5036
2023-02-02,5282.2353515625,5330.164897285562,5223.321951611236,5290.22360918301,9775
2023-02-03,5183.380859375,5322.176840776103,5113.483602554301,5322.176840776103,2417
2023-02-06,5262.2646484375,5290.2235497954225,5147.433446431748,5287.227953221359,5070
2023-02-07,5275.24560546875,5342.1472627783105,5192.367432980787,5307.198635825554,4661
2023-02-08,5320.1796875,5330.165009736299,5194.86389343445,5292.2207852383635,6679
2023-02-09,5345.64208984375,5367.110531971636,5292.71988366803,5292.71988366803,2131
2023-02-10,5393.57177734375,5460.9727020814535,5293.219289400948,5377.595261850369,5536
2023-02-13,5456.978515625,5546.846414326967,5413.043098481816,5546.846414326967,3978
2023-02-14,5498.41796875,5520.884944923046,5422.030249761645,5520.884944923046,2360
2023-02-15,5486.435546875,5511.3988535765875,5442.500127080205,5505.906926102239,2195
2023-02-16,5676.65576171875,5740.561824823411,5402.059396815908,5501.9126204169415,6372
2023-02-17,5605.759765625,5761.530788681199,5492.925627129163,5691.633534745725,3935
2023-02-22,5412.044921875,5690.635426156019,5393.0728086802355,5641.707344758995,1644
2023-02-23,5478.9462890625,5580.796575463881,5432.015274740295,5580.796575463881,1724
2023-02-24,5485.93603515625,5526.875856314132,5292.22078382383,5496.919889613243,2002
2023-02-27,5451.98583984375,5526.87575522622,5382.088585486779,5442.000517792754,4362
2023-02-28,5420.033203125,5451.986236010041,5313.190249415646,5313.190249415646,1255
2023-03-01,5420.033203125,5440.0038486781505,5344.6440161618575,5431.516324318061,1508
2023-03-02,5391.07568359375,5437.008167654745,5344.14466727056,5437.008167654745,1079
2023-03-03,5354.1298828125,5451.986042550588,5192.367659571988,5451.986042550588,5057
2023-03-06,5322.1767578125,5392.074013543621,5283.234001048018,5342.147402307106,6140
2023-03-07,5258.27099609375,5372.103676221872,5230.811358343545,5292.720359816734,2278
2023-03-08,5322.1767578125,5392.074013543621,5242.294179834076,5242.294179834076,2881
2023-03-09,5242.29443359375,5380.091887276786,5147.933133789063,5370.106564546131,6457
2023-03-10,5113.4833984375,5341.148740137119,5042.587612206478,5265.260292903913,2799
2023-03-13,4875.8330078125,5192.36773307905,4793.454096662688,5192.36773307905,4868
2023-03-14,4971.69189453125,5152.426225302521,4867.844544253835,4962.705104603397,8544
2023-03-15,4778.47607421875,4971.692064263954,4603.233664642867,4971.692064263954,3537
2023-03-16,5038.09423828125,5192.367463891091,4695.09842600306,4695.09842600306,10846
2023-03-17,4977.68310546875,5191.868266175479,4817.917950629231,5191.868266175479,18534
2023-03-20,5007.63916015625,5191.868357573763,4892.807953093843,5191.868357573763,7247
2023-03-21,5111.98583984375,5121.471896192713,4992.661236296269,4992.661236296269,5244
2023-03-22,5178.88720703125,5188.373262842837,4992.660953466933,5092.014906440925,3256
2023-03-23,5229.3134765625,5334.159364482886,5092.514556133044,5192.367782723887,4662
2023-03-27,5282.2353515625,5334.658292197099,5093.01349917666,5334.658292197099,5996
2023-03-28,5373.10205078125,5460.972889002538,5192.866979202358,5282.235615802419,4173
2023-03-29,5336.65576171875,5432.015594302554,5292.221075331532,5380.091915827603,5850
2023-03-30,5340.150390625,5391.0755345894495,5292.220843364342,5352.132777440164,3403
2023-03-31,5271.7509765625,5390.07704735001,5093.512971199037,5341.148967446314,3251
2023-04-03,5198.85791015625,5287.228010040784,5142.44084073844,5270.2529626053365,4311
2023-04-04,5177.3896484375,5241.794977718931,5022.617151714682,5241.794977718931,11262
2023-04-05,5171.89794921875,5201.8539176474715,5103.997754113648,5103.997754113648,4014
2023-04-10,5145.93603515625,5217.331092207511,5107.991809031104,5151.427962621731,4729
2023-04-11,5093.013671875,5191.369097162656,5047.580455117758,5049.5775195906035,9674
2023-04-12,5108.990234375,5152.426387056582,5044.085638414016,5044.085638414016,8666
2023-04-13,5170.39990234375,5181.8830230229605,5042.58777652297,5108.990170015797,18372
2023-04-14,5237.80078125,5240.297111810123,5114.482051579926,5119.474712700172,7612
2023-04-17,5480.4443359375,5590.282885077178,5232.309068108318,5242.294390757379,7118
2023-04-18,5447.49267578125,5691.633810274609,5292.220911307969,5491.927360791289,13371
2023-04-19,5298.2119140625,5486.934502030425,5246.787505171769,5486.934502030425,9037
2023-04-20,5436.5087890625,5491.927328467949,5165.407285484492,5165.407285484492,7325
2023-04-21,5533.86572265625,5681.648495473486,5412.044788306906,5491.4281020837325,6488
2023-04-24,5650.69384765625,5651.692379878843,5512.896400938356,5521.883190941697,5214
2023-04-25,5600.76708984375,5691.633519719981,5502.411668494203,5651.692231862297,7467
2023-04-26,5560.32666015625,5641.707035985061,5297.213420513407,5641.707035985061,2209
2023-04-27,5526.8759765625,5761.031788035654,5349.137236936823,5761.031788035654,4344
2023-04-28,5616.24462890625,5691.633813630656,5442.000751629311,5541.853976429849,4762
2023-05-02,5640.20947265625,5741.56049708302,5511.8980771996985,5641.707271046793,8605
2023-05-03,5657.1845703125,5701.619256285301,5537.360698026294,5660.679433254181,3473
2023-05-04,5590.28271484375,5691.633736645419,5577.301795795261,5657.683640672446,2991
2023-05-05,5669.1669921875,5731.575259384633,5586.788079487285,5586.788079487285,4117
2023-05-08,5729.0,5750.0,5591.0,5749.5,6471
2023-05-09,5838.5,5949.0,5655.0,5690.0,24224
2023-05-10,6495.5,6501.0,5950.0,5950.0,25315
2023-05-11,6858.5,6922.0,6600.0,6600.0,21266
2023-05-12,6816.5,7200.0,6710.0,6901.0,11702
2023-05-15,6872.0,6995.0,6650.0,6990.0,8766
2023-05-16,6827.0,6977.5,6751.5,6900.0,3691
2023-05-17,6811.0,6949.5,6751.5,6815.5,3830
2023-05-18,6875.0,6899.0,6700.5,6811.0,3992
2023-05-19,7412.0,7487.5,7030.0,7030.0,12673
2023-05-22,7735.5,7745.0,7500.0,7500.0,13797
2023-05-23,7844.5,7980.0,7750.0,7750.5,7473
2023-05-24,7641.5,7840.0,7608.0,7840.0,7930
2023-05-29,7696.0,7858.0,7508.5,7800.0,3546
2023-05-30,7578.0,7750.0,7401.0,7521.0,6109
2023-05-31,7547.0,7580.0,7450.0,7502.5,4258
2023-06-01,7576.5,7600.0,7410.0,7550.0,5868
2023-06-02,7565.0,7650.0,7400.0,7587.5,5974
2023-06-05,7580.0,7700.0,7500.0,7620.0,5225
2023-06-06,7696.5,7749.5,7580.0,7749.5,9666
2023-06-07,7650.0,7748.5,7350.0,7650.0,7304
2023-06-08,7660.0,7700.0,7480.0,7700.0,5258
2023-06-09,7693.5,7750.0,7590.0,7660.0,5863
2023-06-12,7640.0,7780.5,7501.0,7780.5,5254
2023-06-13,7604.5,7767.5,7550.0,7696.0,2192
2023-06-14,7396.0,7699.5,7360.0,7630.0,5440
2023-06-15,7497.5,7593.5,7440.0,7593.5,5674
2023-06-16,7649.5,7750.0,7500.0,7500.0,6957
2023-06-21,8289.0,8299.0,7553.0,7553.0,13899
2023-06-22,8226.5,8449.5,8140.0,8398.0,9032
2023-06-23,8791.0,8845.0,8230.0,8270.0,9324
2023-06-26,9306.0,9488.5,9030.0,9071.0,18124
2023-06-27,9146.5,9356.0,8964.0,9356.0,11776
2023-06-28,9097.0,9306.0,8851.5,9149.5,8274
2023-06-29,9078.0,9268.5,8845.0,9200.0,4414
2023-06-30,9188.0,9200.0,9000.0,9167.5,6470
2023-07-03,9170.5,9340.0,9000.0,9250.0,8533
2023-07-04,9189.5,9300.0,9110.0,9300.0,5627
2023-07-05,9191.0,9348.0,9001.0,9200.0,3355
2023-07-06,9064.0,9155.5,8861.0,9155.5,6808
2023-07-07,9194.0,9200.0,8941.0,9050.0,3672
2023-07-10,9096.0,9299.5,8903.0,9200.0,5542
2023-07-11,9019.0,9264.5,8871.0,8871.0,7620
2023-07-12,9114.0,9150.0,9020.0,9020.0,3035
2023-07-13,9278.0,9297.5,9121.0,9150.0,7346
2023-07-14,9163.0,9299.5,8899.5,9299.5,3249
2023-07-17,9162.5,9300.0,9020.0,9280.0,4158
2023-07-18,9096.5,9300.0,8980.5,9300.0,3108
2023-07-19,9081.0,9270.0,8990.0,9270.0,3097
2023-07-20,9274.5,9293.5,8905.5,9079.5,9427
2023-07-21,9852.5,9950.0,9006.0,9275.0,13589
2023-07-24,9980.0,10300.0,9853.0,9963.0,8459
2023-07-25,9940.0,10050.0,9576.0,9978.5,3841
2023-07-26,9719.5,10070.0,9545.0,9941.0,5940
2023-07-27,9597.5,9962.0,9401.5,9700.0,3617
2023-07-28,9780.5,9875.5,9597.5,9597.5,3568
2023-07-31,9578.0,9800.0,9510.0,9781.0,4496
2023-08-01,9483.5,9650.0,9355.0,9585.0,3664
2023-08-02,9142.0,9550.0,9050.0,9550.0,6606
2023-08-03,9155.0,9278.0,9000.0,9135.0,4909
2023-08-04,9159.5,9240.0,8950.0,9160.5,4669
2023-08-07,8958.0,9160.0,8850.0,9159.0,10090
2023-08-08,8956.5,9100.0,8831.0,8900.0,11729
2023-08-09,8871.0,9100.0,8655.0,8960.0,10224
2023-08-10,8987.5,9009.0,8800.5,9000.0,4286
2023-08-11,9104.0,9200.0,8900.0,8990.0,8466
2023-08-14,8814.5,8899.5,8050.0,8800.0,19857
2023-08-15,8828.0,9098.0,8501.0,8875.0,28611
2023-08-16,9031.5,9300.0,8660.0,8850.0,28125
2023-08-17,9366.5,9399.5,9032.0,9032.0,19788
2023-08-18,9410.0,9500.0,9180.0,9499.0,15644
2023-08-22,9145.0,9598.0,9100.0,9415.0,15520
2023-08-23,9023.0,9210.0,8805.0,9131.0,26964
2023-08-24,9074.0,9199.0,9000.0,9023.5,6477
2023-08-25,9169.0,9200.0,9045.0,9074.0,16778
2023-08-28,9723.5,9748.0,9123.5,9150.0,32139
2023-08-29,10102.0,10499.5,9765.0,9765.0,33687
2023-08-30,10105.5,10470.0,9875.0,10270.0,19624
2023-08-31,9746.0,10200.0,9375.0,10200.0,7292
2023-09-01,9757.5,9999.0,9670.0,9800.0,6736
2023-09-04,9646.0,9990.0,9575.5,9900.0,9260
2023-09-05,9483.5,9825.0,9301.5,9825.0,17074
2023-09-06,9194.0,9500.0,9117.0,9483.0,7302
2023-09-07,8889.5,9500.0,8760.0,9208.0,10271
2023-09-08,8553.0,9200.0,8500.0,8888.0,6405
2023-09-11,8165.5,8780.0,8081.0,8560.0,5404
2023-09-12,8439.0,8450.0,8110.0,8110.0,7991
2023-09-13,8567.5,8600.0,8340.5,8441.0,4640
2023-09-14,8772.0,8800.0,8589.0,8800.0,3944
2023-09-15,8729.0,8795.0,8616.0,8770.0,2043
2023-09-18,8703.0,8800.0,8605.0,8605.0,3831
2023-09-19,8592.5,8790.0,8450.0,8715.0,3211
2023-09-20,8578.5,8750.0,8450.5,8592.0,3861
2023-09-21,8238.0,8450.0,8180.0,8450.0,3632
2023-09-22,8317.0,8390.0,8101.0,8238.0,2494
2023-09-25,8394.0,8399.5,8102.5,8223.5,4650
2023-09-26,8240.0,8499.0,8201.5,8394.0,3635
2023-09-27,8204.0,8253.0,8115.5,8220.0,4887
2023-09-28,8438.5,8498.0,8110.0,8210.5,7113
2023-09-29,8352.5,8700.0,8125.0,8215.0,7717
2023-10-02,8653.0,8750.0,8137.0,8137.0,7482
2023-10-03,8430.0,8850.0,8198.0,8850.0,7136
2023-10-04,8443.0,8527.5,8250.5,8423.0,11494
2023-10-05,8473.5,8800.0,8350.0,8443.0,13836
2023-10-06,8627.0,8677.5,8400.0,8497.5,6882
2023-10-09,8669.5,8699.0,8402.0,8600.0,12589
2023-10-10,9089.5,9180.0,8502.0,8669.5,9529
2023-10-11,9379.5,9900.0,9100.0,9100.0,9386
2023-10-12,9761.0,9787.0,9132.5,9379.5,7730
2023-10-17,9911.5,9979.5,9761.0,9761.0,14677
2023-10-18,9865.0,9995.0,9803.0,9913.0,8433
2023-10-19,9431.5,9950.0,9251.5,9950.0,11268
2023-10-20,9726.5,9849.5,9330.0,9500.0,12027
2023-10-23,11456.0,12176.0,9726.5,9727.0,47602
2023-10-24,10584.5,12000.0,10450.0,11500.0,16009
2023-10-25,10139.0,10700.0,9677.0,10584.5,12340
2023-10-26,10065.5,10300.0,9902.0,10170.0,3166
2023-10-27,9959.5,10099.0,9501.0,10065.5,1976
2023-10-30,9241.5,10300.0,9001.0,10300.0,5373
2023-10-31,9886.0,10349.5,9051.0,9450.0,1532
2023-11-01,10144.0,10389.0,9820.0,10000.0,6512
2023-11-02,11285.0,11400.0,10150.0,10150.0,10462
2023-11-03,11299.0,11910.5,10655.0,11285.0,10235
2023-11-07,11281.5,11698.5,10801.0,11317.5,4874
2023-11-08,11147.5,11600.0,10574.5,11298.0,6988
2023-11-09,11511.0,11536.0,10900.5,11297.0,7233
2023-11-10,11944.0,11950.0,11292.5,11292.5,8320
2023-11-13,11945.5,12350.0,11601.0,11944.0,5413
2023-11-14,11570.0,12299.5,11200.5,11946.0,8432
2023-11-15,11748.0,11998.5,11421.0,11570.0,11370
2023-11-16,11388.5,11950.0,11101.0,11950.0,6444
2023-11-17,11159.0,11800.0,10490.0,11257.5,17642
2023-11-21,10809.0,12000.0,10061.0,12000.0,49175
2023-11-22,10808.5,11750.0,10200.0,10500.0,28470
2023-11-23,11155.0,11400.0,10800.0,10808.5,42579
2023-11-24,11053.0,11800.0,10720.5,11100.0,21025
2023-11-27,9971.0,11315.0,9900.0,11120.0,11901
2023-11-28,10096.5,10350.0,9001.0,10350.0,22040
2023-11-29,10634.0,11500.0,10010.5,10200.0,11799
2023-11-30,10670.0,10989.5,10350.0,10600.0,7184
2023-12-01,11167.0,11220.0,10250.0,10630.0,11285
2023-12-04,10793.0,11200.0,10510.0,11000.0,5593
2023-12-05,10924.5,10995.0,10504.5,10650.0,11008
2023-12-06,10761.0,11214.0,10514.5,11214.0,6455
2023-12-07,11733.0,11900.0,10600.0,10895.0,13004
2023-12-11,11728.5,11998.5,11505.0,11740.0,8684
2023-12-12,11938.0,11999.0,11600.0,11728.0,7329
2023-12-13,11945.0,12600.0,11151.5,11938.0,9030
2023-12-14,11847.0,12400.0,11500.5,12140.0,11568
2023-12-15,11981.5,12130.0,11505.0,12000.0,11136
2023-12-18,11622.0,12499.0,11010.0,12100.0,7749
2023-12-19,11639.5,11849.5,11196.0,11622.0,7585
2023-12-20,11105.0,11639.0,11001.0,11639.0,13041
2023-12-21,11097.5,11499.0,10666.0,10898.0,15537
2023-12-22,10671.5,11199.5,10508.0,11187.5,5191
2023-12-26,10282.0,10600.0,10101.0,10600.0,9398
2023-12-27,10213.0,10507.0,10050.0,10507.0,6181
2023-12-28,10254.0,10398.5,9521.0,10332.0,8836
2023-12-29,10390.5,10599.0,10254.5,10299.0,5399
2024-01-02,10081.5,10545.0,9720.0,10390.5,5680
2024-01-03,10077.0,10200.0,9920.0,10103.5,17172
2024-01-04,10395.0,10418.0,10101.0,10148.0,13987
2024-01-05,12252.0,12350.0,10401.0,10671.0,30750
2024-01-08,14206.5,14500.0,12400.0,12400.0,45963
2024-01-09,15641.0,16200.0,14450.0,14485.0,66184
2024-01-10,16032.0,16899.0,15100.0,15900.0,38681
2024-01-11,15100.0,16599.0,14900.0,16500.0,24308
2024-01-12,14644.5,15600.0,14500.0,15600.0,13373
2024-01-15,14417.5,14900.0,14200.0,14644.5,7582
2024-01-16,16223.5,16400.0,14101.0,14800.0,17704
2024-01-17,16410.5,17000.0,15662.0,16297.0,23132
2024-01-18,16156.0,16750.0,15750.0,16676.0,26090
2024-01-19,16106.5,16350.0,15810.5,16150.0,9206
2024-01-22,16367.5,16700.0,16106.5,16700.0,9068
2024-01-23,15850.0,17190.0,15500.5,16380.0,6907
2024-01-24,15944.0,16139.5,15601.0,15851.0,7578
2024-01-25,15668.5,16389.5,15502.0,16000.0,9204
2024-01-26,15810.5,16369.5,15700.0,15700.0,7206
2024-01-29,15355.5,15815.0,14901.0,15815.0,6899
2024-01-30,15207.5,15500.0,14901.5,15200.5,7648
2024-01-31,14846.5,15416.0,14600.0,15416.0,6002
2024-02-01,14941.0,15100.0,14610.0,14800.5,7155
2024-02-02,14896.0,15198.5,14600.0,14999.5,8612
2024-02-05,14804.5,15100.0,14176.5,15000.0,6940
2024-02-06,14354.0,14999.0,14202.5,14810.0,3651
2024-02-07,13587.0,14150.0,13002.0,14150.0,6303
2024-02-08,13392.5,13999.0,13300.0,13560.5,8391
2024-02-09,14060.5,14300.0,13151.0,13392.5,6081
2024-02-14,13720.5,14359.0,13590.0,14083.0,2927
2024-02-15,14003.5,14500.0,13501.0,13501.0,5846
2024-02-16,14008.0,14498.0,13510.0,13875.0,6339
2024-02-19,13934.0,14449.0,13600.0,14449.0,5152
2024-02-20,13559.5,14180.0,13400.0,13934.0,4764
2024-02-21,13004.5,13889.0,12870.0,13500.0,5234
2024-02-22,13089.0,13261.5,12430.0,13027.0,5475
2024-02-23,12758.0,13299.5,12601.0,13299.5,4928
2024-02-26,12240.5,12779.5,12055.0,12779.5,6376
2024-02-27,11487.0,12299.0,11301.0,12299.0,6623
2024-02-28,11183.0,11498.0,10903.0,11345.0,6269
2024-02-29,11196.0,11489.5,10980.5,11200.0,7710
2024-03-01,11334.5,11500.0,10997.0,11202.5,6533
2024-03-04,11506.0,12000.0,11340.0,11600.0,5631
2024-03-05,10895.0,11890.0,10800.5,11506.0,5117
2024-03-06,10957.0,11318.5,10651.5,11100.0,8875
2024-03-07,10698.5,11180.0,10401.0,11003.0,7498
2024-03-08,12066.0,12300.0,10400.0,10799.0,22191
2024-03-11,11142.5,12150.0,11011.0,12150.0,5404
2024-03-12,11450.5,11499.5,10751.0,10999.5,12831
2024-03-13,11726.0,11798.0,10971.0,11798.0,11200
2024-03-14,11455.0,11725.0,11100.0,11725.0,11773
2024-03-15,11964.0,12000.0,11100.0,11450.0,10573
2024-03-18,12292.0,12337.0,11536.0,11964.0,9462
2024-03-19,13850.5,14150.0,12300.0,12393.5,23042
2024-03-20,13885.0,14524.5,13210.0,14151.0,16266
2024-03-21,13972.0,14100.0,13656.5,14000.0,7251
2024-03-22,14211.5,14297.0,13451.0,13882.0,9767
2024-03-25,13763.5,14250.0,13651.0,14250.0,4442
2024-03-26,13292.0,13999.5,13000.5,13656.0,4557
2024-03-27,13415.0,13503.0,13010.0,13200.0,3828
2024-04-03,13176.0,13500.0,12701.0,13400.0,9942
2024-04-04,12963.0,13340.0,12901.0,13340.0,5432
2024-04-05,13173.5,13480.0,12556.0,12960.0,9346
2024-04-08,12932.5,13200.0,12807.5,13200.0,12275
2024-04-09,12733.5,13000.0,12563.0,12959.0,13068
2024-04-10,12975.5,13000.0,12546.5,12810.0,5077
2024-04-11,14049.5,14354.0,12752.0,13006.0,5352
2024-04-12,14000.5,14750.0,13601.5,14049.5,7139
2024-04-15,13164.0,14024.0,13001.0,14024.0,7841
2024-04-16,13244.5,13500.0,12825.5,13500.0,23109
2024-04-17,13762.0,13800.0,13000.0,13000.0,11881
2024-04-18,13774.0,14199.0,13405.0,13836.0,10176
2024-04-19,13774.0,13945.0,13450.0,13750.0,4216
2024-04-22,14012.5,14327.5,13800.0,14324.0,7077
2024-04-23,13885.0,14250.0,13700.5,14080.0,4552
2024-04-24,13849.5,14147.5,13431.0,13754.0,4561
2024-04-25,14029.5,14100.0,13500.5,14000.0,3977
2024-04-26,14651.0,14849.5,13746.0,14000.0,6746
2024-04-29,14342.5,14999.0,14236.0,14748.0,7090
2024-04-30,14000.0,14500.0,13629.0,14455.0,38066
2024-05-02,14645.0,14822.5,13700.0,14000.0,6063
2024-05-03,14864.5,15000.0,14500.0,14994.0,8321
2024-05-06,15251.5,15360.0,14700.0,14937.0,14701
2024-05-07,15497.0,15559.0,15265.0,15265.0,10072
2024-05-08,15610.5,16100.0,15001.0,15500.0,15622
2024-05-09,15323.5,15600.0,15008.5,15600.0,5151
2024-05-10,15481.5,15745.0,14901.5,15325.0,5491
2024-05-13,15355.0,15400.0,14800.0,15400.0,4757
2024-05-14,15337.5,15398.0,15121.0,15300.0,6421
2024-05-15,16082.0,16100.0,15252.5,15300.0,9548
2024-05-16,16528.0,16662.0,16088.0,16088.0,10797
2024-05-17,16274.5,16700.0,15500.0,16594.0,12977
2024-05-20,16436.0,16454.0,15810.5,16398.0,7069
2024-05-21,16460.5,16699.5,16300.0,16451.0,5780
2024-05-22,16272.5,16770.0,16079.0,16500.0,8716
2024-05-23,16668.5,16699.0,16008.0,16290.0,7474
2024-05-24,16534.0,16649.0,16253.0,16649.0,2597
2024-05-27,16630.5,16898.5,15825.0,16300.0,4054
2024-05-28,16363.0,16990.0,15900.0,16900.0,5306
2024-05-29,17119.5,17185.0,16107.5,16453.0,13420
2024-05-30,17741.5,17850.0,17160.0,17160.0,12708
2024-05-31,17891.0,17949.0,17251.5,17740.0,7020
2024-06-03,18730.5,18789.5,17800.0,17800.0,12480
2024-06-04,18369.5,18715.0,17600.0,18715.0,6145
2024-06-05,18190.0,18545.0,17601.5,18372.5,7616
2024-06-06,17710.0,18699.0,17501.5,18200.0,4901
2024-06-07,17748.5,17800.0,17500.0,17710.0,6535
2024-06-10,18078.0,18500.0,17350.5,17700.0,5843
2024-06-11,18393.5,18489.5,17820.5,18199.0,3519
2024-06-12,18758.5,18796.0,17806.5,18796.0,5471
2024-06-13,19447.5,19999.0,19200.0,19200.0,8239
2024-06-14,19855.0,19900.0,19410.5,19500.0,5471
2024-06-18,19972.0,20150.0,19700.0,19900.0,4898
2024-06-19,20104.0,20499.0,19900.0,19971.0,4675
2024-06-24,19620.5,19990.0,18805.0,19990.0,5521
2024-06-25,19390.5,19996.5,19200.0,19300.0,2866
2024-06-26,19519.5,19797.5,19101.0,19300.0,7934
2024-06-27,19908.5,20069.5,19200.5,19650.0,9117
2024-06-28,19824.0,20600.0,19345.0,20550.0,4338
2024-07-01,19497.0,19998.0,19302.5,19998.0,3865
2024-07-02,19687.5,20053.0,19505.5,19700.0,2078
2024-07-03,19424.5,19999.5,19201.5,19999.5,3105
2024-07-04,19539.5,19750.0,19425.0,19425.0,2123
2024-07-05,19494.5,19799.5,19240.0,19540.0,4805
2024-07-08,19876.5,19988.0,19220.5,19500.0,3374
2024-07-10,20025.0,20075.0,19525.0,19900.0,8136
2024-07-11,21025.0,21225.0,20200.0,20200.0,14741
2024-07-12,21850.0,21875.0,20900.0,21225.0,16656
2024-07-15,19675.0,21975.0,19550.0,21975.0,20338
2024-07-16,20250.0,20650.0,18500.0,19625.0,3684
2024-07-17,19975.0,20525.0,19725.0,20300.0,4423
2024-07-18,20000.0,20275.0,19700.0,20100.0,3970
2024-07-19,19975.0,20425.0,19700.0,20300.0,3992
2024-07-22,20025.0,20300.0,19375.0,20300.0,20679
2024-07-23,20350.0,20500.0,19550.0,19925.0,8676
2024-07-24,19850.0,20550.0,19600.0,20550.0,5266
2024-07-25,19800.0,20575.0,19550.0,20575.0,3958
2024-07-26,19500.0,20000.0,19200.0,19200.0,8090
2024-07-29,18850.0,20175.0,18600.0,19900.0,11351
2024-07-30,18025.0,19200.0,17875.0,18800.0,5265
2024-07-31,18500.0,19200.0,18025.0,18025.0,1673
2024-08-01,18550.0,19100.0,17750.0,18500.0,4953
2024-08-02,18225.0,18525.0,17550.0,18525.0,1552
2024-08-05,17800.0,18200.0,16700.0,17600.0,3989
2024-08-06,18150.0,18575.0,17800.0,17825.0,5639
2024-08-07,18325.0,18500.0,17525.0,18400.0,2442
2024-08-08,19025.0,19275.0,18425.0,19100.0,5509
2024-08-09,19150.0,19500.0,18875.0,19200.0,4172
2024-08-12,18850.0,19575.0,18750.0,19575.0,5898
2024-08-13,19525.0,19600.0,18375.0,18800.0,7173
2024-08-14,19525.0,19875.0,18850.0,18875.0,2606
2024-08-15,19150.0,19600.0,18850.0,19550.0,5651
2024-08-16,19200.0,19500.0,18925.0,19500.0,3841
2024-08-19,19050.0,19500.0,18900.0,19500.0,3586
2024-08-20,19075.0,19150.0,18800.0,19050.0,3377
2024-08-21,19400.0,19450.0,18875.0,18875.0,4419
2024-08-22,19025.0,19425.0,18800.0,19425.0,6395
2024-08-23,19000.0,19450.0,18775.0,19100.0,18749
2024-08-26,19075.0,19400.0,18850.0,19400.0,11025
2024-08-27,19175.0,19325.0,18900.0,19100.0,2110
2024-08-28,19125.0,19250.0,19025.0,19250.0,2926
2024-08-29,19225.0,19375.0,19025.0,19025.0,6217
2024-08-30,19800.0,19925.0,19225.0,19450.0,12423
2024-09-02,20125.0,20150.0,19750.0,19800.0,4447
2024-09-03,20075.0,20275.0,19525.0,20150.0,3445
2024-09-04,20700.0,20800.0,19925.0,20325.0,6290
2024-09-05,20875.0,21100.0,20500.0,20800.0,6304
2024-09-06,21175.0,21300.0,20800.0,20900.0,5033
2024-09-09,21325.0,21375.0,20450.0,21175.0,4731
2024-09-10,21100.0,21300.0,20700.0,21300.0,3492
2024-09-11,21300.0,21400.0,20575.0,20575.0,6178
2024-09-12,21400.0,21975.0,21000.0,21375.0,4646
2024-09-13,21425.0,21500.0,20500.0,21500.0,1389
2024-09-16,22325.0,22475.0,21275.0,21500.0,5467
2024-09-17,21925.0,22450.0,21525.0,22450.0,2224
2024-09-18,21400.0,22050.0,20800.0,22050.0,6222
2024-09-19,21500.0,21900.0,21225.0,21225.0,2762
2024-09-20,21150.0,21875.0,20975.0,21575.0,2102
2024-09-23,20500.0,21100.0,20225.0,20800.0,2713
2024-09-24,20250.0,20775.0,20050.0,20125.0,3561
2024-09-25,20600.0,20900.0,20000.0,20250.0,4040
2024-09-26,20425.0,20875.0,20025.0,20725.0,3623
2024-09-27,20425.0,20900.0,20100.0,20375.0,8154
2024-09-30,20275.0,20800.0,20175.0,20275.0,1199
2024-10-01,20750.0,20900.0,19400.0,20350.0,4477
2024-10-02,20725.0,20875.0,20200.0,20875.0,4077
2024-10-03,20875.0,20925.0,20200.0,20725.0,3996
2024-10-04,20850.0,21550.0,20500.0,20975.0,3493
2024-10-07,20750.0,20975.0,20025.0,20025.0,5903
2024-10-08,20550.0,20975.0,20300.0,20300.0,1683
2024-10-09,21025.0,21275.0,19625.0,20550.0,3820
2024-10-10,21275.0,21475.0,20025.0,21075.0,3853
2024-10-14,21350.0,21775.0,20500.0,21700.0,2221
2024-10-15,21800.0,22000.0,20425.0,20500.0,5710
2024-10-16,21950.0,22225.0,21700.0,22175.0,7489
2024-10-17,22150.0,22275.0,21850.0,22275.0,5423
2024-10-18,22825.0,22875.0,22100.0,22100.0,4920
2024-10-21,22600.0,23475.0,22100.0,22825.0,5828
2024-10-22,21900.0,22900.0,21525.0,22600.0,6207
2024-10-23,21725.0,22050.0,21350.0,22050.0,6346
2024-10-24,22075.0,22400.0,20975.0,21825.0,4003
2024-10-25,22225.0,22400.0,21575.0,21575.0,2707
2024-10-28,22300.0,22450.0,21900.0,21925.0,2511
2024-10-29,22700.0,22800.0,22000.0,22025.0,5210
2024-10-30,23150.0,23475.0,22500.0,23000.0,7504
2024-10-31,23250.0,24000.0,22225.0,23500.0,4307
2024-11-01,23575.0,24100.0,23000.0,24000.0,7277
2024-11-04,23175.0,23800.0,22750.0,23025.0,7680
2024-11-05,23400.0,23500.0,22675.0,22675.0,3282
2024-11-06,23700.0,23900.0,23500.0,23725.0,2836
2024-11-07,23650.0,24225.0,23150.0,24200.0,3218
2024-11-08,23375.0,23700.0,22250.0,23700.0,4975
2024-11-11,23625.0,23700.0,22925.0,23425.0,3167
2024-11-12,23750.0,23800.0,23200.0,23700.0,4445
2024-11-13,23750.0,23800.0,23300.0,23700.0,5224
2024-11-14,24025.0,24150.0,23475.0,23750.0,7666
2024-11-15,23875.0,24350.0,23650.0,24000.0,6993
2024-11-19,23975.0,24100.0,23025.0,24000.0,8084
2024-11-20,24300.0,24975.0,23525.0,23800.0,11956
2024-11-21,24650.0,24900.0,24425.0,24500.0,5499
2024-11-22,25325.0,25400.0,23775.0,24700.0,9189
2024-11-25,26900.0,27000.0,25300.0,25300.0,18920
2024-11-26,27550.0,27600.0,27000.0,27500.0,13576
2024-11-27,26800.0,27900.0,26250.0,27875.0,9939
2024-11-28,26950.0,27200.0,26025.0,26975.0,9581
2024-11-29,27200.0,27300.0,26525.0,26975.0,5340
2024-12-02,27200.0,27875.0,26025.0,27500.0,7887
2024-12-03,26925.0,27725.0,26600.0,27250.0,10160
2024-12-04,26650.0,27300.0,26275.0,26925.0,8803
2024-12-05,26825.0,26975.0,26300.0,26650.0,5022
2024-12-06,26975.0,27675.0,26475.0,27175.0,4829
2024-12-09,26800.0,27300.0,26250.0,27300.0,3700
2024-12-10,26700.0,27475.0,26525.0,27475.0,3627
2024-12-11,26775.0,26800.0,26050.0,26800.0,6824
2024-12-12,26600.0,27400.0,26375.0,26775.0,3586
2024-12-13,26500.0,27150.0,26300.0,26600.0,10482
2024-12-16,26750.0,26900.0,26425.0,26600.0,10726
2024-12-17,27050.0,27500.0,25900.0,26875.0,14065
2024-12-18,26250.0,27500.0,26225.0,27400.0,16091
2024-12-19,25525.0,26925.0,25100.0,26000.0,30399
2024-12-20,26175.0,26225.0,25100.0,25525.0,8080
2024-12-23,26200.0,26500.0,25100.0,26500.0,6676
2024-12-24,25950.0,26400.0,25600.0,25600.0,3469
2024-12-26,26200.0,26300.0,25925.0,26050.0,8676
2024-12-27,26025.0,26250.0,25725.0,26200.0,4591
2024-12-30,26075.0,26475.0,25650.0,26325.0,4687
2025-01-02,26575.0,26900.0,25675.0,26050.0,4661
2025-01-03,26675.0,27475.0,26100.0,26575.0,7399
2025-01-06,26775.0,27075.0,26275.0,27075.0,5991
2025-01-07,26850.0,27000.0,26350.0,27000.0,5585
2025-01-08,26875.0,27000.0,26100.0,26200.0,16282
2025-01-09,27275.0,27475.0,26150.0,27000.0,5756
2025-01-10,27375.0,27500.0,27000.0,27500.0,4178
2025-01-13,27150.0,27500.0,26550.0,27500.0,5136
2025-01-14,27225.0,27650.0,26525.0,27000.0,5875
2025-01-15,27425.0,27725.0,26200.0,27600.0,5514
2025-01-16,27075.0,27500.0,26500.0,27500.0,3064
2025-01-17,26150.0,27200.0,25125.0,27200.0,5651
2025-01-20,26750.0,27050.0,25150.0,26250.0,4732
2025-01-21,27275.0,27300.0,26000.0,26700.0,5884
2025-01-22,27400.0,27750.0,26700.0,27275.0,3754
2025-01-23,27375.0,27550.0,26525.0,27550.0,3376
2025-01-24,27050.0,27575.0,26525.0,27425.0,4504
2025-01-27,26050.0,27000.0,25525.0,27000.0,4267
2025-01-28,26425.0,27125.0,25600.0,26800.0,5604
2025-01-29,26475.0,26950.0,25900.0,25925.0,2847
2025-01-30,27325.0,27625.0,26300.0,26550.0,8746
2025-01-31,27150.0,27800.0,26675.0,27700.0,7336
2025-02-03,27300.0,27600.0,26350.0,27600.0,4191
2025-02-04,27050.0,27600.0,26300.0,26300.0,3420
2025-02-05,26750.0,27300.0,26200.0,27300.0,18425
2025-02-06,26500.0,27375.0,26375.0,26800.0,5252
2025-02-07,26350.0,27000.0,26050.0,26650.0,1749
2025-02-10,26175.0,27100.0,25525.0,26300.0,5021
2025-02-11,25150.0,26725.0,24550.0,26650.0,4380
2025-02-12,25000.0,25400.0,24025.0,24600.0,5912
2025-02-13,25025.0,25850.0,24550.0,24550.0,3777
2025-02-14,25525.0,25900.0,24775.0,25150.0,3313
2025-02-17,24875.0,25375.0,24150.0,25375.0,3057
2025-02-18,25125.0,25300.0,24200.0,24875.0,4673
2025-02-19,25050.0,25400.0,24725.0,25025.0,2617
2025-02-20,25125.0,25475.0,24550.0,25100.0,1590
2025-02-21,24525.0,25875.0,24300.0,25300.0,3514
2025-02-24,24875.0,25175.0,24325.0,24550.0,3549
2025-02-25,24825.0,25200.0,24350.0,24400.0,5191
2025-02-26,24700.0,24875.0,24425.0,24425.0,5124
2025-02-27,24000.0,24800.0,23825.0,24500.0,2979
2025-02-28,23850.0,24500.0,22600.0,24500.0,1684
2025-03-05,23725.0,23975.0,23225.0,23850.0,2636
2025-03-06,23425.0,24200.0,22700.0,23550.0,2766
2025-03-07,23725.0,24075.0,22925.0,23450.0,1699
2025-03-10,22825.0,23675.0,21600.0,22750.0,3285
2025-03-11,23075.0,23975.0,22700.0,23000.0,7355
2025-03-12,24500.0,24500.0,23150.0,23150.0,4580
2025-03-13,25975.0,26300.0,25000.0,25000.0,13438
2025-03-14,27600.0,27675.0,26075.0,26475.0,12085
2025-03-17,27425.0,29500.0,26200.0,28275.0,9142
2025-03-18,27050.0,27400.0,26525.0,27400.0,3110
2025-03-19,27200.0,28000.0,25500.0,27050.0,4082
2025-03-20,26600.0,27575.0,26025.0,26625.0,6299
2025-03-21,26175.0,26700.0,26000.0,26000.0,7622
2025-03-25,26375.0,26875.0,25625.0,26175.0,3737
2025-03-26,25325.0,26950.0,25150.0,26475.0,10424
2025-03-27,25000.0,25500.0,24700.0,25350.0,9247
2025-03-28,24050.0,25475.0,23625.0,25000.0,10200
2025-03-31,24000.0,24400.0,22900.0,24050.0,6440
2025-04-01,23575.0,24425.0,23025.0,24425.0,25250
2025-04-03,24600.0,25000.0,22775.0,23500.0,7283
2025-04-04,23300.0,24700.0,22450.0,24700.0,7198
2025-04-07,22675.0,23250.0,21850.0,22750.0,4774
2025-04-08,22050.0,24000.0,21700.0,23000.0,7019
2025-04-09,23225.0,23425.0,21025.0,22200.0,4777
2025-04-10,21975.0,23575.0,21250.0,23350.0,4017
2025-04-11,22950.0,23500.0,22200.0,22725.0,7496
2025-04-14,23550.0,24800.0,22375.0,24000.0,4449
2025-04-15,23275.0,24100.0,22000.0,23750.0,4037
