Price,('Close', 'PAMP.BA'),('High', 'PAMP.BA'),('Low', 'PAMP.BA'),('Open', 'PAMP.BA'),('Volume', 'PAMP.BA')
Ticker,PAMP.BA,PAMP.BA,PAMP.BA,PAMP.BA,PAMP.BA
Date,,,,,
2020-04-17,41.70000076293945,45.0,41.0,44.0,721440
2020-04-20,42.150001525878906,42.54999923706055,41.099998474121094,41.599998474121094,688567
2020-04-21,42.150001525878906,43.29999923706055,41.75,41.75,562824
2020-04-22,43.650001525878906,44.400001525878906,42.70000076293945,43.54999923706055,500679
2020-04-23,43.70000076293945,44.650001525878906,43.150001525878906,44.0,515356
2020-04-24,42.45000076293945,43.70000076293945,40.0,43.54999923706055,463650
2020-04-27,43.20000076293945,43.29999923706055,41.0,42.0,491092
2020-04-28,46.099998474121094,46.5,43.29999923706055,44.0,1161600
2020-04-29,46.349998474121094,47.5,43.849998474121094,46.650001525878906,1425209
2020-04-30,46.04999923706055,46.95000076293945,44.599998474121094,46.0,584075
2020-05-04,45.0,45.29999923706055,43.0,44.5,1073190
2020-05-05,48.25,48.45000076293945,45.0,45.79999923706055,1531314
2020-05-06,48.70000076293945,49.849998474121094,46.20000076293945,47.0,1056724
2020-05-07,49.599998474121094,50.5,47.54999923706055,48.79999923706055,1666138
2020-05-08,50.400001525878906,52.45000076293945,50.0,50.5,1189687
2020-05-11,53.79999923706055,53.849998474121094,48.0,50.400001525878906,1071816
2020-05-12,53.849998474121094,56.5,53.20000076293945,53.20000076293945,1626359
2020-05-13,52.25,54.0,51.70000076293945,53.5,217194
2020-05-14,54.849998474121094,55.400001525878906,51.5,52.0,911013
2020-05-15,53.70000076293945,58.0,53.0,55.099998474121094,1916405
2020-05-18,55.75,56.70000076293945,53.0,55.849998474121094,1657453
2020-05-19,53.79999923706055,56.0,53.400001525878906,55.70000076293945,835893
2020-05-20,52.849998474121094,55.0,51.54999923706055,54.04999923706055,700008
2020-05-21,56.95000076293945,57.099998474121094,52.79999923706055,52.849998474121094,1268683
2020-05-22,54.29999923706055,57.29999923706055,53.25,56.0,1415675
2020-05-26,53.650001525878906,56.5,53.0,55.0,692346
2020-05-27,49.849998474121094,54.099998474121094,49.0,54.0,3952648
2020-05-28,48.900001525878906,50.599998474121094,48.0,50.5,1071078
2020-05-29,47.599998474121094,50.400001525878906,45.150001525878906,49.099998474121094,1270401
2020-06-01,50.349998474121094,50.849998474121094,48.20000076293945,49.0,633298
2020-06-02,52.150001525878906,52.29999923706055,50.349998474121094,51.0,1762759
2020-06-03,52.650001525878906,53.349998474121094,51.150001525878906,52.5,3330641
2020-06-04,51.25,53.0,50.5,52.650001525878906,1467354
2020-06-05,53.70000076293945,54.5,52.099998474121094,52.900001525878906,2696886
2020-06-08,57.45000076293945,57.70000076293945,54.79999923706055,55.0,2897271
2020-06-09,54.25,55.70000076293945,51.70000076293945,55.5,1951947
2020-06-10,53.45000076293945,54.25,52.0,53.849998474121094,2533577
2020-06-11,49.150001525878906,52.25,48.099998474121094,52.25,2319555
2020-06-12,49.150001525878906,51.20000076293945,48.099998474121094,50.0,1358155
2020-06-16,47.849998474121094,50.29999923706055,47.5,49.150001525878906,1631666
2020-06-17,45.5,48.099998474121094,45.20000076293945,48.099998474121094,870605
2020-06-18,42.849998474121094,44.95000076293945,42.5,44.95000076293945,932996
2020-06-19,45.75,46.5,43.900001525878906,44.5,1546024
2020-06-22,44.400001525878906,47.0,43.0,45.70000076293945,2385517
2020-06-23,44.54999923706055,46.20000076293945,44.0,45.25,2476974
2020-06-24,44.349998474121094,45.5,43.5,44.45000076293945,864242
2020-06-25,47.70000076293945,48.150001525878906,45.29999923706055,45.29999923706055,1185893
2020-06-26,45.29999923706055,48.0,45.0,48.0,1044679
2020-06-29,45.70000076293945,47.0,44.5,45.70000076293945,1678763
2020-06-30,45.0,45.900001525878906,44.29999923706055,45.400001525878906,1661541
2020-07-01,47.650001525878906,48.0,45.29999923706055,45.5,639165
2020-07-02,46.0,48.849998474121094,42.79999923706055,47.79999923706055,1219362
2020-07-03,47.45000076293945,48.0,45.75,45.75,663507
2020-07-06,50.599998474121094,51.54999923706055,49.5,49.5,2501189
2020-07-07,49.79999923706055,50.70000076293945,48.400001525878906,50.099998474121094,1150369
2020-07-08,50.900001525878906,51.5,50.099998474121094,50.20000076293945,848057
2020-07-13,51.0,52.150001525878906,50.0,51.20000076293945,2170564
2020-07-14,51.79999923706055,52.099998474121094,50.5,51.20000076293945,544925
2020-07-15,52.70000076293945,52.95000076293945,51.79999923706055,52.5,746261
2020-07-16,52.349998474121094,52.900001525878906,51.099998474121094,52.0,622608
2020-07-17,51.70000076293945,53.04999923706055,50.599998474121094,52.349998474121094,1559970
2020-07-20,52.849998474121094,53.150001525878906,51.29999923706055,51.70000076293945,1233512
2020-07-21,54.849998474121094,55.79999923706055,53.099998474121094,53.099998474121094,1789053
2020-07-22,56.45000076293945,57.849998474121094,53.29999923706055,54.79999923706055,1913510
2020-07-23,56.150001525878906,59.5,55.20000076293945,57.0,1757430
2020-07-24,57.349998474121094,57.75,54.349998474121094,55.95000076293945,2088502
2020-07-27,55.75,58.599998474121094,55.5,58.0,2156380
2020-07-28,54.5,57.29999923706055,54.0,55.75,1278424
2020-07-29,53.650001525878906,55.900001525878906,53.04999923706055,55.04999923706055,981591
2020-07-30,54.54999923706055,54.599998474121094,52.20000076293945,53.0,923046
2020-07-31,54.20000076293945,54.900001525878906,53.5,54.54999923706055,710560
2020-08-03,59.849998474121094,61.25,54.20000076293945,55.0,2865717
2020-08-04,58.95000076293945,64.0,57.0,62.25,3104785
2020-08-05,56.900001525878906,60.5,56.0,59.5,1181577
2020-08-06,57.45000076293945,58.0,56.04999923706055,58.0,640266
2020-08-07,58.849998474121094,59.0,56.849998474121094,57.5,707248
2020-08-10,58.04999923706055,60.0,57.650001525878906,59.0,974182
2020-08-11,57.099998474121094,58.5,56.75,57.900001525878906,1393000
2020-08-12,55.95000076293945,58.150001525878906,55.099998474121094,57.20000076293945,1711855
2020-08-13,57.900001525878906,58.70000076293945,55.349998474121094,56.0,1169941
2020-08-14,57.099998474121094,58.099998474121094,56.20000076293945,57.900001525878906,837500
2020-08-18,55.849998474121094,56.5,53.650001525878906,56.0,716560
2020-08-19,57.900001525878906,58.400001525878906,54.849998474121094,54.849998474121094,1062653
2020-08-20,58.79999923706055,58.95000076293945,56.75,57.75,808063
2020-08-21,58.900001525878906,61.54999923706055,56.70000076293945,58.79999923706055,1885145
2020-08-24,58.25,59.45000076293945,56.70000076293945,58.849998474121094,1149439
2020-08-25,57.75,58.900001525878906,56.29999923706055,56.29999923706055,1024565
2020-08-26,58.150001525878906,59.29999923706055,57.849998474121094,58.0,992838
2020-08-27,57.25,59.599998474121094,56.45000076293945,59.0,840400
2020-08-28,59.5,60.5,56.5,57.099998474121094,1296177
2020-08-31,59.5,60.20000076293945,58.599998474121094,60.0,449527
2020-09-01,60.0,60.0,58.099998474121094,58.099998474121094,650706
2020-09-02,58.45000076293945,59.95000076293945,58.20000076293945,59.95000076293945,352163
2020-09-03,58.25,59.849998474121094,57.0,58.0,529813
2020-09-04,59.099998474121094,59.400001525878906,56.650001525878906,59.400001525878906,376231
2020-09-07,58.599998474121094,59.0,58.0,59.0,134348
2020-09-08,59.20000076293945,59.45000076293945,56.54999923706055,57.900001525878906,514612
2020-09-09,60.5,61.0,59.0,59.900001525878906,579160
2020-09-10,62.0,62.25,59.900001525878906,60.29999923706055,1383661
2020-09-11,60.95000076293945,62.0,59.900001525878906,61.95000076293945,579401
2020-09-14,59.099998474121094,61.5,58.5,61.5,556559
2020-09-15,58.849998474121094,60.45000076293945,57.25,59.0,607050
2020-09-16,56.650001525878906,58.400001525878906,54.900001525878906,58.29999923706055,836654
2020-09-17,55.099998474121094,56.0,53.0,56.0,2354378
2020-09-18,58.79999923706055,59.0,53.099998474121094,53.099998474121094,977292
2020-09-21,59.04999923706055,59.900001525878906,56.099998474121094,58.29999923706055,1050466
2020-09-22,60.400001525878906,60.70000076293945,57.79999923706055,58.099998474121094,884314
2020-09-23,57.650001525878906,60.5,57.54999923706055,60.29999923706055,2993174
2020-09-24,58.0,58.599998474121094,57.5,58.0,770118
2020-09-25,60.29999923706055,60.650001525878906,57.099998474121094,58.5,310667
2020-09-28,60.400001525878906,61.5,58.0,61.0,328879
2020-09-29,60.45000076293945,60.95000076293945,58.599998474121094,59.099998474121094,223992
2020-09-30,59.650001525878906,61.20000076293945,58.79999923706055,60.45000076293945,1321683
2020-10-01,61.70000076293945,62.29999923706055,59.5,61.20000076293945,664759
2020-10-02,64.55000305175781,65.0,60.5,61.5,846431
2020-10-05,65.8499984741211,66.5,64.0,64.5,905219
2020-10-06,63.150001525878906,67.4000015258789,62.5,65.0999984741211,998222
2020-10-07,63.849998474121094,64.55000305175781,61.79999923706055,63.150001525878906,1360155
2020-10-08,64.80000305175781,65.25,62.45000076293945,63.099998474121094,659732
2020-10-09,66.6500015258789,67.30000305175781,64.0,64.80000305175781,711107
2020-10-13,71.05000305175781,71.25,67.0,67.0,2486228
2020-10-14,75.0999984741211,75.5,69.55000305175781,69.55000305175781,1267177
2020-10-15,77.3499984741211,77.69999694824219,73.5999984741211,75.0999984741211,1292241
2020-10-16,78.0999984741211,78.94999694824219,76.3499984741211,77.5,1082914
2020-10-19,78.8499984741211,81.0,77.0,79.9000015258789,804230
2020-10-20,81.19999694824219,81.30000305175781,77.4000015258789,78.55000305175781,1190239
2020-10-21,79.55000305175781,82.30000305175781,78.5,81.30000305175781,769255
2020-10-22,84.30000305175781,84.9000015258789,77.0,78.5,1015002
2020-10-23,85.44999694824219,86.0,80.0,84.30000305175781,709646
2020-10-26,81.5,86.25,80.4000015258789,85.0,528540
2020-10-27,77.6500015258789,84.69999694824219,77.0,80.0,1025324
2020-10-28,69.75,76.80000305175781,69.0,76.80000305175781,917303
2020-10-29,70.8499984741211,72.0,68.69999694824219,69.0,341754
2020-10-30,73.05000305175781,74.0,69.30000305175781,71.69999694824219,552983
2020-11-02,74.94999694824219,75.25,72.4000015258789,73.0,290005
2020-11-03,74.94999694824219,78.5999984741211,74.25,74.80000305175781,591156
2020-11-04,77.0,78.0,75.0999984741211,75.0999984741211,302717
2020-11-05,75.94999694824219,78.5,74.0,77.5,600860
2020-11-06,78.5999984741211,79.3499984741211,75.30000305175781,76.0,178199
2020-11-09,76.5,83.0,75.80000305175781,80.5,720315
2020-11-10,78.5999984741211,81.5999984741211,76.5,76.94999694824219,519813
2020-11-11,80.94999694824219,81.9000015258789,78.69999694824219,79.5,666683
2020-11-12,77.80000305175781,82.0999984741211,77.5999984741211,81.0,416132
2020-11-13,78.3499984741211,78.69999694824219,74.94999694824219,77.0,430493
2020-11-16,80.44999694824219,82.0,76.0,78.80000305175781,424466
2020-11-17,79.94999694824219,81.9000015258789,78.5,81.0,343014
2020-11-18,78.3499984741211,82.69999694824219,78.0999984741211,78.94999694824219,685237
2020-11-19,78.05000305175781,82.0,77.8499984741211,81.0999984741211,238064
2020-11-20,80.5999984741211,82.0,78.5999984741211,79.94999694824219,384068
2020-11-24,83.44999694824219,85.0,81.0,81.0,1260261
2020-11-25,83.0999984741211,85.0,82.80000305175781,83.5,632199
2020-11-26,83.19999694824219,85.0,81.5,83.0999984741211,106438
2020-11-27,82.9000015258789,84.44999694824219,81.0999984741211,83.5999984741211,365329
2020-11-30,84.6500015258789,84.80000305175781,82.9000015258789,83.4000015258789,648910
2020-12-01,84.0,85.4000015258789,83.0,84.5,668672
2020-12-02,82.5999984741211,85.6500015258789,82.44999694824219,83.0,364844
2020-12-03,83.75,84.5,82.69999694824219,83.9000015258789,648668
2020-12-04,82.44999694824219,84.94999694824219,81.5,84.5,838895
2020-12-09,76.30000305175781,81.5,75.05000305175781,81.5,360246
2020-12-10,81.0999984741211,81.30000305175781,77.0,77.0,1258838
2020-12-11,80.0,82.0999984741211,79.5,81.0,285530
2020-12-14,81.0,81.94999694824219,80.0,80.05000305175781,454119
2020-12-15,80.0,82.0,79.0,80.5,2114308
2020-12-16,80.5,82.0,78.0999984741211,80.0,1840968
2020-12-17,82.69999694824219,83.75,80.0,80.5,2485972
2020-12-18,81.4000015258789,84.0,80.30000305175781,83.0,1062540
2020-12-21,76.30000305175781,80.8499984741211,76.0,80.8499984741211,653355
2020-12-22,75.44999694824219,79.44999694824219,75.0,78.5,885559
2020-12-23,76.5999984741211,78.0,75.05000305175781,76.5,407771
2020-12-28,74.30000305175781,77.0,74.0,76.9000015258789,853375
2020-12-29,76.0999984741211,78.25,73.5999984741211,74.5,502848
2020-12-30,77.6500015258789,78.9000015258789,75.9000015258789,76.5999984741211,848731
2021-01-04,76.69999694824219,78.0999984741211,76.0,76.9000015258789,473031
2021-01-05,78.0,78.9000015258789,76.19999694824219,76.6500015258789,502810
2021-01-06,77.69999694824219,78.9000015258789,77.0,77.5999984741211,176296
2021-01-07,79.44999694824219,80.4000015258789,76.5999984741211,76.5999984741211,416890
2021-01-08,76.69999694824219,79.9000015258789,76.30000305175781,79.44999694824219,849666
2021-01-11,74.55000305175781,77.19999694824219,73.80000305175781,76.69999694824219,252198
2021-01-12,76.05000305175781,78.0,73.19999694824219,74.55000305175781,444600
2021-01-13,77.19999694824219,78.0,75.5,76.05000305175781,255399
2021-01-14,77.0999984741211,78.5,75.80000305175781,78.0,747835
2021-01-15,77.80000305175781,78.0999984741211,75.4000015258789,77.0999984741211,360319
2021-01-18,77.0999984741211,77.5,75.0999984741211,76.0999984741211,177096
2021-01-19,78.69999694824219,79.0,76.0999984741211,76.0999984741211,582168
2021-01-20,80.44999694824219,80.5,77.25,78.69999694824219,394481
2021-01-21,76.75,80.0999984741211,75.5,78.0999984741211,660941
2021-01-22,74.55000305175781,76.5,73.80000305175781,76.0,519682
2021-01-25,74.9000015258789,77.5,73.80000305175781,75.69999694824219,503369
2021-01-26,80.0999984741211,80.25,76.0,76.0,665359
2021-01-27,81.4000015258789,82.19999694824219,77.80000305175781,80.0999984741211,625007
2021-01-28,82.0999984741211,83.0,79.44999694824219,81.9000015258789,374994
2021-01-29,78.44999694824219,83.5,77.5,83.0,142306
2021-02-01,81.25,81.69999694824219,77.25,78.5,343314
2021-02-02,80.5999984741211,83.80000305175781,80.5,81.25,1117838
2021-02-03,80.0999984741211,82.6500015258789,79.0,80.0,630644
2021-02-04,83.6500015258789,83.75,78.4000015258789,79.0,226664
2021-02-05,84.19999694824219,85.05000305175781,83.0,83.0,322475
2021-02-08,84.80000305175781,85.19999694824219,83.5,84.4000015258789,262443
2021-02-09,85.5999984741211,85.9000015258789,83.69999694824219,84.5,510714
2021-02-10,83.9000015258789,86.0,83.19999694824219,86.0,416254
2021-02-11,83.1500015258789,85.5,82.5999984741211,84.30000305175781,158502
2021-02-12,84.55000305175781,85.25,82.0999984741211,82.0999984741211,466122
2021-02-17,88.25,88.44999694824219,85.5999984741211,86.0,949403
2021-02-18,85.6500015258789,90.0,83.9000015258789,89.0,368907
2021-02-19,85.25,86.80000305175781,84.0,86.0,648079
2021-02-22,83.0,85.0,81.69999694824219,85.0,513482
2021-02-23,81.1500015258789,84.5,78.69999694824219,84.5,185598
2021-02-24,82.19999694824219,83.44999694824219,81.0,81.0,357118
2021-02-25,78.0999984741211,84.0,73.9000015258789,82.0999984741211,424375
2021-02-26,78.0,82.44999694824219,77.69999694824219,78.30000305175781,291738
2021-03-01,79.9000015258789,80.9000015258789,78.0,78.0,350132
2021-03-02,79.44999694824219,82.69999694824219,78.6500015258789,80.0,454874
2021-03-03,79.9000015258789,81.0,77.5,79.5,518820
2021-03-04,82.0,83.9000015258789,78.0,78.0,618160
2021-03-05,82.05000305175781,82.80000305175781,77.0,81.80000305175781,346242
2021-03-08,80.8499984741211,83.0,80.19999694824219,82.0,368236
2021-03-09,82.05000305175781,82.5,80.19999694824219,80.5,421400
2021-03-10,82.4000015258789,82.9000015258789,80.80000305175781,82.0,670922
2021-03-11,84.0,84.30000305175781,82.5,82.5,392959
2021-03-12,86.30000305175781,87.25,82.0,82.0,602366
2021-03-15,87.80000305175781,89.0,86.69999694824219,86.80000305175781,627238
2021-03-16,87.5,89.44999694824219,86.80000305175781,87.05000305175781,568332
2021-03-17,88.44999694824219,88.5999984741211,86.0,87.0,312814
2021-03-18,87.5,88.94999694824219,86.5,88.44999694824219,501244
2021-03-19,87.80000305175781,88.8499984741211,86.05000305175781,87.0,358679
2021-03-22,88.5,89.0,86.69999694824219,87.0,390760
2021-03-23,86.75,88.94999694824219,86.30000305175781,88.0,368924
2021-03-25,84.0,87.30000305175781,82.0999984741211,85.19999694824219,392448
2021-03-26,81.3499984741211,84.5999984741211,80.69999694824219,84.0,465872
2021-03-29,85.19999694824219,86.0,79.0,80.0,375053
2021-03-30,86.5,86.75,84.5999984741211,85.1500015258789,141546
2021-03-31,86.0,88.0999984741211,85.1500015258789,86.5,571318
2021-04-05,87.9000015258789,88.75,85.0,85.0,294721
2021-04-06,90.4000015258789,90.55000305175781,87.0,87.9000015258789,486552
2021-04-07,88.5,91.3499984741211,88.19999694824219,91.3499984741211,335946
2021-04-08,87.5999984741211,89.5,87.0999984741211,89.5,223830
2021-04-09,87.0,88.69999694824219,86.80000305175781,87.0,227195
2021-04-12,88.55000305175781,89.0,86.19999694824219,87.0,408261
2021-04-13,85.9000015258789,88.55000305175781,85.5,87.5,344799
2021-04-14,84.8499984741211,87.0,84.5999984741211,85.5,250766
2021-04-15,84.94999694824219,86.44999694824219,84.44999694824219,84.8499984741211,256733
2021-04-16,87.69999694824219,88.1500015258789,84.69999694824219,85.0,605520
2021-04-19,88.80000305175781,89.5,86.0,86.0,313261
2021-04-20,87.30000305175781,89.30000305175781,86.5999984741211,88.9000015258789,611407
2021-04-21,87.1500015258789,88.1500015258789,86.0,86.94999694824219,835480
2021-04-22,86.19999694824219,88.19999694824219,86.0,87.1500015258789,216908
2021-04-23,84.30000305175781,88.0,84.05000305175781,86.19999694824219,296393
2021-04-26,83.05000305175781,84.30000305175781,82.30000305175781,84.0,301231
2021-04-27,82.94999694824219,84.25,82.3499984741211,83.0,490979
2021-04-28,85.75,85.8499984741211,83.9000015258789,83.9000015258789,449660
2021-04-29,86.69999694824219,87.1500015258789,83.8499984741211,85.4000015258789,393774
2021-04-30,84.0,86.44999694824219,83.0,86.44999694824219,276194
2021-05-03,84.5999984741211,87.9000015258789,83.1500015258789,84.0,1424964
2021-05-04,85.0,85.9000015258789,83.5,84.5999984741211,631921
2021-05-05,86.5,87.3499984741211,84.19999694824219,84.19999694824219,416482
2021-05-06,85.9000015258789,86.9000015258789,85.1500015258789,85.1500015258789,206008
2021-05-07,90.8499984741211,91.5,86.4000015258789,86.5,552798
2021-05-10,90.4000015258789,92.0,89.30000305175781,90.69999694824219,672391
2021-05-11,89.75,91.25,88.75,91.0,209404
2021-05-12,89.0,91.9000015258789,88.5,91.9000015258789,134079
2021-05-13,94.8499984741211,95.0,90.19999694824219,91.0,376527
2021-05-14,99.0,100.5,96.30000305175781,98.0999984741211,526664
2021-05-17,95.8499984741211,98.30000305175781,95.5,98.30000305175781,534679
2021-05-18,97.0,97.30000305175781,95.0,96.0,490104
2021-05-19,96.55000305175781,97.44999694824219,94.5,94.5,610145
2021-05-20,97.5,98.19999694824219,95.80000305175781,96.5,306059
2021-05-21,96.80000305175781,98.69999694824219,96.55000305175781,97.5,628733
2021-05-26,97.1500015258789,97.69999694824219,94.05000305175781,96.25,228032
2021-05-27,96.55000305175781,98.5,96.0,98.5,293973
2021-05-28,100.3499984741211,101.05000305175781,98.0,98.0,475032
2021-05-31,98.30000305175781,101.44999694824219,98.0,100.4000015258789,92627
2021-06-01,106.5999984741211,107.0,103.19999694824219,103.19999694824219,932967
2021-06-02,110.8499984741211,113.0,106.0,107.80000305175781,765303
2021-06-03,113.19999694824219,114.0,109.0999984741211,110.69999694824219,415441
2021-06-04,113.80000305175781,114.25,110.1500015258789,113.94999694824219,1096152
2021-06-07,117.05000305175781,120.0,115.25,116.1500015258789,747014
2021-06-08,116.1500015258789,118.55000305175781,114.05000305175781,118.55000305175781,229216
2021-06-09,115.44999694824219,118.0,115.0,116.0,1647336
2021-06-10,114.1500015258789,118.0,114.0,118.0,747479
2021-06-11,109.8499984741211,114.0,109.0,114.0,415474
2021-06-14,112.19999694824219,112.94999694824219,110.4000015258789,110.4000015258789,164550
2021-06-15,112.30000305175781,113.5,109.0,112.19999694824219,208289
2021-06-16,113.3499984741211,113.75,111.5,113.5999984741211,252150
2021-06-17,113.1500015258789,113.5,111.4000015258789,113.3499984741211,366614
2021-06-18,110.05000305175781,112.80000305175781,109.75,112.80000305175781,243696
2021-06-22,114.44999694824219,114.69999694824219,104.0999984741211,109.5,377692
2021-06-23,111.05000305175781,114.8499984741211,110.19999694824219,114.8499984741211,390271
2021-06-24,109.80000305175781,112.3499984741211,109.19999694824219,111.4000015258789,531949
2021-06-25,104.3499984741211,106.69999694824219,103.25,105.0,990096
2021-06-28,102.55000305175781,105.55000305175781,102.0999984741211,104.19999694824219,627573
2021-06-29,100.9000015258789,104.0,100.0999984741211,102.8499984741211,424007
2021-06-30,102.44999694824219,104.0,100.5,101.25,506660
2021-07-01,102.0999984741211,104.05000305175781,101.8499984741211,102.9000015258789,145205
2021-07-02,104.5999984741211,105.4000015258789,101.1500015258789,102.55000305175781,1617436
2021-07-05,107.8499984741211,108.1500015258789,104.5999984741211,104.5999984741211,155824
2021-07-06,105.0,109.44999694824219,104.19999694824219,109.0,183004
2021-07-07,107.9000015258789,108.44999694824219,105.0,105.0,414712
2021-07-08,108.75,109.30000305175781,105.0,106.0,257368
2021-07-12,112.80000305175781,113.19999694824219,108.0,108.0,295193
2021-07-13,113.1500015258789,114.0,111.0,113.19999694824219,312084
2021-07-14,108.6500015258789,113.80000305175781,108.0,113.19999694824219,276443
2021-07-15,107.5999984741211,109.94999694824219,106.75,109.94999694824219,335905
2021-07-16,110.25,110.69999694824219,107.8499984741211,108.8499984741211,222895
2021-07-19,109.0999984741211,110.80000305175781,104.80000305175781,106.4000015258789,195833
2021-07-20,114.94999694824219,115.19999694824219,108.9000015258789,110.94999694824219,470250
2021-07-21,116.0,118.0,115.05000305175781,115.05000305175781,542688
2021-07-22,118.69999694824219,118.94999694824219,114.5,117.0,302815
2021-07-23,116.0,119.0,115.5,118.0,337802
2021-07-26,117.30000305175781,118.0999984741211,116.19999694824219,117.5,126552
2021-07-27,119.5999984741211,119.94999694824219,116.19999694824219,117.30000305175781,181811
2021-07-28,119.5,119.94999694824219,118.9000015258789,119.9000015258789,280168
2021-07-29,119.94999694824219,120.9000015258789,119.05000305175781,119.9000015258789,252507
2021-07-30,113.75,120.30000305175781,112.5,120.30000305175781,554177
2021-08-02,111.8499984741211,114.0,110.55000305175781,114.0,540042
2021-08-03,111.44999694824219,113.94999694824219,110.0,113.94999694824219,359285
2021-08-04,109.6500015258789,113.5999984741211,108.5999984741211,113.5999984741211,417777
2021-08-05,110.0,111.5,109.05000305175781,109.6500015258789,483803
2021-08-06,111.0,112.0,109.8499984741211,111.94999694824219,387062
2021-08-09,109.80000305175781,111.94999694824219,108.9000015258789,111.94999694824219,140452
2021-08-10,112.55000305175781,113.0,109.5,109.80000305175781,518268
2021-08-11,111.9000015258789,112.75,110.0999984741211,112.55000305175781,653362
2021-08-12,113.44999694824219,114.0,111.0,112.0,347555
2021-08-13,117.1500015258789,117.8499984741211,113.5,113.5,669516
2021-08-17,112.5999984741211,115.0,111.0,114.94999694824219,219688
2021-08-18,109.6500015258789,112.55000305175781,109.4000015258789,112.55000305175781,206976
2021-08-19,109.94999694824219,110.69999694824219,107.25,108.9000015258789,294544
2021-08-20,111.55000305175781,113.0,110.0,110.19999694824219,283731
2021-08-23,112.9000015258789,114.44999694824219,111.25,114.44999694824219,263498
2021-08-24,120.19999694824219,120.5,113.55000305175781,113.55000305175781,856876
2021-08-25,120.69999694824219,122.0,119.1500015258789,120.19999694824219,383826
2021-08-26,118.9000015258789,121.5999984741211,118.5,120.5999984741211,477463
2021-08-27,124.1500015258789,126.0,121.0999984741211,122.75,1530290
2021-08-30,131.0,131.60000610351562,125.0,125.0,1304709
2021-08-31,129.8000030517578,133.0,128.0,131.60000610351562,888826
2021-09-01,123.44999694824219,132.85000610351562,122.55000305175781,132.0,685809
2021-09-02,123.05000305175781,127.0,121.0999984741211,125.3499984741211,260859
2021-09-03,119.69999694824219,124.75,118.0,123.05000305175781,433625
2021-09-06,122.94999694824219,123.75,117.0,119.5999984741211,240840
2021-09-07,130.85000610351562,132.0,124.0,124.30000305175781,1113974
2021-09-08,124.5999984741211,130.6999969482422,123.0999984741211,130.0,9304301
2021-09-09,122.94999694824219,127.0,121.25,126.0,521111
2021-09-10,120.44999694824219,124.94999694824219,119.5,123.5,712166
2021-09-13,132.5500030517578,135.0,130.5500030517578,132.0,1856302
2021-09-14,129.25,133.0,126.25,133.0,641990
2021-09-15,128.4499969482422,130.0,124.0,129.0,519030
2021-09-16,132.6999969482422,133.8000030517578,124.69999694824219,126.94999694824219,400639
2021-09-17,129.1999969482422,134.0,128.5,134.0,514365
2021-09-20,120.5999984741211,125.5999984741211,120.05000305175781,125.5999984741211,427083
2021-09-21,124.80000305175781,127.75,120.5999984741211,120.5999984741211,425879
2021-09-22,128.85000610351562,129.10000610351562,124.55000305175781,128.0500030517578,306142
2021-09-23,127.9000015258789,130.5,126.75,128.9499969482422,264924
2021-09-24,126.9000015258789,128.8000030517578,125.0999984741211,128.8000030517578,80620
2021-09-27,128.39999389648438,129.0,126.0,127.19999694824219,457993
2021-09-28,129.5,131.0,125.25,128.0,259673
2021-09-29,136.0500030517578,137.0,131.10000610351562,131.10000610351562,494559
2021-09-30,135.5,138.75,135.0,137.75,300199
2021-10-01,134.5500030517578,136.9499969482422,133.5,135.0500030517578,103226
2021-10-04,137.64999389648438,141.39999389648438,136.85000610351562,136.85000610351562,565066
2021-10-05,139.35000610351562,140.5500030517578,139.10000610351562,139.10000610351562,353710
2021-10-06,135.0,139.9499969482422,134.35000610351562,139.35000610351562,1050457
2021-10-07,139.0,140.0,135.0500030517578,135.5,345110
2021-10-12,149.64999389648438,153.0,145.9499969482422,145.9499969482422,833314
2021-10-13,151.14999389648438,151.5,148.0,150.0,490559
2021-10-14,152.75,155.1999969482422,152.5,152.5,789579
2021-10-15,152.5,154.14999389648438,149.75,154.14999389648438,483012
2021-10-18,153.1999969482422,156.85000610351562,151.0500030517578,152.4499969482422,573933
2021-10-19,160.35000610351562,161.0,151.5500030517578,155.0,503093
2021-10-20,163.4499969482422,164.6999969482422,160.0,160.35000610351562,1035728
2021-10-21,164.0,164.14999389648438,157.0500030517578,163.0,856030
2021-10-22,162.5,164.0,158.3000030517578,161.9499969482422,542719
2021-10-25,163.75,169.25,162.5,163.0,882129
2021-10-26,162.60000610351562,164.0,160.0,164.0,702442
2021-10-27,155.0,162.64999389648438,151.0,162.60000610351562,732789
2021-10-28,156.5,158.35000610351562,153.0,154.4499969482422,304849
2021-10-29,152.14999389648438,156.1999969482422,150.5,155.60000610351562,676339
2021-11-01,156.0,157.64999389648438,152.0,154.5,400587
2021-11-02,156.4499969482422,158.0,152.9499969482422,155.0,697532
2021-11-03,158.85000610351562,161.0,155.9499969482422,157.0,460327
2021-11-04,153.64999389648438,158.9499969482422,152.35000610351562,158.9499969482422,614447
2021-11-05,158.9499969482422,159.5,153.0,157.64999389648438,2461049
2021-11-08,164.8000030517578,165.3000030517578,160.0,161.0,1236870
2021-11-09,159.9499969482422,167.5,159.14999389648438,165.0,756377
2021-11-10,159.25,164.35000610351562,158.5,162.60000610351562,723005
2021-11-11,165.9499969482422,168.5,160.5,161.0,929826
2021-11-12,163.60000610351562,168.9499969482422,156.0,167.9499969482422,974665
2021-11-15,156.85000610351562,168.0,155.5,168.0,833910
2021-11-16,152.39999389648438,161.0,150.0,161.0,397690
2021-11-17,153.5500030517578,155.6999969482422,150.0500030517578,152.6999969482422,286703
2021-11-18,161.14999389648438,163.0,151.0,153.5,409730
2021-11-19,154.25,162.0,152.5,161.9499969482422,267764
2021-11-23,154.39999389648438,155.0,142.0,154.0,244390
2021-11-24,151.3000030517578,156.9499969482422,149.25,152.0,221632
2021-11-25,150.85000610351562,151.5,150.0,150.0500030517578,97399
2021-11-26,142.0,150.25,140.5,149.75,386275
2021-11-29,141.5,146.4499969482422,140.6999969482422,145.10000610351562,146061
2021-11-30,144.0,145.0,138.6999969482422,144.0,415983
2021-12-01,160.8000030517578,161.89999389648438,145.0500030517578,145.0500030517578,761346
2021-12-02,164.14999389648438,166.4499969482422,156.0,161.0,528465
2021-12-03,162.0,166.6999969482422,158.0,165.0,358819
2021-12-06,166.6999969482422,168.0,165.0,167.4499969482422,290331
2021-12-07,165.85000610351562,170.39999389648438,164.25,170.0,451546
2021-12-09,159.85000610351562,169.0,156.75,169.0,258111
2021-12-10,157.0500030517578,162.39999389648438,156.0,160.0,264282
2021-12-13,148.35000610351562,157.8000030517578,147.5500030517578,157.8000030517578,355498
2021-12-14,146.5,152.5,146.0,149.0,289288
2021-12-15,147.60000610351562,149.9499969482422,144.5,146.4499969482422,285266
2021-12-16,153.75,155.0,148.0,148.0,373966
2021-12-17,153.8000030517578,157.0,153.0,154.9499969482422,291354
2021-12-20,154.5,158.0,149.0,154.1999969482422,278458
2021-12-21,166.1999969482422,167.0,155.0500030517578,156.0500030517578,569485
2021-12-22,162.25,167.4499969482422,160.0,166.0,307625
2021-12-23,161.6999969482422,166.0,160.10000610351562,164.0,187020
2021-12-27,158.9499969482422,164.9499969482422,158.0500030517578,164.9499969482422,427948
2021-12-28,161.35000610351562,165.4499969482422,159.0,159.60000610351562,728834
2021-12-29,163.75,165.6999969482422,159.5500030517578,164.9499969482422,393274
2021-12-30,166.1999969482422,171.5,162.0,162.0,1642963
2022-01-03,167.3000030517578,174.0,164.5,170.0,457787
2022-01-04,166.3000030517578,170.0,162.9499969482422,170.0,146070
2022-01-05,158.5500030517578,166.3000030517578,158.14999389648438,165.39999389648438,240365
2022-01-06,159.25,161.4499969482422,152.0,158.39999389648438,201836
2022-01-07,162.10000610351562,162.9499969482422,158.5,159.14999389648438,216572
2022-01-10,158.14999389648438,162.9499969482422,156.0500030517578,162.10000610351562,308397
2022-01-11,158.64999389648438,161.6999969482422,156.4499969482422,158.0,233885
2022-01-12,161.9499969482422,162.0,158.9499969482422,159.9499969482422,184217
2022-01-13,162.25,167.3000030517578,161.5,162.0,165825
2022-01-14,161.4499969482422,165.8000030517578,159.8000030517578,165.8000030517578,96594
2022-01-17,160.35000610351562,161.0,158.89999389648438,161.0,88355
2022-01-18,156.85000610351562,160.9499969482422,155.1999969482422,159.1999969482422,245183
2022-01-19,160.14999389648438,161.0,153.0,157.0,166369
2022-01-20,164.85000610351562,166.75,160.0,161.0,209793
2022-01-21,166.25,167.0,162.0,165.5500030517578,250618
2022-01-24,163.8000030517578,167.0,162.5,164.5,443653
2022-01-25,176.0500030517578,176.85000610351562,161.0,164.0,500539
2022-01-26,174.14999389648438,177.0,172.0,175.5,498790
2022-01-27,174.1999969482422,178.8000030517578,172.0,176.0,235452
2022-01-28,176.5500030517578,186.75,172.0500030517578,178.0,381918
2022-01-31,179.25,181.0,168.0,175.89999389648438,668666
2022-02-01,182.14999389648438,183.0,172.0,178.35000610351562,338582
2022-02-02,177.35000610351562,184.4499969482422,177.0,183.1999969482422,189148
2022-02-03,172.9499969482422,179.9499969482422,171.0,179.9499969482422,285287
2022-02-04,168.75,174.9499969482422,167.75,173.1999969482422,154589
2022-02-07,169.25,174.4499969482422,167.3000030517578,170.5,254767
2022-02-08,165.35000610351562,170.9499969482422,164.0500030517578,170.9499969482422,146286
2022-02-09,163.9499969482422,167.4499969482422,163.5,167.0,99260
2022-02-10,166.5500030517578,168.25,163.5,165.0,120668
2022-02-11,175.10000610351562,182.5,165.0500030517578,167.0,672176
2022-02-14,172.6999969482422,181.4499969482422,168.5,176.1999969482422,334386
2022-02-15,169.3000030517578,176.0,168.39999389648438,176.0,439378
2022-02-16,172.4499969482422,172.8000030517578,167.5,167.5,204346
2022-02-17,173.64999389648438,176.0,172.0,174.5,244389
2022-02-18,169.10000610351562,176.5,167.0,176.5,208481
2022-02-21,171.0,173.0,167.64999389648438,170.0,97453
2022-02-22,170.5,172.89999389648438,169.25,170.60000610351562,240669
2022-02-23,173.35000610351562,175.0,165.3000030517578,171.0,758319
2022-02-24,169.0,169.5,163.0,168.0,501082
2022-02-25,171.64999389648438,172.8000030517578,170.0,170.0,668537
2022-03-02,189.8000030517578,196.0,180.1999969482422,180.1999969482422,1347729
2022-03-03,194.60000610351562,195.8000030517578,185.64999389648438,192.0,818454
2022-03-04,191.5500030517578,198.60000610351562,186.3000030517578,195.0,320824
2022-03-07,191.0,197.8000030517578,188.0,194.0,382885
2022-03-08,183.4499969482422,196.10000610351562,181.3000030517578,192.0,505199
2022-03-09,179.14999389648438,187.0,178.5500030517578,184.3000030517578,339600
2022-03-10,187.0,187.8000030517578,177.4499969482422,179.9499969482422,379367
2022-03-11,177.14999389648438,192.0,175.0,192.0,819719
2022-03-14,163.35000610351562,175.0,162.5,174.0,974933
2022-03-15,159.75,163.0,159.0,162.89999389648438,768544
2022-03-16,163.39999389648438,167.64999389648438,159.39999389648438,162.0500030517578,717074
2022-03-17,168.9499969482422,169.8000030517578,164.0,167.25,739310
2022-03-18,168.35000610351562,170.85000610351562,167.1999969482422,170.85000610351562,347925
2022-03-21,173.75,175.0,168.14999389648438,168.14999389648438,607258
2022-03-22,177.5,178.9499969482422,175.5,176.75,615134
2022-03-23,179.39999389648438,182.6999969482422,178.64999389648438,179.25,797769
2022-03-25,182.60000610351562,185.0,180.0,182.1999969482422,401910
2022-03-28,180.1999969482422,184.89999389648438,178.8000030517578,182.75,135272
2022-03-29,172.9499969482422,180.5,172.4499969482422,180.5,276915
2022-03-30,176.8000030517578,177.10000610351562,172.75,172.9499969482422,180380
2022-03-31,181.0500030517578,181.9499969482422,177.0500030517578,177.0500030517578,334697
2022-04-01,181.14999389648438,186.5500030517578,180.4499969482422,183.9499969482422,262871
2022-04-04,181.85000610351562,188.0,181.0,185.0,761244
2022-04-05,180.5,187.0,180.25,183.3000030517578,704092
2022-04-06,177.75,180.0,173.64999389648438,177.5,665364
2022-04-07,178.35000610351562,181.1999969482422,174.8000030517578,181.1999969482422,332104
2022-04-08,184.1999969482422,186.60000610351562,179.0,180.0,282976
2022-04-11,179.64999389648438,183.60000610351562,178.0,183.0,416000
2022-04-12,182.0500030517578,182.89999389648438,179.5,182.89999389648438,343994
2022-04-13,184.5,184.75,180.0,183.9499969482422,246160
2022-04-18,181.5500030517578,190.75,181.0,187.60000610351562,542090
2022-04-19,190.9499969482422,191.4499969482422,183.0500030517578,183.0500030517578,862104
2022-04-20,191.5,192.9499969482422,185.8000030517578,191.0,311991
2022-04-21,186.6999969482422,192.9499969482422,185.0,191.0,588544
2022-04-22,189.0500030517578,190.10000610351562,185.0,186.6999969482422,219659
2022-04-25,188.5,189.0,179.8000030517578,186.75,552558
2022-04-26,184.60000610351562,189.0,183.0,189.0,493411
2022-04-27,187.8000030517578,188.0,183.35000610351562,185.5,407134
2022-04-28,184.10000610351562,188.0,183.14999389648438,188.0,291191
2022-04-29,178.0500030517578,187.0,177.64999389648438,184.25,442736
2022-05-02,174.64999389648438,175.14999389648438,172.25,174.0,433419
2022-05-03,178.1999969482422,178.8000030517578,174.0,176.10000610351562,370680
2022-05-04,177.1999969482422,178.25,173.1999969482422,178.1999969482422,341816
2022-05-05,170.3000030517578,175.6999969482422,167.5,175.6999969482422,831553
2022-05-06,171.89999389648438,173.0,168.0,170.5,167817
2022-05-09,162.3000030517578,168.0,161.0,167.0,515425
2022-05-10,169.0,170.0,161.89999389648438,164.10000610351562,308108
2022-05-11,175.75,175.89999389648438,170.5,170.5,286877
2022-05-12,173.4499969482422,178.9499969482422,170.0,170.0,282794
2022-05-13,181.10000610351562,182.5,176.0,176.5,405010
2022-05-16,184.0500030517578,186.0,180.25,185.85000610351562,284936
2022-05-17,185.75,189.5,183.85000610351562,185.0,333567
2022-05-19,180.85000610351562,185.64999389648438,180.0,185.64999389648438,262872
2022-05-20,181.1999969482422,184.75,177.39999389648438,184.0,148836
2022-05-23,185.75,187.14999389648438,182.8000030517578,182.8000030517578,222984
2022-05-24,194.85000610351562,195.0,187.5,189.25,383543
2022-05-26,206.85000610351562,208.25,195.0,202.0,932221
2022-05-27,201.85000610351562,208.0,201.0,206.85000610351562,342834
2022-05-30,199.5500030517578,203.0,199.0,201.0,115084
2022-05-31,200.85000610351562,205.0,197.0,199.75,341472
2022-06-01,195.60000610351562,202.0,193.89999389648438,201.0,128667
2022-06-02,194.75,198.0,192.10000610351562,193.5,216904
2022-06-03,196.64999389648438,198.60000610351562,193.0,194.5,157679
2022-06-06,193.5500030517578,199.6999969482422,191.10000610351562,199.0,541513
2022-06-07,196.3000030517578,196.85000610351562,191.0500030517578,194.0,252520
2022-06-08,193.3000030517578,196.85000610351562,192.5,196.3000030517578,166214
2022-06-09,194.6999969482422,200.0,190.14999389648438,193.64999389648438,209002
2022-06-10,192.8000030517578,196.5,185.3000030517578,195.1999969482422,422829
2022-06-13,194.5500030517578,198.14999389648438,186.5500030517578,189.0,359905
2022-06-14,194.4499969482422,196.75,190.85000610351562,194.5500030517578,172005
2022-06-15,197.35000610351562,199.8000030517578,193.5500030517578,196.0,501470
2022-06-16,194.39999389648438,197.8000030517578,191.14999389648438,193.25,215259
2022-06-21,193.0500030517578,196.25,188.85000610351562,192.5,328155
2022-06-22,193.6999969482422,194.85000610351562,188.85000610351562,194.1999969482422,250076
2022-06-23,187.5500030517578,195.0,184.0,193.6999969482422,245562
2022-06-24,186.25,191.5,182.10000610351562,186.10000610351562,454431
2022-06-27,209.60000610351562,210.0,193.14999389648438,194.0,735951
2022-06-28,209.5500030517578,214.9499969482422,206.8000030517578,208.5500030517578,472311
2022-06-29,207.1999969482422,213.4499969482422,203.0,213.0,211862
2022-06-30,206.89999389648438,211.8000030517578,202.3000030517578,206.0,422008
2022-07-01,216.75,218.5,206.0,207.0,422025
2022-07-04,218.39999389648438,220.0,205.0,216.5500030517578,449458
2022-07-05,218.85000610351562,226.0,206.0,216.0500030517578,590023
2022-07-06,222.5,223.9499969482422,211.14999389648438,219.5,778631
2022-07-07,245.60000610351562,247.3000030517578,224.0,224.0,745780
2022-07-08,255.6999969482422,256.5,239.85000610351562,241.3000030517578,512564
2022-07-11,248.6999969482422,256.95001220703125,241.60000610351562,256.95001220703125,439318
2022-07-12,245.9499969482422,251.5,242.0,249.0,578626
2022-07-13,247.6999969482422,250.0,243.5500030517578,247.0,189403
2022-07-14,242.9499969482422,246.39999389648438,240.0,243.5,417392
2022-07-15,253.0,253.85000610351562,240.0,242.0,408365
2022-07-18,256.1000061035156,259.6000061035156,255.0,255.25,252602
2022-07-19,261.5,264.79998779296875,257.6000061035156,257.6000061035156,328450
2022-07-20,256.8500061035156,264.6499938964844,255.0,262.0,431858
2022-07-21,270.54998779296875,271.79998779296875,252.5,255.60000610351562,522593
2022-07-22,268.25,272.0,261.1000061035156,272.0,600567
2022-07-25,280.3500061035156,282.70001220703125,266.0,266.0,495621
2022-07-26,287.20001220703125,291.25,279.6000061035156,282.0,225994
2022-07-27,298.1499938964844,301.0,280.5,291.8500061035156,508435
2022-07-28,298.75,311.0,287.79998779296875,300.0,830113
2022-07-29,277.75,301.0,277.1000061035156,298.70001220703125,880442
2022-08-01,269.0,277.1000061035156,261.5,277.1000061035156,579197
2022-08-02,265.6499938964844,275.0,264.0,273.0,576563
2022-08-03,276.3999938964844,279.6000061035156,264.0,275.8999938964844,278253
2022-08-04,279.8500061035156,283.6000061035156,275.04998779296875,277.0,417356
2022-08-05,275.25,284.95001220703125,275.0,279.8500061035156,282505
2022-08-08,284.5,285.8999938964844,276.79998779296875,285.75,322906
2022-08-09,280.70001220703125,285.29998779296875,278.1000061035156,282.1000061035156,174255
2022-08-10,280.0,287.6499938964844,276.29998779296875,281.1000061035156,540195
2022-08-11,281.04998779296875,286.6000061035156,277.0,284.6000061035156,322513
2022-08-12,280.45001220703125,282.79998779296875,269.0,273.6499938964844,545812
2022-08-16,272.3999938964844,278.45001220703125,268.0,277.45001220703125,538222
2022-08-17,277.3999938964844,278.0,271.0,272.0,362651
2022-08-18,297.25,297.8999938964844,278.0,278.0,761633
2022-08-19,292.8500061035156,295.0,282.6000061035156,291.79998779296875,452671
2022-08-22,290.8999938964844,292.75,288.04998779296875,290.0,150441
2022-08-23,298.3999938964844,298.95001220703125,290.0,293.5,553045
2022-08-24,312.29998779296875,314.6000061035156,298.1499938964844,298.8999938964844,421408
2022-08-25,315.1000061035156,317.0,306.8500061035156,315.0,517675
2022-08-26,309.54998779296875,317.79998779296875,302.04998779296875,313.0,452163
2022-08-29,306.95001220703125,313.04998779296875,302.8500061035156,309.0,820244
2022-08-30,297.6000061035156,301.04998779296875,294.1000061035156,300.6499938964844,420328
2022-08-31,288.1000061035156,298.95001220703125,287.0,297.8999938964844,548647
2022-09-01,284.0,291.1499938964844,280.0,284.95001220703125,313978
2022-09-05,294.70001220703125,300.0,280.0,285.0,109292
2022-09-06,288.0,292.0,282.5,289.0,264000
2022-09-07,295.54998779296875,297.95001220703125,285.45001220703125,288.0,503998
2022-09-08,295.3500061035156,298.95001220703125,290.0,292.0,262563
2022-09-09,300.6000061035156,301.75,293.04998779296875,299.95001220703125,410699
2022-09-12,300.5,312.0,296.0,304.29998779296875,470799
2022-09-13,291.95001220703125,303.20001220703125,289.5,300.5,393152
2022-09-14,303.29998779296875,304.0,291.5,300.0,374308
2022-09-15,301.1499938964844,305.5,296.0,305.0,299117
2022-09-16,304.1499938964844,305.29998779296875,292.25,297.6000061035156,224710
2022-09-19,316.70001220703125,316.8999938964844,296.1499938964844,308.04998779296875,713528
2022-09-20,307.3999938964844,317.8999938964844,302.0,317.8999938964844,349562
2022-09-21,308.0,312.5,304.0,311.0,289168
2022-09-22,311.75,314.6000061035156,303.0,305.6000061035156,304624
2022-09-23,294.8500061035156,302.25,291.20001220703125,302.25,778853
2022-09-26,279.8500061035156,295.5,278.0,291.0,606681
2022-09-27,275.25,286.0,273.1000061035156,280.0,380059
2022-09-28,285.20001220703125,287.04998779296875,275.54998779296875,276.54998779296875,547690
2022-09-29,284.8999938964844,289.0,277.0,281.45001220703125,563476
2022-09-30,283.45001220703125,288.6499938964844,281.0,288.6499938964844,392714
2022-10-03,298.20001220703125,299.8500061035156,290.70001220703125,291.6000061035156,608315
2022-10-04,295.54998779296875,307.45001220703125,292.0,300.0,507869
2022-10-05,300.04998779296875,303.5,288.0,295.45001220703125,435952
2022-10-06,300.0,303.0,296.6000061035156,301.5,384550
2022-10-11,279.8500061035156,300.0,278.8500061035156,300.0,448399
2022-10-12,274.3500061035156,284.6499938964844,273.20001220703125,284.1000061035156,501719
2022-10-13,288.20001220703125,288.75,273.1499938964844,273.20001220703125,530470
2022-10-14,280.95001220703125,288.75,275.20001220703125,288.75,250086
2022-10-17,284.1499938964844,289.8999938964844,282.0,289.8999938964844,361896
2022-10-18,282.79998779296875,285.0,277.0,284.1000061035156,204107
2022-10-19,282.25,283.70001220703125,277.0,282.75,206759
2022-10-20,282.1499938964844,290.0,278.95001220703125,290.0,268708
2022-10-21,287.04998779296875,289.3999938964844,281.0,288.0,474088
2022-10-24,285.70001220703125,287.0,279.0,287.0,362911
2022-10-25,301.1000061035156,301.95001220703125,285.0,285.6000061035156,561532
2022-10-26,300.95001220703125,304.5,295.29998779296875,301.6499938964844,577858
2022-10-27,310.6499938964844,316.0,301.0,302.0,807447
2022-10-28,312.04998779296875,315.0,302.5,310.79998779296875,403204
2022-10-31,312.25,315.0,305.79998779296875,315.0,603568
2022-11-01,318.75,323.3999938964844,310.5,312.54998779296875,596560
2022-11-02,308.3999938964844,320.0,307.04998779296875,316.70001220703125,357135
2022-11-03,312.6499938964844,314.79998779296875,300.0,309.0,342037
2022-11-04,316.45001220703125,318.95001220703125,310.5,318.04998779296875,235565
2022-11-07,310.0,320.0,309.6000061035156,320.0,316242
2022-11-08,318.79998779296875,320.0,307.5,312.0,310703
2022-11-09,307.0,320.8999938964844,307.0,318.0,283491
2022-11-10,313.0,319.79998779296875,306.0,319.79998779296875,297259
2022-11-11,321.95001220703125,322.0,308.0,312.6499938964844,441611
2022-11-14,336.0,336.8999938964844,318.5,319.95001220703125,771972
2022-11-15,345.0,350.0,332.5,333.0,867948
2022-11-16,341.5,357.0,338.0,351.0,510485
2022-11-17,345.0,352.0,329.0,341.0,324319
2022-11-18,351.0,355.0,340.79998779296875,340.79998779296875,297793
2022-11-22,348.0,354.0,343.0,354.0,577981
2022-11-23,346.0,355.0,342.0,355.0,521271
2022-11-24,347.0,357.0,341.5,348.0,156374
2022-11-25,355.95001220703125,358.95001220703125,346.0,349.0,671507
2022-11-28,360.5,361.8999938964844,350.0,359.0,635979
2022-11-29,376.0,376.0,357.0,360.0,441744
2022-11-30,375.0,382.0,368.0,374.0,507054
2022-12-01,380.0,383.20001220703125,370.0,372.0,431358
2022-12-02,375.1000061035156,387.5,375.1000061035156,385.0,361435
2022-12-05,362.8500061035156,386.79998779296875,360.75,376.0,654353
2022-12-06,366.79998779296875,367.0,358.5,362.0,873280
2022-12-07,377.0,385.0,372.0,372.0,921362
2022-12-12,352.5,379.5,351.5,375.0,831833
2022-12-13,349.0,368.5,345.3500061035156,368.5,406133
2022-12-14,341.5,357.95001220703125,333.0,349.0,772504
2022-12-15,341.0,343.0,336.75,340.0,574899
2022-12-16,346.0,348.25,340.0,348.25,801409
2022-12-19,365.79998779296875,365.79998779296875,343.5,343.5,1056992
2022-12-20,382.75,385.3999938964844,367.5,370.0,157630
2022-12-21,385.0,389.0,378.04998779296875,382.0,912896
2022-12-22,397.0,398.1000061035156,372.0,385.95001220703125,708279
2022-12-23,400.25,404.0,390.0,399.0,725699
2022-12-26,413.0,415.0,402.0,404.0,255672
2022-12-27,418.5,425.0,407.0,414.3999938964844,815897
2022-12-28,427.0,436.8999938964844,417.0,417.0,708751
2022-12-29,429.95001220703125,440.0,425.29998779296875,430.0,572620
2022-12-30,438.25,440.0,410.0,426.0,142769
2023-01-02,457.0,462.75,440.0,445.0,330791
2023-01-03,433.0,454.5,428.04998779296875,447.0,1231597
2023-01-04,438.0,441.0,425.0,435.0,565510
2023-01-05,451.0,451.1000061035156,436.0,438.0,764631
2023-01-06,458.95001220703125,467.5,443.0,449.0,1071779
2023-01-09,452.6499938964844,465.0,442.95001220703125,456.0,618142
2023-01-10,452.75,459.95001220703125,445.54998779296875,459.95001220703125,547917
2023-01-11,484.5,493.0,449.79998779296875,458.0,1104484
2023-01-12,487.0,500.0,462.5,480.0,1378201
2023-01-13,487.0,495.54998779296875,475.0,480.0,900284
2023-01-16,503.0,504.20001220703125,483.0,487.8999938964844,581651
2023-01-17,508.79998779296875,515.75,498.0,505.0,650496
2023-01-18,471.0,525.0,470.0,508.0,996176
2023-01-19,472.5,472.5,433.0,461.5,1377001
2023-01-20,498.0,498.6000061035156,450.0,468.0,647261
2023-01-23,497.29998779296875,511.0,490.0,490.0,657319
2023-01-24,502.0,512.0,487.6499938964844,503.5,707314
2023-01-25,519.0,519.0499877929688,487.0,507.5,626437
2023-01-26,517.0,524.0999755859375,509.3500061035156,517.0,666180
2023-01-27,504.0,525.0,498.0,525.0,595637
2023-01-30,480.5,515.0,477.0,507.0,603377
2023-01-31,498.0,503.25,480.0,485.0,288084
2023-02-01,498.70001220703125,504.5,486.5,500.0,336399
2023-02-02,491.5,510.0,487.0,496.0,346152
2023-02-03,475.5,500.6499938964844,468.20001220703125,496.5,600180
2023-02-06,478.3999938964844,485.0,460.0,473.0,429834
2023-02-07,480.70001220703125,494.0,478.0,480.1499938964844,577955
2023-02-08,492.5,495.45001220703125,475.0,495.45001220703125,641576
2023-02-09,479.0,500.0,475.0,495.0,573551
2023-02-10,484.95001220703125,491.95001220703125,479.6499938964844,483.0,148747
2023-02-13,503.5,506.70001220703125,482.5,495.0,437903
2023-02-14,502.8999938964844,514.7000122070312,498.1000061035156,508.3999938964844,504937
2023-02-15,505.5,506.1000061035156,490.0,501.1000061035156,648243
2023-02-16,505.25,515.0,499.04998779296875,508.0,352033
2023-02-17,493.0,504.0,484.0,504.0,366772
2023-02-22,477.0,495.0,472.8999938964844,494.5,332978
2023-02-23,486.0,491.75,478.5,478.5,453033
2023-02-24,485.0,494.0,475.0,485.0,184890
2023-02-27,493.25,498.3999938964844,485.5,487.5,534442
2023-02-28,488.0,501.0,478.0,493.0,439323
2023-03-01,494.0,494.8999938964844,479.1000061035156,490.0,274545
2023-03-02,483.1000061035156,499.0,483.1000061035156,496.0,371770
2023-03-03,485.0,496.3999938964844,483.0,485.1000061035156,386623
2023-03-06,503.6499938964844,505.0,483.0,485.20001220703125,403589
2023-03-07,494.5,508.95001220703125,483.0,507.0,431771
2023-03-08,496.1000061035156,503.95001220703125,490.0,497.5,195404
2023-03-09,497.0,506.0,496.25,500.0,257409
2023-03-10,473.6499938964844,504.0,466.5,499.5,624371
2023-03-13,456.6000061035156,481.0,451.0,469.5,581938
2023-03-14,455.95001220703125,474.0,451.5,467.04998779296875,571440
2023-03-15,434.5,444.8999938964844,427.70001220703125,444.29998779296875,935249
2023-03-16,459.75,460.0,430.0,435.0,626446
2023-03-17,461.6499938964844,465.8999938964844,446.6499938964844,457.1000061035156,189245
2023-03-20,455.75,465.0,451.5,458.0,321165
2023-03-21,471.04998779296875,471.8999938964844,456.04998779296875,463.0,1032482
2023-03-22,452.20001220703125,471.8999938964844,450.0,471.8999938964844,464028
2023-03-23,438.1000061035156,459.5,434.6000061035156,455.0,712593
2023-03-27,482.6000061035156,484.79998779296875,446.0,446.0,626535
2023-03-28,509.3999938964844,512.0,477.5,484.0,714715
2023-03-29,517.7999877929688,525.0,510.0,510.6000061035156,421210
2023-03-30,524.2000122070312,529.0,509.0,520.0,370245
2023-03-31,532.9500122070312,540.0,523.25,525.5,573674
2023-04-03,561.2000122070312,563.0,535.0,535.0,493168
2023-04-04,544.9500122070312,562.0,540.0,557.8499755859375,381458
2023-04-05,551.0499877929688,556.5499877929688,539.2000122070312,539.9000244140625,746934
2023-04-10,560.3499755859375,565.0,551.0,551.0,326156
2023-04-11,553.7999877929688,572.0,552.0,565.0,647431
2023-04-12,581.0499877929688,583.0,562.0499877929688,565.0,491939
2023-04-13,596.75,598.5,580.5,583.0,574963
2023-04-14,604.25,609.5999755859375,596.0,600.0,430650
2023-04-17,617.75,620.0,591.0,604.9000244140625,687092
2023-04-18,625.7999877929688,637.0,614.5,620.0,878450
2023-04-19,608.9500122070312,624.5,603.0,624.5,1177310
2023-04-20,614.9000244140625,619.4500122070312,580.0,602.7999877929688,593008
2023-04-21,622.2999877929688,633.9000244140625,607.0999755859375,618.3499755859375,771017
2023-04-24,648.0499877929688,652.1500244140625,626.0,626.0,918043
2023-04-25,647.0,670.7999877929688,637.5,648.0,907830
2023-04-26,649.75,650.6500244140625,617.0,639.7000122070312,886591
2023-04-27,627.9500122070312,655.0,624.0,655.0,547539
2023-04-28,625.7000122070312,631.3499755859375,603.0,627.0,654508
2023-05-02,624.7999877929688,626.0,594.7999877929688,625.5,327161
2023-05-03,595.5999755859375,628.7000122070312,592.7999877929688,626.0,412280
2023-05-04,588.3499755859375,596.0,581.7999877929688,595.2000122070312,446527
2023-05-05,623.4500122070312,629.0,589.0999755859375,589.0999755859375,560105
2023-05-08,621.9500122070312,631.4500122070312,617.3499755859375,625.0,525933
2023-05-09,626.3499755859375,643.8499755859375,622.0,622.0,496620
2023-05-10,635.3499755859375,640.5999755859375,600.0,640.5999755859375,639173
2023-05-11,658.9500122070312,662.9500122070312,626.7000122070312,634.7000122070312,716563
2023-05-12,700.9500122070312,703.0,665.0,670.0,1283718
2023-05-15,695.8499755859375,697.2000122070312,663.5999755859375,695.5499877929688,947940
2023-05-16,682.2000122070312,696.6500244140625,680.0,692.0,872748
2023-05-17,692.1500244140625,700.0,678.0,682.2000122070312,659735
2023-05-18,700.1500244140625,702.25,672.0999755859375,693.9000244140625,887714
2023-05-19,717.2000122070312,728.2000122070312,700.6500244140625,710.0,1075998
2023-05-22,709.5,721.0499877929688,693.5499877929688,720.0,622357
2023-05-23,718.6500244140625,742.1500244140625,705.5999755859375,708.0,680760
2023-05-24,724.5499877929688,730.0,710.3499755859375,720.0,493817
2023-05-29,740.1500244140625,748.5,716.0,726.0,332973
2023-05-30,730.75,736.9000244140625,721.0,736.9000244140625,347034
2023-05-31,726.0999755859375,733.5499877929688,705.4000244140625,733.5499877929688,513009
2023-06-01,761.9500122070312,763.5499877929688,730.0,735.2999877929688,582301
2023-06-02,767.5999755859375,777.0499877929688,756.0,762.0999755859375,464227
2023-06-05,779.5499877929688,780.5,765.5,770.0,1641160
2023-06-06,811.4000244140625,812.0999755859375,780.25,780.25,708935
2023-06-07,795.5,825.0,791.0,804.0,1464388
2023-06-08,789.5,814.9500122070312,778.0,800.0,438641
2023-06-09,779.0,801.0,777.0,786.2000122070312,891877
2023-06-12,777.75,796.0,770.0,781.3499755859375,358531
2023-06-13,770.5499877929688,792.5,762.7000122070312,790.0,730514
2023-06-14,768.75,780.0,760.0,775.0,370078
2023-06-15,781.0,794.4000244140625,770.0,770.0,492787
2023-06-16,831.0999755859375,835.9500122070312,780.0,793.7999877929688,1107247
2023-06-21,891.2000122070312,894.0999755859375,850.0,850.0,972142
2023-06-22,861.5,880.0,855.0,877.5999755859375,832410
2023-06-23,872.0999755859375,889.0,866.0,875.0,726334
2023-06-26,868.0999755859375,908.0,860.0,899.0,1189830
2023-06-27,853.75,879.0,841.0499877929688,872.4000244140625,1097703
2023-06-28,840.5999755859375,883.75,838.0,860.0,682964
2023-06-29,861.3499755859375,868.0,837.0,846.7000122070312,407113
2023-06-30,889.7999877929688,892.0,851.1500244140625,864.2000122070312,732738
2023-07-03,885.25,915.0,870.0499877929688,890.0,1019500
2023-07-04,897.8499755859375,910.0,886.0,887.0,340092
2023-07-05,893.8499755859375,896.5,865.0,877.7999877929688,710427
2023-07-06,842.2999877929688,890.9500122070312,841.0499877929688,890.9500122070312,504848
2023-07-07,863.5499877929688,870.4000244140625,849.0,860.0,482327
2023-07-10,850.9500122070312,868.9500122070312,844.0,865.9500122070312,945620
2023-07-11,856.6500244140625,859.7999877929688,845.7999877929688,855.9500122070312,451172
2023-07-12,893.6500244140625,894.5,870.2999877929688,870.2999877929688,672665
2023-07-13,921.7999877929688,924.5999755859375,896.0,900.0,681123
2023-07-14,925.8499755859375,927.7000122070312,902.0499877929688,920.1500244140625,700292
2023-07-17,957.1500244140625,971.0,931.7999877929688,933.5,879931
2023-07-18,946.4000244140625,995.0,943.0999755859375,970.0,1003796
2023-07-19,926.25,957.7999877929688,915.0,957.7999877929688,1055619
2023-07-20,934.4500122070312,950.0,925.0,930.0,582239
2023-07-21,957.0999755859375,961.7000122070312,938.0,953.6500244140625,518147
2023-07-24,950.3499755859375,963.0,941.5,962.2999877929688,685223
2023-07-25,955.2999877929688,961.2999877929688,936.0499877929688,954.7999877929688,320638
2023-07-26,950.4000244140625,975.0,946.0,956.0,382173
2023-07-27,898.0499877929688,946.0,896.0,943.7999877929688,618072
2023-07-28,903.7000122070312,926.5499877929688,900.5999755859375,905.0,542762
2023-07-31,929.8499755859375,932.1500244140625,905.7000122070312,905.7000122070312,631089
2023-08-01,959.9500122070312,970.0,944.3499755859375,944.3499755859375,1268120
2023-08-02,942.5999755859375,956.0,936.0,939.0,513396
2023-08-03,923.4000244140625,960.0,921.0,941.7999877929688,737132
2023-08-04,943.75,970.0,930.0,930.0,789732
2023-08-07,969.0,970.0,940.75,949.9500122070312,786799
2023-08-08,980.2999877929688,1006.0,972.0,972.0,1075056
2023-08-09,989.0,1026.800048828125,983.1500244140625,985.0,776418
2023-08-10,1030.699951171875,1036.5,983.0,991.0,997874
2023-08-11,1082.5999755859375,1086.0,1032.0,1049.449951171875,976195
2023-08-14,1147.9000244140625,1175.050048828125,1021.0,1071.0,920442
2023-08-15,1259.949951171875,1269.949951171875,1170.0,1170.0,1250827
2023-08-16,1298.050048828125,1336.6500244140625,1271.0,1271.0,1665017
2023-08-17,1332.5,1337.699951171875,1277.9000244140625,1330.0,989640
2023-08-18,1344.1500244140625,1357.0,1310.25,1333.0,926624
2023-08-22,1404.699951171875,1407.5,1327.5,1360.0,691952
2023-08-23,1426.449951171875,1428.050048828125,1372.0999755859375,1393.0,798001
2023-08-24,1417.0999755859375,1445.75,1405.0,1439.75,668106
2023-08-25,1422.449951171875,1432.9000244140625,1375.949951171875,1432.0,994470
2023-08-28,1500.949951171875,1506.449951171875,1430.0,1430.0,667548
2023-08-29,1551.9000244140625,1555.0,1494.0,1494.0,1064538
2023-08-30,1507.4000244140625,1560.449951171875,1486.0,1555.0,888223
2023-08-31,1429.0999755859375,1516.0999755859375,1420.050048828125,1509.0,789799
2023-09-01,1409.949951171875,1460.0,1400.0,1440.5,678652
2023-09-04,1430.1500244140625,1485.0,1410.0,1410.0,320337
2023-09-05,1344.0,1385.199951171875,1338.0,1385.199951171875,950679
2023-09-06,1307.800048828125,1365.25,1305.0,1347.0,769098
2023-09-07,1210.25,1278.6500244140625,1201.800048828125,1271.3499755859375,1491260
2023-09-08,1155.550048828125,1238.5,1138.949951171875,1200.0,1389361
2023-09-11,1117.8499755859375,1172.0,1093.550048828125,1154.0,2198507
2023-09-12,1189.199951171875,1201.3499755859375,1122.0,1122.0,1650362
2023-09-13,1215.5999755859375,1226.800048828125,1168.0999755859375,1185.0,1448150
2023-09-14,1232.0,1255.0,1217.0,1220.0,1215304
2023-09-15,1198.949951171875,1240.0,1191.0,1232.0,742005
2023-09-18,1242.0,1246.6500244140625,1199.0,1203.0,994376
2023-09-19,1229.4000244140625,1250.0,1215.0,1250.0,588646
2023-09-20,1200.199951171875,1246.6500244140625,1197.0,1240.0,636499
2023-09-21,1212.050048828125,1240.0,1185.0999755859375,1190.0,1154795
2023-09-22,1212.800048828125,1239.0,1209.0,1214.0,734293
2023-09-25,1188.8499755859375,1221.5,1177.949951171875,1214.0,737278
2023-09-26,1189.199951171875,1216.0,1185.0,1200.0,1271720
2023-09-27,1230.5999755859375,1250.75,1204.0,1206.0,1075070
2023-09-28,1282.0999755859375,1284.0,1239.0,1259.0,897789
2023-09-29,1209.4000244140625,1297.9000244140625,1180.0,1294.75,1060080
2023-10-02,1226.75,1252.0,1213.1500244140625,1219.949951171875,941224
2023-10-03,1245.1500244140625,1251.550048828125,1200.0,1227.0,1203225
2023-10-04,1310.550048828125,1315.0,1226.5,1258.949951171875,916866
2023-10-05,1317.0,1339.1500244140625,1295.0,1315.0,1178612
2023-10-06,1336.300048828125,1394.800048828125,1317.0,1322.449951171875,1355462
2023-10-09,1367.9000244140625,1420.0,1316.0,1338.0,896994
2023-10-10,1521.25,1574.949951171875,1385.0,1400.0,1755266
2023-10-11,1524.550048828125,1570.949951171875,1416.449951171875,1530.0,2498064
2023-10-12,1570.6500244140625,1650.0,1524.550048828125,1550.0,2984776
2023-10-17,1744.25,1776.0,1578.0,1600.0,2999384
2023-10-18,1673.0,1785.0,1657.050048828125,1785.0,3007515
2023-10-19,1622.9000244140625,1695.0,1580.0,1644.0,2435303
2023-10-20,1738.8499755859375,1772.0,1623.0,1685.0,1820480
2023-10-23,1534.6500244140625,1650.0,1510.0,1650.0,2415553
2023-10-24,1455.5,1625.0,1400.0,1580.0,812025
2023-10-25,1483.4000244140625,1498.0,1350.0,1455.5,1079135
2023-10-26,1443.0,1549.5999755859375,1412.0,1498.0,557399
2023-10-27,1354.3499755859375,1451.0,1342.0,1430.0,1059296
2023-10-30,1273.550048828125,1382.949951171875,1265.0,1382.949951171875,1387456
2023-10-31,1275.550048828125,1318.9000244140625,1249.699951171875,1260.0,106350
2023-11-01,1353.5,1371.0,1285.0,1300.0,749291
2023-11-02,1374.9000244140625,1408.050048828125,1351.0,1395.0,1621440
2023-11-03,1333.8499755859375,1405.5999755859375,1311.050048828125,1391.0,1146307
2023-11-07,1260.4000244140625,1333.0,1250.550048828125,1333.0,762155
2023-11-08,1221.4000244140625,1298.5,1215.6500244140625,1251.0,783428
2023-11-09,1248.9000244140625,1304.9000244140625,1150.0,1220.0,931171
2023-11-10,1303.4000244140625,1332.0,1270.0,1287.5,1060305
2023-11-13,1264.25,1339.0,1258.0,1303.0,609020
2023-11-14,1294.3499755859375,1318.0,1250.0,1298.0,815582
2023-11-15,1279.5999755859375,1318.0,1250.0,1288.0,728056
2023-11-16,1232.0,1281.4000244140625,1225.0,1281.0,872362
2023-11-17,1326.949951171875,1333.0,1225.0,1230.0,982072
2023-11-21,1613.8499755859375,1651.0,1441.3499755859375,1487.0,2962291
2023-11-22,1687.800048828125,1799.0,1590.0,1649.0,2442520
2023-11-23,1806.550048828125,1855.0,1661.0,1690.0,808902
2023-11-24,1871.5,1895.0,1760.0,1855.0,1663111
2023-11-27,1710.300048828125,1901.0,1679.199951171875,1850.0,2579267
2023-11-28,1566.75,1784.0,1555.0,1701.0,1145281
2023-11-29,1574.550048828125,1665.0,1536.0,1570.0,953408
2023-11-30,1633.4000244140625,1645.0,1530.0,1600.0,697404
2023-12-01,1738.5,1747.0,1601.5,1630.0,1166706
2023-12-04,1693.25,1795.0,1644.4000244140625,1750.0,792829
2023-12-05,1806.8499755859375,1812.1500244140625,1693.300048828125,1693.300048828125,970204
2023-12-06,1800.199951171875,1850.0,1716.5,1807.0,1096048
2023-12-07,1901.0999755859375,1925.0,1775.0,1842.0,1404007
2023-12-11,1938.5999755859375,1980.0,1855.699951171875,1925.0,1507296
2023-12-12,2061.35009765625,2089.0,1910.0,1975.0,1478676
2023-12-13,2060.35009765625,2234.0,1977.0,2089.0,922712
2023-12-14,2029.5999755859375,2130.0,1985.5,2060.0,820356
2023-12-15,1950.550048828125,2052.0,1914.949951171875,2017.0,1135034
2023-12-18,1944.300048828125,1999.0,1875.0,1950.550048828125,876690
2023-12-19,1939.9000244140625,1995.0,1908.050048828125,1972.699951171875,1085029
2023-12-20,1912.1500244140625,1969.0,1885.0,1940.0,983163
2023-12-21,1919.5,2000.5,1856.550048828125,1949.0,1181364
2023-12-22,1949.050048828125,1980.0,1878.0,1947.0,514279
2023-12-26,1881.25,2000.0,1859.050048828125,1960.0,743664
2023-12-27,1826.0999755859375,1917.0,1786.5,1881.5,519151
2023-12-28,1864.050048828125,1887.199951171875,1784.0,1827.0,1325540
2023-12-29,1931.5999755859375,1938.0,1805.0,1850.0,1644386
2024-01-02,1915.3499755859375,1959.0,1860.0,1940.0,611905
2024-01-03,2047.0999755859375,2060.0,1835.0,1920.0,797695
2024-01-04,2140.5,2148.949951171875,2047.0,2047.0999755859375,1347116
2024-01-05,2208.60009765625,2223.300048828125,2090.0,2139.0,897089
2024-01-08,2366.75,2388.0,2150.0,2210.0,654494
2024-01-09,2243.949951171875,2450.0,2219.0,2400.0,794919
2024-01-10,2223.800048828125,2300.0,2200.0,2255.0,721843
2024-01-11,2180.699951171875,2318.949951171875,2170.0,2240.0,567126
2024-01-12,2179.699951171875,2230.0,2120.0,2185.0,472053
2024-01-15,2241.35009765625,2245.5,2135.0,2180.0,514667
2024-01-16,2261.050048828125,2295.0,2164.0,2242.0,727648
2024-01-17,2400.0,2450.0,2257.10009765625,2257.10009765625,1163455
2024-01-18,2404.35009765625,2500.0,2400.5,2469.0,806798
2024-01-19,2490.949951171875,2500.0,2380.0,2420.0,1096930
2024-01-22,2552.25,2620.0,2502.5,2520.0,584214
2024-01-23,2476.0,2625.0,2449.35009765625,2555.0,547338
2024-01-24,2551.64990234375,2574.0,2430.0,2450.0,835226
2024-01-25,2560.5,2620.0,2545.0,2575.0,542163
2024-01-26,2466.5,2562.0,2435.0,2561.0,856564
2024-01-29,2483.199951171875,2496.39990234375,2347.699951171875,2466.0,652376
2024-01-30,2504.199951171875,2575.0,2455.0,2480.0,440052
2024-01-31,2450.800048828125,2560.0,2400.0,2504.199951171875,485981
2024-02-01,2552.550048828125,2560.0,2405.050048828125,2468.0,662459
2024-02-02,2535.10009765625,2600.0,2496.0,2570.0,771186
2024-02-05,2440.300048828125,2570.0,2400.0,2536.0,591896
2024-02-06,2336.449951171875,2490.0,2326.949951171875,2461.0,519678
2024-02-07,2211.800048828125,2325.0,2157.75,2235.0,1135097
2024-02-08,2197.64990234375,2226.0,2134.800048828125,2201.0,596020
2024-02-09,2164.35009765625,2244.39990234375,2133.0,2197.64990234375,1245899
2024-02-14,2071.14990234375,2214.0,2061.5,2198.449951171875,657924
2024-02-15,2012.0999755859375,2127.5,2002.0,2072.0,771782
2024-02-16,1915.4000244140625,2059.0,1880.0,2013.0,982981
2024-02-19,1933.699951171875,1999.0,1895.5,1914.0,696477
2024-02-20,1896.6500244140625,1992.5,1801.0,1935.0,1122181
2024-02-21,1877.300048828125,1928.25,1850.0,1898.0,971532
2024-02-22,1909.4000244140625,1960.0,1892.0,1892.0,1666620
2024-02-23,1997.5999755859375,2007.300048828125,1880.0,1930.0,905450
2024-02-26,1904.8499755859375,2071.0,1900.0,2025.0,882920
2024-02-27,1833.949951171875,1933.25,1819.699951171875,1915.0,797122
2024-02-28,1771.5999755859375,1861.0999755859375,1760.0999755859375,1830.0,1728504
2024-02-29,1769.199951171875,1875.0,1755.0,1755.0,754758
2024-03-01,1862.9000244140625,1865.0,1770.0,1770.0,1218912
2024-03-04,1785.1500244140625,1992.0,1775.5,1935.0,1111555
2024-03-05,1708.550048828125,1827.0,1704.550048828125,1770.0,566611
2024-03-06,1715.5999755859375,1762.0,1681.800048828125,1724.0,1003770
2024-03-07,1622.300048828125,1717.300048828125,1610.0,1700.0,1580791
2024-03-08,1668.5,1675.0,1607.550048828125,1638.0,1916548
2024-03-11,1604.1500244140625,1700.0,1584.6500244140625,1700.0,1609639
2024-03-12,1700.0,1739.949951171875,1609.0,1609.0,1903752
2024-03-13,1665.1500244140625,1769.0999755859375,1650.5,1740.0,2302045
2024-03-14,1663.4000244140625,1682.0,1636.0999755859375,1661.0,1328678
2024-03-15,1711.3499755859375,1730.0,1648.0,1670.0,1534308
2024-03-18,1839.050048828125,1850.0,1683.0,1725.0,2953647
2024-03-19,1817.199951171875,1901.550048828125,1810.0,1850.0,2910155
2024-03-20,1921.9000244140625,1939.300048828125,1830.0,1830.0,2567613
2024-03-21,1921.5,1968.0,1887.5999755859375,1955.0,3024122
2024-03-22,1921.5999755859375,1931.300048828125,1870.0,1918.1500244140625,2258078
2024-03-25,1863.6500244140625,1965.0,1850.0,1950.0,1669359
2024-03-26,1874.5999755859375,1910.5,1820.0999755859375,1864.0,1185677
2024-03-27,1887.3499755859375,1915.5,1873.0999755859375,1900.0,1792200
2024-04-03,1887.9000244140625,1890.8499755859375,1820.0,1889.5,1649443
2024-04-04,1843.949951171875,1925.0,1839.0,1924.0,2574079
2024-04-05,1959.3499755859375,1964.449951171875,1860.0,1870.0,3814781
2024-04-08,1921.800048828125,2002.0,1893.0,1950.0,4714901
2024-04-09,1942.800048828125,1980.0,1894.0,1934.0,2987847
2024-04-10,1906.9000244140625,1942.0,1870.5,1942.0,2455562
2024-04-11,1938.8499755859375,1946.6500244140625,1876.0,1906.0,144775
2024-04-12,1904.4000244140625,1940.5,1893.0,1940.0,2082156
2024-04-15,1820.25,1904.5,1798.0,1904.5,2417282
2024-04-16,1812.9000244140625,1832.0,1771.0,1819.949951171875,1548319
2024-04-17,1790.199951171875,1839.0,1765.0999755859375,1812.0,1461277
2024-04-18,1789.5999755859375,1830.5,1770.0,1812.0,1668501
2024-04-19,1835.0,1855.0,1785.0,1802.0,2264935
2024-04-22,1961.25,1970.0,1845.0,1879.0,2658960
2024-04-23,1912.5,1975.0,1901.0,1975.0,1818152
2024-04-24,1839.5,1889.5,1835.5,1887.3499755859375,1784301
2024-04-25,1900.9000244140625,1906.699951171875,1815.5999755859375,1849.75,1777414
2024-04-26,1913.3499755859375,1935.0,1895.0,1900.0,507246
2024-04-29,1962.199951171875,1993.0,1915.4000244140625,1915.4000244140625,1107275
2024-04-30,1947.0999755859375,2005.0,1932.050048828125,2000.0,2515336
2024-05-02,2091.25,2105.0,1961.0,1999.0,3003601
2024-05-03,2182.800048828125,2203.85009765625,2105.0,2105.0,3613600
2024-05-06,2207.5,2230.0,2160.10009765625,2195.0,2952960
2024-05-07,2184.199951171875,2230.0,2123.550048828125,2220.0,3363299
2024-05-08,2135.550048828125,2219.0,2130.0,2194.0,2010532
2024-05-09,2119.0,2138.89990234375,2084.64990234375,2125.0,1169960
2024-05-10,2036.5,2140.0,2030.0,2130.0,1067002
2024-05-13,1975.199951171875,2040.0,1949.0,2030.0,1610844
2024-05-14,2057.39990234375,2080.0,1980.0,1980.0,1454530
2024-05-15,2140.75,2167.75,2085.0,2099.89990234375,2129000
2024-05-16,2135.949951171875,2156.10009765625,2110.0,2138.0,1317792
2024-05-17,2122.199951171875,2165.25,2111.5,2140.0,1665333
2024-05-20,2232.10009765625,2237.949951171875,2090.0,2112.550048828125,1286620
2024-05-21,2271.75,2282.14990234375,2201.5,2251.10009765625,1874570
2024-05-22,2272.949951171875,2317.5,2244.0,2266.0,1977964
2024-05-23,2233.64990234375,2325.0,2210.0,2273.10009765625,1100875
2024-05-24,2235.800048828125,2299.0,2162.10009765625,2235.0,1623
2024-05-27,2319.35009765625,2360.0,2255.0,2256.0,827416
2024-05-28,2366.89990234375,2388.0,2270.0,2330.0,1917241
2024-05-29,2361.60009765625,2374.949951171875,2285.0,2366.0,1817459
2024-05-30,2445.0,2448.0,2350.449951171875,2399.35009765625,2161807
2024-05-31,2468.699951171875,2500.0,2400.0,2440.0,1495994
2024-06-03,2466.39990234375,2500.0,2425.10009765625,2474.0,1762066
2024-06-04,2332.300048828125,2468.0,2310.5,2425.0,1349625
2024-06-05,2323.949951171875,2353.39990234375,2240.0,2335.0,1941752
2024-06-06,2276.5,2333.0,2230.0,2326.0,1717684
2024-06-07,2287.85009765625,2294.0,2248.0,2274.0,1640664
2024-06-10,2408.85009765625,2420.0,2288.0,2288.0,1839295
2024-06-11,2350.800048828125,2410.0,2324.5,2410.0,1759383
2024-06-12,2353.10009765625,2404.0,2328.050048828125,2350.0,2036965
2024-06-13,2417.75,2448.0,2325.0,2448.0,5138565
2024-06-14,2411.550048828125,2445.0,2368.0,2445.0,2446134
2024-06-18,2318.5,2378.550048828125,2299.0,2378.550048828125,2788363
2024-06-19,2371.050048828125,2378.0,2317.5,2317.5,824982
2024-06-24,2330.699951171875,2338.5,2280.0,2330.0,1274619
2024-06-25,2335.949951171875,2367.050048828125,2315.0,2325.0,987525
2024-06-26,2358.39990234375,2374.35009765625,2311.050048828125,2357.89990234375,1052405
2024-06-27,2447.25,2450.0,2330.0,2364.0,1917647
2024-06-28,2408.75,2477.449951171875,2390.800048828125,2457.0,1794993
2024-07-01,2424.39990234375,2438.0,2355.949951171875,2425.10009765625,1545602
2024-07-02,2463.85009765625,2499.0,2428.89990234375,2428.89990234375,1296031
2024-07-03,2413.14990234375,2633.0,2389.0,2560.0,2506146
2024-07-04,2456.949951171875,2479.0,2415.0,2430.0,688208
2024-07-05,2514.89990234375,2569.0,2455.0,2455.0,1949785
2024-07-08,2572.64990234375,2597.35009765625,2518.0,2560.14990234375,1095164
2024-07-10,2580.0,2630.0,2520.0,2580.0,1939770
2024-07-11,2650.0,2660.0,2570.0,2585.0,1596649
2024-07-12,2690.0,2705.0,2625.0,2650.0,1319100
2024-07-15,2365.0,2665.0,2350.0,2665.0,3990083
2024-07-16,2375.0,2410.0,2220.0,2365.0,1644153
2024-07-17,2345.0,2395.0,2295.0,2385.0,1297951
2024-07-18,2390.0,2430.0,2355.0,2400.0,1208300
2024-07-19,2460.0,2480.0,2400.0,2400.0,1008673
2024-07-22,2485.0,2540.0,2420.0,2420.0,1132195
2024-07-23,2570.0,2585.0,2460.0,2480.0,1338632
2024-07-24,2510.0,2595.0,2505.0,2580.0,911016
2024-07-25,2415.0,2515.0,2400.0,2510.0,1304675
2024-07-26,2430.0,2500.0,2400.0,2415.0,418462
2024-07-29,2355.0,2475.0,2325.0,2475.0,658155
2024-07-30,2230.0,2355.0,2205.0,2355.0,1485012
2024-07-31,2345.0,2370.0,2240.0,2250.0,76967
2024-08-01,2355.0,2390.0,2305.0,2380.0,854129
2024-08-02,2270.0,2360.0,2260.0,2360.0,853143
2024-08-05,2265.0,2270.0,2090.0,2100.0,4113540
2024-08-06,2310.0,2345.0,2260.0,2270.0,975333
2024-08-07,2340.0,2385.0,2280.0,2340.0,1719845
2024-08-08,2555.0,2575.0,2455.0,2455.0,2005810
2024-08-09,2635.0,2685.0,2545.0,2555.0,2698823
2024-08-12,2650.0,2665.0,2580.0,2640.0,1245490
2024-08-13,2615.0,2700.0,2580.0,2630.0,1854282
2024-08-14,2605.0,2690.0,2555.0,2590.0,1951720
2024-08-15,2675.0,2690.0,2620.0,2630.0,1537695
2024-08-16,2700.0,2760.0,2675.0,2675.0,1558030
2024-08-19,2710.0,2740.0,2660.0,2710.0,1408681
2024-08-20,2720.0,2775.0,2690.0,2730.0,2094977
2024-08-21,2660.0,2740.0,2640.0,2740.0,770805
2024-08-22,2615.0,2665.0,2600.0,2660.0,914684
2024-08-23,2655.0,2685.0,2610.0,2610.0,876769
2024-08-26,2630.0,2690.0,2595.0,2690.0,917931
2024-08-27,2665.0,2685.0,2625.0,2635.0,818415
2024-08-28,2695.0,2715.0,2645.0,2680.0,697520
2024-08-29,2735.0,2790.0,2700.0,2705.0,1228417
2024-08-30,2820.0,2885.0,2800.0,2800.0,1748215
2024-09-02,2905.0,2950.0,2835.0,2835.0,1823859
2024-09-03,2870.0,2930.0,2800.0,2830.0,2221717
2024-09-04,2940.0,2965.0,2875.0,2885.0,1377156
2024-09-05,2890.0,3000.0,2855.0,2960.0,2053425
2024-09-06,2835.0,2910.0,2770.0,2900.0,1056506
2024-09-09,2880.0,2900.0,2820.0,2850.0,1027570
2024-09-10,2850.0,2885.0,2800.0,2880.0,1442691
2024-09-11,2950.0,2980.0,2860.0,2860.0,1482639
2024-09-12,2965.0,3000.0,2905.0,2950.0,1603624
2024-09-13,2970.0,2985.0,2935.0,2960.0,1448019
2024-09-16,2910.0,2995.0,2900.0,2900.0,1552552
2024-09-17,2905.0,2920.0,2865.0,2910.0,1682322
2024-09-18,2935.0,2975.0,2865.0,2935.0,1402408
2024-09-19,3035.0,3055.0,2990.0,2995.0,1919509
2024-09-20,3030.0,3055.0,3000.0,3035.0,1148830
2024-09-23,2955.0,3055.0,2925.0,3050.0,1055760
2024-09-24,2955.0,3010.0,2930.0,2985.0,861056
2024-09-25,2925.0,2990.0,2905.0,2950.0,962038
2024-09-26,2855.0,2955.0,2850.0,2950.0,1004782
2024-09-27,2890.0,2975.0,2875.0,2885.0,982085
2024-09-30,2970.0,2980.0,2840.0,2915.0,1155327
2024-10-01,3030.0,3045.0,2950.0,2950.0,1158557
2024-10-02,2955.0,3095.0,2940.0,3000.0,1890249
2024-10-03,3055.0,3070.0,2955.0,2960.0,902137
2024-10-04,3090.0,3105.0,3030.0,3070.0,747944
2024-10-07,2975.0,3090.0,2960.0,3075.0,861321
2024-10-08,3000.0,3020.0,2955.0,2980.0,778852
2024-10-09,3050.0,3085.0,2935.0,3000.0,1263749
2024-10-10,3015.0,3090.0,3005.0,3070.0,748820
2024-10-14,3070.0,3095.0,2990.0,3085.0,1228672
2024-10-15,3100.0,3120.0,3020.0,3070.0,1987439
2024-10-16,3055.0,3140.0,3045.0,3085.0,908525
2024-10-17,3225.0,3245.0,3070.0,3070.0,2873076
2024-10-18,3250.0,3265.0,3175.0,3250.0,982453
2024-10-21,3240.0,3290.0,3220.0,3280.0,962767
2024-10-22,3230.0,3290.0,3210.0,3245.0,730359
2024-10-23,3165.0,3260.0,3115.0,3260.0,823866
2024-10-24,3235.0,3240.0,3140.0,3175.0,846781
2024-10-25,3200.0,3265.0,3185.0,3250.0,1365202
2024-10-28,3120.0,3235.0,3075.0,3190.0,1783825
2024-10-29,3080.0,3155.0,3070.0,3155.0,1577077
2024-10-30,3105.0,3140.0,3080.0,3100.0,1108958
2024-10-31,3105.0,3135.0,3050.0,3110.0,1180548
2024-11-01,3125.0,3175.0,3085.0,3145.0,998971
2024-11-04,3135.0,3160.0,3105.0,3120.0,1306753
2024-11-05,3210.0,3220.0,3120.0,3135.0,1517920
2024-11-06,3220.0,3295.0,3205.0,3285.0,1352516
2024-11-07,3250.0,3315.0,3200.0,3250.0,1827236
2024-11-08,3245.0,3330.0,3135.0,3300.0,2010838
2024-11-11,3300.0,3305.0,3180.0,3275.0,1224181
2024-11-12,3360.0,3400.0,3230.0,3320.0,1771204
2024-11-13,3435.0,3465.0,3340.0,3360.0,2029485
2024-11-14,3475.0,3500.0,3415.0,3480.0,2140584
2024-11-15,3415.0,3600.0,3395.0,3480.0,3048988
2024-11-19,3560.0,3650.0,3520.0,3590.0,2362209
2024-11-20,3625.0,3650.0,3525.0,3580.0,1855776
2024-11-21,3660.0,3715.0,3610.0,3625.0,1626961
2024-11-22,3730.0,3780.0,3575.0,3645.0,1925691
2024-11-25,3710.0,3870.0,3610.0,3780.0,2729796
2024-11-26,3730.0,3780.0,3550.0,3770.0,1529755
2024-11-27,3730.0,3800.0,3670.0,3800.0,1221608
2024-11-28,3775.0,3790.0,3665.0,3750.0,609836
2024-11-29,3855.0,3900.0,3735.0,3800.0,1195659
2024-12-02,3880.0,3930.0,3755.0,3930.0,2705513
2024-12-03,3890.0,3970.0,3820.0,3895.0,2079813
2024-12-04,3770.0,3930.0,3720.0,3890.0,2062353
2024-12-05,3740.0,3895.0,3615.0,3770.0,2528516
2024-12-06,3730.0,3850.0,3610.0,3750.0,1440830
2024-12-09,3770.0,3835.0,3710.0,3730.0,1252159
2024-12-10,3715.0,3835.0,3680.0,3800.0,1328052
2024-12-11,3870.0,3895.0,3695.0,3720.0,2150148
2024-12-12,3820.0,3965.0,3800.0,3900.0,3241387
2024-12-13,3890.0,3965.0,3800.0,3820.0,2479628
2024-12-16,4110.0,4120.0,3895.0,3895.0,2869404
2024-12-17,4175.0,4200.0,4075.0,4120.0,2377675
2024-12-18,4070.0,4320.0,4050.0,4260.0,2355601
2024-12-19,3950.0,4170.0,3930.0,4080.0,1676943
2024-12-20,4040.0,4050.0,3690.0,3950.0,1955868
2024-12-23,4065.0,4250.0,3960.0,4070.0,1180886
2024-12-24,4135.0,4155.0,4065.0,4100.0,224222
2024-12-26,4215.0,4275.0,4135.0,4135.0,1293492
2024-12-27,4190.0,4260.0,4110.0,4230.0,1009322
2024-12-30,4165.0,4220.0,4110.0,4200.0,1002901
2025-01-02,4385.0,4450.0,4170.0,4170.0,2259748
2025-01-03,4445.0,4510.0,4255.0,4420.0,1930097
2025-01-06,4500.0,4560.0,4400.0,4500.0,1937570
2025-01-07,4555.0,4635.0,4450.0,4515.0,2676185
2025-01-08,4470.0,4580.0,4280.0,4580.0,2866124
2025-01-09,4575.0,4645.0,4460.0,4555.0,1568067
2025-01-10,4530.0,4630.0,4430.0,4505.0,2266661
2025-01-13,4305.0,4590.0,4300.0,4550.0,1433648
2025-01-14,4465.0,4490.0,4315.0,4315.0,1906781
2025-01-15,4420.0,4580.0,4345.0,4550.0,1609267
2025-01-16,4290.0,4460.0,4265.0,4420.0,1257453
2025-01-17,4080.0,4325.0,4060.0,4290.0,2343509
2025-01-20,4045.0,4185.0,4005.0,4090.0,888929
2025-01-21,4210.0,4225.0,4040.0,4100.0,1806432
2025-01-22,4235.0,4300.0,4165.0,4210.0,969983
2025-01-23,4175.0,4245.0,4140.0,4235.0,916191
2025-01-24,4040.0,4195.0,3865.0,4075.0,2106129
2025-01-27,3875.0,4030.0,3780.0,4030.0,2234216
2025-01-28,3800.0,3950.0,3680.0,3895.0,2878034
2025-01-29,4065.0,4080.0,3725.0,3800.0,1787310
2025-01-30,4280.0,4300.0,4100.0,4110.0,1918717
2025-01-31,4240.0,4365.0,4200.0,4350.0,734240
2025-02-03,4080.0,4160.0,4000.0,4160.0,1476544
2025-02-04,4150.0,4180.0,4080.0,4080.0,728526
2025-02-05,4025.0,4180.0,4015.0,4150.0,731211
2025-02-06,4055.0,4125.0,3975.0,4035.0,1008141
2025-02-07,3890.0,4120.0,3830.0,4065.0,1656106
2025-02-10,3775.0,3955.0,3710.0,3890.0,2566650
2025-02-11,3650.0,3840.0,3600.0,3775.0,2804060
2025-02-12,3720.0,3825.0,3500.0,3660.0,2472248
2025-02-13,3855.0,3875.0,3720.0,3730.0,916572
2025-02-14,3940.0,3945.0,3800.0,3880.0,1159987
2025-02-17,3705.0,3895.0,3660.0,3850.0,2431021
2025-02-18,3940.0,3990.0,3720.0,3720.0,2080058
2025-02-19,3965.0,4015.0,3900.0,3950.0,1048256
2025-02-20,3945.0,4010.0,3865.0,3965.0,1134284
2025-02-21,3905.0,4070.0,3900.0,4000.0,1813551
2025-02-24,3890.0,3995.0,3795.0,3990.0,896155
2025-02-25,3775.0,3935.0,3700.0,3890.0,1041759
2025-02-26,3720.0,3830.0,3700.0,3780.0,1306403
2025-02-27,3610.0,3780.0,3575.0,3735.0,1436658
2025-02-28,3745.0,3815.0,3525.0,3630.0,1600317
2025-03-05,3800.0,3820.0,3665.0,3700.0,882855
2025-03-06,3850.0,3920.0,3725.0,3850.0,1461859
2025-03-07,3875.0,3970.0,3715.0,3900.0,1040418
2025-03-10,3670.0,3785.0,3570.0,3785.0,1577884
2025-03-11,3735.0,3805.0,3645.0,3705.0,1797340
2025-03-12,3975.0,4000.0,3815.0,3815.0,2330279
2025-03-13,3895.0,4025.0,3845.0,3935.0,948257
2025-03-14,4080.0,4095.0,3945.0,3970.0,1229367
2025-03-17,4030.0,4150.0,4020.0,4080.0,1029330
2025-03-18,3945.0,4005.0,3890.0,3985.0,1185548
2025-03-19,4130.0,4145.0,3960.0,3960.0,1142765
2025-03-20,4115.0,4160.0,4025.0,4130.0,856996
2025-03-21,4255.0,4275.0,4110.0,4170.0,1087648
2025-03-25,4345.0,4395.0,4255.0,4300.0,1167957
2025-03-26,4250.0,4390.0,4240.0,4390.0,1100702
2025-03-27,4185.0,4335.0,4170.0,4270.0,967378
2025-03-28,4145.0,4205.0,4105.0,4170.0,775146
2025-03-31,4045.0,4100.0,4000.0,4100.0,1662038
2025-04-01,4145.0,4200.0,4060.0,4060.0,633208
2025-04-03,3940.0,4050.0,3930.0,3985.0,1113877
2025-04-04,3660.0,3840.0,3500.0,3840.0,1872983
2025-04-07,3510.0,3750.0,3460.0,3490.0,2826135
2025-04-08,3425.0,3735.0,3380.0,3630.0,3329524
2025-04-09,3620.0,3950.0,3285.0,3425.0,2791411
2025-04-10,3560.0,3670.0,3415.0,3620.0,1573347
2025-04-11,3730.0,3830.0,3635.0,3635.0,1541366
2025-04-14,3855.0,4095.0,3670.0,4000.0,3116783
2025-04-15,3740.0,3840.0,3700.0,3830.0,1039821
