Price,('Close', 'TECO2.BA'),('High', 'TECO2.BA'),('Low', 'TECO2.BA'),('Open', 'TECO2.BA'),('Volume', 'TECO2.BA')
Ticker,TECO2.BA,TECO2.BA,TECO2.BA,TECO2.BA,TECO2.BA
Date,,,,,
2020-04-17,161.14999389648438,169.0,156.5,163.0,53553
2020-04-20,160.5,165.0,157.5,165.0,88245
2020-04-21,167.0,168.0,159.0,162.0,97950
2020-04-22,169.0,169.89999389648438,162.0,164.5,112232
2020-04-23,160.25,171.8000030517578,159.4499969482422,167.0500030517578,121817
2020-04-24,151.9499969482422,160.0,148.39999389648438,160.0,66012
2020-04-27,155.5500030517578,159.6999969482422,152.0,152.0,27258
2020-04-28,169.5,169.89999389648438,155.60000610351562,156.6999969482422,133117
2020-04-29,161.25,174.0,160.3000030517578,173.5,154329
2020-04-30,158.89999389648438,165.0,155.0,164.0,93291
2020-05-04,157.5500030517578,158.6999969482422,153.5,158.6999969482422,78808
2020-05-05,161.1999969482422,165.0,157.5500030517578,158.0,54429
2020-05-06,163.0,166.0,159.39999389648438,163.0,79466
2020-05-07,170.60000610351562,171.35000610351562,159.8000030517578,163.0,135812
2020-05-08,168.75,175.0,167.64999389648438,171.10000610351562,157473
2020-05-11,181.0500030517578,182.89999389648438,166.0,170.0,341951
2020-05-12,181.6999969482422,191.5,180.0,181.8000030517578,172306
2020-05-13,181.39999389648438,190.9499969482422,180.0,184.0,30131
2020-05-14,183.5500030517578,184.9499969482422,177.0,179.0,166195
2020-05-15,189.25,197.6999969482422,184.0,184.0,437672
2020-05-18,193.0500030517578,199.39999389648438,186.8000030517578,192.10000610351562,99697
2020-05-19,185.6999969482422,191.89999389648438,184.0,190.0,187926
2020-05-20,188.3000030517578,190.0,185.6999969482422,185.6999969482422,37119
2020-05-21,192.14999389648438,194.5,189.0,189.75,47826
2020-05-22,187.60000610351562,192.10000610351562,182.5500030517578,192.10000610351562,138721
2020-05-26,189.9499969482422,197.0,189.0,190.0,199659
2020-05-27,188.6999969482422,195.0,172.0,191.0,120093
2020-05-28,178.35000610351562,189.4499969482422,175.3000030517578,189.4499969482422,135087
2020-05-29,184.75,187.4499969482422,169.75,173.6999969482422,163976
2020-06-01,190.6999969482422,191.3000030517578,184.75,186.0,72722
2020-06-02,195.0,195.75,186.0,190.5,46705
2020-06-03,211.0,213.3000030517578,197.5,197.5,107432
2020-06-04,222.0,223.0,205.0,211.89999389648438,121330
2020-06-05,228.0,241.0,222.0,222.0,129476
2020-06-08,259.3500061035156,265.0,228.0,228.0,111659
2020-06-09,244.8000030517578,259.3500061035156,235.0,259.3500061035156,179809
2020-06-10,237.35000610351562,249.0,231.6999969482422,244.0,115904
2020-06-11,228.0,234.64999389648438,220.60000610351562,230.0,173851
2020-06-12,223.1999969482422,234.6999969482422,215.3000030517578,231.0,117552
2020-06-16,217.1999969482422,229.5,212.0,225.0,73003
2020-06-17,206.5,219.0,205.0,216.0,52704
2020-06-18,194.14999389648438,203.0,193.5,200.0500030517578,60145
2020-06-19,206.3000030517578,216.3000030517578,194.10000610351562,194.10000610351562,112154
2020-06-22,196.85000610351562,217.0,193.5,209.0,95095
2020-06-23,199.0,202.85000610351562,197.5,197.5,219738
2020-06-24,204.4499969482422,205.0,195.0,200.0,62851
2020-06-25,206.85000610351562,212.0,205.0,205.0,59973
2020-06-26,201.0,207.5,198.5,206.5,89616
2020-06-29,194.1999969482422,204.0,193.1999969482422,203.0,59642
2020-06-30,189.25,203.0,185.0,194.0,89293
2020-07-01,193.25,195.5,189.0,189.5,26604
2020-07-02,192.6999969482422,198.5,190.10000610351562,196.0,29890
2020-07-03,195.25,197.5,190.0,197.5,6627
2020-07-06,212.5500030517578,214.0,202.0,202.0,136942
2020-07-07,207.4499969482422,215.0,201.0,214.0,100116
2020-07-08,201.35000610351562,210.5,200.10000610351562,207.0,85945
2020-07-13,205.6999969482422,210.0,205.0,205.0,59342
2020-07-14,207.0,209.0,202.25,206.0,39990
2020-07-15,209.9499969482422,211.0,207.10000610351562,207.10000610351562,37258
2020-07-16,210.8000030517578,212.6999969482422,210.0,210.0,41997
2020-07-17,216.89999389648438,219.5,211.10000610351562,211.10000610351562,171754
2020-07-20,222.0,223.6999969482422,216.0,216.0,106660
2020-07-21,227.5500030517578,231.5,223.6999969482422,223.6999969482422,110194
2020-07-22,235.0,237.10000610351562,223.5,231.89999389648438,204307
2020-07-23,235.0,245.1999969482422,232.0,240.0,142705
2020-07-24,233.5500030517578,239.25,231.35000610351562,235.0,98964
2020-07-27,227.6999969482422,240.0,225.64999389648438,234.5,100171
2020-07-28,228.0,231.0,218.5,227.5,58853
2020-07-29,227.85000610351562,236.0,224.0,235.0,37031
2020-07-30,226.9499969482422,228.9499969482422,218.0,226.0,74516
2020-07-31,221.4499969482422,227.0,218.0,227.0,61923
2020-08-03,230.10000610351562,234.3000030517578,216.3000030517578,221.0,152374
2020-08-04,225.64999389648438,244.5,222.0,238.0,306495
2020-08-05,222.10000610351562,230.0,217.0,227.10000610351562,152314
2020-08-06,218.8000030517578,225.0,216.85000610351562,223.0,55999
2020-08-07,228.1999969482422,229.0,216.3000030517578,218.8000030517578,90546
2020-08-10,220.4499969482422,233.0,219.0,229.5,89813
2020-08-11,215.0500030517578,224.0,210.25,224.0,78396
2020-08-12,208.5,216.60000610351562,204.0,216.0,126182
2020-08-13,208.0500030517578,211.10000610351562,206.0,209.0,58026
2020-08-14,211.9499969482422,215.0,203.0,210.0,55078
2020-08-18,204.9499969482422,210.0,201.0,208.4499969482422,72416
2020-08-19,205.4499969482422,209.8000030517578,197.0,203.0,84130
2020-08-20,204.64999389648438,206.10000610351562,199.10000610351562,203.89999389648438,70277
2020-08-21,203.75,209.5,201.0,206.89999389648438,131168
2020-08-24,186.89999389648438,194.4499969482422,175.0,185.0,245103
2020-08-25,188.10000610351562,191.60000610351562,181.0,188.6999969482422,146576
2020-08-26,180.6999969482422,190.0,180.0,188.10000610351562,41767
2020-08-27,172.14999389648438,182.5,170.10000610351562,180.75,133552
2020-08-28,176.14999389648438,177.8000030517578,171.8000030517578,175.0,228078
2020-08-31,174.0,178.10000610351562,171.1999969482422,178.0,45567
2020-09-01,178.89999389648438,181.5,172.0,172.0,122104
2020-09-02,172.39999389648438,181.60000610351562,171.75,181.0,46000
2020-09-03,166.39999389648438,175.35000610351562,165.0,172.39999389648438,61638
2020-09-04,166.14999389648438,173.0,160.0,173.0,40545
2020-09-07,167.75,171.89999389648438,166.5,166.5,26589
2020-09-08,166.5500030517578,169.39999389648438,164.0,167.75,34048
2020-09-09,176.8000030517578,178.0,166.5500030517578,166.5500030517578,67522
2020-09-10,186.25,189.89999389648438,178.1999969482422,178.1999969482422,110150
2020-09-11,178.14999389648438,185.89999389648438,175.8000030517578,185.0500030517578,33402
2020-09-14,182.85000610351562,193.25,177.0,190.0,140481
2020-09-15,196.14999389648438,197.0,182.0,184.5,182216
2020-09-16,186.0500030517578,195.5,181.14999389648438,195.5,93667
2020-09-17,186.89999389648438,191.39999389648438,181.85000610351562,185.0,74734
2020-09-18,194.25,197.0,186.0,190.0,95493
2020-09-21,193.5,197.39999389648438,185.0,194.25,52693
2020-09-22,195.3000030517578,196.0,188.0,194.25,128612
2020-09-23,198.3000030517578,199.75,192.0,193.35000610351562,68086
2020-09-24,193.5500030517578,199.0,190.0,198.0,86230
2020-09-25,190.6999969482422,194.9499969482422,190.0,192.0,27860
2020-09-28,193.8000030517578,194.0,188.0500030517578,190.6999969482422,49370
2020-09-29,188.3000030517578,193.0500030517578,186.5,193.0500030517578,16717
2020-09-30,184.0,193.1999969482422,180.1999969482422,188.3000030517578,69305
2020-10-01,194.64999389648438,196.89999389648438,182.0,182.0,58875
2020-10-02,201.25,203.0,188.4499969482422,193.0,39388
2020-10-05,205.64999389648438,206.0,195.89999389648438,200.0,80854
2020-10-06,211.3000030517578,213.8000030517578,205.0,205.0,66569
2020-10-07,211.25,214.0,206.0,212.0,61678
2020-10-08,220.85000610351562,223.75,213.0,213.35000610351562,81903
2020-10-09,226.0,227.85000610351562,214.0,219.0,58917
2020-10-13,231.5500030517578,232.0,220.0,223.75,94106
2020-10-14,238.35000610351562,239.0,219.0,226.6999969482422,89788
2020-10-15,237.35000610351562,243.0,228.0,233.60000610351562,70365
2020-10-16,240.10000610351562,242.5,233.25,237.0,90912
2020-10-19,243.60000610351562,248.5,235.0,241.0,88939
2020-10-20,256.95001220703125,260.0,247.5,247.5,200702
2020-10-21,265.75,269.0,255.0,256.8999938964844,152803
2020-10-22,269.95001220703125,272.54998779296875,260.45001220703125,265.0,87134
2020-10-23,264.1499938964844,271.8999938964844,255.6999969482422,269.95001220703125,91177
2020-10-26,239.60000610351562,264.1000061035156,236.0,264.1000061035156,50875
2020-10-27,222.35000610351562,240.3000030517578,220.0,239.60000610351562,43384
2020-10-28,205.3000030517578,220.0,203.60000610351562,220.0,37626
2020-10-29,206.9499969482422,217.60000610351562,202.0,205.0,70049
2020-10-30,196.25,210.0,196.0,210.0,44126
2020-11-02,208.5500030517578,212.0,197.0,198.0,71547
2020-11-03,204.9499969482422,237.0,204.60000610351562,210.0,122600
2020-11-04,201.39999389648438,214.5,200.0,209.0500030517578,34731
2020-11-05,204.8000030517578,209.0,199.0,204.0,53878
2020-11-06,206.4499969482422,209.5,201.1999969482422,209.5,17542
2020-11-09,211.4499969482422,215.0,205.0,206.0,50268
2020-11-10,225.5,226.0,210.1999969482422,212.0,62652
2020-11-11,218.14999389648438,230.0,217.1999969482422,226.0,45224
2020-11-12,203.85000610351562,219.0,202.39999389648438,219.0,238479
2020-11-13,203.39999389648438,211.0,202.3000030517578,205.89999389648438,88698
2020-11-16,206.4499969482422,208.89999389648438,201.0,201.0,71860
2020-11-17,201.14999389648438,209.9499969482422,198.0,206.9499969482422,129792
2020-11-18,207.3000030517578,212.0,202.10000610351562,205.0,64769
2020-11-19,213.60000610351562,215.0,204.0,207.25,67067
2020-11-20,215.8000030517578,217.9499969482422,212.5,215.0,79980
2020-11-24,233.3000030517578,234.75,216.0,216.0,121727
2020-11-25,239.5,242.1999969482422,231.5,234.0,128889
2020-11-26,234.4499969482422,243.0,221.25,238.8000030517578,41887
2020-11-27,239.35000610351562,249.39999389648438,234.0,234.4499969482422,88175
2020-11-30,247.64999389648438,249.0,239.3000030517578,239.3000030517578,227984
2020-12-01,243.8000030517578,253.89999389648438,242.5,245.39999389648438,100203
2020-12-02,252.9499969482422,256.0,244.0,244.0,249618
2020-12-03,262.6000061035156,271.5,250.5,252.9499969482422,117328
2020-12-04,257.45001220703125,268.5,252.0,262.6499938964844,49686
2020-12-09,240.5,257.0,240.0,257.0,59831
2020-12-10,234.9499969482422,240.0,233.0,240.0,47784
2020-12-11,245.60000610351562,247.0,233.0,233.5,55994
2020-12-14,234.75,248.0,232.1999969482422,247.0,62549
2020-12-15,232.39999389648438,236.5,228.0,235.0,54582
2020-12-16,225.10000610351562,232.0,224.3000030517578,232.0,52124
2020-12-17,217.3000030517578,229.9499969482422,216.0,227.35000610351562,67195
2020-12-18,218.9499969482422,223.0,216.3000030517578,220.0,74463
2020-12-21,203.5500030517578,219.0,201.4499969482422,210.0,96791
2020-12-22,196.64999389648438,216.0,195.0,204.0,229378
2020-12-23,193.0,200.60000610351562,192.0,200.0,134112
2020-12-28,189.0,194.0,186.0,193.5,178136
2020-12-29,198.85000610351562,202.0,189.0,192.5,210796
2020-12-30,196.64999389648438,204.0,195.0,201.0,264355
2021-01-04,187.5500030517578,201.89999389648438,185.0,196.89999389648438,271022
2021-01-05,193.0,193.39999389648438,186.39999389648438,188.0,104828
2021-01-06,194.4499969482422,198.0,193.0,195.0,103047
2021-01-07,200.75,202.25,195.0,199.9499969482422,147860
2021-01-08,199.9499969482422,204.4499969482422,196.10000610351562,202.0,107042
2021-01-11,198.89999389648438,200.75,193.0500030517578,199.0,73112
2021-01-12,198.6999969482422,200.0,197.0,198.0,45766
2021-01-13,196.5,201.0,194.39999389648438,198.0,48889
2021-01-14,200.14999389648438,200.8000030517578,195.0500030517578,195.0500030517578,74834
2021-01-15,196.85000610351562,203.0,193.85000610351562,203.0,35793
2021-01-18,195.39999389648438,197.0,191.0,193.5,27620
2021-01-19,197.0,199.4499969482422,190.0,199.0,62077
2021-01-20,194.25,198.25,190.75,196.0,48148
2021-01-21,191.4499969482422,199.0,190.0,194.5,79557
2021-01-22,196.10000610351562,196.5,186.6999969482422,190.0,85651
2021-01-25,195.3000030517578,198.5,190.5,196.8000030517578,46949
2021-01-26,196.3000030517578,200.1999969482422,192.0,195.0,58060
2021-01-27,196.64999389648438,199.89999389648438,195.0,197.5,86555
2021-01-28,200.39999389648438,201.0,196.5,198.0,58212
2021-01-29,199.0,208.5,196.60000610351562,199.5,107542
2021-02-01,199.0500030517578,204.5,197.5,204.5,22273
2021-02-02,206.64999389648438,210.0,198.5,199.5,59690
2021-02-03,204.89999389648438,210.0,202.0,208.0,66361
2021-02-04,202.9499969482422,208.0,200.0,204.0,47462
2021-02-05,203.10000610351562,206.0,200.60000610351562,202.5,28106
2021-02-08,202.6999969482422,206.89999389648438,200.25,204.0,46358
2021-02-09,201.8000030517578,206.5,199.60000610351562,201.5,72060
2021-02-10,199.75,204.0,199.0,202.8000030517578,69929
2021-02-11,194.85000610351562,202.5,194.5,199.0,37362
2021-02-12,195.5500030517578,199.0,192.85000610351562,194.3000030517578,28885
2021-02-17,192.8000030517578,197.0,188.8000030517578,195.0,110139
2021-02-18,187.35000610351562,195.0,182.0,192.0,167068
2021-02-19,179.3000030517578,190.0,177.5,190.0,243834
2021-02-22,172.9499969482422,182.0,172.0500030517578,179.5,134165
2021-02-23,171.14999389648438,176.3000030517578,167.0,170.0,81384
2021-02-24,179.35000610351562,179.39999389648438,172.85000610351562,174.0,73824
2021-02-25,172.9499969482422,184.5,172.64999389648438,179.39999389648438,118930
2021-02-26,171.9499969482422,177.4499969482422,170.85000610351562,177.0,31801
2021-03-01,170.9499969482422,180.0,169.10000610351562,173.8000030517578,148520
2021-03-02,170.9499969482422,174.0,169.0,173.35000610351562,93352
2021-03-03,168.39999389648438,173.0,165.10000610351562,171.3000030517578,72450
2021-03-04,166.39999389648438,173.0,163.10000610351562,166.0,55256
2021-03-05,166.10000610351562,171.0,164.0,168.0,19015
2021-03-08,163.0,169.6999969482422,162.0,167.0,21273
2021-03-09,166.0500030517578,167.0,161.39999389648438,163.0,47317
2021-03-10,166.0500030517578,170.0,163.0,170.0,101885
2021-03-11,171.85000610351562,173.60000610351562,167.6999969482422,168.25,86305
2021-03-12,170.89999389648438,173.9499969482422,170.0,172.5,29217
2021-03-15,175.39999389648438,176.5,170.0,172.0,88408
2021-03-16,172.0500030517578,179.39999389648438,171.8000030517578,179.0,39842
2021-03-17,176.10000610351562,177.0,170.8000030517578,176.0,49230
2021-03-18,171.14999389648438,176.10000610351562,170.8000030517578,176.0,43889
2021-03-19,174.1999969482422,175.85000610351562,169.5,172.89999389648438,36061
2021-03-22,175.5500030517578,177.0,173.60000610351562,175.9499969482422,50392
2021-03-23,168.8000030517578,175.0,167.0,174.9499969482422,83756
2021-03-25,163.1999969482422,166.9499969482422,159.5,166.9499969482422,53199
2021-03-26,157.0,166.5,156.0,166.5,55135
2021-03-29,158.5500030517578,160.0,148.6999969482422,155.4499969482422,42115
2021-03-30,157.4499969482422,158.0,155.0,158.0,18577
2021-03-31,161.39999389648438,164.0,155.85000610351562,156.0,110563
2021-04-05,162.0,166.9499969482422,160.60000610351562,161.5,111224
2021-04-06,172.0500030517578,173.0,162.0,162.0,133722
2021-04-07,175.10000610351562,175.60000610351562,170.3000030517578,172.0500030517578,327015
2021-04-08,171.3000030517578,173.0,163.60000610351562,170.1999969482422,59319
2021-04-09,162.89999389648438,173.35000610351562,162.10000610351562,173.35000610351562,140430
2021-04-12,156.89999389648438,162.0,156.3000030517578,162.0,166290
2021-04-13,153.5,157.5500030517578,152.6999969482422,157.0,66255
2021-04-14,154.39999389648438,157.89999389648438,152.0,154.0,123489
2021-04-15,152.64999389648438,155.0,152.39999389648438,155.0,222605
2021-04-16,150.6999969482422,153.75,150.39999389648438,153.0,101819
2021-04-19,150.0,152.0,150.0,152.0,39312
2021-04-20,145.60000610351562,150.0,140.75,150.0,166053
2021-04-21,144.60000610351562,145.5,140.8000030517578,145.5,289190
2021-04-22,143.39999389648438,144.10000610351562,141.6999969482422,143.64999389648438,53477
2021-04-23,139.64999389648438,142.4499969482422,138.0,142.4499969482422,196715
2021-04-26,139.5500030517578,143.0,138.14999389648438,141.39999389648438,185837
2021-04-27,140.1999969482422,143.14999389648438,138.6999969482422,140.39999389648438,186988
2021-04-28,148.5,149.0,142.0,143.5,334488
2021-04-29,147.35000610351562,150.0,145.60000610351562,150.0,80677
2021-04-30,147.9499969482422,149.0,146.5,149.0,83331
2021-05-03,147.35000610351562,151.0,146.0,151.0,102867
2021-05-04,145.6999969482422,148.8000030517578,144.6999969482422,147.0,90166
2021-05-05,144.8000030517578,146.4499969482422,144.0,145.5500030517578,49709
2021-05-06,141.1999969482422,146.0,140.8000030517578,143.0500030517578,73704
2021-05-07,147.14999389648438,147.64999389648438,143.0,146.35000610351562,68939
2021-05-10,145.25,147.9499969482422,145.0,147.89999389648438,35444
2021-05-11,148.9499969482422,151.0,145.89999389648438,147.4499969482422,123402
2021-05-12,154.1999969482422,157.0,149.0,151.89999389648438,218361
2021-05-13,158.0,159.5,154.25,156.39999389648438,102361
2021-05-14,162.25,164.75,159.5,160.0,135406
2021-05-17,162.9499969482422,164.5,158.35000610351562,162.0,91221
2021-05-18,171.4499969482422,173.5,162.5,162.5,239044
2021-05-19,172.0500030517578,173.8000030517578,166.0,168.0,222565
2021-05-20,171.4499969482422,173.4499969482422,168.0,172.0,130917
2021-05-21,171.75,174.5,168.0,173.3000030517578,127038
2021-05-26,171.89999389648438,174.39999389648438,161.6999969482422,167.14999389648438,121307
2021-05-27,183.9499969482422,198.75,177.0,177.0,1271939
2021-05-28,187.35000610351562,193.10000610351562,184.5,185.5,145969
2021-05-31,189.25,190.75,186.1999969482422,189.25,49527
2021-06-01,189.8000030517578,193.8000030517578,188.0,190.5,112997
2021-06-02,191.5,192.35000610351562,188.0,189.5,77843
2021-06-03,189.89999389648438,190.0,183.64999389648438,187.39999389648438,105672
2021-06-04,195.60000610351562,196.0,186.10000610351562,189.6999969482422,278700
2021-06-07,208.14999389648438,208.6999969482422,197.0,197.0,423187
2021-06-08,208.5,209.0,203.25,207.5,82276
2021-06-09,215.9499969482422,217.6999969482422,211.4499969482422,211.60000610351562,133408
2021-06-10,215.89999389648438,217.8000030517578,214.0,217.8000030517578,181125
2021-06-11,204.6999969482422,212.0,200.9499969482422,212.0,132422
2021-06-14,202.0,204.75,198.1999969482422,202.64999389648438,141298
2021-06-15,201.85000610351562,203.10000610351562,199.0500030517578,203.0,58596
2021-06-16,202.0,205.85000610351562,200.39999389648438,203.0,35925
2021-06-17,197.6999969482422,203.0,194.5,201.14999389648438,208699
2021-06-18,187.0500030517578,193.8000030517578,186.5,193.8000030517578,195274
2021-06-22,185.9499969482422,187.75,181.89999389648438,184.89999389648438,155730
2021-06-23,193.4499969482422,194.75,184.0,188.0,333327
2021-06-24,191.4499969482422,194.4499969482422,190.5,193.4499969482422,174421
2021-06-25,190.60000610351562,191.4499969482422,185.1999969482422,188.0,173608
2021-06-28,184.5,190.0,184.1999969482422,190.0,112410
2021-06-29,185.39999389648438,188.9499969482422,182.0,184.0,242237
2021-06-30,182.25,185.1999969482422,181.6999969482422,184.85000610351562,37852
2021-07-01,175.0500030517578,182.4499969482422,174.0,181.6999969482422,154109
2021-07-02,177.4499969482422,179.10000610351562,175.75,176.0,134065
2021-07-05,183.35000610351562,183.5,177.89999389648438,179.0,28977
2021-07-06,175.6999969482422,181.0,173.89999389648438,181.0,291301
2021-07-07,175.0,175.5,172.0,175.5,372707
2021-07-08,173.75,175.0,170.0500030517578,174.4499969482422,56084
2021-07-12,177.0500030517578,180.0,171.75,172.0,204845
2021-07-13,174.4499969482422,177.64999389648438,173.5,176.64999389648438,274297
2021-07-14,175.0,177.3000030517578,173.0,175.10000610351562,82578
2021-07-15,176.0500030517578,176.35000610351562,172.1999969482422,176.0,114557
2021-07-16,178.35000610351562,180.1999969482422,173.6999969482422,175.0,76606
2021-07-19,176.10000610351562,176.75,168.75,174.0,24871
2021-07-20,178.9499969482422,180.0,176.0,176.35000610351562,39425
2021-07-21,184.5,185.0,178.0,180.25,86852
2021-07-22,182.0,185.60000610351562,179.75,185.0,61665
2021-07-23,178.89999389648438,187.89999389648438,177.0,182.0,53386
2021-07-26,180.6999969482422,183.0,179.0500030517578,179.0500030517578,43176
2021-07-27,181.39999389648438,183.0,178.39999389648438,178.89999389648438,30580
2021-07-28,184.0500030517578,186.0,181.5,181.5,27657
2021-07-29,184.0,185.0,180.5500030517578,184.39999389648438,21939
2021-07-30,181.64999389648438,184.0,178.0,184.0,42667
2021-08-02,181.0,185.6999969482422,179.5,185.6999969482422,43561
2021-08-03,180.10000610351562,184.14999389648438,178.0500030517578,182.0,28280
2021-08-04,180.0,181.5,178.5,180.0,47996
2021-08-05,182.6999969482422,183.0,180.0,180.4499969482422,28805
2021-08-06,186.89999389648438,186.89999389648438,182.60000610351562,183.0,54760
2021-08-09,180.4499969482422,187.0,180.0,186.0,787641
2021-08-10,180.25,181.4499969482422,177.10000610351562,180.1999969482422,71372
2021-08-11,181.14999389648438,182.0500030517578,178.0,179.5,61268
2021-08-12,178.8000030517578,180.0,172.0,172.0,216260
2021-08-13,178.75,180.5,173.0,180.5,79705
2021-08-17,177.5500030517578,179.89999389648438,174.10000610351562,178.75,83320
2021-08-18,180.5,182.75,174.10000610351562,177.0,54915
2021-08-19,177.75,181.10000610351562,174.1999969482422,181.10000610351562,46344
2021-08-20,184.3000030517578,188.5,178.0,179.5500030517578,356800
2021-08-23,189.0500030517578,190.8000030517578,183.6999969482422,186.0,59933
2021-08-24,189.0500030517578,191.0,185.10000610351562,190.0,93608
2021-08-25,186.1999969482422,194.6999969482422,185.5,191.10000610351562,241917
2021-08-26,186.5,189.0,184.0,185.0,176689
2021-08-27,189.0500030517578,192.0,187.0,187.0,206297
2021-08-30,194.8000030517578,198.0,190.0,192.0,467239
2021-08-31,192.0500030517578,198.5,189.0,196.0,224939
2021-09-01,188.6999969482422,197.0,188.0,194.0,200087
2021-09-02,190.0500030517578,192.8000030517578,183.1999969482422,184.89999389648438,139819
2021-09-03,186.35000610351562,198.5,185.25,194.0,111430
2021-09-06,192.85000610351562,193.10000610351562,185.5,188.0,56156
2021-09-07,192.25,194.0,188.0,189.8000030517578,350877
2021-09-08,188.10000610351562,191.8000030517578,185.89999389648438,190.3000030517578,334944
2021-09-09,190.1999969482422,191.0,185.0,189.0,270645
2021-09-10,187.6999969482422,192.0,185.10000610351562,189.10000610351562,283114
2021-09-13,193.0500030517578,202.0,191.5,200.0,204922
2021-09-14,193.0500030517578,194.1999969482422,188.5500030517578,194.1999969482422,167140
2021-09-15,190.0,194.6999969482422,186.1999969482422,193.0,101647
2021-09-16,194.14999389648438,195.0,181.39999389648438,185.6999969482422,99580
2021-09-17,187.89999389648438,197.10000610351562,186.5500030517578,192.9499969482422,98004
2021-09-20,183.5500030517578,187.0,181.89999389648438,187.0,239328
2021-09-21,184.0,186.9499969482422,182.0500030517578,183.5,177373
2021-09-22,186.3000030517578,189.0,183.25,185.85000610351562,201913
2021-09-23,187.6999969482422,190.0,185.0500030517578,188.14999389648438,65584
2021-09-24,188.35000610351562,189.0,184.1999969482422,188.5500030517578,23006
2021-09-27,192.1999969482422,193.0,186.60000610351562,188.35000610351562,60024
2021-09-28,189.75,192.1999969482422,186.85000610351562,192.0,45355
2021-09-29,190.5,193.0,187.85000610351562,193.0,26087
2021-09-30,196.4499969482422,198.0,190.5,190.5,65463
2021-10-01,190.5,197.14999389648438,190.0,196.4499969482422,111627
2021-10-04,192.89999389648438,195.0,187.0,190.5,29096
2021-10-05,194.9499969482422,195.0,191.25,194.0,57540
2021-10-06,193.0,193.9499969482422,190.5,191.3000030517578,40332
2021-10-07,193.85000610351562,196.0,191.8000030517578,193.5,54849
2021-10-12,195.0500030517578,197.8000030517578,192.0,194.0,45237
2021-10-13,196.35000610351562,196.89999389648438,193.5,196.0,36706
2021-10-14,204.39999389648438,205.0,195.0,197.0,81097
2021-10-15,204.1999969482422,208.0,203.5,204.0500030517578,103278
2021-10-18,201.89999389648438,204.1999969482422,201.0,202.4499969482422,140554
2021-10-19,206.5,206.89999389648438,202.0500030517578,202.0500030517578,121328
2021-10-20,213.89999389648438,214.6999969482422,205.0500030517578,206.0,231453
2021-10-21,212.8000030517578,213.9499969482422,209.0,213.35000610351562,139023
2021-10-22,212.5500030517578,217.60000610351562,211.0,213.8000030517578,120868
2021-10-25,213.9499969482422,218.0,213.0,217.8000030517578,91264
2021-10-26,217.5500030517578,218.5,214.0,217.9499969482422,104590
2021-10-27,211.10000610351562,218.5,207.0,217.5,80588
2021-10-28,209.6999969482422,211.89999389648438,204.75,211.89999389648438,68817
2021-10-29,207.8000030517578,210.1999969482422,205.8000030517578,208.0,222060
2021-11-01,217.5500030517578,218.0,208.35000610351562,208.35000610351562,77865
2021-11-02,219.0500030517578,219.75,213.1999969482422,217.14999389648438,86581
2021-11-03,218.9499969482422,223.1999969482422,216.25,219.0,63393
2021-11-04,215.10000610351562,220.4499969482422,214.0,218.9499969482422,55139
2021-11-05,218.0,218.5,210.0,218.5,141053
2021-11-08,224.0,224.6999969482422,218.0,220.0,82615
2021-11-09,225.8000030517578,230.0,222.5,224.6999969482422,127625
2021-11-10,231.1999969482422,231.9499969482422,221.5,221.5,193555
2021-11-11,236.25,238.9499969482422,232.0,232.0,123037
2021-11-12,231.85000610351562,238.0,224.10000610351562,236.35000610351562,216017
2021-11-15,226.5,241.0,223.0,234.14999389648438,167963
2021-11-16,226.5,230.0,222.0,226.5,76656
2021-11-17,225.5,229.0,220.0,226.5,64416
2021-11-18,235.64999389648438,239.0,222.0,228.75,119401
2021-11-19,223.6999969482422,239.0,222.0,235.75,78211
2021-11-23,210.5,224.0,208.0500030517578,221.4499969482422,41393
2021-11-24,214.3000030517578,218.5,206.5,210.5,101333
2021-11-25,214.39999389648438,218.0,210.0,212.14999389648438,16094
2021-11-26,206.60000610351562,216.5500030517578,206.0,216.5500030517578,97447
2021-11-29,209.1999969482422,213.0,199.0,205.0,44508
2021-11-30,214.10000610351562,219.64999389648438,208.0,210.0,76917
2021-12-01,217.35000610351562,219.89999389648438,210.0500030517578,216.25,58809
2021-12-02,218.5,221.6999969482422,214.0,218.0,131746
2021-12-03,217.1999969482422,223.0,215.0,217.0,66837
2021-12-06,217.75,220.0,216.6999969482422,219.0,30950
2021-12-07,224.89999389648438,226.0,215.5500030517578,215.5500030517578,82520
2021-12-09,218.25,231.5,214.5,231.5,39771
2021-12-10,213.35000610351562,220.25,212.0,220.0,30708
2021-12-13,203.10000610351562,217.0,202.6999969482422,215.5,36416
2021-12-14,204.1999969482422,212.0500030517578,203.0,203.0,26897
2021-12-15,196.14999389648438,208.25,193.5,205.0,52964
2021-12-16,198.60000610351562,205.9499969482422,195.3000030517578,195.3000030517578,35996
2021-12-17,203.75,207.75,198.60000610351562,198.60000610351562,48673
2021-12-20,202.35000610351562,205.5,199.0,203.75,38956
2021-12-21,207.10000610351562,211.85000610351562,202.0,206.0,20290
2021-12-22,204.0,213.0,203.10000610351562,207.10000610351562,20662
2021-12-23,211.0,211.5,204.0,206.0500030517578,25912
2021-12-27,213.0,217.35000610351562,209.0,211.0,102795
2021-12-28,206.75,217.25,205.25,213.5,48443
2021-12-29,208.3000030517578,211.4499969482422,205.0,207.0,20616
2021-12-30,202.3000030517578,214.10000610351562,201.4499969482422,211.0,118669
2022-01-03,208.10000610351562,210.0,202.39999389648438,202.39999389648438,86630
2022-01-04,211.89999389648438,212.0,208.75,209.5,22705
2022-01-05,210.39999389648438,215.0,207.75,215.0,27019
2022-01-06,208.10000610351562,212.5,204.10000610351562,212.5,60811
2022-01-07,209.5500030517578,214.0,206.0,208.0,13199
2022-01-10,210.1999969482422,211.60000610351562,206.0,208.0,26253
2022-01-11,213.9499969482422,214.5,208.10000610351562,208.10000610351562,30456
2022-01-12,213.0,216.0,210.0,211.0,35731
2022-01-13,209.6999969482422,217.25,207.10000610351562,213.0,24643
2022-01-14,211.35000610351562,214.14999389648438,206.14999389648438,209.6999969482422,18867
2022-01-17,212.89999389648438,213.1999969482422,205.0,213.1999969482422,8171
2022-01-18,210.75,213.0,207.0,210.0,15983
2022-01-19,210.5,214.0,206.75,210.75,31557
2022-01-20,222.0,222.0,207.75,210.5,82404
2022-01-21,220.1999969482422,222.0,210.0,222.0,45130
2022-01-24,217.89999389648438,222.0,213.0,222.0,65031
2022-01-25,220.25,222.0,210.5500030517578,210.5500030517578,18301
2022-01-26,225.14999389648438,232.75,216.10000610351562,220.0,99206
2022-01-27,223.0,228.0,220.0,220.0,21768
2022-01-28,230.0,236.0,223.0,227.5,55012
2022-01-31,232.64999389648438,234.60000610351562,228.0,231.0,82019
2022-02-01,232.5,235.0,228.0,233.0,141017
2022-02-02,227.64999389648438,237.9499969482422,225.0,232.5,72711
2022-02-03,228.10000610351562,229.4499969482422,223.0,223.1999969482422,87262
2022-02-04,227.14999389648438,231.9499969482422,221.0,221.0,49895
2022-02-07,226.9499969482422,231.9499969482422,223.0,230.0,24486
2022-02-08,226.0,230.0,222.39999389648438,227.1999969482422,232998
2022-02-09,222.0,229.0,221.0,226.25,20697
2022-02-10,226.75,227.0,219.10000610351562,224.0,49410
2022-02-11,235.0500030517578,240.35000610351562,224.0,224.0,113230
2022-02-14,231.5,240.0,226.5,234.75,33514
2022-02-15,233.35000610351562,237.0,227.35000610351562,232.0,28297
2022-02-16,232.89999389648438,237.0,229.0,229.0,38298
2022-02-17,228.14999389648438,240.0,220.0,232.89999389648438,41686
2022-02-18,230.0,235.0,225.10000610351562,225.10000610351562,91996
2022-02-21,227.5,230.0,223.0,230.0,10227
2022-02-22,227.3000030517578,229.89999389648438,224.5,227.0,53829
2022-02-23,226.89999389648438,231.10000610351562,224.5,230.0,60887
2022-02-24,218.6999969482422,226.89999389648438,213.0,225.75,79166
2022-02-25,218.14999389648438,230.0,215.0,218.0,121494
2022-03-02,216.3000030517578,220.5,210.0,215.0,44824
2022-03-03,213.75,220.0,208.4499969482422,219.5,64369
2022-03-04,206.1999969482422,215.0,204.0,210.0,55004
2022-03-07,197.3000030517578,205.0,194.10000610351562,205.0,78618
2022-03-08,199.8000030517578,201.1999969482422,195.5,197.3000030517578,109527
2022-03-09,199.10000610351562,203.8000030517578,194.5,200.0,61897
2022-03-10,202.85000610351562,204.14999389648438,194.75,200.0,118173
2022-03-11,202.10000610351562,207.0,200.0,204.0,32047
2022-03-14,192.5,203.0,191.0,203.0,62833
2022-03-15,195.8000030517578,198.5,186.60000610351562,190.0,19903
2022-03-16,199.89999389648438,209.5,190.0,190.0,40458
2022-03-17,202.5,205.0,195.14999389648438,196.0,30352
2022-03-18,204.0,210.75,202.5500030517578,210.75,13519
2022-03-21,205.35000610351562,207.9499969482422,203.39999389648438,205.0,28075
2022-03-22,208.89999389648438,215.75,206.0,209.25,126631
2022-03-23,214.35000610351562,217.0,208.89999389648438,213.0,35089
2022-03-25,226.64999389648438,227.35000610351562,219.0,222.5,155741
2022-03-28,223.0,229.25,221.0,229.25,44813
2022-03-29,218.0,226.64999389648438,217.75,222.0,72352
2022-03-30,227.25,229.75,216.5500030517578,222.35000610351562,80312
2022-03-31,227.3000030517578,231.0,221.10000610351562,228.0,77642
2022-04-01,229.1999969482422,232.5,225.75,228.0,68088
2022-04-04,242.0,242.5500030517578,229.60000610351562,233.0,214483
2022-04-05,234.25,249.0,232.0,243.9499969482422,175715
2022-04-06,239.1999969482422,243.5500030517578,227.6999969482422,229.0,179213
2022-04-07,240.35000610351562,244.0,235.60000610351562,242.0,139939
2022-04-08,246.89999389648438,248.0,240.0,240.0,91096
2022-04-11,240.0500030517578,249.8000030517578,238.0,244.0,30750
2022-04-12,233.0,241.0,232.75,241.0,26599
2022-04-13,240.39999389648438,240.5,232.0,232.89999389648438,59065
2022-04-18,238.4499969482422,241.0,233.10000610351562,241.0,46845
2022-04-19,244.89999389648438,246.0,238.8000030517578,238.8000030517578,116876
2022-04-20,245.0,247.0,240.89999389648438,245.0,100458
2022-04-21,241.5,249.89999389648438,239.75,244.35000610351562,87424
2022-04-22,243.89999389648438,249.75,241.14999389648438,242.0,57153
2022-04-25,236.75,242.0,228.0,242.0,52828
2022-04-26,228.5,238.0,228.0,235.0,34768
2022-04-27,234.9499969482422,240.0,226.3000030517578,226.3000030517578,62807
2022-04-28,242.89999389648438,244.8000030517578,234.14999389648438,239.64999389648438,37084
2022-04-29,226.0,247.75,225.0,247.75,94659
2022-05-02,229.8000030517578,234.0,224.1999969482422,227.0,65602
2022-05-03,235.89999389648438,236.5,229.0500030517578,229.8000030517578,33408
2022-05-04,232.60000610351562,237.0,230.0,237.0,65019
2022-05-05,221.89999389648438,234.0,220.25,234.0,14373
2022-05-06,217.25,221.0,212.0,219.0,40144
2022-05-09,205.60000610351562,217.25,205.0,217.25,49179
2022-05-10,202.60000610351562,209.75,196.75,206.3000030517578,34144
2022-05-11,213.85000610351562,214.5,200.0,200.0,26720
2022-05-12,213.9499969482422,218.0,208.89999389648438,212.0,31698
2022-05-13,221.1999969482422,224.0,215.5,215.5,19977
2022-05-16,224.25,230.0,215.0,220.5,22501
2022-05-17,230.6999969482422,232.9499969482422,221.75,226.0,31668
2022-05-19,217.4499969482422,225.75,215.0,225.0,85105
2022-05-20,215.35000610351562,220.0,212.10000610351562,217.25,38060
2022-05-23,222.1999969482422,225.0,210.0,214.0,116955
2022-05-24,222.5,223.6999969482422,218.0,222.5500030517578,26029
2022-05-26,228.4499969482422,229.5,221.0,224.75,72190
2022-05-27,232.0,234.0,223.89999389648438,230.0,105820
2022-05-30,230.3000030517578,234.0,230.0,234.0,4638
2022-05-31,222.35000610351562,234.89999389648438,218.25,231.0,31095
2022-06-01,221.5500030517578,226.39999389648438,216.85000610351562,225.0,17003
2022-06-02,223.3000030517578,227.14999389648438,222.0,222.0,30924
2022-06-03,215.5,219.0,210.0,213.5,639559
2022-06-06,215.0500030517578,223.0,211.5,217.64999389648438,90152
2022-06-07,215.64999389648438,219.35000610351562,215.5,217.3000030517578,31679
2022-06-08,210.25,219.0,206.0,217.8000030517578,230394
2022-06-09,210.60000610351562,212.75,208.0,212.3000030517578,44983
2022-06-10,217.0500030517578,218.0,208.8000030517578,212.75,94680
2022-06-13,220.9499969482422,223.0,212.75,218.0,72850
2022-06-14,220.75,223.8000030517578,218.5,223.14999389648438,13315
2022-06-15,223.6999969482422,224.0,220.0,222.9499969482422,31748
2022-06-16,225.0500030517578,230.0,221.25,223.0,88523
2022-06-21,228.9499969482422,229.0,220.0,225.0500030517578,61560
2022-06-22,221.5,230.0,220.25,228.5,23481
2022-06-23,219.6999969482422,225.9499969482422,212.0,223.5,22809
2022-06-24,216.0500030517578,224.10000610351562,212.0,221.89999389648438,28129
2022-06-27,216.25,218.1999969482422,210.0,212.0,22349
2022-06-28,226.60000610351562,230.0500030517578,216.5,219.89999389648438,40753
2022-06-29,225.0500030517578,227.5,222.9499969482422,226.0,26364
2022-06-30,226.5,229.5500030517578,218.0,225.89999389648438,40998
2022-07-01,234.5500030517578,235.0,226.5,230.0,111850
2022-07-04,236.35000610351562,238.0,221.14999389648438,232.0,61888
2022-07-05,244.0,258.5,231.0,240.3000030517578,62143
2022-07-06,246.6999969482422,250.0,239.14999389648438,245.85000610351562,55215
2022-07-07,256.0,257.0,247.4499969482422,250.0,208974
2022-07-08,258.79998779296875,263.0,249.5,255.0,174835
2022-07-11,252.60000610351562,259.0,242.10000610351562,259.0,81046
2022-07-12,247.25,255.0500030517578,246.35000610351562,252.0,126774
2022-07-13,248.5,252.6999969482422,242.0,244.0,39039
2022-07-14,237.5,244.5,232.4499969482422,244.5,147115
2022-07-15,244.3000030517578,247.0,238.0,238.0,22467
2022-07-18,247.0,249.0,243.0,246.75,61024
2022-07-19,244.64999389648438,250.0,244.0,249.4499969482422,105309
2022-07-20,241.89999389648438,247.0,238.10000610351562,247.0,146070
2022-07-21,254.35000610351562,255.0,238.0,240.0,77585
2022-07-22,253.3000030517578,254.89999389648438,241.64999389648438,253.0,163798
2022-07-25,258.8500061035156,261.0,250.25,253.3000030517578,82412
2022-07-26,265.79998779296875,270.0,256.70001220703125,259.0,39211
2022-07-27,283.0,285.20001220703125,263.5,266.1000061035156,199847
2022-07-28,274.0,289.0,268.04998779296875,289.0,319425
2022-07-29,259.25,279.0,258.0,277.1499938964844,227664
2022-08-01,247.0,269.6000061035156,240.3000030517578,259.95001220703125,248078
2022-08-02,250.0,254.35000610351562,245.0,248.0,56653
2022-08-03,256.54998779296875,261.0,245.0,261.0,71845
2022-08-04,255.0,264.0,252.0,264.0,77330
2022-08-05,252.89999389648438,260.1000061035156,251.0,260.0,90450
2022-08-08,260.8999938964844,262.95001220703125,251.0,255.0,70568
2022-08-09,258.0,266.1000061035156,255.0,260.0,78259
2022-08-10,256.45001220703125,258.0,252.0,255.39999389648438,61553
2022-08-11,255.5500030517578,260.0,253.89999389648438,255.0,74915
2022-08-12,263.95001220703125,265.0,251.5,253.5,50270
2022-08-16,255.89999389648438,269.5,254.5,266.3999938964844,117430
2022-08-17,261.8999938964844,262.5,254.0,258.0,102641
2022-08-18,270.54998779296875,271.5,261.0,265.0,86889
2022-08-19,271.0,272.0,257.54998779296875,270.0,23023
2022-08-22,265.70001220703125,273.70001220703125,262.8500061035156,273.70001220703125,135523
2022-08-23,270.95001220703125,274.3500061035156,264.0,265.0,114686
2022-08-24,278.45001220703125,279.3500061035156,266.0,271.5,204825
2022-08-25,291.75,294.6000061035156,275.0,281.25,360814
2022-08-26,291.0,292.8500061035156,283.0,292.0,307571
2022-08-29,298.8500061035156,300.0,288.0,291.0,218046
2022-08-30,291.6499938964844,297.5,289.0,297.0,127644
2022-08-31,277.1000061035156,290.29998779296875,274.54998779296875,290.0,268855
2022-09-01,268.5,278.5,266.0,277.1000061035156,116180
2022-09-05,272.3999938964844,279.5,263.0,268.5,52512
2022-09-06,265.0,272.0,260.0,272.0,153459
2022-09-07,271.6499938964844,272.1499938964844,261.0,263.0,141335
2022-09-08,269.04998779296875,273.70001220703125,268.0,272.0,194397
2022-09-09,272.20001220703125,276.1499938964844,266.5,269.04998779296875,126625
2022-09-12,278.0,287.0,273.3999938964844,273.3999938964844,109335
2022-09-13,267.29998779296875,280.0,267.0,280.0,103559
2022-09-14,276.1000061035156,278.6499938964844,264.75,268.5,29975
2022-09-15,273.1000061035156,285.0,269.5,285.0,115747
2022-09-16,265.6499938964844,272.5,264.0,269.0,116111
2022-09-19,279.20001220703125,284.95001220703125,265.0,267.0,215026
2022-09-20,272.04998779296875,279.5,269.5,278.20001220703125,128836
2022-09-21,267.95001220703125,274.95001220703125,266.0,270.0,102289
2022-09-22,279.1499938964844,281.5,265.5,265.5,116526
2022-09-23,261.04998779296875,277.0,260.1499938964844,277.0,178247
2022-09-26,245.0,261.0,242.89999389648438,261.0,184331
2022-09-27,246.64999389648438,252.8000030517578,245.0,246.1999969482422,45575
2022-09-28,252.8000030517578,256.8999938964844,243.5,249.0,34473
2022-09-29,251.89999389648438,252.39999389648438,246.5,251.5,35707
2022-09-30,252.1999969482422,256.0,248.75,252.0,18466
2022-10-03,262.0,265.0,255.25,260.0,39298
2022-10-04,262.8500061035156,269.0,261.0,269.0,34395
2022-10-05,267.45001220703125,268.0,259.0,262.5,19060
2022-10-06,266.1499938964844,269.8999938964844,262.1499938964844,269.0,63543
2022-10-11,252.0500030517578,260.8500061035156,246.5,256.29998779296875,146130
2022-10-12,246.8000030517578,254.85000610351562,245.0,254.85000610351562,20391
2022-10-13,253.60000610351562,256.29998779296875,245.1999969482422,245.6999969482422,49517
2022-10-14,243.39999389648438,257.0,242.5500030517578,255.0,55133
2022-10-17,251.0,252.0,243.25,243.25,31195
2022-10-18,246.5500030517578,252.0,244.0,250.0,36643
2022-10-19,245.14999389648438,248.5500030517578,238.0,248.0,81131
2022-10-20,241.0500030517578,250.0,232.0,245.14999389648438,92935
2022-10-21,249.1999969482422,249.5,241.0,241.0,20013
2022-10-24,248.89999389648438,255.0,240.0,255.0,74788
2022-10-25,259.0,259.75,246.6999969482422,251.0,79180
2022-10-26,259.04998779296875,263.8999938964844,255.35000610351562,260.0,81964
2022-10-27,261.6499938964844,262.70001220703125,256.0,260.0,85224
2022-10-28,258.0,265.04998779296875,254.75,262.0,90469
2022-10-31,258.8500061035156,260.0,252.3000030517578,256.8999938964844,39008
2022-11-01,262.79998779296875,267.54998779296875,258.0,258.8999938964844,198684
2022-11-02,256.20001220703125,263.20001220703125,255.0,262.5,63025
2022-11-03,261.5,263.0,254.5,255.0,42575
2022-11-04,259.70001220703125,264.70001220703125,258.54998779296875,261.5,48843
2022-11-07,251.0,265.20001220703125,251.0,259.75,26374
2022-11-08,253.0,263.5,249.0,256.0,44115
2022-11-09,247.0,254.0,245.0,250.0,113473
2022-11-10,250.0,255.0,241.25,252.0,39888
2022-11-11,245.6999969482422,253.0,245.0,250.0,100027
2022-11-14,252.0,254.0,240.0,247.0,128443
2022-11-15,257.79998779296875,263.95001220703125,251.0,253.0,92504
2022-11-16,266.0,267.5,258.0,258.0,331322
2022-11-17,265.0,270.0,265.0,265.5,184123
2022-11-18,269.5,270.0,252.0,263.0,145043
2022-11-22,281.3999938964844,282.0,267.79998779296875,271.8999938964844,316151
2022-11-23,283.6000061035156,290.0,280.0,283.0,425512
2022-11-24,287.0,289.8999938964844,283.0,284.0,129446
2022-11-25,289.45001220703125,294.0,283.0,289.0,744127
2022-11-28,279.0,293.0,279.0,289.0,518538
2022-11-29,293.0,293.0,280.0,281.5,350901
2022-11-30,290.0,296.0,283.0,291.20001220703125,201389
2022-12-01,288.0,297.0,286.5,290.0,377574
2022-12-02,308.0,311.0,287.0,294.5,617240
2022-12-05,303.0,312.6499938964844,297.20001220703125,302.0,156635
2022-12-06,307.95001220703125,310.0,296.5,296.5,115807
2022-12-07,314.75,320.0,300.5,307.1000061035156,253064
2022-12-12,306.54998779296875,313.5,291.5,310.0,99685
2022-12-13,296.0,323.0,291.5,312.5,244217
2022-12-14,293.0,308.0,283.8999938964844,305.0,235102
2022-12-15,289.0,296.0,285.54998779296875,293.0,177208
2022-12-16,285.70001220703125,295.0,273.0,287.45001220703125,158484
2022-12-19,290.0,293.3500061035156,283.0,290.0,115198
2022-12-20,287.5,293.5,283.0,290.0,9669
2022-12-21,306.70001220703125,312.0,290.0,296.0,262000
2022-12-22,313.04998779296875,315.5,302.5,309.0,112902
2022-12-23,333.0,334.0,311.0,317.5,175080
2022-12-26,340.0,350.0,329.0,333.0,78993
2022-12-27,359.95001220703125,360.0,330.0,350.0,67025
2022-12-28,372.25,374.0,354.0,357.0,243814
2022-12-29,359.1000061035156,375.0,359.1000061035156,372.0,131069
2022-12-30,375.29998779296875,378.45001220703125,351.0,360.0,185799
2023-01-02,383.8999938964844,385.0,365.0,366.5,51331
2023-01-03,363.5,384.5,355.04998779296875,375.0,160921
2023-01-04,368.6499938964844,373.0,344.5,363.0,102737
2023-01-05,374.0,378.0,360.0,364.5,152271
2023-01-06,373.0,382.0,363.3500061035156,373.0,145982
2023-01-09,373.79998779296875,379.0,362.0,362.0,128158
2023-01-10,368.5,379.5,365.0,377.0,66854
2023-01-11,395.5,398.20001220703125,368.45001220703125,369.0,134369
2023-01-12,410.0,411.5,392.5,400.0,109228
2023-01-13,428.0,433.20001220703125,400.04998779296875,420.0,184671
2023-01-16,445.0,449.0,429.0,429.0,180853
2023-01-17,472.0,473.54998779296875,430.0,440.0,279166
2023-01-18,419.0,490.0,410.0,473.0,345544
2023-01-19,415.0,420.0,391.0,417.0,255492
2023-01-20,443.0,446.95001220703125,421.0,425.0,164618
2023-01-23,456.3500061035156,460.5,437.0,446.0,131718
2023-01-24,466.0,471.04998779296875,440.1000061035156,460.0,254358
2023-01-25,493.29998779296875,499.6499938964844,447.0,461.5,112788
2023-01-26,499.8999938964844,509.0,481.0,495.0,127526
2023-01-27,487.3500061035156,498.0,470.0,498.0,82262
2023-01-30,461.0,489.95001220703125,461.0,483.0,84596
2023-01-31,473.8999938964844,480.95001220703125,456.95001220703125,461.0,142628
2023-02-01,471.5,479.0,450.45001220703125,477.0,105972
2023-02-02,459.1499938964844,475.0,457.3500061035156,472.0,51682
2023-02-03,427.0,475.0,425.5,475.0,144322
2023-02-06,427.3999938964844,439.0,414.95001220703125,429.0,44131
2023-02-07,436.5,437.0,410.0,422.0,117798
2023-02-08,455.5,456.0,433.0,435.0,135383
2023-02-09,435.0,470.0,431.0,456.0,78951
2023-02-10,435.5,445.0,431.0,445.0,46140
2023-02-13,451.5,454.0,426.0,432.0,38619
2023-02-14,440.8500061035156,459.54998779296875,440.5,454.0,116613
2023-02-15,430.8999938964844,450.0,425.0,444.5,85868
2023-02-16,447.5,449.5,430.0,432.0,66815
2023-02-17,424.0,451.0,414.0,451.0,153606
2023-02-22,408.0,425.0,405.0,423.0,95801
2023-02-23,420.0,420.0,408.0,410.0,50832
2023-02-24,408.5,422.0,405.29998779296875,422.0,55494
2023-02-27,411.0,420.5,410.0,412.0,59174
2023-02-28,411.0,418.0,406.1000061035156,406.1000061035156,49612
2023-03-01,405.0,417.0,396.6499938964844,407.1000061035156,132223
2023-03-02,387.0,408.0,386.5,408.0,97141
2023-03-03,384.3999938964844,393.0,381.0,387.0,121886
2023-03-06,384.0,393.0,380.0,385.0,87312
2023-03-07,381.0,387.70001220703125,376.6000061035156,382.0,142790
2023-03-08,387.54998779296875,392.0,376.0,385.0,270194
2023-03-09,380.0,399.0,378.0,393.0,81769
2023-03-10,379.5,384.95001220703125,365.1000061035156,381.25,126702
2023-03-13,362.29998779296875,389.0,360.0,374.95001220703125,130944
2023-03-14,353.3500061035156,380.20001220703125,352.04998779296875,362.0,218240
2023-03-15,332.25,350.0,328.8500061035156,350.0,213180
2023-03-16,352.45001220703125,355.45001220703125,331.95001220703125,332.5,115105
2023-03-17,344.3500061035156,352.45001220703125,340.6000061035156,352.0,125613
2023-03-20,340.0,354.25,337.0,345.5,115334
2023-03-21,351.5,358.0,345.0,345.0,191216
2023-03-22,348.3500061035156,357.95001220703125,340.0,345.25,83801
2023-03-23,334.3500061035156,354.95001220703125,332.0,346.0,120886
2023-03-27,357.04998779296875,358.0,340.0,340.0,85553
2023-03-28,388.54998779296875,389.8999938964844,358.54998779296875,360.0,399013
2023-03-29,400.45001220703125,409.0,395.04998779296875,399.5,163115
2023-03-30,404.04998779296875,410.0,392.1000061035156,399.6499938964844,67661
2023-03-31,406.3999938964844,416.0,396.8999938964844,404.0,119447
2023-04-03,412.70001220703125,417.70001220703125,406.0,410.25,39383
2023-04-04,400.8500061035156,421.75,397.6000061035156,412.5,72497
2023-04-05,416.3999938964844,418.0,392.0,400.0,58032
2023-04-10,432.45001220703125,433.0,418.79998779296875,422.0,181224
2023-04-11,436.8500061035156,441.0,429.25,433.0,63795
2023-04-12,444.29998779296875,447.0,434.70001220703125,444.0,93175
2023-04-13,441.95001220703125,464.0,441.3999938964844,447.0,169252
2023-04-14,459.75,462.5,442.0,445.0,69071
2023-04-17,463.79998779296875,470.5,453.8500061035156,468.04998779296875,81474
2023-04-18,463.8999938964844,478.0,463.1000061035156,478.0,81739
2023-04-19,436.8999938964844,459.95001220703125,430.0,459.95001220703125,205120
2023-04-20,444.20001220703125,449.1000061035156,425.0,432.0,59595
2023-04-21,455.5,460.0,440.0,449.0,72752
2023-04-24,461.1000061035156,465.0,441.8500061035156,451.0,76752
2023-04-25,467.8999938964844,472.0,456.8500061035156,470.0,183658
2023-04-26,485.25,487.0,442.8500061035156,462.0,78801
2023-04-27,467.8500061035156,489.0,461.20001220703125,488.0,50150
2023-04-28,470.29998779296875,479.95001220703125,453.20001220703125,460.8999938964844,80980
2023-05-02,457.5,472.0,449.0,472.0,70495
2023-05-03,460.8999938964844,470.0,452.3500061035156,457.0,130684
2023-05-04,451.3999938964844,477.5,442.8500061035156,454.5,87199
2023-05-05,464.6000061035156,474.54998779296875,440.0,440.0,63046
2023-05-08,470.20001220703125,476.95001220703125,457.6499938964844,464.0,78020
2023-05-09,469.8500061035156,473.0,459.0,470.0,29006
2023-05-10,485.70001220703125,490.0,464.0,475.0,58045
2023-05-11,477.45001220703125,494.79998779296875,470.0,494.79998779296875,52652
2023-05-12,480.3999938964844,489.5,470.0,475.0,82831
2023-05-15,479.1499938964844,490.79998779296875,450.0,490.79998779296875,63006
2023-05-16,466.75,487.0,465.0,484.3999938964844,69499
2023-05-17,478.75,485.0,466.0,466.0,58256
2023-05-18,477.54998779296875,481.0,467.0,481.0,42787
2023-05-19,479.79998779296875,490.0,472.0,479.3500061035156,120832
2023-05-22,467.04998779296875,489.0,461.0,480.5,190490
2023-05-23,475.1000061035156,481.0,468.0,475.8999938964844,139182
2023-05-24,472.70001220703125,480.0,470.0,478.0,145847
2023-05-29,479.8999938964844,481.8999938964844,470.0,473.0,33263
2023-05-30,490.54998779296875,491.0,480.0,482.1000061035156,63582
2023-05-31,475.8500061035156,499.0,474.0,491.0,139553
2023-06-01,506.6499938964844,528.0,475.04998779296875,482.0,148043
2023-06-02,513.0,518.0999755859375,491.0,510.0,83367
2023-06-05,545.0499877929688,547.9500122070312,505.0,508.0,139338
2023-06-06,592.2000122070312,601.0,560.5,560.5,320823
2023-06-07,588.0,600.0,568.5,600.0,163958
2023-06-08,581.9000244140625,628.0,575.5,575.5,154663
2023-06-09,572.5,581.9000244140625,564.0,581.9000244140625,133753
2023-06-12,593.2000122070312,594.0,555.5,564.0,86696
2023-06-13,567.5999755859375,599.7999877929688,565.0,593.5,235264
2023-06-14,576.25,584.9000244140625,569.0,570.0,72246
2023-06-15,611.5,616.9000244140625,580.0,580.0,177284
2023-06-16,618.9500122070312,629.0,596.0,615.0,209532
2023-06-21,687.4500122070312,691.0,620.5,620.5,270509
2023-06-22,661.0499877929688,700.0,649.7000122070312,688.0,191007
2023-06-23,659.5999755859375,692.0,650.0,668.7999877929688,217626
2023-06-26,646.25,700.0,615.0,685.5,389337
2023-06-27,629.4500122070312,660.0,610.0,651.0,213595
2023-06-28,629.7000122070312,654.0,620.0,625.0,90030
2023-06-29,634.8499755859375,649.0,621.0,637.0,59572
2023-06-30,627.1500244140625,635.0,612.0,627.0,199449
2023-07-03,636.0,648.0,609.0,639.0,139885
2023-07-04,621.5999755859375,652.0,620.0,636.0,125872
2023-07-05,635.1500244140625,636.0,605.0,630.0,252766
2023-07-06,624.7999877929688,636.0,616.0,624.0,90147
2023-07-07,658.0,669.3499755859375,615.0,622.5,386171
2023-07-10,647.4000244140625,672.5,644.5,661.2000122070312,192643
2023-07-11,652.25,665.0,643.1500244140625,647.5499877929688,254684
2023-07-12,664.25,674.5499877929688,659.5,659.5,211867
2023-07-13,672.6500244140625,684.5,665.7000122070312,670.0,266307
2023-07-14,651.8499755859375,675.0,647.0,674.0,202690
2023-07-17,650.8499755859375,675.0,645.0,655.0,305530
2023-07-18,636.3499755859375,657.0,635.2999877929688,652.0,125735
2023-07-19,626.5999755859375,645.0,617.5,645.0,197325
2023-07-20,625.2999877929688,638.0,621.0499877929688,638.0,225147
2023-07-21,641.25,644.25,623.0,634.2000122070312,297092
2023-07-24,643.5999755859375,659.9500122070312,623.0,649.0,212438
2023-07-25,667.9500122070312,672.0,647.0,647.0,270204
2023-07-26,687.9000244140625,689.5,657.0,667.9500122070312,180045
2023-07-27,673.4500122070312,692.0,670.0,687.0,232893
2023-07-28,696.0499877929688,699.0,660.5,671.5,170065
2023-07-31,684.0499877929688,700.0,683.0,695.0,186448
2023-08-01,674.5999755859375,700.0,664.0999755859375,684.0,277893
2023-08-02,669.7999877929688,680.0,655.25,672.9000244140625,136743
2023-08-03,668.25,674.0,661.0,674.0,85104
2023-08-04,677.9500122070312,683.0,668.25,668.25,270794
2023-08-07,670.9000244140625,685.0,650.0,671.9500122070312,314113
2023-08-08,700.0499877929688,706.0,673.0,673.0,382455
2023-08-09,675.7000122070312,700.0499877929688,674.0,700.0499877929688,219852
2023-08-10,675.1500244140625,694.0,666.9000244140625,673.0,168383
2023-08-11,662.0,697.0,657.0,680.0,375216
2023-08-14,680.8499755859375,732.0,637.2999877929688,650.0,410107
2023-08-15,712.8499755859375,742.0,680.0,680.0,707892
2023-08-16,774.5499877929688,785.0,714.9500122070312,714.9500122070312,376809
2023-08-17,827.7000122070312,833.0,774.5499877929688,774.5499877929688,73108
2023-08-18,835.0499877929688,840.0,794.5,827.0,187352
2023-08-22,822.5,833.0,807.0,833.0,89859
2023-08-23,843.9500122070312,849.25,802.0,820.0,73452
2023-08-24,860.0,862.6500244140625,820.0,843.9500122070312,113441
2023-08-25,864.5999755859375,866.4000244140625,833.8499755859375,860.0,75494
2023-08-28,931.7999877929688,935.0,848.0,868.0,143686
2023-08-29,959.7999877929688,979.0,935.0499877929688,935.0499877929688,218682
2023-08-30,928.2999877929688,988.0,920.0,968.0,91411
2023-08-31,906.25,950.0,879.5499877929688,927.0,120942
2023-09-01,884.5,930.5499877929688,870.0499877929688,930.5499877929688,75472
2023-09-04,878.5,914.9500122070312,875.0,884.5,71684
2023-09-05,836.0999755859375,877.3499755859375,825.5,877.3499755859375,90653
2023-09-06,810.0,841.0,807.0,841.0,75904
2023-09-07,777.0999755859375,817.5999755859375,775.0,802.0,107414
2023-09-08,772.5499877929688,825.5499877929688,768.0,780.0,241968
2023-09-11,768.5499877929688,800.4500122070312,755.9500122070312,772.5,160008
2023-09-12,779.6500244140625,798.0,751.9500122070312,773.0,83677
2023-09-13,779.5499877929688,797.4000244140625,765.0,797.4000244140625,171410
2023-09-14,795.5999755859375,802.9500122070312,770.0,776.0,155231
2023-09-15,769.25,812.9500122070312,761.0,796.0,146183
2023-09-18,786.9500122070312,799.0,761.5,769.5,150342
2023-09-19,796.75,798.0,769.0999755859375,787.0,83369
2023-09-20,796.1500244140625,812.0,779.2999877929688,796.0,121366
2023-09-21,785.9500122070312,800.0,779.0999755859375,797.0,106809
2023-09-22,786.5999755859375,800.0,781.7000122070312,786.0,70116
2023-09-25,785.25,795.0,770.0,786.0,108100
2023-09-26,762.25,788.0,757.7999877929688,780.0,105907
2023-09-27,779.8499755859375,799.2999877929688,763.0,765.0,112922
2023-09-28,815.9000244140625,823.9000244140625,779.5499877929688,779.8499755859375,133891
2023-09-29,781.7999877929688,848.0,770.0,848.0,71512
2023-10-02,773.2999877929688,800.0,771.0,800.0,155284
2023-10-03,777.0999755859375,805.0,763.9500122070312,788.0,135689
2023-10-04,836.5,838.9000244140625,774.5,777.0999755859375,189844
2023-10-05,900.9500122070312,920.0,815.0,816.0,176335
2023-10-06,894.0499877929688,905.0,870.0999755859375,900.0,152887
2023-10-09,875.4500122070312,903.0,870.0,881.0,207002
2023-10-10,940.5,982.4000244140625,884.0,884.0,179947
2023-10-11,974.8499755859375,989.0,900.0,939.0,98634
2023-10-12,1001.0,1020.7000122070312,952.0,989.0,177935
2023-10-17,1104.050048828125,1120.75,1000.0,1000.0,261223
2023-10-18,1183.5999755859375,1200.0,1094.0,1104.050048828125,309180
2023-10-19,1147.25,1200.0,1089.050048828125,1200.0,235255
2023-10-20,1200.6500244140625,1240.0,1112.4000244140625,1190.0,128189
2023-10-23,1143.1500244140625,1161.8499755859375,980.0,1161.8499755859375,508525
2023-10-24,1013.5,1185.0,950.0,1143.0,84647
2023-10-25,1101.4000244140625,1188.0,951.0,1040.0,55628
2023-10-26,1043.6500244140625,1105.050048828125,1002.0,1105.050048828125,66542
2023-10-27,999.9500122070312,1054.0,970.0,1050.0,45428
2023-10-30,914.5499877929688,1013.75,900.0,986.0,42862
2023-10-31,860.2000122070312,914.0,857.0,900.0,30753
2023-11-01,936.9500122070312,938.5,860.2000122070312,870.0,38792
2023-11-02,979.0,990.8499755859375,940.0,942.5,98749
2023-11-03,960.0,1019.0,943.0,985.0,24120
2023-11-07,921.3499755859375,960.0,897.0,960.0,21501
2023-11-08,863.5999755859375,930.0,858.75,900.5,38229
2023-11-09,923.2000122070312,935.75,850.0,885.0,59473
2023-11-10,977.2000122070312,990.0,904.0,920.0,37462
2023-11-13,932.6500244140625,998.0,930.0,991.0,32659
2023-11-14,929.1500244140625,968.9500122070312,915.0,933.0,35960
2023-11-15,927.0,950.0,905.0,929.9500122070312,68655
2023-11-16,904.1500244140625,942.0,888.5,927.0,57961
2023-11-17,941.25,948.7999877929688,860.0,928.0,159450
2023-11-21,1340.6500244140625,1350.0,1150.0,1150.0,712697
2023-11-22,1472.550048828125,1580.0,1341.5,1350.0,332101
2023-11-23,1637.949951171875,1681.0,1450.0,1472.550048828125,294604
2023-11-24,1568.0,1650.0,1517.9000244140625,1650.0,566567
2023-11-27,1577.5999755859375,1630.0,1511.6500244140625,1545.0,445629
2023-11-28,1371.4000244140625,1619.949951171875,1340.0,1600.0,358677
2023-11-29,1421.699951171875,1432.949951171875,1320.0,1320.0,138742
2023-11-30,1495.0,1516.800048828125,1389.5999755859375,1450.0,151172
2023-12-01,1557.0999755859375,1575.0,1451.0,1520.0,120689
2023-12-04,1536.5,1610.0,1458.199951171875,1562.0,91895
2023-12-05,1596.4000244140625,1615.0,1483.0,1538.0,269211
2023-12-06,1596.050048828125,1662.199951171875,1510.0,1605.0,134510
2023-12-07,1630.5999755859375,1650.0,1550.0,1650.0,375413
2023-12-11,1698.050048828125,1704.0,1554.1500244140625,1680.0,270944
2023-12-12,1752.449951171875,1770.0,1601.0,1700.0,233521
2023-12-13,1683.9000244140625,1845.0,1620.0,1795.0,135745
2023-12-14,1582.199951171875,1699.0,1575.0,1690.0,210310
2023-12-15,1520.0999755859375,1605.0,1500.0,1585.0,134854
2023-12-18,1528.4000244140625,1580.0,1450.0,1480.0,127481
2023-12-19,1520.800048828125,1589.5,1495.0,1528.4000244140625,126900
2023-12-20,1555.449951171875,1580.0,1480.050048828125,1525.0,104298
2023-12-21,1551.9000244140625,1590.0,1477.800048828125,1520.0,156915
2023-12-22,1496.699951171875,1584.0,1477.25,1551.9000244140625,62760
2023-12-26,1432.8499755859375,1537.0,1422.0,1520.0,200040
2023-12-27,1327.550048828125,1461.0,1299.3499755859375,1445.0,154861
2023-12-28,1338.199951171875,1419.050048828125,1305.0,1340.0,386755
2023-12-29,1383.0,1405.0,1335.0,1369.0,325184
2024-01-02,1411.9000244140625,1415.0,1362.0,1388.0,85075
2024-01-03,1444.25,1450.0,1380.0,1411.9000244140625,153673
2024-01-04,1521.800048828125,1527.0,1446.0,1446.0,261346
2024-01-05,1647.449951171875,1675.0,1488.0,1522.0,200517
2024-01-08,1703.199951171875,1711.0,1600.0,1680.0,249074
2024-01-09,1605.9000244140625,1750.0,1600.0,1714.0,183240
2024-01-10,1579.5999755859375,1648.0,1530.0,1648.0,52508
2024-01-11,1546.5,1645.0,1490.0,1600.0,341681
2024-01-12,1519.1500244140625,1554.0,1500.0,1546.5,88026
2024-01-15,1548.8499755859375,1550.0,1500.0,1500.0,38027
2024-01-16,1627.050048828125,1638.0,1520.0,1551.0,143945
2024-01-17,1723.8499755859375,1732.0,1627.050048828125,1627.050048828125,100983
2024-01-18,1735.3499755859375,1786.0,1724.0,1725.0,80518
2024-01-19,1932.699951171875,1959.0,1740.0,1753.0,211707
2024-01-22,2064.35009765625,2106.25,1950.0,1950.0,159735
2024-01-23,1975.0,2182.0,1880.0,2075.0,231078
2024-01-24,1970.5,1993.0,1930.0,1970.0,87581
2024-01-25,2054.25,2099.0,1930.0,1970.0,209945
2024-01-26,1974.8499755859375,2135.5,1930.0,2064.0,124965
2024-01-29,1984.949951171875,2030.0,1930.0,1974.5,112784
2024-01-30,2037.550048828125,2055.5,1908.199951171875,2040.0,169837
2024-01-31,1963.300048828125,2040.0,1950.5,2020.0,82975
2024-02-01,2039.550048828125,2040.0,1963.0,1964.0,111154
2024-02-02,2073.14990234375,2085.0,2000.0,2040.0,67574
2024-02-05,1959.199951171875,2153.800048828125,1907.0999755859375,2083.0,125564
2024-02-06,1941.25,2000.0,1892.0999755859375,1970.0,84350
2024-02-07,1813.300048828125,1935.0,1793.75,1870.0,140924
2024-02-08,1732.75,1839.0,1714.800048828125,1815.0,93139
2024-02-09,1799.25,1820.0,1725.5,1733.199951171875,292286
2024-02-14,1795.5,1835.0,1741.0,1750.0,87654
2024-02-15,1805.1500244140625,1849.0,1745.0,1795.0,53561
2024-02-16,1732.9000244140625,1848.0,1699.800048828125,1806.0,45442
2024-02-19,1726.3499755859375,1818.0,1680.0,1740.0,48622
2024-02-20,1719.0999755859375,1808.0,1685.0,1726.0,74455
2024-02-21,1688.0999755859375,1739.0,1660.0,1711.0,46881
2024-02-22,1740.949951171875,1810.0,1670.0,1670.0,81167
2024-02-23,1818.949951171875,1830.0,1642.25,1750.0,220862
2024-02-26,1706.25,1859.0,1689.0,1830.0,198480
2024-02-27,1614.4000244140625,1738.0,1597.25,1709.0,86155
2024-02-28,1533.949951171875,1641.5,1530.550048828125,1615.0,152897
2024-02-29,1564.449951171875,1630.0,1490.0,1535.0,83306
2024-03-01,1587.25,1635.0,1535.0,1535.0,64626
2024-03-04,1565.5999755859375,1688.0,1527.0,1601.0,222668
2024-03-05,1468.25,1565.0,1462.300048828125,1560.0,153168
2024-03-06,1428.699951171875,1534.0,1394.550048828125,1413.0,89931
2024-03-07,1338.25,1459.9000244140625,1320.8499755859375,1439.0,174517
2024-03-08,1446.4000244140625,1470.5999755859375,1310.0,1310.0,259448
2024-03-11,1333.800048828125,1456.300048828125,1315.5999755859375,1456.300048828125,147092
2024-03-12,1457.5999755859375,1464.0,1322.0,1350.0,234342
2024-03-13,1465.949951171875,1542.800048828125,1445.0,1471.199951171875,135988
2024-03-14,1496.199951171875,1533.800048828125,1437.0,1469.1500244140625,95229
2024-03-15,1647.25,1659.050048828125,1450.0,1450.0,512410
2024-03-18,1670.550048828125,1694.949951171875,1580.0,1655.0,116473
2024-03-19,1661.3499755859375,1720.0,1635.550048828125,1683.949951171875,93756
2024-03-20,1756.4000244140625,1770.0,1620.0,1680.0,107675
2024-03-21,1743.550048828125,1828.449951171875,1715.75,1800.0,140025
2024-03-22,1727.300048828125,1775.949951171875,1717.25,1775.949951171875,117075
2024-03-25,1671.300048828125,1751.4000244140625,1663.8499755859375,1739.9000244140625,152943
2024-03-26,1685.1500244140625,1730.0,1668.050048828125,1730.0,59328
2024-03-27,1665.949951171875,1718.0,1625.0,1700.0,45540
2024-04-03,1706.75,1718.300048828125,1642.0,1660.0,92197
2024-04-04,1702.449951171875,1773.949951171875,1668.449951171875,1730.0,112362
2024-04-05,1664.3499755859375,1717.3499755859375,1662.0,1705.0,163118
2024-04-08,1677.5,1731.0999755859375,1650.0,1700.0,72663
2024-04-09,1684.949951171875,1750.0,1623.0,1715.0,172026
2024-04-10,1657.699951171875,1694.75,1648.449951171875,1692.300048828125,145663
2024-04-11,1640.75,1672.0,1605.0,1660.0,23938
2024-04-12,1573.699951171875,1638.5,1561.0,1638.5,125348
2024-04-15,1500.0,1594.0,1489.25,1530.0,232555
2024-04-16,1543.5,1586.8499755859375,1449.5,1500.0,98957
2024-04-17,1498.699951171875,1555.199951171875,1469.699951171875,1545.0,61273
2024-04-18,1489.0999755859375,1527.4000244140625,1455.8499755859375,1495.0,49230
2024-04-19,1522.199951171875,1532.0,1480.550048828125,1492.0,76749
2024-04-22,1636.4000244140625,1642.300048828125,1514.3499755859375,1514.3499755859375,191124
2024-04-23,1629.199951171875,1679.0,1613.9000244140625,1642.0,113491
2024-04-24,1601.1500244140625,1647.5,1575.5,1625.0,56758
2024-04-25,1639.0,1640.0,1587.949951171875,1601.0,35410
2024-04-26,1729.3499755859375,1733.3499755859375,1620.550048828125,1620.550048828125,102901
2024-04-29,1721.5,1745.0,1709.0,1730.0,119546
2024-04-30,1682.9000244140625,1763.949951171875,1677.300048828125,1722.0,250906
2024-05-02,1769.3499755859375,1790.050048828125,1684.0,1684.0,140881
2024-05-03,1900.199951171875,1920.0,1763.199951171875,1763.199951171875,279081
2024-05-06,1959.050048828125,1989.9000244140625,1914.3499755859375,1914.3499755859375,254974
2024-05-07,2042.300048828125,2050.0,1982.0,2001.0,836484
2024-05-08,2072.199951171875,2133.699951171875,2020.050048828125,2040.0,432911
2024-05-09,2018.75,2075.0,1991.0,2075.0,109051
2024-05-10,2041.949951171875,2094.699951171875,1997.25,2025.0,137956
2024-05-13,1941.0,2048.699951171875,1920.0,2048.699951171875,80568
2024-05-14,2043.8499755859375,2047.699951171875,1921.1500244140625,1950.0,336331
2024-05-15,2073.449951171875,2103.85009765625,2021.0,2045.0,262027
2024-05-16,2015.9000244140625,2099.0,1986.0,2099.0,169743
2024-05-17,1985.949951171875,2030.0,1970.5,2020.0,63339
2024-05-20,2069.10009765625,2079.64990234375,1949.8499755859375,1973.0,356761
2024-05-21,2191.64990234375,2195.25,2056.89990234375,2089.0,240431
2024-05-22,2159.25,2213.550048828125,2125.0,2200.0,90202
2024-05-23,2060.64990234375,2192.0,2055.550048828125,2165.0,197714
2024-05-24,1984.0,1984.0,1984.0,1984.0,1
2024-05-27,2106.85009765625,2140.0,2010.050048828125,2042.0,56573
2024-05-28,2054.60009765625,2123.550048828125,2017.0,2100.0,135678
2024-05-29,2071.550048828125,2077.10009765625,2020.0,2075.0,140032
2024-05-30,2169.050048828125,2180.0,2081.0,2081.0,264919
2024-05-31,2171.550048828125,2265.0,2101.0,2185.0,217329
2024-06-03,2150.0,2200.0,2116.0,2169.0,122115
2024-06-04,2060.800048828125,2138.89990234375,2055.0,2090.0,134234
2024-06-05,2025.5999755859375,2093.39990234375,2016.199951171875,2060.0,98892
2024-06-06,1945.5999755859375,2048.0,1930.5,2008.0,117712
2024-06-07,1900.0,1984.949951171875,1885.050048828125,1984.0,113867
2024-06-10,1932.6500244140625,1935.0,1866.0,1890.0,310509
2024-06-11,1874.6500244140625,1926.0,1861.0,1926.0,176906
2024-06-12,1868.550048828125,1930.5,1853.550048828125,1930.5,224348
2024-06-13,1897.9000244140625,1980.0,1834.5,1941.0,319679
2024-06-14,1902.800048828125,1941.0,1871.5,1898.0,151038
2024-06-18,1873.5999755859375,1930.0,1851.1500244140625,1903.0,77564
2024-06-19,1894.4000244140625,1900.0,1841.0,1873.5999755859375,37662
2024-06-24,1858.199951171875,1875.0,1801.0,1848.0,65434
2024-06-25,1880.1500244140625,1915.0,1857.0,1870.0,109439
2024-06-26,1833.0999755859375,1903.9000244140625,1818.0,1890.0,747022
2024-06-27,2009.25,2015.0,1850.0,1850.0,480211
2024-06-28,1960.6500244140625,2020.0,1950.0,2019.5,206816
2024-07-01,1939.949951171875,2000.0,1915.0,1990.0,101473
2024-07-02,1993.949951171875,2005.0,1950.0,1950.0,157432
2024-07-03,1958.1500244140625,2010.0,1940.050048828125,1982.0,61650
2024-07-04,1984.300048828125,2004.5,1940.0,1953.0,39715
2024-07-05,1932.199951171875,2008.0,1925.0,2008.0,137417
2024-07-08,1945.75,1954.949951171875,1901.5,1950.0,118737
2024-07-10,2020.0,2050.0,1980.0,1985.0,177606
2024-07-11,2070.0,2070.0,2020.0,2050.0,210853
2024-07-12,2065.0,2100.0,2040.0,2065.0,152179
2024-07-15,1775.0,2050.0,1770.0,2050.0,534950
2024-07-16,1760.0,1845.0,1675.0,1845.0,194747
2024-07-17,1755.0,1800.0,1745.0,1775.0,235961
2024-07-18,1730.0,1780.0,1715.0,1755.0,158444
2024-07-19,1770.0,1780.0,1730.0,1730.0,158007
2024-07-22,1765.0,1800.0,1760.0,1780.0,40548
2024-07-23,1795.0,1820.0,1775.0,1790.0,158403
2024-07-24,1740.0,1810.0,1740.0,1785.0,107599
2024-07-25,1690.0,1770.0,1680.0,1740.0,127432
2024-07-26,1685.0,1730.0,1665.0,1730.0,144339
2024-07-29,1610.0,1700.0,1605.0,1695.0,120188
2024-07-30,1560.0,1645.0,1550.0,1630.0,124159
2024-07-31,1655.0,1675.0,1575.0,1575.0,9605
2024-08-01,1625.0,1665.0,1605.0,1630.0,114461
2024-08-02,1585.0,1610.0,1565.0,1605.0,59141
2024-08-05,1580.0,1595.0,1500.0,1535.0,132162
2024-08-06,1640.0,1645.0,1595.0,1605.0,98357
2024-08-07,1680.0,1695.0,1650.0,1665.0,148676
2024-08-08,1780.0,1795.0,1710.0,1710.0,172161
2024-08-09,1825.0,1850.0,1760.0,1780.0,277546
2024-08-12,1810.0,1860.0,1800.0,1800.0,160665
2024-08-13,1795.0,1845.0,1770.0,1810.0,114834
2024-08-14,1800.0,1850.0,1760.0,1800.0,198316
2024-08-15,1845.0,1870.0,1760.0,1760.0,92433
2024-08-16,1855.0,1870.0,1825.0,1845.0,89891
2024-08-19,1995.0,2015.0,1835.0,1860.0,821299
2024-08-20,1955.0,2010.0,1905.0,2000.0,106968
2024-08-21,1895.0,1970.0,1890.0,1955.0,71114
2024-08-22,1795.0,1890.0,1775.0,1890.0,163159
2024-08-23,1825.0,1850.0,1795.0,1800.0,85140
2024-08-26,1800.0,1870.0,1780.0,1825.0,81345
2024-08-27,1790.0,1830.0,1775.0,1795.0,64920
2024-08-28,1770.0,1800.0,1755.0,1800.0,289867
2024-08-29,1790.0,1810.0,1760.0,1780.0,314606
2024-08-30,1810.0,1900.0,1795.0,1860.0,419585
2024-09-02,1820.0,1840.0,1765.0,1765.0,183673
2024-09-03,1815.0,1845.0,1790.0,1820.0,170694
2024-09-04,1945.0,1965.0,1815.0,1820.0,371709
2024-09-05,1985.0,2020.0,1940.0,1970.0,376139
2024-09-06,1920.0,2000.0,1860.0,1985.0,358939
2024-09-09,1955.0,1985.0,1895.0,1920.0,163307
2024-09-10,1930.0,1965.0,1855.0,1900.0,63302
2024-09-11,2005.0,2050.0,1930.0,1930.0,242590
2024-09-12,2020.0,2040.0,1975.0,2000.0,215782
2024-09-13,2015.0,2040.0,1995.0,2025.0,107767
2024-09-16,2070.0,2110.0,2020.0,2040.0,304178
2024-09-17,2030.0,2080.0,2020.0,2075.0,105767
2024-09-18,1980.0,2085.0,1910.0,2085.0,782629
2024-09-19,2090.0,2095.0,1995.0,1995.0,370587
2024-09-20,2070.0,2095.0,2035.0,2080.0,130236
2024-09-23,2025.0,2110.0,1990.0,2070.0,115794
2024-09-24,1995.0,2090.0,1990.0,2045.0,191386
2024-09-25,1970.0,2035.0,1945.0,1995.0,161915
2024-09-26,1910.0,1995.0,1905.0,1945.0,90566
2024-09-27,1905.0,1965.0,1885.0,1920.0,154231
2024-09-30,1845.0,1900.0,1825.0,1900.0,177414
2024-10-01,1965.0,1970.0,1820.0,1900.0,236820
2024-10-02,1935.0,1980.0,1880.0,1980.0,169510
2024-10-03,1945.0,1970.0,1880.0,1935.0,65355
2024-10-04,1955.0,1990.0,1920.0,1945.0,53022
2024-10-07,1870.0,1955.0,1840.0,1955.0,167368
2024-10-08,1890.0,1900.0,1835.0,1875.0,84411
2024-10-09,1905.0,1935.0,1845.0,1900.0,119457
2024-10-10,1885.0,1920.0,1840.0,1905.0,217483
2024-10-14,1855.0,1890.0,1800.0,1890.0,234890
2024-10-15,1920.0,1940.0,1820.0,1850.0,419360
2024-10-16,2030.0,2065.0,1930.0,1940.0,649074
2024-10-17,2055.0,2070.0,1940.0,1940.0,268377
2024-10-18,2020.0,2085.0,1955.0,2065.0,352513
2024-10-21,1995.0,2035.0,1940.0,2020.0,133185
2024-10-22,1935.0,2005.0,1895.0,1940.0,166196
2024-10-23,1850.0,1935.0,1840.0,1935.0,222955
2024-10-24,1930.0,1935.0,1850.0,1850.0,193176
2024-10-25,2015.0,2045.0,1915.0,1930.0,205971
2024-10-28,2020.0,2070.0,1980.0,2015.0,148140
2024-10-29,2000.0,2120.0,1990.0,2040.0,319923
2024-10-30,2085.0,2130.0,1975.0,2010.0,243260
2024-10-31,2150.0,2160.0,2065.0,2085.0,244167
2024-11-01,2195.0,2265.0,2140.0,2195.0,266385
2024-11-04,2245.0,2290.0,2100.0,2220.0,150301
2024-11-05,2375.0,2380.0,2180.0,2200.0,515682
2024-11-06,2610.0,2650.0,2465.0,2490.0,671762
2024-11-07,2790.0,2810.0,2565.0,2610.0,537399
2024-11-08,2670.0,2870.0,2530.0,2870.0,466441
2024-11-11,2605.0,2720.0,2520.0,2660.0,250074
2024-11-12,2515.0,2570.0,2455.0,2570.0,337426
2024-11-13,2655.0,2670.0,2455.0,2510.0,299589
2024-11-14,2955.0,3000.0,2670.0,2690.0,672592
2024-11-15,2895.0,3065.0,2810.0,3000.0,340463
2024-11-19,2880.0,3085.0,2855.0,3050.0,240022
2024-11-20,2925.0,2955.0,2700.0,2900.0,193023
2024-11-21,2855.0,2950.0,2835.0,2920.0,84646
2024-11-22,2980.0,3000.0,2800.0,2850.0,189624
2024-11-25,2910.0,3200.0,2885.0,3050.0,218378
2024-11-26,2955.0,2990.0,2860.0,2900.0,206700
2024-11-27,2940.0,3010.0,2825.0,3010.0,179668
2024-11-28,2990.0,3040.0,2845.0,2875.0,83433
2024-11-29,3045.0,3075.0,2900.0,2985.0,324096
2024-12-02,3010.0,3110.0,2930.0,3105.0,332560
2024-12-03,3070.0,3175.0,2925.0,3050.0,768474
2024-12-04,2935.0,3100.0,2860.0,3075.0,386288
2024-12-05,2980.0,3010.0,2840.0,2900.0,229423
2024-12-06,2930.0,3075.0,2870.0,3020.0,242240
2024-12-09,3010.0,3150.0,2860.0,2935.0,275006
2024-12-10,2885.0,3050.0,2820.0,3020.0,166600
2024-12-11,2995.0,3020.0,2860.0,2890.0,159478
2024-12-12,2980.0,3085.0,2925.0,2925.0,320899
2024-12-13,2970.0,3095.0,2910.0,2980.0,499960
2024-12-16,3175.0,3230.0,2990.0,2990.0,355367
2024-12-17,3080.0,3325.0,3040.0,3290.0,806411
2024-12-18,2925.0,3150.0,2900.0,3110.0,390112
2024-12-19,2760.0,3100.0,2730.0,2930.0,504140
2024-12-20,2810.0,2820.0,2670.0,2730.0,297337
2024-12-23,2855.0,2875.0,2740.0,2820.0,119756
2024-12-24,2860.0,2920.0,2710.0,2895.0,195898
2024-12-26,3070.0,3095.0,2835.0,2850.0,680279
2024-12-27,3135.0,3190.0,2985.0,3110.0,277939
2024-12-30,3070.0,3250.0,2985.0,3155.0,319028
2025-01-02,3170.0,3265.0,3030.0,3100.0,627176
2025-01-03,3385.0,3410.0,3100.0,3230.0,414489
2025-01-06,3355.0,3575.0,3340.0,3425.0,1157434
2025-01-07,3400.0,3700.0,3255.0,3350.0,653652
2025-01-08,3295.0,3570.0,3165.0,3420.0,1564952
2025-01-09,3280.0,3375.0,3220.0,3295.0,98966
2025-01-10,3240.0,3320.0,3115.0,3285.0,248765
2025-01-13,3050.0,3275.0,3020.0,3240.0,325111
2025-01-14,3185.0,3215.0,3000.0,3110.0,381865
2025-01-15,3085.0,3270.0,3045.0,3195.0,280466
2025-01-16,2965.0,3150.0,2940.0,3085.0,170195
2025-01-17,2890.0,3010.0,2840.0,2960.0,327101
2025-01-20,2995.0,3000.0,2850.0,2900.0,99395
2025-01-21,2985.0,3040.0,2850.0,2990.0,341932
2025-01-22,3075.0,3090.0,2950.0,3050.0,245741
2025-01-23,3035.0,3120.0,2950.0,3120.0,74544
2025-01-24,2915.0,3090.0,2820.0,3075.0,220911
2025-01-27,2880.0,2920.0,2790.0,2920.0,872130
2025-01-28,2945.0,2965.0,2800.0,2900.0,515223
2025-01-29,2980.0,2985.0,2870.0,2875.0,264221
2025-01-30,3035.0,3075.0,2950.0,3000.0,218473
2025-01-31,2915.0,3100.0,2880.0,3100.0,114775
2025-02-03,2840.0,2915.0,2760.0,2900.0,113881
2025-02-04,2860.0,2930.0,2850.0,2850.0,36146
2025-02-05,2865.0,2950.0,2835.0,2945.0,306750
2025-02-06,2855.0,2910.0,2815.0,2860.0,242438
2025-02-07,2800.0,2920.0,2730.0,2905.0,175979
2025-02-10,2770.0,2880.0,2720.0,2810.0,86828
2025-02-11,2555.0,2765.0,2540.0,2710.0,348759
2025-02-12,2620.0,2675.0,2465.0,2580.0,287838
2025-02-13,2680.0,2700.0,2565.0,2600.0,171379
2025-02-14,2675.0,2745.0,2610.0,2680.0,122297
2025-02-17,2515.0,2635.0,2485.0,2550.0,236142
2025-02-18,2745.0,2790.0,2520.0,2520.0,305861
2025-02-19,2905.0,2930.0,2695.0,2790.0,153026
2025-02-20,2935.0,2965.0,2825.0,2900.0,201169
2025-02-21,2835.0,3020.0,2825.0,2990.0,144793
2025-02-24,2925.0,3010.0,2800.0,2850.0,502556
2025-02-25,2900.0,3110.0,2860.0,3005.0,1005919
2025-02-26,2760.0,2950.0,2730.0,2895.0,509890
2025-02-27,2705.0,2835.0,2600.0,2750.0,307008
2025-02-28,2705.0,2800.0,2575.0,2705.0,307069
2025-03-05,2810.0,2840.0,2585.0,2695.0,151393
2025-03-06,2775.0,2880.0,2730.0,2880.0,98235
2025-03-07,2750.0,2845.0,2625.0,2740.0,151999
2025-03-10,2645.0,2750.0,2575.0,2750.0,79898
2025-03-11,2670.0,2700.0,2595.0,2610.0,82484
2025-03-12,2720.0,2795.0,2680.0,2690.0,124050
2025-03-13,2635.0,2765.0,2625.0,2715.0,82850
2025-03-14,2740.0,2750.0,2655.0,2700.0,97588
2025-03-17,2765.0,2840.0,2745.0,2790.0,164018
2025-03-18,2680.0,2760.0,2665.0,2740.0,80792
2025-03-19,2765.0,2795.0,2680.0,2730.0,82525
2025-03-20,2795.0,2830.0,2735.0,2800.0,64331
2025-03-21,2890.0,2890.0,2735.0,2735.0,47085
2025-03-25,2775.0,2850.0,2730.0,2790.0,335495
2025-03-26,2760.0,2830.0,2715.0,2730.0,129418
2025-03-27,2740.0,2830.0,2710.0,2765.0,145488
2025-03-28,2725.0,2775.0,2675.0,2745.0,115360
2025-03-31,2670.0,2700.0,2615.0,2700.0,124568
2025-04-01,2735.0,2770.0,2640.0,2645.0,155742
2025-04-03,2740.0,2750.0,2640.0,2720.0,216873
2025-04-04,2590.0,2680.0,2510.0,2680.0,178898
2025-04-07,2560.0,2780.0,2465.0,2470.0,435402
2025-04-08,2615.0,2700.0,2545.0,2640.0,275458
2025-04-09,2845.0,2850.0,2420.0,2625.0,186913
2025-04-10,2735.0,2825.0,2600.0,2760.0,160211
2025-04-11,3000.0,3015.0,2760.0,2830.0,673589
2025-04-14,2800.0,3100.0,2650.0,3100.0,692222
2025-04-15,2690.0,2830.0,2680.0,2830.0,128455
