Price,('Close', 'TGNO4.BA'),('High', 'TGNO4.BA'),('Low', 'TGNO4.BA'),('Open', 'TGNO4.BA'),('Volume', 'TGNO4.BA')
Ticker,TGNO4.BA,TGNO4.BA,TGNO4.BA,TGNO4.BA,TGNO4.BA
Date,,,,,
2020-04-17,24.649999618530273,25.0,24.350000381469727,25.0,116698
2020-04-20,24.25,25.399999618530273,24.100000381469727,25.200000762939453,272035
2020-04-21,23.799999237060547,24.299999237060547,23.549999237060547,23.950000762939453,116056
2020-04-22,23.0,24.75,22.899999618530273,24.649999618530273,408061
2020-04-23,22.200000762939453,23.799999237060547,22.100000381469727,23.299999237060547,480052
2020-04-24,22.299999237060547,22.899999618530273,21.5,22.600000381469727,242510
2020-04-27,21.950000762939453,22.899999618530273,21.649999618530273,22.799999237060547,626739
2020-04-28,24.450000762939453,25.0,22.399999618530273,22.399999618530273,1215602
2020-04-29,23.899999618530273,26.5,23.5,25.600000381469727,780143
2020-04-30,25.0,25.200000762939453,23.799999237060547,24.5,592975
2020-05-04,25.0,25.25,23.5,25.0,296618
2020-05-05,27.799999237060547,27.950000762939453,25.100000381469727,25.549999237060547,759514
2020-05-06,29.600000381469727,30.950000762939453,27.899999618530273,28.0,1617261
2020-05-07,29.700000762939453,31.0,29.149999618530273,30.299999237060547,749433
2020-05-08,30.0,30.700000762939453,28.5,30.0,641762
2020-05-11,31.799999237060547,33.0,29.0,30.0,870549
2020-05-12,31.549999237060547,33.79999923706055,31.0,32.0,659844
2020-05-13,29.649999618530273,31.600000381469727,28.75,31.600000381469727,197113
2020-05-14,30.200000762939453,31.200000762939453,29.0,29.450000762939453,509644
2020-05-15,30.75,31.5,30.600000381469727,31.0,416325
2020-05-18,31.350000381469727,32.400001525878906,30.100000381469727,32.0,328236
2020-05-19,31.100000381469727,31.899999618530273,30.299999237060547,31.0,253786
2020-05-20,30.450000762939453,31.850000381469727,30.350000381469727,31.149999618530273,440703
2020-05-21,30.899999618530273,31.200000762939453,30.450000762939453,30.450000762939453,344170
2020-05-22,30.450000762939453,31.299999237060547,30.25,31.200000762939453,370037
2020-05-26,32.54999923706055,32.599998474121094,30.5,30.5,581051
2020-05-27,33.650001525878906,34.75,32.70000076293945,33.0,1057757
2020-05-28,31.450000762939453,34.599998474121094,30.5,34.599998474121094,660378
2020-05-29,30.350000381469727,31.549999237060547,29.899999618530273,31.5,312516
2020-06-01,31.75,32.29999923706055,30.5,30.5,244423
2020-06-02,34.0,34.150001525878906,32.5,32.5,373347
2020-06-03,36.0,37.900001525878906,34.20000076293945,34.20000076293945,1036283
2020-06-04,35.5,37.29999923706055,34.20000076293945,36.5,481961
2020-06-05,35.95000076293945,37.0,35.5,36.20000076293945,774270
2020-06-08,39.04999923706055,39.900001525878906,36.29999923706055,36.29999923706055,707274
2020-06-09,37.400001525878906,39.54999923706055,36.75,38.75,723631
2020-06-10,37.599998474121094,38.099998474121094,36.20000076293945,37.25,392401
2020-06-11,35.900001525878906,37.900001525878906,35.04999923706055,37.900001525878906,499158
2020-06-12,36.900001525878906,37.5,34.20000076293945,36.400001525878906,566342
2020-06-16,37.04999923706055,37.95000076293945,36.25,37.0,313058
2020-06-17,35.099998474121094,37.20000076293945,35.04999923706055,37.20000076293945,270193
2020-06-18,32.599998474121094,33.95000076293945,32.0,33.95000076293945,545630
2020-06-19,34.79999923706055,35.0,33.0,33.150001525878906,334176
2020-06-22,33.150001525878906,35.95000076293945,32.20000076293945,35.0,431423
2020-06-23,32.599998474121094,34.04999923706055,32.29999923706055,33.5,421112
2020-06-24,31.899999618530273,32.900001525878906,30.75,32.900001525878906,187756
2020-06-25,33.650001525878906,33.849998474121094,31.899999618530273,31.899999618530273,151304
2020-06-26,32.599998474121094,33.95000076293945,32.29999923706055,33.95000076293945,75326
2020-06-29,33.150001525878906,34.0,32.599998474121094,32.599998474121094,106516
2020-06-30,32.099998474121094,33.650001525878906,31.100000381469727,33.0,118577
2020-07-01,32.25,32.849998474121094,31.399999618530273,32.400001525878906,184654
2020-07-02,33.150001525878906,33.900001525878906,32.599998474121094,33.599998474121094,274176
2020-07-03,34.95000076293945,35.0,33.400001525878906,34.0,304330
2020-07-06,38.20000076293945,38.400001525878906,36.5,37.0,695616
2020-07-07,38.150001525878906,38.900001525878906,37.0,38.0,481318
2020-07-08,40.599998474121094,41.0,38.099998474121094,38.79999923706055,616220
2020-07-13,41.400001525878906,42.29999923706055,40.900001525878906,41.0,397741
2020-07-14,41.20000076293945,41.79999923706055,36.0,41.400001525878906,534903
2020-07-15,40.75,41.75,40.04999923706055,41.5,336113
2020-07-16,40.0,40.75,39.5,40.70000076293945,171561
2020-07-17,39.5,40.5,38.70000076293945,40.0,356073
2020-07-20,38.54999923706055,39.5,38.5,39.5,214779
2020-07-21,39.75,39.900001525878906,38.0,38.5,456175
2020-07-22,41.849998474121094,42.0,39.75,40.099998474121094,488842
2020-07-23,40.04999923706055,42.900001525878906,39.599998474121094,42.5,842574
2020-07-24,39.20000076293945,40.099998474121094,38.70000076293945,39.75,319766
2020-07-27,38.849998474121094,40.599998474121094,38.75,40.0,318621
2020-07-28,37.54999923706055,39.400001525878906,37.29999923706055,39.0,459538
2020-07-29,36.79999923706055,38.29999923706055,36.0,37.650001525878906,806866
2020-07-30,37.04999923706055,37.349998474121094,35.400001525878906,36.95000076293945,611509
2020-07-31,38.150001525878906,38.70000076293945,37.0,37.5,385927
2020-08-03,40.650001525878906,40.900001525878906,37.5,38.5,951841
2020-08-04,41.45000076293945,44.0,40.5,44.0,1142300
2020-08-05,40.900001525878906,43.099998474121094,40.29999923706055,41.849998474121094,386978
2020-08-06,41.5,41.900001525878906,40.79999923706055,40.79999923706055,163932
2020-08-07,41.849998474121094,42.0,41.25,41.849998474121094,509426
2020-08-10,41.099998474121094,42.75,40.70000076293945,42.5,355021
2020-08-11,41.900001525878906,43.0,41.54999923706055,42.0,1010682
2020-08-12,41.349998474121094,42.5,40.150001525878906,42.400001525878906,517955
2020-08-13,45.20000076293945,45.5,41.349998474121094,41.349998474121094,1693654
2020-08-14,45.849998474121094,47.20000076293945,43.0,45.099998474121094,1189010
2020-08-18,44.400001525878906,45.5,42.099998474121094,45.5,344987
2020-08-19,45.5,46.25,44.5,44.5,471905
2020-08-20,44.75,45.5,44.0,45.5,228580
2020-08-21,45.150001525878906,46.20000076293945,44.70000076293945,45.25,411779
2020-08-24,44.349998474121094,46.0,42.5,45.150001525878906,315242
2020-08-25,43.04999923706055,45.0,41.75,45.0,255611
2020-08-26,43.04999923706055,44.20000076293945,42.400001525878906,43.04999923706055,206029
2020-08-27,41.75,43.599998474121094,41.29999923706055,42.79999923706055,157190
2020-08-28,42.79999923706055,43.20000076293945,41.29999923706055,41.70000076293945,471308
2020-08-31,43.0,44.150001525878906,41.5,43.5,205486
2020-09-01,41.900001525878906,44.099998474121094,41.79999923706055,44.099998474121094,115734
2020-09-02,40.45000076293945,42.0,38.75,42.0,164789
2020-09-03,39.70000076293945,41.20000076293945,39.0,39.0,130425
2020-09-04,42.099998474121094,42.20000076293945,39.25,40.29999923706055,205471
2020-09-07,42.650001525878906,43.0,42.5,42.95000076293945,120381
2020-09-08,41.150001525878906,42.0,40.0,42.0,91322
2020-09-09,41.349998474121094,41.95000076293945,41.29999923706055,41.95000076293945,91714
2020-09-10,41.54999923706055,42.150001525878906,41.150001525878906,42.0,156534
2020-09-11,41.849998474121094,42.04999923706055,41.25,41.5,138814
2020-09-14,40.099998474121094,42.5,38.150001525878906,42.150001525878906,108831
2020-09-15,39.45000076293945,40.45000076293945,38.5,40.45000076293945,156306
2020-09-16,36.54999923706055,39.0,36.0,39.0,589256
2020-09-17,34.0,36.54999923706055,33.5,36.099998474121094,406818
2020-09-18,35.04999923706055,36.29999923706055,33.5,33.5,342091
2020-09-21,33.75,34.79999923706055,33.599998474121094,34.79999923706055,313465
2020-09-22,32.95000076293945,34.400001525878906,32.5,33.75,381109
2020-09-23,34.599998474121094,35.0,32.70000076293945,33.0,201081
2020-09-24,36.849998474121094,37.04999923706055,35.0,35.900001525878906,343350
2020-09-25,38.20000076293945,38.400001525878906,36.20000076293945,37.45000076293945,202809
2020-09-28,37.45000076293945,38.79999923706055,36.5,38.0,177043
2020-09-29,37.29999923706055,38.0,37.099998474121094,38.0,92278
2020-09-30,36.45000076293945,38.04999923706055,36.150001525878906,37.54999923706055,112367
2020-10-01,37.79999923706055,37.95000076293945,36.45000076293945,36.70000076293945,171309
2020-10-02,38.599998474121094,38.650001525878906,36.54999923706055,38.0,116190
2020-10-05,38.5,39.25,38.20000076293945,38.599998474121094,110888
2020-10-06,37.5,39.20000076293945,37.20000076293945,39.20000076293945,216544
2020-10-07,38.20000076293945,38.650001525878906,36.70000076293945,38.0,382184
2020-10-08,38.95000076293945,39.20000076293945,38.0,38.20000076293945,134084
2020-10-09,39.45000076293945,40.04999923706055,38.099998474121094,39.0,256762
2020-10-13,41.0,41.45000076293945,38.599998474121094,40.0,395212
2020-10-14,42.29999923706055,42.5,41.0,41.0,346842
2020-10-15,42.5,42.95000076293945,41.400001525878906,42.29999923706055,266431
2020-10-16,43.150001525878906,43.79999923706055,41.75,43.0,276271
2020-10-19,46.20000076293945,48.0,43.400001525878906,43.400001525878906,989928
2020-10-20,48.29999923706055,48.599998474121094,45.5,46.599998474121094,516520
2020-10-21,49.650001525878906,49.900001525878906,48.0,48.29999923706055,587826
2020-10-22,49.099998474121094,50.099998474121094,47.599998474121094,49.599998474121094,369276
2020-10-23,48.5,49.599998474121094,47.0,49.599998474121094,353554
2020-10-26,44.45000076293945,49.5,43.0,49.5,304550
2020-10-27,42.75,45.599998474121094,42.0,45.04999923706055,430027
2020-10-28,40.599998474121094,43.099998474121094,39.349998474121094,42.70000076293945,244528
2020-10-29,42.400001525878906,42.849998474121094,39.599998474121094,40.29999923706055,199925
2020-10-30,41.400001525878906,43.20000076293945,41.04999923706055,42.0,99202
2020-11-02,43.400001525878906,43.599998474121094,41.400001525878906,41.400001525878906,210721
2020-11-03,44.0,45.900001525878906,43.599998474121094,44.0,155737
2020-11-04,44.04999923706055,45.25,42.70000076293945,44.95000076293945,170344
2020-11-05,43.849998474121094,44.900001525878906,43.599998474121094,44.900001525878906,163891
2020-11-06,44.20000076293945,44.79999923706055,42.0,44.79999923706055,99256
2020-11-09,45.400001525878906,47.0,44.79999923706055,45.29999923706055,491083
2020-11-10,45.79999923706055,46.0,44.79999923706055,45.900001525878906,551210
2020-11-11,45.54999923706055,46.5,45.20000076293945,46.45000076293945,274169
2020-11-12,43.849998474121094,46.0,43.599998474121094,46.0,98399
2020-11-13,42.70000076293945,44.70000076293945,42.5,44.70000076293945,296679
2020-11-16,42.650001525878906,43.95000076293945,42.5,43.45000076293945,298668
2020-11-17,42.599998474121094,42.900001525878906,42.04999923706055,42.79999923706055,287469
2020-11-18,42.849998474121094,43.29999923706055,42.04999923706055,43.0,564854
2020-11-19,42.400001525878906,43.29999923706055,42.099998474121094,43.20000076293945,123360
2020-11-20,42.349998474121094,42.79999923706055,42.0,42.79999923706055,160295
2020-11-24,43.099998474121094,44.599998474121094,42.599998474121094,42.95000076293945,329200
2020-11-25,46.0,46.349998474121094,43.099998474121094,43.150001525878906,427235
2020-11-26,46.54999923706055,46.79999923706055,45.5,46.400001525878906,244774
2020-11-27,46.45000076293945,47.0,45.5,47.0,173669
2020-11-30,45.099998474121094,46.849998474121094,44.5,46.849998474121094,132937
2020-12-01,46.04999923706055,46.5,45.20000076293945,45.5,127666
2020-12-02,45.75,46.45000076293945,45.400001525878906,46.45000076293945,142931
2020-12-03,45.79999923706055,46.400001525878906,45.75,46.400001525878906,149816
2020-12-04,44.29999923706055,46.5,43.0,46.5,165986
2020-12-09,43.099998474121094,44.29999923706055,42.5,44.29999923706055,322350
2020-12-10,43.349998474121094,44.29999923706055,42.400001525878906,42.5,251887
2020-12-11,44.650001525878906,45.45000076293945,43.349998474121094,43.349998474121094,188801
2020-12-14,44.75,45.5,44.5,45.5,263098
2020-12-15,44.0,45.5,43.25,44.5,143226
2020-12-16,43.599998474121094,44.70000076293945,43.54999923706055,44.70000076293945,106743
2020-12-17,43.04999923706055,44.0,43.0,43.400001525878906,222470
2020-12-18,43.0,44.0,42.599998474121094,43.0,267246
2020-12-21,41.0,42.45000076293945,40.0,42.45000076293945,145023
2020-12-22,41.29999923706055,42.0,40.150001525878906,40.5,267440
2020-12-23,42.900001525878906,43.0,40.599998474121094,42.0,97943
2020-12-28,41.25,42.79999923706055,41.20000076293945,42.5,78152
2020-12-29,42.75,43.5,41.79999923706055,42.0,215057
2020-12-30,41.849998474121094,43.599998474121094,41.79999923706055,43.599998474121094,391506
2021-01-04,41.04999923706055,42.0,40.79999923706055,41.79999923706055,133143
2021-01-05,42.849998474121094,43.0,41.0,41.0,107854
2021-01-06,42.95000076293945,43.400001525878906,41.5,43.400001525878906,112780
2021-01-07,42.20000076293945,42.95000076293945,41.75,42.95000076293945,72604
2021-01-08,41.400001525878906,42.650001525878906,41.29999923706055,42.400001525878906,83212
2021-01-11,41.0,41.5,40.400001525878906,41.0,214366
2021-01-12,40.75,42.150001525878906,40.099998474121094,40.29999923706055,226147
2021-01-13,40.5,41.70000076293945,40.400001525878906,40.75,99344
2021-01-14,40.5,40.900001525878906,40.099998474121094,40.900001525878906,147838
2021-01-15,39.79999923706055,40.70000076293945,39.04999923706055,40.5,168847
2021-01-18,38.95000076293945,40.54999923706055,38.70000076293945,40.29999923706055,105212
2021-01-19,39.099998474121094,39.599998474121094,38.900001525878906,39.20000076293945,72404
2021-01-20,38.5,39.75,37.29999923706055,39.099998474121094,289161
2021-01-21,36.95000076293945,38.5,36.45000076293945,38.5,373245
2021-01-22,37.599998474121094,38.29999923706055,35.70000076293945,36.70000076293945,158304
2021-01-25,37.599998474121094,38.5,36.45000076293945,37.75,142288
2021-01-26,37.95000076293945,38.04999923706055,37.04999923706055,37.599998474121094,113204
2021-01-27,39.849998474121094,39.95000076293945,37.70000076293945,38.79999923706055,187864
2021-01-28,40.400001525878906,41.599998474121094,39.0,40.0,186397
2021-01-29,41.5,42.0,40.04999923706055,41.5,281562
2021-02-01,41.599998474121094,42.5,41.20000076293945,42.0,54458
2021-02-02,42.04999923706055,42.099998474121094,40.599998474121094,41.45000076293945,98171
2021-02-03,42.20000076293945,42.20000076293945,41.5,42.0,155439
2021-02-04,41.400001525878906,42.349998474121094,41.04999923706055,42.25,125522
2021-02-05,41.5,42.25,41.0,41.400001525878906,63056
2021-02-08,42.79999923706055,43.150001525878906,41.29999923706055,41.29999923706055,198943
2021-02-09,42.79999923706055,43.900001525878906,42.5,42.79999923706055,92352
2021-02-10,43.0,43.099998474121094,41.5,42.5,49505
2021-02-11,42.599998474121094,43.5,41.0,43.0,73425
2021-02-12,42.29999923706055,43.25,41.0,41.599998474121094,111474
2021-02-17,43.95000076293945,44.0,42.29999923706055,42.29999923706055,240335
2021-02-18,44.5,44.599998474121094,42.099998474121094,43.95000076293945,217777
2021-02-19,44.599998474121094,44.79999923706055,43.099998474121094,44.5,242806
2021-02-22,42.79999923706055,44.900001525878906,42.599998474121094,44.900001525878906,55314
2021-02-23,41.900001525878906,43.900001525878906,41.0,43.0,92590
2021-02-24,42.79999923706055,43.0,41.79999923706055,41.900001525878906,163313
2021-02-25,42.099998474121094,43.849998474121094,41.099998474121094,41.099998474121094,40878
2021-02-26,41.400001525878906,42.04999923706055,41.0,41.0,91670
2021-03-01,41.349998474121094,41.79999923706055,40.0,41.400001525878906,123025
2021-03-02,40.29999923706055,41.79999923706055,40.150001525878906,41.79999923706055,111295
2021-03-03,40.29999923706055,41.150001525878906,39.70000076293945,40.29999923706055,126967
2021-03-04,39.900001525878906,40.29999923706055,38.70000076293945,40.29999923706055,165696
2021-03-05,39.0,40.0,38.04999923706055,38.400001525878906,273468
2021-03-08,38.0,39.79999923706055,38.0,39.0,65448
2021-03-09,36.95000076293945,38.0,36.599998474121094,37.54999923706055,240743
2021-03-10,36.900001525878906,38.5,34.0,37.099998474121094,470102
2021-03-11,37.099998474121094,37.5,36.20000076293945,36.79999923706055,180763
2021-03-12,37.400001525878906,37.900001525878906,35.900001525878906,37.900001525878906,423132
2021-03-15,39.349998474121094,39.400001525878906,37.400001525878906,37.70000076293945,277067
2021-03-16,38.70000076293945,39.849998474121094,38.0,39.849998474121094,53489
2021-03-17,37.849998474121094,38.5,37.70000076293945,38.0,149905
2021-03-18,36.150001525878906,37.849998474121094,35.900001525878906,37.849998474121094,185731
2021-03-19,36.650001525878906,37.25,36.29999923706055,36.5,120161
2021-03-22,36.45000076293945,36.95000076293945,35.29999923706055,36.0,150003
2021-03-23,35.70000076293945,37.0,35.599998474121094,37.0,64814
2021-03-25,33.75,36.0,33.70000076293945,35.5,194488
2021-03-26,33.0,35.0,32.20000076293945,34.099998474121094,129082
2021-03-29,33.900001525878906,34.400001525878906,32.95000076293945,33.0,99268
2021-03-30,34.150001525878906,34.75,33.900001525878906,34.0,56361
2021-03-31,33.400001525878906,34.900001525878906,33.099998474121094,34.900001525878906,211444
2021-04-05,33.04999923706055,34.20000076293945,32.54999923706055,33.400001525878906,224076
2021-04-06,34.900001525878906,35.0,33.099998474121094,33.5,345927
2021-04-07,34.29999923706055,35.5,33.599998474121094,35.5,411928
2021-04-08,34.25,34.650001525878906,34.04999923706055,34.29999923706055,134157
2021-04-09,34.150001525878906,34.29999923706055,33.599998474121094,33.79999923706055,52356
2021-04-12,33.5,34.5,32.54999923706055,34.45000076293945,129838
2021-04-13,33.20000076293945,34.29999923706055,32.79999923706055,33.150001525878906,57914
2021-04-14,33.0,34.29999923706055,32.900001525878906,33.5,74939
2021-04-15,32.45000076293945,33.900001525878906,30.649999618530273,33.0,220864
2021-04-16,32.45000076293945,32.900001525878906,31.350000381469727,32.0,114094
2021-04-19,32.45000076293945,33.20000076293945,32.0,33.20000076293945,90601
2021-04-20,31.700000762939453,32.45000076293945,31.0,32.099998474121094,206450
2021-04-21,34.349998474121094,35.0,31.049999237060547,32.349998474121094,551341
2021-04-22,35.400001525878906,35.75,33.099998474121094,34.599998474121094,491786
2021-04-23,36.650001525878906,37.849998474121094,34.599998474121094,35.400001525878906,336103
2021-04-26,37.099998474121094,37.599998474121094,35.5,36.650001525878906,216038
2021-04-27,37.0,37.04999923706055,36.0,36.5,170502
2021-04-28,36.95000076293945,37.0,35.650001525878906,36.95000076293945,279457
2021-04-29,36.95000076293945,37.75,36.04999923706055,36.5,104353
2021-04-30,36.349998474121094,37.45000076293945,36.04999923706055,36.04999923706055,98650
2021-05-03,35.5,36.95000076293945,35.04999923706055,35.04999923706055,58363
2021-05-04,36.599998474121094,37.5,33.79999923706055,35.5,937922
2021-05-05,36.54999923706055,37.150001525878906,36.5,36.599998474121094,137487
2021-05-06,36.04999923706055,37.099998474121094,35.900001525878906,37.099998474121094,54225
2021-05-07,36.70000076293945,36.900001525878906,36.20000076293945,36.5,92445
2021-05-10,37.25,37.54999923706055,36.20000076293945,36.5,190661
2021-05-11,36.650001525878906,37.0,36.20000076293945,37.0,44201
2021-05-12,37.20000076293945,37.599998474121094,35.599998474121094,36.95000076293945,177292
2021-05-13,37.20000076293945,37.54999923706055,35.79999923706055,37.0,152425
2021-05-14,38.150001525878906,38.5,37.0,37.20000076293945,307846
2021-05-17,38.0,38.349998474121094,36.150001525878906,38.0,223497
2021-05-18,36.95000076293945,38.25,36.599998474121094,38.25,219949
2021-05-19,36.5,37.70000076293945,36.0,36.5,55101
2021-05-20,36.599998474121094,37.400001525878906,36.0,36.650001525878906,351823
2021-05-21,36.29999923706055,36.95000076293945,35.900001525878906,36.79999923706055,173703
2021-05-26,37.20000076293945,37.29999923706055,35.70000076293945,36.25,195367
2021-05-27,38.5,38.849998474121094,37.29999923706055,37.45000076293945,361065
2021-05-28,38.70000076293945,39.650001525878906,38.5,39.0,183506
2021-05-31,40.150001525878906,40.400001525878906,38.5,39.20000076293945,343136
2021-06-01,42.79999923706055,43.099998474121094,41.04999923706055,41.04999923706055,1108113
2021-06-02,45.900001525878906,47.0,42.599998474121094,43.0,948220
2021-06-03,47.099998474121094,47.900001525878906,44.5,45.900001525878906,634187
2021-06-04,49.5,49.79999923706055,46.5,47.0,913403
2021-06-07,50.29999923706055,52.0,48.5,49.099998474121094,2449612
2021-06-08,51.20000076293945,52.0,49.349998474121094,50.29999923706055,1010018
2021-06-09,53.0,54.79999923706055,51.0,51.0,1619720
2021-06-10,50.29999923706055,54.79999923706055,50.099998474121094,53.0,1172442
2021-06-11,50.5,51.5,48.0,49.0,450187
2021-06-14,51.099998474121094,52.900001525878906,50.5,50.599998474121094,1169341
2021-06-15,54.0,54.29999923706055,51.20000076293945,52.900001525878906,578590
2021-06-16,56.099998474121094,56.5,54.0,54.0,1254226
2021-06-17,57.29999923706055,59.5,54.70000076293945,56.5,745327
2021-06-18,58.099998474121094,58.5,54.79999923706055,56.79999923706055,759051
2021-06-22,56.5,58.5,56.0,58.5,549915
2021-06-23,57.29999923706055,57.5,55.5,56.70000076293945,708036
2021-06-24,59.20000076293945,59.79999923706055,56.0,56.099998474121094,501409
2021-06-25,60.70000076293945,61.0,55.099998474121094,57.20000076293945,1029789
2021-06-28,59.099998474121094,60.70000076293945,58.79999923706055,60.70000076293945,882259
2021-06-29,56.900001525878906,59.29999923706055,56.5,59.0,521931
2021-06-30,57.0,57.900001525878906,55.5,57.0,313093
2021-07-01,55.0,57.70000076293945,54.20000076293945,57.70000076293945,408241
2021-07-02,55.5,56.29999923706055,54.099998474121094,56.29999923706055,571190
2021-07-05,56.5,56.900001525878906,55.20000076293945,56.0,366358
2021-07-06,56.099998474121094,56.5,55.70000076293945,56.5,148785
2021-07-07,56.099998474121094,57.20000076293945,55.79999923706055,56.0,127390
2021-07-08,54.099998474121094,55.900001525878906,53.70000076293945,55.900001525878906,276165
2021-07-12,56.0,56.900001525878906,52.599998474121094,53.5,146612
2021-07-13,56.400001525878906,57.0,55.099998474121094,56.099998474121094,93105
2021-07-14,55.79999923706055,57.400001525878906,55.70000076293945,57.0,304313
2021-07-15,55.099998474121094,57.0,54.599998474121094,55.5,125187
2021-07-16,54.900001525878906,55.70000076293945,54.20000076293945,55.099998474121094,180150
2021-07-19,54.70000076293945,55.20000076293945,52.29999923706055,54.0,137077
2021-07-20,55.29999923706055,55.5,54.0,55.099998474121094,120889
2021-07-21,56.20000076293945,56.5,55.599998474121094,55.900001525878906,242588
2021-07-22,56.400001525878906,57.599998474121094,56.0,56.70000076293945,187344
2021-07-23,55.5,56.79999923706055,55.0,56.400001525878906,152893
2021-07-26,54.099998474121094,56.5,53.79999923706055,55.5,182326
2021-07-27,53.900001525878906,54.599998474121094,53.5,54.099998474121094,123458
2021-07-28,52.79999923706055,54.70000076293945,52.599998474121094,54.0,139217
2021-07-29,53.0,53.5,52.599998474121094,53.099998474121094,264719
2021-07-30,51.70000076293945,53.29999923706055,51.20000076293945,53.0,202956
2021-08-02,51.29999923706055,53.599998474121094,51.20000076293945,53.599998474121094,152818
2021-08-03,53.400001525878906,53.70000076293945,50.5,51.29999923706055,194843
2021-08-04,52.0,54.099998474121094,52.0,52.5,96854
2021-08-05,53.20000076293945,53.20000076293945,52.099998474121094,52.79999923706055,157556
2021-08-06,53.29999923706055,53.900001525878906,51.599998474121094,53.20000076293945,80888
2021-08-09,54.900001525878906,56.0,52.400001525878906,53.5,275581
2021-08-10,59.29999923706055,59.70000076293945,55.0,55.0,603183
2021-08-11,60.29999923706055,62.0,58.20000076293945,59.099998474121094,662688
2021-08-12,61.900001525878906,62.400001525878906,59.29999923706055,60.900001525878906,422463
2021-08-13,59.29999923706055,62.20000076293945,59.0,61.70000076293945,191134
2021-08-17,58.20000076293945,59.79999923706055,57.20000076293945,59.5,156339
2021-08-18,59.0,60.099998474121094,57.20000076293945,57.5,202127
2021-08-19,58.29999923706055,59.0,56.20000076293945,59.0,271958
2021-08-20,60.29999923706055,60.900001525878906,58.29999923706055,58.29999923706055,201245
2021-08-23,65.80000305175781,66.4000015258789,61.099998474121094,61.099998474121094,568290
2021-08-24,69.4000015258789,70.19999694824219,65.69999694824219,65.69999694824219,814286
2021-08-25,69.0999984741211,71.5,67.5,69.9000015258789,882853
2021-08-26,69.9000015258789,71.0,67.5,69.5,590618
2021-08-27,71.0999984741211,72.5,69.69999694824219,71.5,473734
2021-08-30,75.0999984741211,76.69999694824219,72.0,72.4000015258789,744537
2021-08-31,73.9000015258789,75.19999694824219,71.0,74.80000305175781,955358
2021-09-01,71.80000305175781,75.19999694824219,70.5,73.9000015258789,441322
2021-09-02,69.9000015258789,73.5,68.69999694824219,72.19999694824219,241660
2021-09-03,70.30000305175781,71.30000305175781,69.0,71.30000305175781,201394
2021-09-06,74.4000015258789,74.5999984741211,70.30000305175781,70.30000305175781,469422
2021-09-07,78.5,79.80000305175781,75.0,75.0,779694
2021-09-08,78.30000305175781,79.69999694824219,75.0,78.9000015258789,366118
2021-09-09,74.30000305175781,80.0,74.0,79.0,368567
2021-09-10,73.5,75.4000015258789,72.5999984741211,75.0,559863
2021-09-13,78.5,85.0,76.0,82.5,1441561
2021-09-14,77.69999694824219,79.80000305175781,75.80000305175781,79.0999984741211,424001
2021-09-15,79.30000305175781,79.9000015258789,74.0,79.0,1231864
2021-09-16,85.5,86.0,76.30000305175781,78.9000015258789,503874
2021-09-17,88.80000305175781,91.0,85.5,86.5999984741211,938532
2021-09-20,81.5999984741211,87.5,80.5,87.5,506602
2021-09-21,82.4000015258789,84.5,82.0999984741211,83.0,129381
2021-09-22,84.19999694824219,87.4000015258789,83.5,85.0,356161
2021-09-23,84.19999694824219,88.0,82.0,88.0,377556
2021-09-24,81.80000305175781,85.9000015258789,81.19999694824219,85.9000015258789,225122
2021-09-27,84.4000015258789,85.0,81.9000015258789,82.0,145492
2021-09-28,83.69999694824219,84.19999694824219,81.80000305175781,84.19999694824219,110264
2021-09-29,85.5,85.9000015258789,82.19999694824219,84.30000305175781,107216
2021-09-30,87.4000015258789,87.9000015258789,85.0,85.0,102508
2021-10-01,88.69999694824219,89.30000305175781,87.0,88.0,113886
2021-10-04,89.9000015258789,90.80000305175781,88.80000305175781,89.0,213189
2021-10-05,90.0,90.69999694824219,88.0999984741211,88.0999984741211,79123
2021-10-06,89.0,90.19999694824219,88.0,90.0999984741211,84324
2021-10-07,90.19999694824219,91.0,89.0,90.0,86428
2021-10-12,94.69999694824219,96.0,91.80000305175781,91.80000305175781,143218
2021-10-13,94.9000015258789,100.0,94.0999984741211,96.0,114476
2021-10-14,93.19999694824219,95.5,93.0999984741211,95.5,113016
2021-10-15,94.80000305175781,95.30000305175781,92.5,93.0,229143
2021-10-18,94.0999984741211,96.19999694824219,93.0999984741211,94.4000015258789,276767
2021-10-19,97.0,97.9000015258789,94.9000015258789,94.9000015258789,156963
2021-10-20,98.69999694824219,102.0,97.5,97.5,586472
2021-10-21,99.30000305175781,101.0,93.0,99.0,815446
2021-10-22,103.25,104.0,99.0999984741211,101.75,540122
2021-10-25,107.5,109.75,103.75,105.0,363285
2021-10-26,108.25,109.5,105.0,108.0,328852
2021-10-27,101.75,112.0,100.0,109.0,397647
2021-10-28,102.0,105.0,99.0,100.5,248549
2021-10-29,97.4000015258789,103.25,97.0,102.0,182533
2021-11-01,98.4000015258789,100.0,94.5,100.0,310087
2021-11-02,99.80000305175781,102.0,98.0,98.9000015258789,184542
2021-11-03,102.0,102.5,97.9000015258789,101.5,180537
2021-11-04,101.75,103.0,98.9000015258789,103.0,108545
2021-11-05,99.19999694824219,102.75,99.0,102.0,201417
2021-11-08,101.5,102.25,97.69999694824219,102.25,332260
2021-11-09,99.69999694824219,103.0,97.0,102.5,196083
2021-11-10,96.69999694824219,102.0,96.0,100.0,228135
2021-11-11,93.0,97.5,92.0,97.5,683370
2021-11-12,93.4000015258789,95.0,92.0,94.5,691301
2021-11-15,92.5,96.5,90.0,94.19999694824219,273366
2021-11-16,85.5999984741211,93.9000015258789,85.0999984741211,93.9000015258789,539531
2021-11-17,85.0999984741211,88.0,81.19999694824219,85.69999694824219,413595
2021-11-18,88.19999694824219,90.0,82.5999984741211,87.5,275543
2021-11-19,86.9000015258789,90.0,84.0,89.80000305175781,251638
2021-11-23,86.30000305175781,87.5,81.5,86.9000015258789,132957
2021-11-24,87.5,88.0,85.0999984741211,86.30000305175781,70267
2021-11-25,88.19999694824219,88.5,86.0999984741211,88.0,48494
2021-11-26,83.0999984741211,87.0,79.0,86.0,90639
2021-11-29,83.19999694824219,86.0,82.5999984741211,83.5,49310
2021-11-30,86.80000305175781,87.0,82.5,83.19999694824219,98499
2021-12-01,93.30000305175781,95.0,87.0,87.0,425251
2021-12-02,97.0,99.69999694824219,94.19999694824219,95.0,351658
2021-12-03,97.0999984741211,99.80000305175781,95.5999984741211,98.0,234256
2021-12-06,99.5,101.0,97.5999984741211,98.30000305175781,108169
2021-12-07,99.19999694824219,102.5,98.0999984741211,101.0,244620
2021-12-09,94.0,100.25,93.5999984741211,99.30000305175781,212928
2021-12-10,96.30000305175781,96.69999694824219,90.0999984741211,94.5,152398
2021-12-13,91.9000015258789,99.19999694824219,90.0,99.19999694824219,105971
2021-12-14,93.4000015258789,96.0,88.19999694824219,92.80000305175781,110684
2021-12-15,93.4000015258789,95.4000015258789,89.9000015258789,94.0,127493
2021-12-16,98.80000305175781,99.0,93.5,94.0,142212
2021-12-17,98.69999694824219,99.0,95.19999694824219,99.0,168088
2021-12-20,99.9000015258789,100.5,93.80000305175781,98.5,183971
2021-12-21,97.0999984741211,99.80000305175781,96.5999984741211,99.80000305175781,135125
2021-12-22,95.0999984741211,98.69999694824219,94.0,98.5999984741211,71827
2021-12-23,93.0,96.5,92.5,95.5,80544
2021-12-27,93.5,95.4000015258789,90.0,95.0,148931
2021-12-28,91.0999984741211,95.0,90.0,94.0,79170
2021-12-29,93.5999984741211,93.80000305175781,90.0,90.0,61962
2021-12-30,94.0,96.0,91.0,93.5999984741211,123564
2022-01-03,96.5,96.80000305175781,93.0999984741211,95.0,87273
2022-01-04,96.80000305175781,98.80000305175781,93.0,94.5,164497
2022-01-05,95.0999984741211,98.0,95.0,97.0999984741211,54784
2022-01-06,93.4000015258789,97.0,93.30000305175781,97.0,39457
2022-01-07,91.5999984741211,93.19999694824219,90.80000305175781,93.19999694824219,49520
2022-01-10,90.30000305175781,92.5999984741211,89.5,91.5,65473
2022-01-11,90.9000015258789,91.9000015258789,90.0999984741211,91.5,57047
2022-01-12,90.0999984741211,91.0,90.0,90.9000015258789,71201
2022-01-13,90.0,91.5,88.5,90.0999984741211,110095
2022-01-14,88.80000305175781,91.19999694824219,88.5999984741211,91.0,45578
2022-01-17,87.69999694824219,92.4000015258789,87.0999984741211,88.80000305175781,81932
2022-01-18,84.0,88.0,83.5,87.69999694824219,113076
2022-01-19,86.19999694824219,86.9000015258789,83.5,86.9000015258789,71240
2022-01-20,86.0,87.30000305175781,84.69999694824219,86.19999694824219,101143
2022-01-21,82.69999694824219,86.0,82.5,83.5,153163
2022-01-24,76.80000305175781,82.9000015258789,76.0,82.9000015258789,167639
2022-01-25,80.80000305175781,81.0,76.9000015258789,77.5,168107
2022-01-26,79.9000015258789,83.0,79.5,81.0,176446
2022-01-27,79.5999984741211,82.30000305175781,78.19999694824219,80.0,71573
2022-01-28,85.4000015258789,85.69999694824219,81.69999694824219,83.5,393161
2022-01-31,93.80000305175781,95.0,87.5,87.5,264461
2022-02-01,99.0,101.0,87.0,92.9000015258789,573641
2022-02-02,99.80000305175781,103.25,98.0999984741211,103.25,479844
2022-02-03,97.0,99.80000305175781,95.19999694824219,99.5999984741211,150062
2022-02-04,95.30000305175781,97.5,93.4000015258789,97.5,183482
2022-02-07,100.5,101.0,92.0,96.0,300718
2022-02-08,102.0,103.25,100.0,102.0,297746
2022-02-09,98.19999694824219,104.0,98.0,101.0,120421
2022-02-10,95.80000305175781,101.5,93.5,98.5,111973
2022-02-11,98.9000015258789,99.0999984741211,93.5,94.0,109401
2022-02-14,97.5999984741211,101.0,96.0,100.0,53194
2022-02-15,97.69999694824219,98.5,96.0,97.0,58284
2022-02-16,108.25,109.0,95.0999984741211,98.5,293620
2022-02-17,106.25,109.5,104.25,108.5,355925
2022-02-18,115.0,115.25,102.0,108.0,861448
2022-02-21,117.5,119.5,112.25,115.0,471777
2022-02-22,115.75,119.25,112.25,117.5,235319
2022-02-23,116.0,117.5,111.25,117.25,350311
2022-02-24,110.0,113.75,104.0,113.75,241992
2022-02-25,109.25,112.0,107.5,112.0,170538
2022-03-02,111.0,112.0,106.0,108.0,178661
2022-03-03,111.25,113.0,107.5,113.0,262941
2022-03-04,113.75,114.25,108.5,111.25,146198
2022-03-07,114.0,116.25,110.0,115.0,166087
2022-03-08,114.25,116.25,113.0,115.0,128064
2022-03-09,107.75,115.75,105.25,115.75,186972
2022-03-10,110.5,112.0,106.0,110.0,104154
2022-03-11,107.75,118.0,106.75,114.0,227192
2022-03-14,100.5,110.0,99.69999694824219,108.0,181462
2022-03-15,100.0,103.0,96.0,99.0,183683
2022-03-16,103.5,104.5,98.5,100.0,186799
2022-03-17,103.75,105.0,101.0,105.0,108780
2022-03-18,101.5,106.25,99.0,104.5,100847
2022-03-21,102.0,104.75,101.5,101.5,60731
2022-03-22,100.25,103.25,100.0,102.75,109727
2022-03-23,101.5,103.0,100.0,101.0,100159
2022-03-25,111.25,112.0,102.75,103.0,311456
2022-03-28,109.25,112.0,108.0,112.0,162089
2022-03-29,105.5,111.5,104.75,110.0,216254
2022-03-30,106.25,108.0,104.0,105.5,115908
2022-03-31,106.0,108.0,104.25,105.0,85610
2022-04-01,111.5,111.75,105.5,105.5,232044
2022-04-04,112.5,113.25,111.0,111.75,255674
2022-04-05,110.5,114.0,110.0,110.0,79383
2022-04-06,110.0,111.5,105.0,110.0,113669
2022-04-07,111.5,112.75,110.0,112.75,119953
2022-04-08,113.5,114.0,111.0,114.0,229872
2022-04-11,112.5,114.5,110.75,113.5,96781
2022-04-12,111.25,113.75,110.5,110.5,35019
2022-04-13,112.0,112.75,109.0,112.75,82296
2022-04-18,111.5,113.5,110.0,112.0,114617
2022-04-19,110.0,111.5,109.0,110.0,40882
2022-04-20,106.25,111.75,105.0,111.75,159055
2022-04-21,102.0,107.75,101.25,106.25,206408
2022-04-22,103.25,105.0,101.0,103.0,175680
2022-04-25,101.75,103.0,99.0,100.0,118431
2022-04-26,99.4000015258789,102.0,99.0,100.0,173490
2022-04-27,100.75,104.0,98.0999984741211,99.4000015258789,161105
2022-04-28,101.75,104.0,99.5999984741211,101.0,163554
2022-04-29,98.5999984741211,104.0,98.5,103.75,45077
2022-05-02,96.19999694824219,101.75,95.30000305175781,98.5999984741211,76458
2022-05-03,98.19999694824219,100.0,95.5999984741211,96.19999694824219,281728
2022-05-04,98.0999984741211,100.0,96.0999984741211,97.0,253816
2022-05-05,95.5,98.9000015258789,95.0999984741211,98.9000015258789,191105
2022-05-06,96.30000305175781,97.0999984741211,93.5,94.9000015258789,118382
2022-05-09,92.0999984741211,95.9000015258789,88.5,93.5,76523
2022-05-10,91.5,95.0,90.5999984741211,92.0,24882
2022-05-11,92.19999694824219,94.5999984741211,92.0,92.0,96834
2022-05-12,91.4000015258789,93.4000015258789,90.0,93.0,101074
2022-05-13,92.19999694824219,94.0999984741211,91.0,91.4000015258789,120672
2022-05-16,92.0,94.5,91.19999694824219,93.0999984741211,192492
2022-05-17,91.4000015258789,94.5999984741211,91.0,93.4000015258789,171429
2022-05-19,89.9000015258789,92.80000305175781,88.69999694824219,90.5999984741211,164288
2022-05-20,88.0,91.5,87.0,90.69999694824219,88851
2022-05-23,88.5,90.5,87.5,88.4000015258789,169219
2022-05-24,91.9000015258789,92.4000015258789,87.5,89.0999984741211,152102
2022-05-26,98.30000305175781,100.0,93.0999984741211,93.0999984741211,781332
2022-05-27,100.25,101.25,99.0,99.69999694824219,205913
2022-05-30,100.0,101.25,99.19999694824219,100.25,134788
2022-05-31,96.30000305175781,100.5,96.0,99.5,190274
2022-06-01,96.19999694824219,97.9000015258789,93.5,97.0,119972
2022-06-02,98.0999984741211,98.9000015258789,93.5999984741211,93.5999984741211,43051
2022-06-03,101.0,102.25,97.0,98.0,374552
2022-06-06,96.9000015258789,104.0,95.9000015258789,103.0,546426
2022-06-07,95.9000015258789,97.69999694824219,95.19999694824219,96.80000305175781,36602
2022-06-08,92.4000015258789,98.80000305175781,91.0999984741211,95.9000015258789,176686
2022-06-09,89.9000015258789,92.9000015258789,89.5,92.30000305175781,344146
2022-06-10,91.19999694824219,91.5999984741211,88.0,89.80000305175781,75075
2022-06-13,85.0999984741211,91.69999694824219,83.69999694824219,91.69999694824219,318793
2022-06-14,86.5,88.0,85.5,87.9000015258789,379241
2022-06-15,87.5999984741211,89.0,86.5,86.5,135927
2022-06-16,81.0999984741211,87.69999694824219,80.0,87.5,298273
2022-06-21,83.80000305175781,85.0,82.19999694824219,82.5,78139
2022-06-22,79.80000305175781,84.5999984741211,79.5,84.0,350186
2022-06-23,75.0,81.80000305175781,74.4000015258789,81.80000305175781,512547
2022-06-24,74.0999984741211,76.5999984741211,73.0999984741211,75.9000015258789,547725
2022-06-27,77.4000015258789,78.0,74.0,74.0,335894
2022-06-28,80.0,80.0,75.0999984741211,75.0999984741211,238044
2022-06-29,82.4000015258789,82.5,79.0999984741211,81.0,255604
2022-06-30,82.5,83.5999984741211,81.0999984741211,82.30000305175781,289868
2022-07-01,84.0999984741211,84.5,82.69999694824219,83.5,169072
2022-07-04,80.5999984741211,82.80000305175781,76.0,81.9000015258789,461861
2022-07-05,80.4000015258789,84.0,80.0,80.4000015258789,382968
2022-07-06,81.4000015258789,82.0,78.5,82.0,525894
2022-07-07,86.5,87.9000015258789,82.19999694824219,82.19999694824219,649324
2022-07-08,91.0,92.0,86.5999984741211,87.19999694824219,476392
2022-07-11,88.69999694824219,92.0,82.5,91.9000015258789,350131
2022-07-12,89.0,91.0,87.30000305175781,89.9000015258789,211479
2022-07-13,87.69999694824219,91.0,87.4000015258789,90.9000015258789,255903
2022-07-14,86.9000015258789,88.0,85.30000305175781,87.9000015258789,174078
2022-07-15,89.5,89.9000015258789,86.5999984741211,88.69999694824219,143043
2022-07-18,90.5999984741211,92.0,89.5999984741211,90.9000015258789,184534
2022-07-19,95.19999694824219,98.0,88.69999694824219,92.0,472550
2022-07-20,97.80000305175781,98.0,92.69999694824219,95.19999694824219,329146
2022-07-21,100.5,103.0,93.5,97.30000305175781,426018
2022-07-22,104.0,105.0,98.0999984741211,101.5,347765
2022-07-25,108.25,109.75,103.25,104.0,290874
2022-07-26,106.25,110.5,104.0,108.5,304359
2022-07-27,113.5,115.0,103.0,108.25,316804
2022-07-28,117.5,119.0,110.0,115.0,461357
2022-07-29,113.25,119.5,110.25,118.0,496171
2022-08-01,113.0,115.0,109.75,113.0,512804
2022-08-02,112.25,115.0,111.0,112.0,123572
2022-08-03,113.0,113.5,110.5,113.25,178904
2022-08-04,116.5,116.5,111.0,113.5,281270
2022-08-05,129.5,130.5,116.75,118.0,1160350
2022-08-08,135.0,139.0,129.5,129.5,608203
2022-08-09,129.0,134.75,128.0,134.75,319007
2022-08-10,129.5,132.0,125.0,131.0,256829
2022-08-11,132.0,134.5,127.0,130.5,292988
2022-08-12,130.75,133.5,128.5,133.25,240157
2022-08-16,128.25,132.0,125.75,130.0,116792
2022-08-17,132.25,133.0,124.25,128.0,294714
2022-08-18,142.0,143.0,130.0,134.0,356259
2022-08-19,141.5,145.0,136.75,141.75,356315
2022-08-22,139.0,141.0,136.5,138.0,190611
2022-08-23,146.25,146.5,139.0,141.0,281970
2022-08-24,154.5,160.0,144.0,145.0,452305
2022-08-25,159.0,163.0,151.0,154.0,273586
2022-08-26,160.0,162.75,151.0,160.25,173787
2022-08-29,163.25,170.0,157.0,160.5,299052
2022-08-30,158.0,163.0,157.5,163.0,163093
2022-08-31,150.5,159.75,150.0,156.75,160236
2022-09-01,149.0,154.0,143.25,150.0,146253
2022-09-05,155.0,155.5,145.0,151.0,111503
2022-09-06,156.5,156.75,151.5,155.25,93813
2022-09-07,167.75,168.25,154.0,157.5,233078
2022-09-08,165.75,171.75,162.25,170.0,283772
2022-09-09,169.25,170.0,165.75,169.75,207032
2022-09-12,169.25,173.0,166.0,169.25,237030
2022-09-13,168.0,171.75,166.25,170.75,87551
2022-09-14,172.25,173.5,165.0,168.0,202777
2022-09-15,174.25,177.0,166.5,175.75,179003
2022-09-16,173.75,177.0,171.0,174.0,55635
2022-09-19,176.75,177.0,168.0,174.5,116311
2022-09-20,172.25,178.0,168.0,178.0,56229
2022-09-21,166.0,172.75,165.5,171.0,104676
2022-09-22,166.0,171.75,165.0,169.5,74466
2022-09-23,159.5,165.0,155.5,164.0,235052
2022-09-26,149.5,160.5,148.0,159.25,146003
2022-09-27,150.25,155.0,144.0,149.25,129925
2022-09-28,152.5,153.75,148.0,150.0,121752
2022-09-29,153.0,156.0,145.5,151.0,66206
2022-09-30,152.25,157.75,151.5,153.0,46365
2022-10-03,155.0,158.0,152.0,158.0,102869
2022-10-04,154.5,160.0,146.0,159.5,207283
2022-10-05,158.0,160.0,152.0,154.75,88756
2022-10-06,159.75,162.75,155.25,160.75,163614
2022-10-11,149.0,160.0,148.0,160.0,45531
2022-10-12,145.75,155.0,139.25,149.0,126668
2022-10-13,147.75,150.5,143.25,145.0,145421
2022-10-14,143.0,148.0,141.25,148.0,30992
2022-10-17,142.0,144.75,141.25,144.0,43085
2022-10-18,139.0,146.0,134.5,143.25,209642
2022-10-19,134.0,140.5,133.0,137.5,156382
2022-10-20,132.25,139.0,131.0,133.0,114684
2022-10-21,132.5,135.25,131.0,131.25,129371
2022-10-24,138.5,139.0,130.0,134.0,319847
2022-10-25,148.5,149.0,140.0,143.0,268755
2022-10-26,153.5,155.0,150.0,150.5,293083
2022-10-27,162.25,166.25,150.25,153.5,333199
2022-10-28,166.5,168.5,159.0,168.5,210441
2022-10-31,171.25,173.0,160.5,167.75,289156
2022-11-01,174.0,175.0,171.25,175.0,132831
2022-11-02,168.75,174.75,165.0,173.0,83562
2022-11-03,168.75,170.0,165.0,168.75,51552
2022-11-04,176.5,177.0,169.0,172.0,168231
2022-11-07,167.25,183.0,167.25,178.0,203445
2022-11-08,168.0,174.0,166.0,170.0,47436
2022-11-09,162.0,172.0,160.0,170.0,67260
2022-11-10,164.0,168.25,161.0,163.0,83200
2022-11-11,170.5,173.0,163.0,168.5,36155
2022-11-14,181.25,182.5,172.0,176.0,180945
2022-11-15,192.5,192.75,176.25,178.5,328301
2022-11-16,200.5,202.75,188.0,194.0,268775
2022-11-17,198.5,204.0,197.0,203.0,171427
2022-11-18,207.5,214.0,198.5,201.75,155500
2022-11-22,216.5,219.0,205.0,207.5,357063
2022-11-23,214.25,229.5,213.5,219.75,599934
2022-11-24,212.5,219.5,212.5,215.0,184043
2022-11-25,222.75,223.0,213.0,218.0,297910
2022-11-28,227.25,230.25,219.0,223.0,195425
2022-11-29,241.75,242.75,230.0,233.0,242877
2022-11-30,249.5,251.0,242.0,244.0,206830
2022-12-01,259.0,269.0,245.0,255.0,395134
2022-12-02,262.0,273.0,257.0,267.0,227132
2022-12-05,246.0,266.0,235.0,265.0,242869
2022-12-06,249.75,251.5,242.5,246.0,180705
2022-12-07,265.0,267.5,245.5,254.0,148777
2022-12-12,272.0,272.5,255.5,265.0,103329
2022-12-13,277.0,285.0,274.0,276.0,139665
2022-12-14,281.0,284.0,274.0,280.0,114275
2022-12-15,273.5,283.5,261.0,280.0,212434
2022-12-16,273.5,278.5,269.5,274.5,157416
2022-12-19,281.5,282.0,271.5,276.0,152968
2022-12-20,288.5,290.0,275.0,280.5,35543
2022-12-21,305.5,306.0,291.0,291.0,208799
2022-12-22,308.0,320.0,305.5,314.0,211318
2022-12-23,318.0,320.0,309.0,309.0,134207
2022-12-26,322.5,339.0,315.0,315.0,222168
2022-12-27,343.0,346.0,327.0,327.0,157362
2022-12-28,344.0,357.0,333.0,344.0,320982
2022-12-29,347.0,352.5,340.5,348.5,231702
2022-12-30,362.0,362.0,343.0,346.0,148270
2023-01-02,379.0,389.5,363.0,363.0,384489
2023-01-03,385.0,395.0,367.0,382.0,421217
2023-01-04,402.0,404.0,381.0,385.0,260966
2023-01-05,415.0,425.0,405.5,415.0,384954
2023-01-06,396.0,429.0,380.0,429.0,419187
2023-01-09,394.0,412.0,392.0,412.0,228257
2023-01-10,406.0,407.0,385.0,396.0,124068
2023-01-11,401.0,412.5,394.0,405.0,125718
2023-01-12,403.0,408.0,388.5,403.0,188904
2023-01-13,398.0,406.5,390.0,405.0,211891
2023-01-16,397.0,403.5,392.0,401.0,213058
2023-01-17,389.0,401.0,385.5,397.0,238571
2023-01-18,362.0,399.0,353.0,394.5,307121
2023-01-19,355.0,365.0,331.0,364.0,502592
2023-01-20,392.5,393.0,357.0,359.5,290420
2023-01-23,402.5,405.0,375.0,399.0,248298
2023-01-24,406.0,408.0,384.0,408.0,180825
2023-01-25,419.0,419.5,392.0,404.0,217278
2023-01-26,442.0,443.5,420.0,420.0,282691
2023-01-27,437.0,439.5,422.0,439.5,183644
2023-01-30,428.0,441.5,425.0,436.0,83396
2023-01-31,442.0,449.0,418.0,435.0,139897
2023-02-01,440.0,447.0,430.0,445.0,71991
2023-02-02,426.0,452.0,424.0,442.0,241390
2023-02-03,405.0,430.0,403.0,427.0,100718
2023-02-06,426.5,437.5,408.5,410.0,228597
2023-02-07,465.0,470.0,435.0,447.0,326715
2023-02-08,513.0,518.0,475.5,475.5,460458
2023-02-09,525.0,538.0,501.5,517.0,361972
2023-02-10,521.5,529.0,501.0,529.0,213757
2023-02-13,510.0,534.0,504.0,523.0,211539
2023-02-14,512.0,520.0,501.0,512.0,162101
2023-02-15,515.5,522.0,505.0,522.0,141831
2023-02-16,510.0,521.5,505.0,520.0,104871
2023-02-17,496.5,518.5,473.0,518.5,176501
2023-02-22,496.0,510.0,478.5,500.0,91455
2023-02-23,478.0,501.0,476.0,501.0,288875
2023-02-24,477.0,480.0,455.0,475.0,177836
2023-02-27,475.0,500.0,470.5,485.0,92100
2023-02-28,463.5,479.5,460.0,472.0,96555
2023-03-01,455.0,485.0,452.0,465.0,116465
2023-03-02,430.0,462.5,420.0,462.5,227743
2023-03-03,427.5,443.0,420.0,430.0,223514
2023-03-06,429.0,431.5,420.0,427.0,299323
2023-03-07,423.5,437.0,419.0,425.0,160527
2023-03-08,413.0,428.0,410.0,425.0,156573
2023-03-09,396.0,418.0,395.0,415.0,463592
2023-03-10,370.0,400.0,366.0,395.0,403232
2023-03-13,340.5,366.0,336.5,352.0,567141
2023-03-14,319.0,360.0,315.0,345.0,428045
2023-03-15,300.5,315.0,297.5,315.0,579652
2023-03-16,324.0,329.0,303.0,303.0,581421
2023-03-17,355.5,364.0,321.0,323.0,456211
2023-03-20,362.5,378.0,360.0,360.0,306527
2023-03-21,368.0,375.0,362.5,372.0,158164
2023-03-22,371.0,374.0,359.0,370.0,117650
2023-03-23,365.5,384.5,361.0,376.5,144612
2023-03-27,392.5,400.0,367.0,374.5,191954
2023-03-28,421.0,423.5,393.0,393.0,328843
2023-03-29,433.0,445.0,423.0,423.0,304733
2023-03-30,412.5,444.0,409.0,431.0,306996
2023-03-31,388.0,422.0,379.0,420.0,489180
2023-04-03,412.5,429.0,390.0,394.0,403158
2023-04-04,400.0,424.5,396.0,415.0,284303
2023-04-05,409.0,415.0,388.0,391.0,128890
2023-04-10,431.0,432.0,409.0,409.0,251172
2023-04-11,444.0,464.5,432.0,432.0,414756
2023-04-12,449.0,459.0,443.0,456.5,269108
2023-04-13,445.5,460.0,441.0,450.0,321251
2023-04-14,461.5,475.0,445.0,447.0,395831
2023-04-17,482.5,483.0,462.0,468.0,266388
2023-04-18,487.5,509.0,483.0,483.5,336920
2023-04-19,464.0,500.0,462.0,486.0,252793
2023-04-20,494.0,498.5,457.0,468.5,281340
2023-04-21,510.5,513.0,496.0,509.0,221983
2023-04-24,538.0,550.0,505.0,513.0,338543
2023-04-25,536.5,554.0,530.0,539.0,291216
2023-04-26,540.5,548.0,510.0,535.0,189812
2023-04-27,540.5,549.0,516.0,540.0,231623
2023-04-28,573.5,575.0,535.0,543.0,192460
2023-05-02,561.5,580.0,555.0,580.0,116895
2023-05-03,530.5,578.0,526.0,561.5,242535
2023-05-04,521.0,543.0,509.0,533.0,109025
2023-05-05,547.5,556.0,520.0,537.0,113151
2023-05-08,580.0,584.0,559.0,559.0,170879
2023-05-09,598.5,619.5,578.0,580.0,305860
2023-05-10,603.0,618.0,560.0,600.0,208091
2023-05-11,602.0,620.0,595.0,605.0,174878
2023-05-12,626.5,630.0,604.0,613.5,184044
2023-05-15,640.5,643.0,608.0,626.5,192650
2023-05-16,667.0,700.5,635.0,641.0,279646
2023-05-17,685.5,690.0,661.0,670.0,306656
2023-05-18,690.5,698.0,686.0,686.0,182051
2023-05-19,738.0,745.0,694.5,694.5,283643
2023-05-22,766.5,770.0,718.0,740.0,271610
2023-05-23,714.5,777.0,710.0,777.0,603709
2023-05-24,711.5,728.0,668.5,728.0,488549
2023-05-29,738.5,740.0,690.0,715.0,197697
2023-05-30,716.5,746.0,707.0,745.0,196484
2023-05-31,707.5,725.0,697.0,720.0,105527
2023-06-01,734.0,739.5,690.0,709.0,193473
2023-06-02,721.0,750.0,705.0,736.0,189200
2023-06-05,729.5,739.0,718.5,731.0,167795
2023-06-06,732.5,746.0,703.0,736.0,371413
2023-06-07,715.0,743.0,713.0,734.0,242320
2023-06-08,698.0,729.0,694.0,723.0,304362
2023-06-09,692.0,699.0,677.0,695.0,358232
2023-06-12,689.5,704.0,678.0,695.0,190524
2023-06-13,673.5,699.5,671.0,689.5,148331
2023-06-14,653.5,685.0,645.0,675.0,251398
2023-06-15,650.0,663.0,645.0,655.0,369252
2023-06-16,668.0,674.0,636.0,650.0,689395
2023-06-21,721.0,729.0,678.0,680.0,446954
2023-06-22,695.0,730.0,690.0,729.0,207773
2023-06-23,719.5,720.0,691.0,694.0,231219
2023-06-26,716.5,750.0,711.5,745.0,294447
2023-06-27,674.5,719.5,670.0,719.5,227808
2023-06-28,671.0,705.0,651.0,677.0,200963
2023-06-29,677.5,681.5,660.0,680.0,234553
2023-06-30,698.5,700.0,675.0,693.0,134237
2023-07-03,697.0,710.0,660.0,700.0,359620
2023-07-04,712.0,714.5,693.0,698.5,162753
2023-07-05,700.5,720.0,695.0,712.0,338865
2023-07-06,674.0,700.0,670.0,699.5,166642
2023-07-07,668.0,685.0,656.0,685.0,577349
2023-07-10,670.0,680.0,660.0,670.5,192587
2023-07-11,658.5,684.0,650.0,684.0,179852
2023-07-12,658.0,671.5,657.0,660.0,138167
2023-07-13,668.0,669.5,655.0,668.0,422763
2023-07-14,650.0,668.5,640.5,668.0,511858
2023-07-17,653.5,668.0,645.5,655.0,363207
2023-07-18,659.0,660.0,650.0,653.0,173813
2023-07-19,676.0,681.0,651.5,660.0,137569
2023-07-20,689.5,691.5,676.0,676.0,423953
2023-07-21,729.5,737.0,689.5,689.5,652325
2023-07-24,731.0,760.0,729.0,735.0,527281
2023-07-25,731.5,753.0,715.0,742.0,248200
2023-07-26,725.5,739.5,715.0,731.0,89170
2023-07-27,696.0,723.0,690.0,723.0,284892
2023-07-28,710.0,745.0,697.0,722.0,129376
2023-07-31,707.0,719.5,685.0,710.0,167357
2023-08-01,684.5,710.0,676.5,710.0,185412
2023-08-02,657.0,688.5,643.0,688.5,244862
2023-08-03,652.5,667.0,640.0,665.0,187515
2023-08-04,672.0,676.0,644.0,654.0,163703
2023-08-07,647.5,685.0,645.0,680.0,236415
2023-08-08,645.0,675.0,633.0,648.0,264763
2023-08-09,645.5,660.0,644.0,655.0,157078
2023-08-10,651.5,662.5,643.0,645.0,270524
2023-08-11,658.5,668.0,641.5,651.5,301066
2023-08-14,680.0,693.0,599.0,650.0,277296
2023-08-15,744.5,750.0,681.0,684.0,362720
2023-08-16,815.0,820.0,749.0,749.0,520888
2023-08-17,877.5,880.0,815.0,834.0,390534
2023-08-18,862.0,875.0,820.0,875.0,354727
2023-08-22,842.5,860.0,825.0,860.0,231084
2023-08-23,839.5,860.0,825.0,842.0,207426
2023-08-24,830.5,849.0,820.0,840.0,158840
2023-08-25,874.0,878.5,827.0,833.0,213268
2023-08-28,934.5,942.5,875.0,875.0,317107
2023-08-29,933.0,995.0,930.5,950.0,328121
2023-08-30,905.5,950.5,891.0,950.0,234893
2023-08-31,867.5,911.0,860.0,900.5,213787
2023-09-01,842.0,886.0,835.0,869.5,161186
2023-09-04,843.0,860.0,837.0,851.0,147641
2023-09-05,822.0,852.0,784.0,852.0,186945
2023-09-06,804.0,842.0,800.0,842.0,178619
2023-09-07,755.5,809.5,750.5,802.0,246325
2023-09-08,715.5,799.0,703.0,760.0,298735
2023-09-11,690.5,755.0,673.0,715.5,596012
2023-09-12,717.5,725.0,690.0,695.0,575596
2023-09-13,766.0,769.5,718.5,718.5,439053
2023-09-14,811.0,818.5,762.5,775.0,378604
2023-09-15,803.0,827.0,773.0,806.5,345323
2023-09-18,839.0,850.0,791.0,803.0,331101
2023-09-19,799.0,850.0,785.0,850.0,476760
2023-09-20,750.5,809.5,745.0,800.0,551254
2023-09-21,721.5,759.0,705.0,751.0,410367
2023-09-22,736.0,748.0,711.0,721.5,257059
2023-09-25,750.0,756.0,707.0,737.0,347264
2023-09-26,745.5,758.0,722.0,749.0,158617
2023-09-27,747.5,789.0,720.0,755.0,320950
2023-09-28,779.0,786.0,747.5,747.5,303026
2023-09-29,760.5,794.0,746.0,794.0,237322
2023-10-02,763.0,775.0,740.5,763.0,148940
2023-10-03,749.0,786.0,733.0,760.0,249864
2023-10-04,770.0,780.0,725.0,748.5,330380
2023-10-05,792.0,799.0,770.0,770.0,215174
2023-10-06,856.0,859.0,792.0,792.0,354843
2023-10-09,863.5,900.0,850.0,853.0,380601
2023-10-10,933.5,955.0,857.0,867.0,744520
2023-10-11,919.0,969.0,870.0,955.0,446292
2023-10-12,970.0,979.5,898.0,920.0,854439
2023-10-17,1013.0,1025.0,981.0,981.0,536292
2023-10-18,996.0,1046.0,961.0,1013.0,745409
2023-10-19,930.5,999.0,910.0,999.0,575406
2023-10-20,956.5,984.0,924.0,930.0,708646
2023-10-23,879.5,928.0,837.0,925.0,377636
2023-10-24,823.5,924.0,795.0,880.5,364205
2023-10-25,877.0,880.0,781.0,828.0,271585
2023-10-26,887.0,910.0,852.5,877.0,155881
2023-10-27,876.0,905.0,857.0,905.0,57874
2023-10-30,815.5,876.0,815.0,876.0,177490
2023-10-31,796.5,840.0,771.0,840.0,199988
2023-11-01,845.0,855.0,803.0,803.0,120271
2023-11-02,862.0,885.0,850.0,856.0,205715
2023-11-03,847.0,891.0,830.5,870.0,70863
2023-11-07,834.0,841.5,800.0,841.5,131924
2023-11-08,815.5,889.0,785.0,850.0,105667
2023-11-09,842.5,849.0,775.0,824.0,156811
2023-11-10,873.5,882.5,826.5,833.0,199333
2023-11-13,835.5,890.0,825.0,873.0,133083
2023-11-14,813.5,865.0,800.0,842.5,155971
2023-11-15,808.0,823.0,790.0,813.5,134022
2023-11-16,775.5,824.0,751.0,812.0,232476
2023-11-17,777.5,787.5,750.0,775.5,144495
2023-11-21,1083.5,1146.5,873.0,900.0,868161
2023-11-22,1097.0,1198.0,1045.0,1083.5,914083
2023-11-23,1165.5,1180.0,1050.0,1090.0,469385
2023-11-24,1241.5,1260.0,1167.5,1200.0,434853
2023-11-27,1143.5,1285.0,1130.0,1250.0,530701
2023-11-28,1076.0,1187.0,1015.0,1143.0,218112
2023-11-29,1135.0,1175.0,1030.0,1099.0,240800
2023-11-30,1146.0,1185.0,1050.0,1140.0,170902
2023-12-01,1208.5,1250.0,1111.0,1160.0,163802
2023-12-04,1241.0,1250.0,1140.0,1208.5,233530
2023-12-05,1385.0,1409.0,1200.0,1240.0,400320
2023-12-06,1474.5,1500.0,1310.5,1420.0,547517
2023-12-07,1487.0,1527.5,1450.0,1500.0,476460
2023-12-11,1524.5,1560.0,1416.5,1560.0,454493
2023-12-12,1707.5,1730.0,1491.5,1545.0,400239
2023-12-13,1860.5,1890.0,1616.0,1800.0,371105
2023-12-14,1854.0,1980.0,1800.0,1860.0,552812
2023-12-15,1698.5,1880.0,1651.5,1870.0,301894
2023-12-18,1704.0,1774.5,1605.0,1740.0,294092
2023-12-19,1733.0,1765.0,1658.0,1710.0,186584
2023-12-20,1731.0,1782.0,1700.0,1733.0,218327
2023-12-21,1675.0,1850.0,1619.5,1785.0,409121
2023-12-22,1698.5,1710.0,1580.0,1690.0,232686
2023-12-26,1691.5,1760.0,1605.0,1710.0,249598
2023-12-27,1614.0,1711.0,1565.0,1710.0,132245
2023-12-28,1715.5,1725.0,1560.0,1658.5,399492
2023-12-29,1804.0,1816.5,1730.0,1730.0,179827
2024-01-02,1949.5,1970.0,1805.0,1814.0,426816
2024-01-03,2013.0,2015.0,1930.0,1980.0,474665
2024-01-04,2096.0,2124.5,2000.0,2018.0,240763
2024-01-05,2126.0,2198.0,2060.0,2135.0,214563
2024-01-08,2185.5,2279.0,2115.0,2126.0,207553
2024-01-09,2187.0,2320.0,2110.0,2200.0,318429
2024-01-10,2130.5,2280.0,2107.0,2225.0,382453
2024-01-11,2127.0,2240.0,2001.5,2195.0,165944
2024-01-12,2091.0,2166.0,2050.0,2164.5,195761
2024-01-15,2144.0,2163.0,2085.0,2135.0,114203
2024-01-16,2216.5,2230.0,2156.0,2200.0,238475
2024-01-17,2300.0,2340.0,2230.0,2250.0,164274
2024-01-18,2327.0,2399.0,2220.0,2360.0,160929
2024-01-19,2388.5,2400.0,2275.0,2380.0,230834
2024-01-22,2499.0,2508.0,2395.0,2395.0,145743
2024-01-23,2473.5,2560.0,2390.0,2523.0,136291
2024-01-24,2504.5,2574.0,2440.0,2550.0,141918
2024-01-25,2528.0,2550.0,2491.0,2534.0,199491
2024-01-26,2434.5,2574.0,2400.0,2542.0,183824
2024-01-29,2420.0,2472.0,2260.0,2450.0,154153
2024-01-30,2402.5,2470.0,2395.0,2454.0,99307
2024-01-31,2376.5,2498.0,2294.0,2424.0,132812
2024-02-01,2417.5,2449.0,2330.0,2400.0,158215
2024-02-02,2484.5,2489.0,2410.0,2440.0,202144
2024-02-05,2386.0,2575.0,2340.0,2484.5,163750
2024-02-06,2383.5,2437.0,2311.5,2390.0,171183
2024-02-07,2150.5,2379.5,2065.0,2300.0,318552
2024-02-08,2072.0,2180.0,2040.0,2155.0,176941
2024-02-09,2099.0,2250.0,2005.0,2070.0,160099
2024-02-14,2000.5,2182.0,1910.0,2105.0,141474
2024-02-15,1999.5,2065.0,1880.0,2050.0,146741
2024-02-16,1965.0,2075.0,1852.0,2012.0,147491
2024-02-19,1948.0,2014.0,1926.0,1970.0,152242
2024-02-20,1875.0,1967.0,1835.5,1959.0,119531
2024-02-21,1804.0,1943.0,1801.0,1878.0,208724
2024-02-22,1805.0,1920.0,1775.0,1826.0,348916
2024-02-23,1822.0,1865.0,1749.5,1865.0,218882
2024-02-26,1749.5,1820.0,1729.5,1820.0,212645
2024-02-27,1634.0,1749.5,1610.0,1710.0,562478
2024-02-28,1606.5,1685.0,1561.0,1634.0,273540
2024-02-29,1584.5,1693.0,1565.0,1612.0,486749
2024-03-01,1712.5,1732.0,1611.0,1620.0,987659
2024-03-04,1773.0,1869.0,1721.0,1782.0,512122
2024-03-05,1653.5,1785.0,1631.0,1774.0,265606
2024-03-06,1605.0,1704.0,1561.0,1704.0,349354
2024-03-07,1551.5,1640.0,1500.0,1630.0,409224
2024-03-08,1560.5,1594.5,1503.0,1560.0,311708
2024-03-11,1497.0,1599.5,1486.0,1599.5,246133
2024-03-12,1580.5,1630.0,1517.0,1517.0,666631
2024-03-13,1670.5,1687.0,1592.0,1593.0,1160156
2024-03-14,1768.5,1780.0,1614.0,1698.0,463364
2024-03-15,1874.5,1914.0,1747.5,1780.0,549295
2024-03-18,1989.0,2050.0,1900.0,1940.0,350918
2024-03-19,1944.0,2040.0,1930.0,2014.0,542700
2024-03-20,1969.0,2030.0,1921.0,1944.0,360824
2024-03-21,1995.0,2032.5,1914.5,1963.0,213691
2024-03-22,2054.0,2059.0,1964.0,2019.0,186398
2024-03-25,2073.0,2140.0,2001.0,2057.0,208106
2024-03-26,2060.5,2120.0,2010.0,2071.0,137979
2024-03-27,2117.0,2165.0,1992.5,2030.0,338011
2024-04-03,2290.0,2293.0,2148.0,2201.0,523755
2024-04-04,2367.5,2456.0,2320.0,2320.0,509056
2024-04-05,2459.0,2525.0,2410.0,2410.0,961763
2024-04-08,2426.5,2505.0,2402.0,2470.0,355780
2024-04-09,2330.5,2490.0,2218.0,2450.0,654318
2024-04-10,2263.0,2325.0,2213.0,2325.0,270461
2024-04-11,2241.5,2310.0,2181.0,2310.0,36614
2024-04-12,2249.5,2300.0,2181.0,2242.0,149460
2024-04-15,2074.0,2278.0,2050.0,2240.0,307018
2024-04-16,2106.5,2115.0,1985.0,2031.0,308866
2024-04-17,2022.5,2155.0,2018.0,2100.0,276780
2024-04-18,1967.5,2097.5,1960.0,2030.0,415420
2024-04-19,1999.0,2040.5,1967.0,2000.0,437263
2024-04-22,2272.5,2285.0,2015.0,2050.0,285229
2024-04-23,2200.0,2330.0,2190.0,2290.0,200685
2024-04-24,2100.5,2235.5,2090.0,2200.0,208359
2024-04-25,2191.0,2199.0,2051.0,2120.0,236611
2024-04-26,2285.5,2350.0,2164.0,2250.0,104864
2024-04-29,2349.5,2390.0,2200.0,2300.0,136206
2024-04-30,2395.0,2439.0,2345.0,2410.0,224342
2024-05-02,2507.0,2525.0,2351.0,2415.0,226892
2024-05-03,2671.0,2700.0,2532.5,2540.0,363538
2024-05-06,2606.0,2735.0,2551.0,2680.0,634256
2024-05-07,2631.0,2693.5,2500.0,2670.0,414658
2024-05-08,2534.0,2725.0,2510.0,2720.0,298364
2024-05-09,2488.0,2550.0,2419.0,2520.0,360332
2024-05-10,2447.0,2498.5,2365.0,2479.5,319318
2024-05-13,2379.0,2490.0,2331.0,2469.0,247048
2024-05-14,2454.5,2498.0,2351.5,2400.0,183679
2024-05-15,2663.0,2670.0,2470.0,2500.0,282542
2024-05-16,2790.5,2800.5,2560.0,2690.0,440505
2024-05-17,2720.0,2849.0,2680.0,2800.5,504547
2024-05-20,2774.0,2785.0,2630.0,2680.0,200918
2024-05-21,2749.5,2846.0,2700.0,2720.0,256966
2024-05-22,2670.5,2785.0,2607.0,2760.0,256187
2024-05-23,2651.5,2699.0,2610.0,2666.0,144380
2024-05-24,2700.5,2736.0,2610.0,2650.0,120396
2024-05-27,2832.0,2844.5,2720.0,2775.0,136835
2024-05-28,2908.0,2934.0,2730.0,2830.0,222459
2024-05-29,2920.0,2950.0,2871.0,2909.0,152071
2024-05-30,3065.0,3100.0,2931.0,2932.0,299981
2024-05-31,3091.0,3116.0,2932.0,3065.0,189706
2024-06-03,3072.0,3093.0,3000.0,3080.0,116981
2024-06-04,2848.5,3069.0,2840.0,3069.0,287641
2024-06-05,2821.5,2919.0,2671.0,2850.0,395391
2024-06-06,2663.5,2888.5,2598.5,2775.0,495149
2024-06-07,2787.0,2800.0,2620.0,2666.0,158528
2024-06-10,2860.5,2862.0,2731.0,2787.0,204089
2024-06-11,2805.5,2899.0,2773.0,2860.0,119736
2024-06-12,2843.0,2898.0,2789.0,2805.0,174298
2024-06-13,2997.5,3132.0,2887.0,2887.0,300662
2024-06-14,3013.0,3050.0,2941.0,3005.0,183646
2024-06-18,2956.5,3015.0,2901.0,3007.5,91145
2024-06-19,2999.0,3039.5,2885.0,2984.0,97461
2024-06-24,2933.0,2978.5,2850.0,2978.5,157778
2024-06-25,2908.5,3035.0,2874.5,2950.0,148973
2024-06-26,2873.0,2978.0,2850.5,2910.0,103163
2024-06-27,3034.5,3049.0,2833.0,2890.0,210508
2024-06-28,3032.5,3080.0,2940.0,3050.0,141764
2024-07-01,2963.5,3140.0,2900.0,3031.5,143324
2024-07-02,3018.5,3090.0,2932.0,2950.0,101408
2024-07-03,2988.0,3073.0,2943.5,3015.5,101387
2024-07-04,2989.5,3017.5,2945.0,2995.5,100008
2024-07-05,3053.5,3079.5,2970.0,3075.0,114859
2024-07-08,3100.5,3119.0,3042.0,3070.0,98405
2024-07-10,3305.0,3310.0,3115.0,3150.0,183360
2024-07-11,3365.0,3520.0,3315.0,3315.0,243278
2024-07-12,3435.0,3450.0,3260.0,3365.0,187209
2024-07-15,3025.0,3450.0,2850.0,3350.0,212194
2024-07-16,3130.0,3145.0,2800.0,3010.0,284943
2024-07-17,3155.0,3230.0,3000.0,3155.0,137738
2024-07-18,3185.0,3230.0,3160.0,3230.0,93410
2024-07-19,3175.0,3270.0,3160.0,3195.0,89330
2024-07-22,3185.0,3250.0,3140.0,3175.0,85419
2024-07-23,3190.0,3210.0,3150.0,3190.0,174011
2024-07-24,3105.0,3295.0,3050.0,3190.0,178036
2024-07-25,3000.0,3140.0,2955.0,3140.0,252137
2024-07-26,2925.0,3065.0,2900.0,3005.0,247776
2024-07-29,2800.0,2955.0,2745.0,2930.0,208814
2024-07-30,2665.0,2850.0,2665.0,2800.0,319329
2024-07-31,2795.0,2835.0,2680.0,2705.0,34030
2024-08-01,2870.0,2930.0,2700.0,2840.0,128210
2024-08-02,2755.0,2890.0,2680.0,2800.0,139424
2024-08-05,2770.0,2790.0,2505.0,2650.0,270753
2024-08-06,2885.0,2900.0,2805.0,2880.0,118624
2024-08-07,2830.0,2980.0,2810.0,2910.0,133468
2024-08-08,2875.0,2945.0,2840.0,2850.0,194352
2024-08-09,2950.0,2960.0,2815.0,2885.0,106726
2024-08-12,2915.0,3045.0,2830.0,2955.0,138224
2024-08-13,2895.0,2995.0,2865.0,2985.0,338179
2024-08-14,2890.0,2975.0,2880.0,2965.0,211643
2024-08-15,2920.0,2985.0,2890.0,2890.0,216160
2024-08-16,3000.0,3020.0,2900.0,2920.0,306602
2024-08-19,2970.0,3030.0,2940.0,3020.0,320831
2024-08-20,2950.0,3015.0,2920.0,2975.0,167386
2024-08-21,2870.0,2970.0,2840.0,2935.0,118151
2024-08-22,2890.0,2930.0,2740.0,2930.0,256775
2024-08-23,2870.0,2990.0,2855.0,2890.0,156813
2024-08-26,2875.0,2950.0,2800.0,2950.0,205804
2024-08-27,2910.0,2925.0,2840.0,2900.0,83115
2024-08-28,2890.0,2915.0,2865.0,2915.0,174603
2024-08-29,2930.0,3030.0,2885.0,2890.0,159831
2024-08-30,3015.0,3160.0,2980.0,2980.0,311783
2024-09-02,3070.0,3090.0,3010.0,3020.0,215256
2024-09-03,3135.0,3225.0,3000.0,3070.0,407809
2024-09-04,3200.0,3260.0,3040.0,3165.0,348363
2024-09-05,3195.0,3300.0,3175.0,3200.0,230685
2024-09-06,3110.0,3265.0,3030.0,3200.0,138208
2024-09-09,3130.0,3200.0,3085.0,3110.0,104328
2024-09-10,3155.0,3165.0,3010.0,3155.0,273229
2024-09-11,3320.0,3355.0,3140.0,3160.0,298957
2024-09-12,3285.0,3390.0,3225.0,3325.0,220213
2024-09-13,3260.0,3340.0,3220.0,3300.0,207160
2024-09-16,3235.0,3340.0,3200.0,3300.0,214347
2024-09-17,3260.0,3310.0,3200.0,3235.0,166937
2024-09-18,3235.0,3330.0,3200.0,3280.0,83259
2024-09-19,3285.0,3340.0,3210.0,3255.0,130450
2024-09-20,3200.0,3345.0,3175.0,3330.0,165727
2024-09-23,3165.0,3235.0,3085.0,3200.0,189638
2024-09-24,3320.0,3335.0,3175.0,3180.0,353092
2024-09-25,3335.0,3450.0,3255.0,3350.0,674751
2024-09-26,3350.0,3430.0,3310.0,3340.0,332060
2024-09-27,3415.0,3430.0,3305.0,3350.0,317758
2024-09-30,3180.0,3350.0,3085.0,3295.0,193930
2024-10-01,3165.0,3210.0,3095.0,3180.0,271083
2024-10-02,3075.0,3235.0,3065.0,3225.0,184736
2024-10-03,3145.0,3170.0,3000.0,3050.0,166367
2024-10-04,3120.0,3195.0,3110.0,3150.0,178007
2024-10-07,3075.0,3130.0,3010.0,3120.0,118125
2024-10-08,3085.0,3100.0,3015.0,3070.0,124319
2024-10-09,3105.0,3190.0,3035.0,3080.0,337564
2024-10-10,3065.0,3170.0,3055.0,3100.0,188694
2024-10-14,3070.0,3165.0,3005.0,3065.0,114523
2024-10-15,3095.0,3120.0,3020.0,3070.0,254949
2024-10-16,2985.0,3140.0,2950.0,3070.0,121545
2024-10-17,3045.0,3065.0,2990.0,3000.0,134142
2024-10-18,3080.0,3100.0,2920.0,3045.0,312353
2024-10-21,3045.0,3130.0,3025.0,3130.0,152029
2024-10-22,3005.0,3090.0,3000.0,3090.0,112298
2024-10-23,2960.0,3030.0,2900.0,3000.0,75275
2024-10-24,3025.0,3055.0,2920.0,2990.0,173482
2024-10-25,3005.0,3080.0,2905.0,3030.0,309991
2024-10-28,3010.0,3060.0,2930.0,3005.0,321747
2024-10-29,3285.0,3335.0,2975.0,3010.0,1079397
2024-10-30,3290.0,3350.0,3230.0,3300.0,213653
2024-10-31,3225.0,3360.0,3200.0,3360.0,187395
2024-11-01,3275.0,3350.0,3100.0,3280.0,208125
2024-11-04,3360.0,3385.0,3200.0,3200.0,310509
2024-11-05,3460.0,3495.0,3350.0,3375.0,417266
2024-11-06,3380.0,3650.0,3350.0,3595.0,215419
2024-11-07,3485.0,3535.0,3335.0,3370.0,241341
2024-11-08,3360.0,3575.0,3250.0,3570.0,395835
2024-11-11,3380.0,3450.0,3255.0,3290.0,176768
2024-11-12,3495.0,3500.0,3340.0,3380.0,267495
2024-11-13,3560.0,3590.0,3500.0,3505.0,329902
2024-11-14,3740.0,3760.0,3550.0,3560.0,399523
2024-11-15,3690.0,3875.0,3660.0,3720.0,478815
2024-11-19,3815.0,3950.0,3780.0,3820.0,499960
2024-11-20,3835.0,3895.0,3700.0,3825.0,293392
2024-11-21,3930.0,4260.0,3825.0,3850.0,412139
2024-11-22,4115.0,4200.0,3965.0,4090.0,466084
2024-11-25,4225.0,4325.0,4100.0,4175.0,636854
2024-11-26,4170.0,4340.0,4135.0,4260.0,715963
2024-11-27,4105.0,4230.0,4010.0,4180.0,402923
2024-11-28,4155.0,4160.0,4010.0,4105.0,272800
2024-11-29,4155.0,4210.0,4085.0,4210.0,309545
2024-12-02,4140.0,4280.0,4110.0,4160.0,684998
2024-12-03,4145.0,4310.0,4105.0,4200.0,434018
2024-12-04,3960.0,4200.0,3875.0,4170.0,303894
2024-12-05,3850.0,3995.0,3800.0,3900.0,439196
2024-12-06,3895.0,3920.0,3705.0,3870.0,306866
2024-12-09,3905.0,3940.0,3820.0,3820.0,311752
2024-12-10,3945.0,3980.0,3850.0,3920.0,1395168
2024-12-11,4040.0,4050.0,3890.0,3950.0,1385932
2024-12-12,3955.0,4145.0,3920.0,4060.0,560501
2024-12-13,4050.0,4075.0,3925.0,3970.0,620544
2024-12-16,4180.0,4235.0,4075.0,4100.0,794109
2024-12-17,4370.0,4385.0,4130.0,4200.0,703064
2024-12-18,4175.0,4475.0,4140.0,4435.0,573147
2024-12-19,4055.0,4275.0,3985.0,4175.0,427916
2024-12-20,4145.0,4185.0,3905.0,4095.0,282281
2024-12-23,4165.0,4280.0,4100.0,4145.0,186963
2024-12-24,4200.0,4210.0,4125.0,4125.0,115982
2024-12-26,4225.0,4285.0,4170.0,4250.0,310269
2024-12-27,4125.0,4220.0,3970.0,4200.0,273323
2024-12-30,3950.0,4115.0,3940.0,4115.0,284588
2025-01-02,4200.0,4240.0,3940.0,3950.0,385487
2025-01-03,4390.0,4420.0,4110.0,4210.0,515870
2025-01-06,4450.0,4500.0,4310.0,4430.0,313775
2025-01-07,4490.0,4520.0,4400.0,4490.0,410756
2025-01-08,4375.0,4540.0,4300.0,4540.0,382110
2025-01-09,4315.0,4455.0,4265.0,4395.0,295692
2025-01-10,4095.0,4380.0,4025.0,4380.0,594771
2025-01-13,3960.0,4125.0,3880.0,4110.0,349751
2025-01-14,4085.0,4170.0,3910.0,3965.0,273106
2025-01-15,4155.0,4240.0,3950.0,4150.0,330067
2025-01-16,4095.0,4155.0,4000.0,4150.0,218099
2025-01-17,3755.0,4175.0,3720.0,4040.0,442622
2025-01-20,3795.0,3845.0,3720.0,3800.0,560637
2025-01-21,3865.0,3895.0,3740.0,3810.0,282324
2025-01-22,3925.0,3945.0,3750.0,3865.0,362135
2025-01-23,3855.0,3980.0,3810.0,3950.0,169542
2025-01-24,3865.0,3910.0,3565.0,3860.0,217313
2025-01-27,3640.0,3880.0,3610.0,3880.0,350947
2025-01-28,3610.0,3760.0,3510.0,3640.0,221439
2025-01-29,3790.0,3800.0,3570.0,3630.0,181139
2025-01-30,3990.0,4000.0,3800.0,3855.0,311438
2025-01-31,3915.0,4190.0,3900.0,4050.0,115531
2025-02-03,3740.0,3825.0,3610.0,3750.0,175098
2025-02-04,3795.0,3900.0,3750.0,3800.0,91769
2025-02-05,3745.0,3800.0,3690.0,3800.0,84422
2025-02-06,3685.0,3865.0,3650.0,3745.0,142883
2025-02-07,3490.0,3770.0,3405.0,3695.0,321740
2025-02-10,3435.0,3570.0,3395.0,3515.0,224587
2025-02-11,3320.0,3465.0,3150.0,3465.0,894391
2025-02-12,3370.0,3500.0,3210.0,3290.0,513013
2025-02-13,3645.0,3700.0,3390.0,3430.0,280806
2025-02-14,3695.0,3800.0,3540.0,3690.0,453002
2025-02-17,3520.0,3605.0,3400.0,3570.0,461840
2025-02-18,3725.0,3785.0,3460.0,3520.0,340144
2025-02-19,3720.0,3805.0,3655.0,3805.0,294394
2025-02-20,3745.0,3800.0,3635.0,3670.0,155693
2025-02-21,3770.0,3835.0,3715.0,3805.0,138499
2025-02-24,3780.0,3850.0,3725.0,3850.0,120371
2025-02-25,3680.0,3820.0,3530.0,3820.0,224381
2025-02-26,3595.0,3745.0,3560.0,3720.0,154707
2025-02-27,3415.0,3620.0,3360.0,3590.0,201259
2025-02-28,3390.0,3540.0,3210.0,3500.0,305530
2025-03-05,3500.0,3520.0,3330.0,3390.0,253721
2025-03-06,3455.0,3550.0,3380.0,3530.0,173366
2025-03-07,3525.0,3600.0,3370.0,3485.0,178538
2025-03-10,3330.0,3515.0,3130.0,3515.0,319846
2025-03-11,3275.0,3430.0,3200.0,3350.0,377124
2025-03-12,3515.0,3550.0,3245.0,3310.0,406383
2025-03-13,3510.0,3600.0,3410.0,3590.0,138221
2025-03-14,3635.0,3660.0,3520.0,3550.0,198585
2025-03-17,3675.0,3710.0,3590.0,3635.0,112809
2025-03-18,3510.0,3665.0,3430.0,3665.0,319722
2025-03-19,3730.0,3860.0,3380.0,3450.0,281034
2025-03-20,3670.0,3830.0,3600.0,3800.0,206422
2025-03-21,3690.0,3715.0,3560.0,3670.0,241481
2025-03-25,3690.0,3745.0,3660.0,3705.0,580843
2025-03-26,3570.0,3700.0,3555.0,3685.0,236148
2025-03-27,3595.0,3675.0,3500.0,3600.0,490453
2025-03-28,3505.0,3590.0,3440.0,3590.0,153836
2025-03-31,3445.0,3505.0,3320.0,3485.0,226780
2025-04-01,3405.0,3525.0,3355.0,3525.0,194530
2025-04-03,3275.0,3345.0,3205.0,3300.0,185939
2025-04-04,3080.0,3185.0,2855.0,3160.0,566617
2025-04-07,2860.0,3070.0,2850.0,3000.0,344121
2025-04-08,2515.0,3025.0,2475.0,2920.0,729830
2025-04-09,2730.0,2800.0,2300.0,2540.0,774019
2025-04-10,2740.0,2900.0,2560.0,2730.0,322117
2025-04-11,2890.0,2960.0,2780.0,2850.0,555636
2025-04-14,3195.0,3260.0,3000.0,3085.0,358691
2025-04-15,3185.0,3270.0,3005.0,3260.0,320927
