Price,('Close', 'TGSU2.BA'),('High', 'TGSU2.BA'),('Low', 'TGSU2.BA'),('Open', 'TGSU2.BA'),('Volume', 'TGSU2.BA')
Ticker,TGSU2.BA,TGSU2.BA,TGSU2.BA,TGSU2.BA,TGSU2.BA
Date,,,,,
2020-04-17,90.25,94.5,88.69999694824219,92.05000305175781,78928
2020-04-20,92.3499984741211,93.19999694824219,88.5,91.0,93447
2020-04-21,92.0,94.25,86.44999694824219,91.75,106721
2020-04-22,93.1500015258789,96.19999694824219,92.5,94.0999984741211,72610
2020-04-23,97.5,98.5,94.55000305175781,95.0,153981
2020-04-24,93.69999694824219,99.0,92.6500015258789,99.0,67423
2020-04-27,97.05000305175781,97.55000305175781,91.94999694824219,93.5,55467
2020-04-28,101.75,102.9000015258789,95.9000015258789,100.0,111657
2020-04-29,100.9000015258789,102.9000015258789,97.5,102.25,121308
2020-04-30,101.80000305175781,102.80000305175781,99.9000015258789,102.0,67300
2020-05-04,97.19999694824219,101.75,94.9000015258789,101.75,104380
2020-05-05,100.0999984741211,101.9000015258789,95.0,100.0,94365
2020-05-06,101.25,103.0,97.25,101.0,119440
2020-05-07,107.75,108.0,99.94999694824219,104.0,274845
2020-05-08,110.44999694824219,115.0,107.0999984741211,108.0999984741211,308913
2020-05-11,119.1500015258789,119.4000015258789,106.8499984741211,110.0,130229
2020-05-12,122.05000305175781,126.25,119.05000305175781,119.05000305175781,169280
2020-05-13,121.94999694824219,122.4000015258789,116.80000305175781,122.0,82192
2020-05-14,127.4000015258789,128.1999969482422,119.0,121.94999694824219,229721
2020-05-15,127.5,133.0,124.0999984741211,128.3000030517578,217542
2020-05-18,127.30000305175781,135.0,126.19999694824219,133.14999389648438,165685
2020-05-19,125.69999694824219,131.3000030517578,125.0999984741211,126.9000015258789,118163
2020-05-20,125.80000305175781,130.0,121.5999984741211,128.35000610351562,84835
2020-05-21,131.0,132.1999969482422,124.0,125.80000305175781,337492
2020-05-22,130.25,131.9499969482422,126.19999694824219,130.0,238794
2020-05-26,128.0500030517578,137.5,126.5,130.25,148057
2020-05-27,122.5999984741211,128.60000610351562,115.0,124.0,186889
2020-05-28,122.6500015258789,125.5,120.0999984741211,124.0,170549
2020-05-29,121.5,123.5,115.0,122.69999694824219,78601
2020-06-01,129.39999389648438,130.0,120.0,123.0,76623
2020-06-02,133.0,133.1999969482422,131.0,133.0,66278
2020-06-03,132.5500030517578,135.0,131.5,135.0,116839
2020-06-04,132.5500030517578,134.9499969482422,131.0500030517578,131.0500030517578,91618
2020-06-05,139.64999389648438,140.8000030517578,134.0500030517578,134.0500030517578,186754
2020-06-08,152.1999969482422,154.0,143.6999969482422,144.0,107446
2020-06-09,147.0,148.60000610351562,138.0,145.0,347241
2020-06-10,142.39999389648438,146.89999389648438,138.89999389648438,145.9499969482422,174472
2020-06-11,131.0500030517578,139.9499969482422,128.64999389648438,139.9499969482422,236077
2020-06-12,127.80000305175781,138.0,123.0,135.0,187908
2020-06-16,125.5,132.0,124.0,128.0,109687
2020-06-17,119.1500015258789,124.44999694824219,116.0,124.44999694824219,70950
2020-06-18,111.6500015258789,119.0,110.9000015258789,115.0,62823
2020-06-19,119.6500015258789,122.44999694824219,115.0,115.0,57791
2020-06-22,120.9000015258789,125.8499984741211,115.75,119.6500015258789,113156
2020-06-23,119.69999694824219,124.0,117.05000305175781,121.0,78930
2020-06-24,117.75,120.5,115.6500015258789,118.30000305175781,69685
2020-06-25,124.5,125.5,117.5,117.5,55253
2020-06-26,118.0,125.9000015258789,116.0,125.0,68540
2020-06-29,119.0,123.0,118.25,118.25,42793
2020-06-30,114.0999984741211,119.9000015258789,107.0,118.05000305175781,159973
2020-07-01,120.4000015258789,121.0,112.75,114.05000305175781,180819
2020-07-02,116.5,124.0,115.5,120.4000015258789,105277
2020-07-03,117.94999694824219,122.0,115.0999984741211,116.5,47810
2020-07-06,129.3000030517578,130.5,121.0999984741211,121.0999984741211,195530
2020-07-07,125.5,129.0,120.5,126.6500015258789,75150
2020-07-08,131.0,131.8000030517578,125.0,127.0,89018
2020-07-13,127.0,134.0,125.05000305175781,130.0,151256
2020-07-14,128.0500030517578,129.6999969482422,124.5,126.94999694824219,43052
2020-07-15,130.9499969482422,132.25,129.0,132.25,72874
2020-07-16,130.5500030517578,131.1999969482422,128.10000610351562,130.39999389648438,44309
2020-07-17,128.75,132.9499969482422,128.0,132.5,55639
2020-07-20,129.5500030517578,130.9499969482422,127.19999694824219,128.75,39881
2020-07-21,136.8000030517578,138.0,129.0,129.0,224324
2020-07-22,136.5,140.1999969482422,130.6999969482422,137.0,129011
2020-07-23,138.25,141.89999389648438,136.0,138.0,103543
2020-07-24,143.9499969482422,144.3000030517578,136.0,137.75,198446
2020-07-27,141.25,145.5,141.0,145.0,282676
2020-07-28,135.35000610351562,141.25,134.1999969482422,141.0,140470
2020-07-29,137.0,138.0,133.1999969482422,136.0,133220
2020-07-30,144.9499969482422,145.0,132.0,135.89999389648438,162179
2020-07-31,141.35000610351562,144.9499969482422,138.5,144.9499969482422,143674
2020-08-03,149.6999969482422,153.0,136.5,138.0,416544
2020-08-04,153.5,165.0,150.10000610351562,154.0,131483
2020-08-05,151.0500030517578,160.0,149.0,157.10000610351562,146438
2020-08-06,152.35000610351562,154.0,148.5,152.0,139650
2020-08-07,151.9499969482422,153.89999389648438,147.9499969482422,147.9499969482422,142554
2020-08-10,155.25,156.0,145.0,148.0,267969
2020-08-11,146.64999389648438,154.9499969482422,146.0,154.9499969482422,185744
2020-08-12,139.89999389648438,146.25,138.0,146.25,203483
2020-08-13,141.39999389648438,146.14999389648438,138.0,140.0,77182
2020-08-14,134.64999389648438,142.89999389648438,132.5,142.89999389648438,142664
2020-08-18,128.4499969482422,134.64999389648438,128.0,134.64999389648438,49141
2020-08-19,129.8000030517578,134.64999389648438,128.0,128.0,131908
2020-08-20,128.10000610351562,131.0,127.6500015258789,130.0,63848
2020-08-21,130.64999389648438,135.5500030517578,128.5,128.5,118729
2020-08-24,128.89999389648438,134.9499969482422,124.0,134.9499969482422,179618
2020-08-25,122.05000305175781,128.0,120.30000305175781,128.0,379176
2020-08-26,119.6500015258789,125.0,118.0,123.0,431130
2020-08-27,112.80000305175781,124.94999694824219,111.5,120.5,238453
2020-08-28,120.9000015258789,122.0,113.25,113.25,156212
2020-08-31,123.8499984741211,126.0,117.5,122.0999984741211,383875
2020-09-01,124.6500015258789,125.25,120.55000305175781,123.8499984741211,272149
2020-09-02,118.0999984741211,124.5,118.0,124.0,73969
2020-09-03,122.4000015258789,124.0,118.75,119.69999694824219,42831
2020-09-04,121.4000015258789,125.8499984741211,117.0999984741211,125.8499984741211,126130
2020-09-07,122.19999694824219,123.94999694824219,119.0,123.94999694824219,14109
2020-09-08,121.75,121.9000015258789,117.5999984741211,117.94999694824219,102966
2020-09-09,121.5999984741211,123.0999984741211,120.0,121.1500015258789,75857
2020-09-10,119.30000305175781,122.0,119.0,122.0,129089
2020-09-11,120.69999694824219,122.19999694824219,118.5,118.9000015258789,106831
2020-09-14,119.1500015258789,122.9000015258789,118.0,122.9000015258789,55492
2020-09-15,117.30000305175781,118.4000015258789,115.0,118.19999694824219,101477
2020-09-16,109.69999694824219,115.5,107.0999984741211,115.5,89193
2020-09-17,105.4000015258789,109.80000305175781,104.0,109.80000305175781,287237
2020-09-18,112.9000015258789,113.94999694824219,105.5,105.8499984741211,166041
2020-09-21,117.0,117.5,109.0,109.0,76500
2020-09-22,118.0999984741211,119.0,113.0999984741211,118.5,88538
2020-09-23,122.0999984741211,122.9000015258789,115.0,115.0,112244
2020-09-24,118.55000305175781,122.80000305175781,117.5,122.80000305175781,197786
2020-09-25,118.69999694824219,120.5,118.0,118.0,25997
2020-09-28,119.05000305175781,122.5,116.25,120.30000305175781,146724
2020-09-29,118.0999984741211,120.0,116.0,119.75,158642
2020-09-30,116.5999984741211,122.0,116.0,118.0,126107
2020-10-01,125.05000305175781,126.4000015258789,117.0,120.94999694824219,116165
2020-10-02,126.80000305175781,127.0,122.5,126.0999984741211,73197
2020-10-05,129.64999389648438,129.8000030517578,125.69999694824219,128.5,70870
2020-10-06,131.10000610351562,132.10000610351562,129.5,130.0,134233
2020-10-07,128.4499969482422,131.0500030517578,123.19999694824219,131.0500030517578,167391
2020-10-08,129.9499969482422,130.89999389648438,126.0,127.5999984741211,86421
2020-10-09,134.0,134.5,128.25,130.0,194545
2020-10-13,142.85000610351562,143.39999389648438,133.8000030517578,134.0,404019
2020-10-14,150.1999969482422,151.0,138.5,142.5,280018
2020-10-15,155.5500030517578,156.1999969482422,146.5,149.89999389648438,260590
2020-10-16,158.35000610351562,160.0,153.0,155.0,124748
2020-10-19,163.4499969482422,164.0,158.1999969482422,158.1999969482422,147328
2020-10-20,166.6999969482422,168.9499969482422,156.64999389648438,162.0,225134
2020-10-21,163.75,170.0,160.5,167.6999969482422,168316
2020-10-22,170.60000610351562,171.0,161.1999969482422,163.0,120434
2020-10-23,173.60000610351562,174.0,163.0500030517578,170.0,105585
2020-10-26,157.60000610351562,173.0,155.0,173.0,109175
2020-10-27,147.0,164.89999389648438,146.25,157.39999389648438,115442
2020-10-28,143.5,147.89999389648438,135.0,142.5,84858
2020-10-29,154.1999969482422,157.0,142.0,142.0,136381
2020-10-30,152.9499969482422,157.0,146.0,157.0,57231
2020-11-02,160.8000030517578,162.75,150.0,152.0,144686
2020-11-03,163.75,165.0,159.0,161.0,173893
2020-11-04,155.5500030517578,166.0,155.5,163.4499969482422,59484
2020-11-05,156.4499969482422,160.0,155.0,156.5,61261
2020-11-06,160.0,160.1999969482422,157.5,158.89999389648438,16384
2020-11-09,155.10000610351562,165.0,155.0,163.0,148781
2020-11-10,156.3000030517578,160.0,150.25,155.10000610351562,61735
2020-11-11,160.75,161.5,157.1999969482422,157.1999969482422,100851
2020-11-12,159.39999389648438,163.64999389648438,155.0,162.0,542561
2020-11-13,158.0500030517578,162.0,156.0,161.0,48890
2020-11-16,157.0,160.0,143.0,158.0,65792
2020-11-17,162.60000610351562,163.5,156.5,162.0,126537
2020-11-18,157.5500030517578,163.0,157.0,161.75,35822
2020-11-19,154.75,159.1999969482422,152.5,156.3000030517578,33163
2020-11-20,161.5,162.9499969482422,152.0,154.75,38305
2020-11-24,168.75,169.1999969482422,160.3000030517578,160.3000030517578,281893
2020-11-25,167.0500030517578,171.25,164.5,168.0,68426
2020-11-26,168.9499969482422,171.4499969482422,159.6999969482422,159.6999969482422,26285
2020-11-27,165.35000610351562,171.5,164.1999969482422,169.0,99561
2020-11-30,162.5,169.64999389648438,162.3000030517578,169.60000610351562,38425
2020-12-01,167.8000030517578,168.60000610351562,161.89999389648438,162.0,95882
2020-12-02,168.5500030517578,171.6999969482422,164.5,170.0,71967
2020-12-03,167.75,173.0,167.0,167.0,39312
2020-12-04,168.5,171.0,167.5,170.0,95132
2020-12-09,158.39999389648438,168.0,156.0,168.0,63348
2020-12-10,158.14999389648438,159.89999389648438,156.0,158.39999389648438,152764
2020-12-11,162.4499969482422,164.89999389648438,156.0,156.0,114852
2020-12-14,159.0,168.39999389648438,157.4499969482422,162.5,124620
2020-12-15,165.9499969482422,166.9499969482422,158.5,158.5,131712
2020-12-16,165.3000030517578,168.3000030517578,163.89999389648438,168.0,135475
2020-12-17,161.14999389648438,168.0,160.25,162.0,146274
2020-12-18,158.3000030517578,165.60000610351562,157.10000610351562,165.60000610351562,131743
2020-12-21,150.35000610351562,158.89999389648438,147.0,158.5,104474
2020-12-22,150.0,154.0,149.0,151.0,202039
2020-12-23,153.3000030517578,160.0,150.0,150.0,208995
2020-12-28,147.0,154.0,146.25,153.0,136070
2020-12-29,152.25,153.9499969482422,147.0,147.0,65364
2020-12-30,153.14999389648438,158.10000610351562,153.0,156.0,118791
2021-01-04,155.10000610351562,163.0,150.0,155.0,83847
2021-01-05,158.0,159.0,150.0500030517578,155.10000610351562,48811
2021-01-06,153.75,162.5,153.0500030517578,159.5,55226
2021-01-07,159.75,160.0,154.0,154.0,183543
2021-01-08,155.6999969482422,159.75,155.0,159.0,99912
2021-01-11,159.14999389648438,162.0,155.0,156.0,352520
2021-01-12,160.75,162.89999389648438,157.5500030517578,161.0,71510
2021-01-13,161.6999969482422,162.0,157.5,160.75,67318
2021-01-14,160.0,162.1999969482422,158.3000030517578,162.0,45753
2021-01-15,157.5500030517578,163.0,155.10000610351562,160.0,85776
2021-01-18,154.0,157.0,149.6999969482422,157.0,22040
2021-01-19,159.8000030517578,160.0,150.8000030517578,152.0,129409
2021-01-20,159.85000610351562,160.0,153.1999969482422,159.5,153519
2021-01-21,155.75,160.5,154.10000610351562,159.0,84744
2021-01-22,153.75,158.89999389648438,152.0,152.14999389648438,267731
2021-01-25,153.9499969482422,158.1999969482422,149.64999389648438,153.5,111976
2021-01-26,157.64999389648438,161.0,151.5500030517578,156.0,93504
2021-01-27,157.0,161.0,153.14999389648438,161.0,692866
2021-01-28,153.8000030517578,160.89999389648438,153.5,157.0,291813
2021-01-29,151.64999389648438,157.0,151.0,153.39999389648438,158148
2021-02-01,153.6999969482422,157.8000030517578,152.5,155.0,38684
2021-02-02,155.5500030517578,159.10000610351562,153.5,153.60000610351562,46353
2021-02-03,154.6999969482422,159.35000610351562,153.0500030517578,153.0500030517578,165552
2021-02-04,157.1999969482422,158.0,152.0,152.0,71575
2021-02-05,157.0,158.9499969482422,152.5500030517578,152.5500030517578,40342
2021-02-08,156.1999969482422,157.14999389648438,153.75,157.14999389648438,47370
2021-02-09,154.8000030517578,159.10000610351562,153.0,156.25,76212
2021-02-10,153.5,157.0,152.8000030517578,152.8000030517578,45560
2021-02-11,151.0500030517578,155.0,151.0,153.5,15292
2021-02-12,150.8000030517578,155.0,149.14999389648438,155.0,76038
2021-02-17,158.5500030517578,158.6999969482422,154.14999389648438,154.14999389648438,162798
2021-02-18,154.25,158.5,149.8000030517578,158.5,110371
2021-02-19,149.9499969482422,154.0,148.4499969482422,152.0,36848
2021-02-22,142.14999389648438,151.0,141.3000030517578,149.0,33691
2021-02-23,143.35000610351562,144.3000030517578,136.5,142.14999389648438,50991
2021-02-24,144.10000610351562,146.8000030517578,140.0500030517578,142.9499969482422,45937
2021-02-25,141.0,146.4499969482422,140.0,145.0,29823
2021-02-26,138.85000610351562,144.89999389648438,138.5,141.60000610351562,19795
2021-03-01,141.25,144.5,139.0,140.0,30895
2021-03-02,137.3000030517578,143.0,137.0,141.0,23323
2021-03-03,132.0,139.5,132.0,137.0,88618
2021-03-04,132.8000030517578,137.5,129.0500030517578,134.89999389648438,102805
2021-03-05,137.0500030517578,137.14999389648438,130.1999969482422,130.1999969482422,68648
2021-03-08,132.64999389648438,140.0,132.3000030517578,136.0,65443
2021-03-09,133.60000610351562,137.6999969482422,130.75,132.0,100067
2021-03-10,131.35000610351562,136.5,130.8000030517578,133.39999389648438,158501
2021-03-11,137.10000610351562,138.6999969482422,131.35000610351562,131.35000610351562,372204
2021-03-12,139.8000030517578,141.0,135.5,136.0,99340
2021-03-15,140.35000610351562,143.25,138.14999389648438,140.8000030517578,147378
2021-03-16,140.4499969482422,143.5,139.0,142.5,155404
2021-03-17,142.1999969482422,142.5,139.5,139.5,85253
2021-03-18,137.5500030517578,143.5,137.0,142.1999969482422,145967
2021-03-19,136.14999389648438,137.5500030517578,134.0,135.0500030517578,104233
2021-03-22,135.8000030517578,138.5,134.0500030517578,136.0,170776
2021-03-23,133.0,138.3000030517578,133.0,134.5500030517578,137811
2021-03-25,130.64999389648438,136.0,129.0,133.0,191384
2021-03-26,130.85000610351562,135.1999969482422,129.1999969482422,129.1999969482422,74030
2021-03-29,139.4499969482422,140.0,128.0,128.10000610351562,54951
2021-03-30,139.60000610351562,141.9499969482422,136.0,141.9499969482422,16630
2021-03-31,139.10000610351562,142.5,136.0,137.0,152745
2021-04-05,142.8000030517578,143.0,139.0,139.0,87801
2021-04-06,144.10000610351562,146.4499969482422,142.0,142.0,168237
2021-04-07,139.0,146.8000030517578,138.5,145.0,272451
2021-04-08,140.14999389648438,142.5,138.5,138.5,80051
2021-04-09,138.60000610351562,142.0,138.35000610351562,141.0,30202
2021-04-12,135.4499969482422,138.60000610351562,133.5,138.60000610351562,22809
2021-04-13,130.85000610351562,135.85000610351562,130.6999969482422,135.5,31500
2021-04-14,128.25,135.0,127.5,131.1999969482422,83096
2021-04-15,128.25,131.4499969482422,126.5,131.25,108173
2021-04-16,131.10000610351562,132.75,128.25,130.0,47584
2021-04-19,138.0,138.5,130.0,130.0,46588
2021-04-20,132.8000030517578,138.0,131.35000610351562,137.5,94386
2021-04-21,135.14999389648438,136.89999389648438,131.5,131.5,108126
2021-04-22,134.39999389648438,137.14999389648438,134.0,136.8000030517578,30297
2021-04-23,134.39999389648438,136.0,132.0500030517578,134.0,35535
2021-04-26,133.85000610351562,136.0,132.5,132.5,39896
2021-04-27,136.4499969482422,138.0,132.8000030517578,132.8000030517578,78849
2021-04-28,142.5,143.0,135.0,135.0,67882
2021-04-29,142.35000610351562,144.0,141.6999969482422,141.6999969482422,19912
2021-04-30,139.35000610351562,143.5,138.0,143.0,38599
2021-05-03,141.6999969482422,143.5,139.64999389648438,143.0,86872
2021-05-04,138.3000030517578,141.89999389648438,137.0,141.4499969482422,51406
2021-05-05,137.25,143.8000030517578,137.10000610351562,139.0,84736
2021-05-06,136.3000030517578,140.0,135.5500030517578,137.25,57149
2021-05-07,139.89999389648438,141.0,136.60000610351562,137.0,34526
2021-05-10,139.60000610351562,142.5,138.5,141.6999969482422,65163
2021-05-11,138.0,143.0,137.10000610351562,139.0,24821
2021-05-12,141.89999389648438,142.5,138.0500030517578,142.0,56542
2021-05-13,147.5500030517578,147.9499969482422,140.85000610351562,142.0,63878
2021-05-14,147.8000030517578,153.0,147.25,147.89999389648438,111772
2021-05-17,154.0500030517578,154.5,145.0,145.5,45861
2021-05-18,153.85000610351562,155.5,150.0,154.0500030517578,205192
2021-05-19,151.1999969482422,153.25,149.25,152.0,31791
2021-05-20,152.75,154.5,150.25,150.25,31934
2021-05-21,150.0,157.0,150.0,157.0,16234
2021-05-26,145.6999969482422,147.89999389648438,142.0,147.89999389648438,135576
2021-05-27,148.5500030517578,149.9499969482422,146.0,149.0,93207
2021-05-28,153.0,155.5,152.0,153.0,73477
2021-05-31,152.1999969482422,154.5,151.10000610351562,153.0,23286
2021-06-01,164.8000030517578,165.0,157.10000610351562,157.10000610351562,129203
2021-06-02,169.9499969482422,171.25,165.14999389648438,165.14999389648438,122582
2021-06-03,176.35000610351562,177.89999389648438,162.5,166.0,108696
2021-06-04,178.4499969482422,179.5,171.0,177.0,71137
2021-06-07,181.4499969482422,185.75,180.5,181.10000610351562,117228
2021-06-08,175.4499969482422,181.0,172.25,181.0,100988
2021-06-09,186.39999389648438,188.25,176.35000610351562,180.0,198817
2021-06-10,186.0,189.1999969482422,182.0,186.5,152173
2021-06-11,176.64999389648438,186.0500030517578,175.75,186.0500030517578,54330
2021-06-14,174.85000610351562,180.0,174.60000610351562,177.3000030517578,100193
2021-06-15,179.0500030517578,180.0,170.1999969482422,174.89999389648438,64698
2021-06-16,177.0,178.5,173.5,175.4499969482422,111826
2021-06-17,170.14999389648438,179.5,166.39999389648438,179.5,74612
2021-06-18,170.64999389648438,171.8000030517578,167.0,170.0,55061
2021-06-22,168.5,171.0,165.0,171.0,83340
2021-06-23,173.5,176.5,170.8000030517578,176.5,120626
2021-06-24,173.89999389648438,176.5,169.89999389648438,174.3000030517578,46043
2021-06-25,169.0500030517578,169.5,164.0,168.0,83945
2021-06-28,164.25,167.25,162.5,166.14999389648438,67418
2021-06-29,161.10000610351562,164.75,160.0,162.6999969482422,47638
2021-06-30,156.64999389648438,162.89999389648438,156.0,161.89999389648438,91706
2021-07-01,153.5500030517578,160.5,153.5,155.0,36473
2021-07-02,158.89999389648438,161.0,154.25,154.3000030517578,46137
2021-07-05,162.0,165.0,158.89999389648438,158.89999389648438,17624
2021-07-06,157.10000610351562,164.0,155.0,164.0,31352
2021-07-07,157.75,160.0,154.89999389648438,160.0,50529
2021-07-08,154.9499969482422,161.0,152.0,157.25,54400
2021-07-12,164.39999389648438,165.8000030517578,156.35000610351562,156.35000610351562,135774
2021-07-13,164.35000610351562,165.5,161.1999969482422,164.5,20127
2021-07-14,157.1999969482422,166.0,157.0,164.10000610351562,98021
2021-07-15,158.10000610351562,162.0,154.25,160.0,49318
2021-07-16,156.5,159.5,154.3000030517578,159.5,60915
2021-07-19,154.8000030517578,156.0,149.0,155.89999389648438,37918
2021-07-20,161.5,162.0,155.0,155.0,32330
2021-07-21,160.4499969482422,164.0,159.0,161.5,77878
2021-07-22,160.60000610351562,164.0,158.64999389648438,162.0,16412
2021-07-23,158.9499969482422,163.0,158.0,161.0,22168
2021-07-26,163.0500030517578,164.6999969482422,158.9499969482422,158.9499969482422,31914
2021-07-27,163.8000030517578,165.0,159.5500030517578,165.0,13967
2021-07-28,161.1999969482422,165.1999969482422,159.0,164.0,79088
2021-07-29,162.3000030517578,163.5,158.5,161.0,86006
2021-07-30,159.0500030517578,164.0,156.60000610351562,162.10000610351562,130417
2021-08-02,159.5500030517578,162.0,158.0,158.0,33876
2021-08-03,162.64999389648438,163.0,156.14999389648438,157.0,48050
2021-08-04,158.1999969482422,164.0,157.0,164.0,82356
2021-08-05,165.5500030517578,166.5,158.3000030517578,159.5,117031
2021-08-06,171.89999389648438,173.0,163.5,165.0,156101
2021-08-09,166.14999389648438,172.5,166.0,171.85000610351562,63928
2021-08-10,170.6999969482422,171.0,165.5,167.0,57357
2021-08-11,172.0,173.89999389648438,168.25,173.89999389648438,79003
2021-08-12,173.3000030517578,173.9499969482422,168.89999389648438,173.0,85408
2021-08-13,171.5,174.5,168.0,170.5,41441
2021-08-17,165.89999389648438,170.0,163.0,170.0,53602
2021-08-18,161.39999389648438,165.8000030517578,160.0,165.8000030517578,26773
2021-08-19,163.85000610351562,164.5,157.5500030517578,159.75,81407
2021-08-20,168.1999969482422,171.0,163.85000610351562,164.1999969482422,68142
2021-08-23,171.9499969482422,172.5,166.0,168.1999969482422,34031
2021-08-24,179.0,179.39999389648438,171.39999389648438,171.39999389648438,147302
2021-08-25,178.75,180.89999389648438,176.5,179.60000610351562,44802
2021-08-26,184.39999389648438,187.5,178.6999969482422,179.10000610351562,113244
2021-08-27,183.9499969482422,189.0,182.1999969482422,185.0,89855
2021-08-30,193.25,194.0,180.0,185.0,212419
2021-08-31,192.0,195.0,189.5,195.0,108456
2021-09-01,187.14999389648438,198.0,185.8000030517578,192.0,122166
2021-09-02,186.5,193.0,183.5,187.0,56735
2021-09-03,181.4499969482422,191.10000610351562,180.5,191.10000610351562,103255
2021-09-06,182.25,182.35000610351562,177.14999389648438,181.8000030517578,87496
2021-09-07,190.9499969482422,193.75,184.5500030517578,185.5,106821
2021-09-08,185.3000030517578,190.10000610351562,182.1999969482422,190.10000610351562,98099
2021-09-09,183.89999389648438,191.0500030517578,183.0,190.0,81765
2021-09-10,182.75,186.0,177.25,184.14999389648438,58070
2021-09-13,197.60000610351562,205.25,191.0,199.3000030517578,283560
2021-09-14,189.0500030517578,200.0,183.0,200.0,168920
2021-09-15,191.1999969482422,193.0,184.39999389648438,190.0,104719
2021-09-16,194.64999389648438,196.14999389648438,184.0,187.85000610351562,137204
2021-09-17,192.10000610351562,196.85000610351562,188.10000610351562,194.5,119695
2021-09-20,178.9499969482422,191.3000030517578,176.3000030517578,191.3000030517578,67355
2021-09-21,178.5,181.35000610351562,175.25,179.5,70571
2021-09-22,186.39999389648438,187.0,180.25,180.25,150608
2021-09-23,182.4499969482422,188.1999969482422,181.0,188.1999969482422,150563
2021-09-24,182.0500030517578,183.0,179.0,182.0,22589
2021-09-27,185.39999389648438,187.4499969482422,182.14999389648438,183.0,74357
2021-09-28,187.14999389648438,187.9499969482422,182.5,185.5,50964
2021-09-29,194.10000610351562,195.0,187.0,187.0,105509
2021-09-30,192.0,195.3000030517578,191.0,194.5,41910
2021-10-01,196.60000610351562,198.0,183.25,188.0,129744
2021-10-04,204.64999389648438,205.0,196.60000610351562,197.0500030517578,87467
2021-10-05,200.89999389648438,205.0,200.0,205.0,199012
2021-10-06,198.35000610351562,204.0,195.0,200.0,120861
2021-10-07,202.9499969482422,203.0500030517578,193.5,198.10000610351562,163933
2021-10-12,209.4499969482422,215.0,206.0,213.0500030517578,148778
2021-10-13,211.3000030517578,213.75,203.0,205.0,80061
2021-10-14,211.5,213.5,210.4499969482422,211.9499969482422,46262
2021-10-15,215.60000610351562,225.0,210.10000610351562,211.6999969482422,101214
2021-10-18,219.75,220.9499969482422,210.64999389648438,214.64999389648438,147578
2021-10-19,224.0500030517578,224.75,215.0,221.9499969482422,105352
2021-10-20,234.75,240.0,224.0500030517578,224.0500030517578,167525
2021-10-21,235.39999389648438,239.0,229.1999969482422,230.3000030517578,146313
2021-10-22,232.8000030517578,237.0,227.0,233.6999969482422,71973
2021-10-25,243.89999389648438,244.14999389648438,233.0,234.0,242762
2021-10-26,241.35000610351562,245.0,239.0,244.64999389648438,187546
2021-10-27,229.3000030517578,244.25,225.0,242.1999969482422,231352
2021-10-28,228.5500030517578,243.0,227.0,229.0,122304
2021-10-29,217.3000030517578,232.3000030517578,215.5,229.0,114621
2021-11-01,225.6999969482422,227.0,218.5,222.0,46125
2021-11-02,232.60000610351562,233.75,225.0,226.0,40580
2021-11-03,233.5,237.60000610351562,227.0,228.0,106805
2021-11-04,224.10000610351562,236.0,221.5,232.8000030517578,121510
2021-11-05,229.14999389648438,230.5,222.0,226.0,161136
2021-11-08,239.0,243.0,228.0,229.14999389648438,212016
2021-11-09,232.10000610351562,245.4499969482422,229.0,237.5,178918
2021-11-10,235.9499969482422,237.9499969482422,228.0,232.5,113380
2021-11-11,237.9499969482422,244.25,230.0,235.89999389648438,109456
2021-11-12,235.0,245.0,231.75,243.0,146022
2021-11-15,230.9499969482422,242.0,225.1999969482422,239.0,50086
2021-11-16,226.5,239.9499969482422,217.5,230.9499969482422,146280
2021-11-17,219.6999969482422,234.9499969482422,215.14999389648438,234.9499969482422,107572
2021-11-18,218.0500030517578,222.75,204.0,215.0,78339
2021-11-19,206.64999389648438,222.0,206.0,221.89999389648438,46819
2021-11-23,204.85000610351562,211.5,197.0,206.75,91572
2021-11-24,203.0500030517578,211.9499969482422,201.25,206.0,49873
2021-11-25,207.5500030517578,208.35000610351562,201.25,201.25,14288
2021-11-26,188.85000610351562,208.0,188.0,208.0,199684
2021-11-29,182.0,197.0,180.1999969482422,192.60000610351562,106978
2021-11-30,184.5500030517578,186.75,176.25,181.5,185629
2021-12-01,193.89999389648438,201.14999389648438,186.25,190.0,305235
2021-12-02,200.4499969482422,202.4499969482422,194.5,195.89999389648438,59534
2021-12-03,201.1999969482422,204.5,197.0,204.0,64252
2021-12-06,204.60000610351562,207.39999389648438,203.89999389648438,207.0,70217
2021-12-07,208.85000610351562,209.89999389648438,204.0,204.5500030517578,174026
2021-12-09,199.39999389648438,210.85000610351562,199.0,208.85000610351562,48350
2021-12-10,198.1999969482422,204.9499969482422,195.10000610351562,202.8000030517578,46861
2021-12-13,186.35000610351562,200.0,185.5,200.0,90313
2021-12-14,181.60000610351562,191.0,180.0500030517578,182.0,49782
2021-12-15,178.9499969482422,184.9499969482422,175.0,182.4499969482422,63359
2021-12-16,183.14999389648438,183.5,180.0,182.60000610351562,41569
2021-12-17,187.0,194.10000610351562,182.0,185.0,34256
2021-12-20,181.25,188.0500030517578,180.0500030517578,188.0500030517578,55519
2021-12-21,189.85000610351562,190.9499969482422,181.0500030517578,182.0,44925
2021-12-22,186.89999389648438,192.64999389648438,186.0,191.0,44622
2021-12-23,188.0,192.5,186.0,190.5,39541
2021-12-27,186.0,190.8000030517578,185.10000610351562,189.0,14820
2021-12-28,186.1999969482422,192.0,185.0,186.0,71184
2021-12-29,186.39999389648438,190.0,184.0,186.0,38847
2021-12-30,181.10000610351562,190.8000030517578,180.0,188.0,99008
2022-01-03,185.8000030517578,192.0,182.0,182.0,60235
2022-01-04,186.9499969482422,189.89999389648438,182.0500030517578,187.5,63623
2022-01-05,183.89999389648438,189.0,183.5,186.9499969482422,28412
2022-01-06,183.39999389648438,185.5,181.14999389648438,183.5,21924
2022-01-07,185.35000610351562,186.8000030517578,181.0,184.25,30752
2022-01-10,195.0500030517578,197.0,186.25,186.25,38445
2022-01-11,202.89999389648438,203.0,192.0,192.0,96043
2022-01-12,205.5500030517578,207.4499969482422,200.5,204.0,26155
2022-01-13,200.1999969482422,208.1999969482422,198.5,202.5,70094
2022-01-14,198.0,204.25,189.0,198.5500030517578,18869
2022-01-17,196.75,200.0,193.5,200.0,7493
2022-01-18,191.25,199.9499969482422,189.8000030517578,196.75,90318
2022-01-19,195.5500030517578,196.5,189.0500030517578,190.0,51563
2022-01-20,198.75,202.0,193.14999389648438,197.0,65235
2022-01-21,195.9499969482422,198.75,194.0,198.75,19105
2022-01-24,192.89999389648438,195.0,188.5,190.10000610351562,63948
2022-01-25,201.6999969482422,204.0,191.10000610351562,195.9499969482422,48618
2022-01-26,204.3000030517578,209.5,201.0,205.0,49361
2022-01-27,209.89999389648438,211.5,201.0500030517578,209.0,51216
2022-01-28,211.14999389648438,221.5,206.5,215.0,95038
2022-01-31,225.0,226.39999389648438,212.0,215.0,136773
2022-02-01,225.75,228.0,212.0,228.0,163522
2022-02-02,217.4499969482422,228.89999389648438,216.5,226.0,61950
2022-02-03,213.5,224.0,208.8000030517578,224.0,74650
2022-02-04,210.8000030517578,218.0,206.0,213.0,93966
2022-02-07,213.9499969482422,214.0,208.0,211.0,60976
2022-02-08,208.14999389648438,215.0,207.0,214.8000030517578,78354
2022-02-09,202.5500030517578,213.0,202.0,209.0,93520
2022-02-10,202.5500030517578,207.39999389648438,201.0,201.0,92198
2022-02-11,210.35000610351562,212.0,204.0,207.0,24318
2022-02-14,207.75,214.60000610351562,207.0,214.5,31439
2022-02-15,208.10000610351562,212.9499969482422,208.0,210.0,79637
2022-02-16,221.10000610351562,222.0,207.0,211.0,130807
2022-02-17,220.10000610351562,225.0,215.0,223.0,72992
2022-02-18,220.8000030517578,223.89999389648438,213.5,223.0,121207
2022-02-21,225.6999969482422,227.0,215.25,223.0,44663
2022-02-22,223.39999389648438,228.0,217.1999969482422,227.0,177736
2022-02-23,239.64999389648438,239.89999389648438,223.5,226.0,383999
2022-02-24,236.8000030517578,241.5,227.0,239.5,180329
2022-02-25,232.60000610351562,240.0,227.5,237.6999969482422,166401
2022-03-02,240.64999389648438,241.89999389648438,230.1999969482422,235.0,115730
2022-03-03,252.9499969482422,254.89999389648438,239.0,241.0,105515
2022-03-04,256.8500061035156,260.0,248.5,252.1999969482422,149975
2022-03-07,255.64999389648438,269.5,252.0,256.8500061035156,107559
2022-03-08,259.75,269.79998779296875,257.6499938964844,260.0,151490
2022-03-09,234.4499969482422,262.0,233.0,262.0,226100
2022-03-10,251.39999389648438,253.25,234.39999389648438,234.39999389648438,254359
2022-03-11,246.35000610351562,260.0,244.0,251.0,90388
2022-03-14,226.0500030517578,239.10000610351562,225.1999969482422,236.9499969482422,158646
2022-03-15,223.4499969482422,225.25,218.5,224.0,51734
2022-03-16,230.60000610351562,231.85000610351562,221.10000610351562,221.10000610351562,125523
2022-03-17,228.35000610351562,237.0,223.0,237.0,118290
2022-03-18,228.3000030517578,232.0,225.0,226.0,59168
2022-03-21,234.0,242.9499969482422,231.6999969482422,234.10000610351562,100746
2022-03-22,235.4499969482422,240.89999389648438,232.25,237.0,100740
2022-03-23,238.0,248.0,234.4499969482422,241.89999389648438,84838
2022-03-25,262.5,264.0,247.0500030517578,248.39999389648438,407498
2022-03-28,255.10000610351562,265.0,253.0500030517578,260.0,131478
2022-03-29,251.25,258.0,248.0500030517578,258.0,133802
2022-03-30,262.79998779296875,264.0,253.14999389648438,253.14999389648438,238805
2022-03-31,265.95001220703125,268.95001220703125,259.29998779296875,265.0,96492
2022-04-01,268.70001220703125,276.0,266.0,268.54998779296875,208504
2022-04-04,266.5,272.0,265.1000061035156,270.0,117383
2022-04-05,264.45001220703125,273.0,263.75,267.0,182410
2022-04-06,261.54998779296875,267.0,256.75,267.0,104942
2022-04-07,268.04998779296875,270.0,254.6999969482422,265.0,133638
2022-04-08,271.6499938964844,277.6000061035156,271.0,273.0,168137
2022-04-11,273.45001220703125,275.5,265.0,273.54998779296875,74404
2022-04-12,270.45001220703125,274.25,268.0,274.0,28375
2022-04-13,273.1000061035156,277.3999938964844,262.0,272.0,75840
2022-04-18,273.45001220703125,286.0,273.0,283.45001220703125,92915
2022-04-19,278.0,279.75,268.25,279.75,95518
2022-04-20,272.0,277.1499938964844,265.1000061035156,277.1499938964844,135056
2022-04-21,271.5,276.3500061035156,266.0,270.0,134736
2022-04-22,273.04998779296875,276.45001220703125,267.0,273.04998779296875,78900
2022-04-25,266.95001220703125,269.5,259.0,269.5,81401
2022-04-26,271.25,274.95001220703125,263.0,269.45001220703125,71620
2022-04-27,272.75,279.0,265.04998779296875,274.25,75429
2022-04-28,273.8500061035156,285.0,269.0,270.0,88638
2022-04-29,262.3500061035156,285.70001220703125,261.5,285.70001220703125,51943
2022-05-02,261.29998779296875,271.6000061035156,255.0,270.0,48116
2022-05-03,266.5,268.3500061035156,255.1999969482422,255.1999969482422,32958
2022-05-04,267.04998779296875,269.0,261.8500061035156,266.5,36184
2022-05-05,253.60000610351562,272.0,248.14999389648438,267.0,83297
2022-05-06,250.89999389648438,255.8000030517578,245.0,254.5,49678
2022-05-09,233.9499969482422,255.0,232.5,255.0,63098
2022-05-10,235.89999389648438,241.89999389648438,228.0,239.0,73531
2022-05-11,250.25,253.14999389648438,243.0,243.9499969482422,66295
2022-05-12,253.8000030517578,257.0,245.0,252.0,49202
2022-05-13,259.6000061035156,261.95001220703125,253.39999389648438,255.0,82717
2022-05-16,269.8999938964844,272.5,260.5,263.5,74089
2022-05-17,271.0,283.0,270.0,278.0,117750
2022-05-19,270.20001220703125,273.95001220703125,260.0,269.0,86998
2022-05-20,262.0,278.95001220703125,259.0,278.95001220703125,57010
2022-05-23,272.8500061035156,272.95001220703125,255.0,264.95001220703125,82165
2022-05-24,273.1499938964844,274.8999938964844,266.0,270.0,21571
2022-05-26,281.8999938964844,287.8999938964844,280.5,285.79998779296875,173593
2022-05-27,281.6000061035156,285.95001220703125,281.0,281.8999938964844,48507
2022-05-30,283.3999938964844,287.95001220703125,280.0,284.95001220703125,11527
2022-05-31,282.1499938964844,289.0,279.0,285.0,68091
2022-06-01,278.0,283.0,276.0,276.0,23857
2022-06-02,277.20001220703125,281.0,274.5,278.0,51257
2022-06-03,274.20001220703125,276.0,271.3999938964844,275.0,44629
2022-06-06,279.25,280.0,271.70001220703125,273.1000061035156,132800
2022-06-07,281.95001220703125,284.0,275.0,279.1000061035156,35973
2022-06-08,283.75,286.5,279.6000061035156,285.0,37666
2022-06-09,280.29998779296875,284.0,274.0,280.0,34368
2022-06-10,279.25,280.0,274.0,280.0,41476
2022-06-13,270.5,278.0,265.0,268.0,18038
2022-06-14,262.70001220703125,272.95001220703125,257.0,270.3999938964844,49698
2022-06-15,265.70001220703125,268.0,257.0,263.5,53863
2022-06-16,254.39999389648438,259.0,252.0,259.0,35338
2022-06-21,261.25,263.20001220703125,247.10000610351562,252.0,86025
2022-06-22,257.79998779296875,268.70001220703125,255.0,261.0,38660
2022-06-23,245.8000030517578,257.0,241.85000610351562,257.0,96538
2022-06-24,242.60000610351562,248.6999969482422,238.0,248.6999969482422,100001
2022-06-27,256.3500061035156,259.3999938964844,243.25,245.85000610351562,59231
2022-06-28,270.0,270.0,258.6499938964844,261.54998779296875,149496
2022-06-29,262.0,271.8999938964844,260.0,271.8999938964844,94587
2022-06-30,260.5,262.95001220703125,251.0500030517578,262.95001220703125,35943
2022-07-01,266.20001220703125,270.0,257.0,260.5,42254
2022-07-04,258.8999938964844,266.0,254.0,264.0,23853
2022-07-05,267.45001220703125,281.0,260.25,260.25,78517
2022-07-06,278.3500061035156,280.0,259.5,271.0,42223
2022-07-07,301.1499938964844,306.0,280.0,280.0,93694
2022-07-08,311.75,312.0,298.6499938964844,307.70001220703125,263368
2022-07-11,305.20001220703125,312.0,295.0,312.0,70440
2022-07-12,299.8999938964844,305.5,298.0,302.20001220703125,117282
2022-07-13,295.8999938964844,302.6000061035156,289.0,299.0,101612
2022-07-14,286.8500061035156,294.45001220703125,284.0,291.6499938964844,79904
2022-07-15,293.3500061035156,295.0,286.0,287.79998779296875,54110
2022-07-18,301.75,304.45001220703125,297.0,300.0,68214
2022-07-19,311.25,313.0,301.75,301.75,93814
2022-07-20,298.3999938964844,317.75,297.0,317.75,159070
2022-07-21,314.8500061035156,323.0,299.0,299.0,102454
2022-07-22,313.45001220703125,314.75,306.0,312.0,150135
2022-07-25,327.6000061035156,328.0,310.5,319.0,76017
2022-07-26,328.3500061035156,336.0,324.0,330.0,72460
2022-07-27,351.1499938964844,356.20001220703125,323.0,330.0,219705
2022-07-28,371.04998779296875,378.0,341.0,351.6000061035156,214293
2022-07-29,349.6499938964844,377.45001220703125,347.29998779296875,374.0,198837
2022-08-01,331.54998779296875,360.0,325.5,360.0,208726
2022-08-02,329.0,339.3500061035156,321.5,332.0,121424
2022-08-03,329.95001220703125,335.0,323.5,323.5,109536
2022-08-04,331.45001220703125,336.45001220703125,325.0,331.0,164430
2022-08-05,339.29998779296875,341.5,331.5,331.5,159855
2022-08-08,354.6499938964844,355.0,340.5,343.0,132192
2022-08-09,344.20001220703125,359.0,342.0,356.0,72149
2022-08-10,343.8999938964844,356.8500061035156,338.0,344.20001220703125,107942
2022-08-11,359.8500061035156,360.25,343.45001220703125,350.0,104745
2022-08-12,377.6499938964844,384.20001220703125,360.0,361.0,148346
2022-08-16,358.1499938964844,373.45001220703125,355.04998779296875,373.45001220703125,234262
2022-08-17,363.3999938964844,368.70001220703125,358.5,358.5,97087
2022-08-18,385.25,389.0,370.1000061035156,373.45001220703125,137332
2022-08-19,390.0,392.0,368.0,384.0,252629
2022-08-22,393.79998779296875,394.5,378.0,388.75,143586
2022-08-23,414.1000061035156,415.0,389.0,396.5,129105
2022-08-24,419.75,424.0,410.0,419.0,98178
2022-08-25,422.3999938964844,428.0,413.0,413.0,118051
2022-08-26,423.0,426.0,416.0,426.0,156226
2022-08-29,439.70001220703125,445.1000061035156,416.0,425.0,199373
2022-08-30,409.54998779296875,438.0,406.0,438.0,396986
2022-08-31,394.54998779296875,415.0,393.5,407.95001220703125,132633
2022-09-01,384.0,405.0,381.29998779296875,395.0,192856
2022-09-05,407.79998779296875,410.0,396.0,399.0,67416
2022-09-06,399.0,405.5,391.0,400.0,176388
2022-09-07,431.1499938964844,433.3999938964844,393.0,399.0,254722
2022-09-08,417.5,439.1499938964844,411.0,435.0,287306
2022-09-09,427.3500061035156,432.1000061035156,411.29998779296875,430.0,111207
2022-09-12,449.1499938964844,454.0,432.0,432.0,262143
2022-09-13,436.70001220703125,452.95001220703125,427.95001220703125,449.0,169506
2022-09-14,471.54998779296875,473.29998779296875,442.0,442.0,240556
2022-09-15,466.54998779296875,485.0,463.0,485.0,153623
2022-09-16,465.5,474.20001220703125,454.0,465.0,187524
2022-09-19,491.3999938964844,495.0,460.0,475.0,139397
2022-09-20,475.3500061035156,495.0,471.70001220703125,495.0,99694
2022-09-21,474.5,485.0,460.0,481.0,327085
2022-09-22,487.5,489.0,462.20001220703125,474.5,68170
2022-09-23,450.54998779296875,477.0,447.0,477.0,169529
2022-09-26,427.95001220703125,450.54998779296875,423.0,450.54998779296875,111154
2022-09-27,428.04998779296875,445.75,421.25,440.0,111274
2022-09-28,446.75,447.5,427.75,440.8999938964844,68549
2022-09-29,452.95001220703125,462.0,438.0,448.0,144318
2022-09-30,458.54998779296875,464.0,453.0,455.0,44565
2022-10-03,474.79998779296875,489.20001220703125,461.0,461.0,87844
2022-10-04,480.8500061035156,492.0,474.04998779296875,485.0,93861
2022-10-05,508.79998779296875,511.95001220703125,476.75,489.0,150982
2022-10-06,511.5,530.0,508.0,530.0,97205
2022-10-11,477.25,509.8999938964844,475.0,509.8999938964844,92269
2022-10-12,480.25,483.5,472.6499938964844,477.25,43490
2022-10-13,496.25,509.45001220703125,471.0,479.0,41972
2022-10-14,475.95001220703125,498.0,470.0,498.0,43118
2022-10-17,471.95001220703125,488.95001220703125,468.29998779296875,485.0,75492
2022-10-18,474.6000061035156,483.95001220703125,464.0,472.1000061035156,48750
2022-10-19,471.70001220703125,480.0,465.04998779296875,471.0,207106
2022-10-20,477.95001220703125,490.0,475.8999938964844,481.3999938964844,71453
2022-10-21,491.1000061035156,495.1000061035156,483.5,495.1000061035156,131254
2022-10-24,475.8999938964844,491.1000061035156,472.25,491.1000061035156,67384
2022-10-25,482.3500061035156,490.0,476.0,476.0,56456
2022-10-26,499.3999938964844,515.0,481.79998779296875,482.0,138833
2022-10-27,522.4500122070312,526.0,498.0,501.0,199811
2022-10-28,522.9500122070312,531.5,510.0,523.0,107470
2022-10-31,536.75,537.75,523.0,527.0,136079
2022-11-01,556.8499755859375,558.0999755859375,537.0,537.0,102718
2022-11-02,552.2000122070312,562.7999877929688,541.5499877929688,552.0,183362
2022-11-03,561.75,563.0,532.7999877929688,550.0,74528
2022-11-04,575.2999877929688,582.8499755859375,565.0,570.0,71854
2022-11-07,558.5,598.5,557.0,585.0,137440
2022-11-08,540.0,560.0,522.0,550.0,168758
2022-11-09,509.95001220703125,550.0,507.0,542.0,106890
2022-11-10,506.04998779296875,525.0,501.0,525.0,83048
2022-11-11,527.0999755859375,533.2999877929688,505.0,505.0,110715
2022-11-14,552.0,554.0999755859375,523.0,550.0,154028
2022-11-15,570.0,584.5,554.0,555.0,326843
2022-11-16,570.0,589.9000244140625,555.0,580.0,132473
2022-11-17,570.0,579.9500122070312,553.0,579.9500122070312,108561
2022-11-18,576.0,582.5,558.0,580.0,109069
2022-11-22,598.0,599.0,570.0,576.0,130407
2022-11-23,585.0,612.0,576.9500122070312,600.0,141220
2022-11-24,595.0,600.0,582.5499877929688,582.5499877929688,48226
2022-11-25,606.5,620.0,585.0,600.0,110499
2022-11-28,602.0,624.75,586.0,602.0,215720
2022-11-29,644.0,647.0,603.5,620.0,169678
2022-11-30,650.0,660.0,640.0,642.0,158424
2022-12-01,657.0,667.9500122070312,630.0,646.0,319890
2022-12-02,645.0499877929688,664.0,630.9000244140625,660.0,166964
2022-12-05,626.0,668.5,624.0,660.0,286235
2022-12-06,625.5,654.0,618.5499877929688,643.9000244140625,196645
2022-12-07,641.4500122070312,660.0,634.0,658.0,213129
2022-12-12,626.5,628.0,589.0,613.9000244140625,526796
2022-12-13,609.0,640.0,606.0,625.0,195282
2022-12-14,596.0,620.0,580.5,605.0,167623
2022-12-15,592.5,617.0,584.5,617.0,160017
2022-12-16,604.0,604.4500122070312,586.0,598.7000122070312,119535
2022-12-19,626.0,641.5,603.0999755859375,604.0,173291
2022-12-20,639.7999877929688,643.0,625.0,625.0,12668
2022-12-21,687.5,687.5,647.0,649.9000244140625,213193
2022-12-22,704.0,706.0,677.5,688.0,211294
2022-12-23,727.0,727.0,692.0,704.5,155279
2022-12-26,753.5,770.75,715.0,727.0,121842
2022-12-27,782.9500122070312,783.0499877929688,726.75,755.0,214885
2022-12-28,791.9500122070312,812.0499877929688,770.0,785.25,321016
2022-12-29,803.0,828.0,784.0499877929688,788.0499877929688,208113
2022-12-30,812.9000244140625,825.0,774.7000122070312,817.0,70877
2023-01-02,839.0,850.0,815.0,818.0,229620
2023-01-03,797.0,831.9000244140625,797.0,827.0999755859375,346213
2023-01-04,790.4000244140625,818.9000244140625,771.0499877929688,797.5,297843
2023-01-05,838.0,849.6500244140625,787.9000244140625,790.0,194068
2023-01-06,828.5,870.0,827.1500244140625,850.0,240430
2023-01-09,834.0,870.75,822.5999755859375,855.0,164127
2023-01-10,797.75,853.5,795.0,853.5,150194
2023-01-11,788.0,809.9000244140625,777.6500244140625,798.0,342000
2023-01-12,824.9500122070312,834.9500122070312,791.0,791.5,264113
2023-01-13,830.0,845.0,820.0,845.0,124363
2023-01-16,872.0,873.0,829.0,842.0,130593
2023-01-17,848.0,884.0,840.0,860.0,272932
2023-01-18,778.0,868.0,771.0499877929688,864.0,377895
2023-01-19,733.5,775.0,699.1500244140625,769.0,620061
2023-01-20,762.0,766.1500244140625,735.0,747.0,370282
2023-01-23,793.9500122070312,829.0,770.0,770.0,396404
2023-01-24,817.0,817.0,775.0,799.0,359622
2023-01-25,862.0,865.5,800.0,816.5,340796
2023-01-26,858.4500122070312,880.0,847.0,870.0,305909
2023-01-27,833.0999755859375,868.7000122070312,830.2000122070312,860.0,258473
2023-01-30,796.5,848.0,795.0,848.0,222478
2023-01-31,830.0,836.4500122070312,800.0,822.9000244140625,159489
2023-02-01,811.0,847.0,799.0,836.4500122070312,169520
2023-02-02,804.0,835.0,796.0999755859375,815.0,164455
2023-02-03,771.0,827.0,767.8499755859375,808.5,154260
2023-02-06,774.0,780.0,755.4000244140625,770.4000244140625,253327
2023-02-07,800.4000244140625,821.0,783.0,783.0,182322
2023-02-08,840.5,842.0,801.0,819.5,159835
2023-02-09,810.0,855.0,800.1500244140625,842.0,148712
2023-02-10,835.0,838.0,806.0,812.0,103883
2023-02-13,858.0,869.2000122070312,825.0,845.0,195418
2023-02-14,875.0,888.0,857.0,860.0,195474
2023-02-15,867.5499877929688,876.0499877929688,839.0,870.5,155980
2023-02-16,875.0,889.8499755859375,856.0,880.0,125912
2023-02-17,839.0499877929688,876.0,821.0999755859375,876.0,130937
2023-02-22,825.5,849.0,814.0,839.0,115120
2023-02-23,850.0,850.0,830.0,830.0,110662
2023-02-24,840.0,860.0,832.5499877929688,860.0,59300
2023-02-27,840.0,864.0,831.0,846.0,159928
2023-02-28,834.5499877929688,857.0,800.0,849.0,96012
2023-03-01,837.0,855.0,808.5999755859375,835.0,80096
2023-03-02,805.0,846.9000244140625,802.4000244140625,833.0,143814
2023-03-03,801.5999755859375,819.5,779.5,804.0,184078
2023-03-06,837.0,837.0,784.0499877929688,797.0,284140
2023-03-07,805.2999877929688,852.0,799.0,839.0,127509
2023-03-08,811.5,821.0499877929688,800.0,804.0,118194
2023-03-09,798.0,830.0,798.0,824.0,87991
2023-03-10,781.0999755859375,810.0,765.9000244140625,805.0,134013
2023-03-13,740.0999755859375,775.4000244140625,737.3499755859375,775.4000244140625,207599
2023-03-14,714.9500122070312,777.0,706.5999755859375,754.2999877929688,209517
2023-03-15,665.6500244140625,702.8499755859375,664.0,702.8499755859375,293496
2023-03-16,710.7999877929688,714.6500244140625,665.0,670.0,207296
2023-03-17,707.9000244140625,716.9000244140625,680.0,709.0,183090
2023-03-20,693.0,720.0,687.0,707.9000244140625,136273
2023-03-21,724.0,730.0,699.0,704.1500244140625,378798
2023-03-22,724.75,749.0,700.0,724.0,324299
2023-03-23,708.0999755859375,737.2000122070312,702.7999877929688,728.0,232655
2023-03-27,767.0999755859375,768.2999877929688,709.0,709.0,115433
2023-03-28,787.0999755859375,795.0,757.0,770.0,162125
2023-03-29,814.5999755859375,818.0,788.0,788.0,180290
2023-03-30,831.2999877929688,834.25,807.25,815.0,72945
2023-03-31,824.75,861.0,813.0,834.25,198617
2023-04-03,861.9500122070312,865.0,834.0,834.0,97601
2023-04-04,836.25,862.7000122070312,825.0,857.4500122070312,153781
2023-04-05,830.2999877929688,845.0,814.0,816.7000122070312,143826
2023-04-10,844.5999755859375,848.4500122070312,829.2000122070312,829.2000122070312,83588
2023-04-11,866.2999877929688,882.25,850.0,850.0,213627
2023-04-12,896.2000122070312,903.75,870.0,870.0,330045
2023-04-13,908.5999755859375,912.0,886.7999877929688,901.0,298725
2023-04-14,917.2999877929688,940.0,900.0,912.0,276217
2023-04-17,934.6500244140625,939.3499755859375,913.25,920.0,376882
2023-04-18,947.75,972.0499877929688,923.5,934.6500244140625,277799
2023-04-19,893.0,928.0,886.9500122070312,928.0,412303
2023-04-20,894.1500244140625,908.0,871.5,892.9500122070312,179033
2023-04-21,938.6500244140625,948.5499877929688,895.3499755859375,909.5499877929688,223528
2023-04-24,992.7000122070312,999.0,938.75,938.75,203976
2023-04-25,1009.75,1028.9000244140625,971.0,981.4500122070312,513869
2023-04-26,1035.3499755859375,1043.949951171875,988.0,1019.0,269326
2023-04-27,1007.2000122070312,1050.0,1000.0,1050.0,209852
2023-04-28,1037.9000244140625,1045.699951171875,980.2000122070312,1007.5,336628
2023-05-02,1026.300048828125,1050.0,988.0,1050.0,98241
2023-05-03,982.3499755859375,1040.0,975.0,1040.0,112268
2023-05-04,971.2000122070312,993.9500122070312,965.0,993.9500122070312,120893
2023-05-05,1075.25,1078.0,980.0,980.0,200662
2023-05-08,1102.25,1105.800048828125,1077.0,1085.0,231757
2023-05-09,1111.699951171875,1130.800048828125,1070.0,1087.0,206421
2023-05-10,1101.8499755859375,1110.0,1030.0,1109.5,191949
2023-05-11,1153.050048828125,1156.0,1082.0,1099.75,143793
2023-05-12,1231.1500244140625,1239.6500244140625,1156.0,1157.0,436394
2023-05-15,1197.050048828125,1231.0999755859375,1161.5,1222.550048828125,306427
2023-05-16,1166.8499755859375,1239.5999755859375,1159.550048828125,1217.4000244140625,311891
2023-05-17,1211.949951171875,1235.75,1177.0,1177.0,240169
2023-05-18,1223.75,1235.0,1186.0,1210.25,136595
2023-05-19,1241.6500244140625,1270.0,1228.4000244140625,1243.0,155010
2023-05-22,1213.199951171875,1247.699951171875,1200.0,1241.5,159803
2023-05-23,1233.0,1273.75,1217.0,1220.0,324178
2023-05-24,1260.9000244140625,1263.0,1235.0,1239.0,217214
2023-05-29,1254.25,1270.0,1215.0,1249.0,73947
2023-05-30,1229.449951171875,1237.8499755859375,1208.0,1227.199951171875,108836
2023-05-31,1201.1500244140625,1238.5,1176.0,1229.449951171875,190862
2023-06-01,1274.25,1277.0,1215.0,1215.0,197470
2023-06-02,1272.5999755859375,1277.949951171875,1230.0,1276.5999755859375,284650
2023-06-05,1277.6500244140625,1295.0,1251.0,1288.0,330566
2023-06-06,1284.0999755859375,1345.0,1281.4000244140625,1290.0,425713
2023-06-07,1283.5999755859375,1301.3499755859375,1272.050048828125,1290.0,224014
2023-06-08,1295.5,1330.300048828125,1276.0,1316.0,220391
2023-06-09,1276.0999755859375,1315.8499755859375,1265.0,1282.0,130032
2023-06-12,1273.75,1290.0,1239.0,1261.0,152705
2023-06-13,1232.5,1297.800048828125,1220.5,1297.800048828125,291347
2023-06-14,1217.050048828125,1252.3499755859375,1200.0,1240.0,291191
2023-06-15,1262.9000244140625,1278.0,1230.0,1250.0,212604
2023-06-16,1355.550048828125,1365.449951171875,1255.300048828125,1280.0,434061
2023-06-21,1415.5999755859375,1418.8499755859375,1360.050048828125,1380.0,565673
2023-06-22,1340.1500244140625,1394.3499755859375,1330.0,1394.3499755859375,354650
2023-06-23,1370.6500244140625,1381.4000244140625,1335.9000244140625,1344.9000244140625,184165
2023-06-26,1422.5999755859375,1449.0,1366.949951171875,1430.0,303766
2023-06-27,1344.9000244140625,1420.0,1331.449951171875,1407.0,360153
2023-06-28,1299.800048828125,1398.0,1250.0,1380.0,445306
2023-06-29,1350.199951171875,1359.0,1305.0,1313.199951171875,516553
2023-06-30,1414.5999755859375,1420.0,1347.199951171875,1365.0,234369
2023-07-03,1424.300048828125,1500.0,1382.5999755859375,1413.0,328172
2023-07-04,1458.5,1495.0,1415.0,1440.0,92644
2023-07-05,1424.0999755859375,1447.800048828125,1392.0,1411.8499755859375,326289
2023-07-06,1354.300048828125,1420.3499755859375,1340.0,1420.3499755859375,171883
2023-07-07,1424.5999755859375,1427.0,1353.0,1380.0,151572
2023-07-10,1394.550048828125,1425.800048828125,1388.0,1422.0,171076
2023-07-11,1375.800048828125,1396.300048828125,1364.0,1393.5,136341
2023-07-12,1394.199951171875,1410.0,1370.25,1399.5,187608
2023-07-13,1437.550048828125,1440.0,1403.6500244140625,1410.5,150843
2023-07-14,1397.699951171875,1435.550048828125,1380.0,1434.050048828125,152898
2023-07-17,1448.75,1471.0,1419.949951171875,1421.8499755859375,126350
2023-07-18,1451.5999755859375,1477.5,1441.5999755859375,1450.0,119981
2023-07-19,1413.1500244140625,1463.0,1400.0,1463.0,118739
2023-07-20,1428.5999755859375,1432.3499755859375,1401.0,1430.0,86994
2023-07-21,1481.550048828125,1486.3499755859375,1414.0,1428.5,159546
2023-07-24,1440.050048828125,1497.5999755859375,1428.5,1497.5999755859375,118494
2023-07-25,1446.9000244140625,1458.0,1403.0,1443.1500244140625,171024
2023-07-26,1438.1500244140625,1464.0,1400.0,1440.0,102751
2023-07-27,1339.199951171875,1440.0,1335.0,1440.0,137794
2023-07-28,1362.449951171875,1392.5,1346.5999755859375,1348.0,110921
2023-07-31,1366.5999755859375,1389.1500244140625,1355.3499755859375,1362.449951171875,110900
2023-08-01,1335.3499755859375,1383.0,1324.050048828125,1380.0,243801
2023-08-02,1308.949951171875,1354.9000244140625,1287.0,1340.0,221141
2023-08-03,1326.8499755859375,1349.0,1292.3499755859375,1312.0,215210
2023-08-04,1355.800048828125,1400.0,1320.0,1320.0,270609
2023-08-07,1360.050048828125,1383.0,1352.5,1360.0,349629
2023-08-08,1392.1500244140625,1471.800048828125,1375.300048828125,1375.300048828125,341168
2023-08-09,1414.4000244140625,1444.3499755859375,1379.199951171875,1392.0,181190
2023-08-10,1461.5,1478.0,1405.199951171875,1414.0,219404
2023-08-11,1490.4000244140625,1500.0,1429.800048828125,1500.0,221769
2023-08-14,1523.8499755859375,1594.0,1427.1500244140625,1433.0,304680
2023-08-15,1679.0,1681.949951171875,1524.0,1524.0,246362
2023-08-16,1804.050048828125,1871.050048828125,1703.5,1703.5,583249
2023-08-17,1957.800048828125,1968.0,1810.0,1811.4000244140625,402413
2023-08-18,1930.25,1938.699951171875,1872.0,1912.550048828125,229604
2023-08-22,1947.5999755859375,1952.0,1860.199951171875,1930.0,315303
2023-08-23,2001.75,2005.699951171875,1940.0,1947.0,205554
2023-08-24,1968.6500244140625,2023.800048828125,1954.199951171875,1992.300048828125,206310
2023-08-25,1996.050048828125,2024.0,1950.0,1950.0,247527
2023-08-28,2069.050048828125,2077.39990234375,2000.0,2024.0,360734
2023-08-29,2075.800048828125,2162.800048828125,2050.0,2080.0,289633
2023-08-30,2026.0,2119.449951171875,2021.300048828125,2090.0,181732
2023-08-31,1977.25,2084.39990234375,1956.0,2075.0,199112
2023-09-01,1924.8499755859375,1992.5999755859375,1920.6500244140625,1992.5999755859375,115199
2023-09-04,1898.75,1950.0,1820.0,1921.0,64809
2023-09-05,1828.5999755859375,1894.8499755859375,1800.0,1894.8499755859375,281964
2023-09-06,1777.550048828125,1861.300048828125,1775.0,1820.0,181432
2023-09-07,1682.050048828125,1775.800048828125,1668.5,1774.5999755859375,303234
2023-09-08,1611.75,1781.75,1586.0,1677.0,367350
2023-09-11,1548.800048828125,1642.949951171875,1514.0,1614.0,379410
2023-09-12,1667.5999755859375,1675.4000244140625,1513.199951171875,1540.0,500788
2023-09-13,1706.949951171875,1749.0,1650.0,1672.25,284973
2023-09-14,1754.199951171875,1776.25,1702.3499755859375,1750.0,284634
2023-09-15,1681.800048828125,1800.0,1678.0,1800.0,208654
2023-09-18,1802.25,1815.0,1665.0,1686.0,278307
2023-09-19,1754.4000244140625,1830.0,1711.699951171875,1815.0,240110
2023-09-20,1678.5999755859375,1759.9000244140625,1672.0,1740.0,225060
2023-09-21,1631.6500244140625,1680.0,1600.0,1677.8499755859375,196480
2023-09-22,1633.5999755859375,1698.5999755859375,1626.9000244140625,1649.3499755859375,128879
2023-09-25,1592.550048828125,1670.0,1589.5999755859375,1670.0,92179
2023-09-26,1613.300048828125,1632.8499755859375,1562.0,1591.0,198527
2023-09-27,1679.0,1711.75,1606.0,1606.0,159084
2023-09-28,1749.0999755859375,1760.0,1685.0,1685.0,188888
2023-09-29,1674.6500244140625,1750.0,1650.0,1721.0,246738
2023-10-02,1654.699951171875,1716.0,1600.0,1684.0999755859375,237462
2023-10-03,1674.449951171875,1695.5,1626.699951171875,1656.0,474798
2023-10-04,1837.199951171875,1844.0,1663.300048828125,1680.0,251020
2023-10-05,1896.0999755859375,1922.0,1840.0,1844.0,485834
2023-10-06,1907.0,1959.75,1893.199951171875,1900.3499755859375,287934
2023-10-09,1952.550048828125,1981.949951171875,1907.0,1907.0,234572
2023-10-10,2154.85009765625,2251.0,1960.0,1960.0,416213
2023-10-11,2273.300048828125,2284.0,2000.0,2200.0,728551
2023-10-12,2347.449951171875,2380.0,2210.0,2280.0,884980
2023-10-17,2568.050048828125,2633.0,2346.0,2400.0,1142387
2023-10-18,2608.89990234375,2670.0,2440.800048828125,2590.0,735590
2023-10-19,2535.39990234375,2614.949951171875,2435.25,2608.85009765625,415489
2023-10-20,2594.699951171875,2795.0,2454.25,2540.0,587236
2023-10-23,2270.0,2500.0,2257.39990234375,2500.0,179905
2023-10-24,2083.25,2410.199951171875,2038.8499755859375,2300.0,506499
2023-10-25,2194.449951171875,2200.0,1958.0,2107.0,434481
2023-10-26,2105.050048828125,2249.949951171875,2025.0,2201.0,138318
2023-10-27,1999.6500244140625,2099.0,1960.0,2079.25,188030
2023-10-30,1780.6500244140625,1990.75,1695.0,1980.0,304651
2023-10-31,1751.699951171875,1849.949951171875,1712.300048828125,1781.0,25681
2023-11-01,1922.9000244140625,1943.949951171875,1769.949951171875,1769.949951171875,145954
2023-11-02,1943.9000244140625,2014.0999755859375,1913.699951171875,1950.0,129626
2023-11-03,1830.0,2020.0,1802.0,2020.0,498210
2023-11-07,1750.1500244140625,1850.0,1741.0,1850.0,176379
2023-11-08,1680.300048828125,1829.0,1671.0,1751.0,264913
2023-11-09,1737.5,1792.800048828125,1605.0,1680.0,162835
2023-11-10,1820.75,1875.0,1737.0,1738.0,290860
2023-11-13,1762.050048828125,1893.0,1747.550048828125,1860.0,69798
2023-11-14,1807.800048828125,1865.0,1745.0,1765.0,103221
2023-11-15,1790.25,1877.699951171875,1740.0,1816.0,160120
2023-11-16,1739.449951171875,1800.0,1700.0999755859375,1790.0,157407
2023-11-17,1893.8499755859375,1915.0,1700.0,1705.0,233251
2023-11-21,2485.64990234375,2634.0,2170.0,2170.0,717061
2023-11-22,2581.60009765625,2730.0,2391.14990234375,2485.550048828125,539351
2023-11-23,2823.550048828125,2859.0,2573.0,2580.0,245760
2023-11-24,3218.25,3299.0,2610.0,2820.0,464451
2023-11-27,2640.300048828125,3225.0,2626.0,3225.0,1121807
2023-11-28,2399.64990234375,2740.0,2337.949951171875,2701.0,553628
2023-11-29,2361.949951171875,2515.0,2340.0,2391.0,306088
2023-11-30,2410.0,2423.0,2250.0,2350.0,185534
2023-12-01,2560.449951171875,2588.0,2380.14990234375,2490.0,244932
2023-12-04,2415.85009765625,2699.0,2390.0,2610.0,443474
2023-12-05,2493.75,2566.5,2415.0,2459.0,650877
2023-12-06,2511.050048828125,2600.0,2393.0,2523.0,840077
2023-12-07,2772.5,2785.0,2530.0,2561.0,716227
2023-12-11,2896.300048828125,2989.0,2702.0,2800.0,550355
2023-12-12,3044.85009765625,3100.0,2795.25,2900.0,703746
2023-12-13,3083.39990234375,3324.0,2916.0,3190.0,345517
2023-12-14,3131.199951171875,3180.0,3005.5,3080.0,416464
2023-12-15,3039.10009765625,3256.0,2961.800048828125,3256.0,451709
2023-12-18,2985.35009765625,3130.0,2902.85009765625,3050.0,202210
2023-12-19,2847.699951171875,3097.89990234375,2831.5,3000.0,385737
2023-12-20,2873.949951171875,2968.550048828125,2801.0,2875.0,359975
2023-12-21,2880.800048828125,3012.199951171875,2731.64990234375,2920.0,382364
2023-12-22,2930.050048828125,2988.25,2833.0,2950.0,206818
2023-12-26,2869.800048828125,3057.0,2824.64990234375,2955.0,393687
2023-12-27,2747.199951171875,2940.0,2730.0,2900.0,295949
2023-12-28,2859.0,2900.0,2670.0,2754.0,398676
2023-12-29,2956.14990234375,2970.0,2750.0,2859.0,327898
2024-01-02,3045.300048828125,3070.0,2895.0,2956.14990234375,878132
2024-01-03,3152.25,3180.0,2957.25,3080.0,238601
2024-01-04,3212.300048828125,3250.0,3100.0,3180.0,227617
2024-01-05,3238.199951171875,3280.0,3090.0,3222.0,262932
2024-01-08,3411.050048828125,3474.949951171875,3253.0,3283.0,267210
2024-01-09,3244.39990234375,3543.0,3210.0,3460.0,298372
2024-01-10,3330.800048828125,3350.0,3250.0,3250.0,223381
2024-01-11,3237.60009765625,3498.0,3189.0,3350.0,199404
2024-01-12,3315.64990234375,3340.0,3165.0,3241.0,170307
2024-01-15,3397.199951171875,3440.0,3250.0,3325.0,78785
2024-01-16,3413.949951171875,3504.5,3360.0,3400.0,190936
2024-01-17,3647.449951171875,3660.0,3425.0,3543.0,262608
2024-01-18,3564.60009765625,3780.0,3534.050048828125,3700.0,288091
2024-01-19,3756.0,3771.0,3550.0,3600.0,199982
2024-01-22,3865.35009765625,3920.0,3732.0,3764.0,189171
2024-01-23,3797.5,3998.0,3706.800048828125,3865.35009765625,104088
2024-01-24,3846.300048828125,3939.5,3763.050048828125,3880.0,286323
2024-01-25,3946.199951171875,4050.0,3820.0,3854.0,142737
2024-01-26,3803.800048828125,3992.0,3772.10009765625,3948.199951171875,123793
2024-01-29,3795.199951171875,3856.0,3560.0,3830.0,102801
2024-01-30,3879.0,3901.5,3800.0,3810.0,152296
2024-01-31,3798.35009765625,3955.0,3700.0,3880.0,164739
2024-02-01,3967.10009765625,4005.0,3760.0,3798.5,206424
2024-02-02,3956.5,4079.0,3895.0,4000.0,216245
2024-02-05,3733.449951171875,4020.0,3620.0,3979.0,179514
2024-02-06,3601.5,3900.0,3580.0,3733.5,126377
2024-02-07,3313.300048828125,3580.0,3240.5,3510.0,393208
2024-02-08,3224.85009765625,3399.0,3098.0,3320.0,256554
2024-02-09,3276.64990234375,3348.949951171875,3100.0,3221.0,278315
2024-02-14,3144.050048828125,3350.0,3000.0,3325.0,196300
2024-02-15,3145.39990234375,3259.0,3123.0,3215.0,129359
2024-02-16,3028.449951171875,3247.0,2960.0,3155.0,193364
2024-02-19,3009.699951171875,3098.0,2925.0,3030.10009765625,231415
2024-02-20,2971.85009765625,3079.0,2946.64990234375,3009.699951171875,231599
2024-02-21,2905.60009765625,3024.949951171875,2890.0,2971.0,188820
2024-02-22,3116.949951171875,3129.25,2862.5,2900.0,393134
2024-02-23,3223.14990234375,3257.949951171875,3040.0,3117.0,208421
2024-02-26,3029.10009765625,3278.5,3017.050048828125,3200.0,182453
2024-02-27,2856.800048828125,3090.0,2820.0,3030.0,482652
2024-02-28,2787.5,2924.949951171875,2783.449951171875,2874.85009765625,251740
2024-02-29,2779.949951171875,2960.0,2755.0,2785.0,187191
2024-03-01,2900.699951171875,2941.949951171875,2803.0,2803.0,204779
2024-03-04,2882.300048828125,3099.0,2840.0,3040.0,218688
2024-03-05,2678.75,2942.5,2672.10009765625,2870.0,176046
2024-03-06,2591.85009765625,2779.39990234375,2533.64990234375,2686.5,290705
2024-03-07,2514.5,2685.0,2496.60009765625,2629.0,320271
2024-03-08,2560.25,2598.0,2441.949951171875,2530.0,627777
2024-03-11,2463.550048828125,2587.60009765625,2438.0,2565.0,455876
2024-03-12,2683.39990234375,2692.39990234375,2465.0,2500.0,433859
2024-03-13,2599.449951171875,2798.39990234375,2550.050048828125,2720.0,1266490
2024-03-14,2600.050048828125,2650.0,2547.14990234375,2600.0,625647
2024-03-15,2738.800048828125,2748.0,2595.0,2595.0,250857
2024-03-18,2926.39990234375,2948.0,2750.0,2799.0,507400
2024-03-19,2941.60009765625,3054.800048828125,2929.85009765625,3000.0,467519
2024-03-20,3131.0,3149.0,2939.0,2939.0,277707
2024-03-21,3190.699951171875,3226.449951171875,3026.89990234375,3149.0,290910
2024-03-22,3264.64990234375,3276.64990234375,3124.0,3186.550048828125,221929
2024-03-25,3177.25,3392.0,3166.14990234375,3301.0,175646
2024-03-26,3248.199951171875,3281.89990234375,3111.0,3180.0,140915
2024-03-27,3279.35009765625,3320.0,3200.0,3319.0,195771
2024-04-03,3625.25,3649.949951171875,3360.0,3360.0,1456215
2024-04-04,3500.050048828125,3779.800048828125,3461.5,3668.0,730349
2024-04-05,3731.449951171875,3960.0,3618.5,3675.050048828125,1633041
2024-04-08,3640.949951171875,3880.0,3581.0,3770.0,632475
2024-04-09,3500.75,3690.0,3435.0,3649.0,669211
2024-04-10,3423.550048828125,3530.0,3324.0,3500.0,210955
2024-04-11,3489.199951171875,3519.5,3353.0,3446.0,15187
2024-04-12,3495.89990234375,3554.0,3375.0,3481.0,230629
2024-04-15,3335.199951171875,3521.0,3291.0,3490.0,491050
2024-04-16,3372.35009765625,3419.949951171875,3190.050048828125,3340.0,584509
2024-04-17,3320.35009765625,3424.60009765625,3270.050048828125,3400.0,222336
2024-04-18,3305.85009765625,3390.0,3271.5,3325.0,239470
2024-04-19,3397.0,3448.14990234375,3310.0,3400.0,231430
2024-04-22,3594.699951171875,3636.0,3420.0,3420.0,426691
2024-04-23,3486.85009765625,3630.0,3393.0,3600.0,288278
2024-04-24,3341.550048828125,3484.550048828125,3335.0,3481.35009765625,276974
2024-04-25,3510.550048828125,3530.300048828125,3300.0,3340.0,187048
2024-04-26,3627.449951171875,3647.0,3516.800048828125,3600.0,69304
2024-04-29,3799.300048828125,3867.75,3630.0,3630.0,210503
2024-04-30,3862.199951171875,3950.0,3818.300048828125,3852.0,357581
2024-05-02,4161.2998046875,4180.0,3924.10009765625,3940.0,305335
2024-05-03,4289.10009765625,4468.39990234375,4190.0,4200.0,502999
2024-05-06,4368.0,4394.25,4170.0,4315.0,493731
2024-05-07,4271.35009765625,4405.0,4154.0,4338.0,411027
2024-05-08,4178.5,4379.0,4161.10009765625,4293.0,238701
2024-05-09,4120.14990234375,4185.9501953125,4048.14990234375,4180.0,200954
2024-05-10,4012.300048828125,4190.0,4001.0,4120.0,159498
2024-05-13,3949.800048828125,4050.0,3868.800048828125,4025.0,201509
2024-05-14,4124.25,4129.0,3900.0,3900.0,138394
2024-05-15,4295.14990234375,4350.0498046875,4160.0,4160.0,470509
2024-05-16,4283.2998046875,4316.60009765625,4135.0,4315.0,267515
2024-05-17,4187.5498046875,4296.5,4159.2998046875,4295.5,164567
2024-05-20,4444.7998046875,4452.0,4030.949951171875,4138.2998046875,268738
2024-05-21,4622.5,4637.0498046875,4410.75,4413.5,258511
2024-05-22,4552.7001953125,4648.0,4467.10009765625,4648.0,264803
2024-05-23,4488.7998046875,4700.0,4468.5498046875,4600.0,158306
2024-05-24,4451.7001953125,4599.60009765625,4400.0,4463.9501953125,189232
2024-05-27,4729.9501953125,4782.0,4455.0,4455.0,130610
2024-05-28,4748.2001953125,4850.0,4500.0,4850.0,389809
2024-05-29,4592.2001953125,4745.85009765625,4550.0,4745.85009765625,297051
2024-05-30,4963.5,4990.0,4630.85009765625,4663.0,444058
2024-05-31,4898.60009765625,4973.25,4738.10009765625,4940.0,236293
2024-06-03,4905.4501953125,5000.0,4870.0,4900.0,256752
2024-06-04,4668.5,4920.0,4600.0,4920.0,213048
2024-06-05,4639.35009765625,4737.85009765625,4320.0,4680.0,214014
2024-06-06,4467.10009765625,4663.9501953125,4434.85009765625,4572.0498046875,181559
2024-06-07,4463.5,4629.89990234375,4438.10009765625,4478.0,134341
2024-06-10,4736.4501953125,4758.25,4420.0498046875,4463.0,170867
2024-06-11,4656.85009765625,4743.89990234375,4564.5,4725.0,170206
2024-06-12,4619.4501953125,4769.0,4588.0,4600.0,354591
2024-06-13,4867.7998046875,4904.0,4570.0,4801.0,786396
2024-06-14,4838.5,4872.0,4685.0,4872.0,394833
2024-06-18,4664.39990234375,4760.0,4600.0,4730.4501953125,209435
2024-06-19,4832.10009765625,4841.0,4678.9501953125,4680.0,106750
2024-06-24,4877.25,4882.5,4706.0498046875,4843.0,139962
2024-06-25,4889.2998046875,4951.0,4850.5498046875,4890.0,189058
2024-06-26,4859.0,4995.9501953125,4761.2001953125,4898.0,281596
2024-06-27,5211.2998046875,5248.9501953125,4844.0,4900.0,341738
2024-06-28,5164.75,5258.10009765625,4940.0,5208.0,277995
2024-07-01,5073.10009765625,5190.0,4946.4501953125,5150.0,236300
2024-07-02,5172.5498046875,5240.0,5073.10009765625,5073.89990234375,151194
2024-07-03,4915.85009765625,5235.0,4830.0,5200.0,427412
2024-07-04,4960.7998046875,4984.9501953125,4919.0,4980.0,92236
2024-07-05,5033.0498046875,5184.89990234375,4980.0,4980.0,258557
2024-07-08,5088.5498046875,5099.0,4987.2001953125,5099.0,230417
2024-07-10,5210.0,5250.0,5050.0,5170.0,217287
2024-07-11,5300.0,5350.0,5120.0,5250.0,269861
2024-07-12,5390.0,5412.0,5220.0,5290.0,256779
2024-07-15,4675.0,5340.0,4650.0,5340.0,308784
2024-07-16,4570.0,4675.0,4350.0,4670.0,267636
2024-07-17,4465.0,4620.0,4455.0,4620.0,161532
2024-07-18,4425.0,4595.0,4380.0,4465.0,299815
2024-07-19,4595.0,4630.0,4445.0,4450.0,300537
2024-07-22,4725.0,4775.0,4665.0,4665.0,204402
2024-07-23,4950.0,4990.0,4720.0,4750.0,265348
2024-07-24,4765.0,4985.0,4740.0,4985.0,216046
2024-07-25,4650.0,4755.0,4575.0,4715.0,280186
2024-07-26,4600.0,4780.0,4550.0,4685.0,167272
2024-07-29,4440.0,4650.0,4405.0,4645.0,110824
2024-07-30,4215.0,4480.0,4185.0,4445.0,161202
2024-07-31,4540.0,4605.0,4265.0,4290.0,8207
2024-08-01,4455.0,4660.0,4400.0,4660.0,232081
2024-08-02,4280.0,4380.0,4240.0,4380.0,217901
2024-08-05,4430.0,4520.0,3915.0,4000.0,720597
2024-08-06,4665.0,4695.0,4425.0,4460.0,320600
2024-08-07,4525.0,4740.0,4485.0,4725.0,313727
2024-08-08,4665.0,4745.0,4575.0,4575.0,199531
2024-08-09,5030.0,5040.0,4680.0,4700.0,554493
2024-08-12,5040.0,5060.0,4910.0,5030.0,171165
2024-08-13,4910.0,5120.0,4885.0,5070.0,192634
2024-08-14,4800.0,5050.0,4785.0,4905.0,300807
2024-08-15,4965.0,5050.0,4815.0,4830.0,301145
2024-08-16,5020.0,5110.0,4965.0,4985.0,263318
2024-08-19,4995.0,5120.0,4905.0,5050.0,239205
2024-08-20,4975.0,5100.0,4950.0,4995.0,219277
2024-08-21,4885.0,5070.0,4805.0,5070.0,132183
2024-08-22,4705.0,4840.0,4670.0,4810.0,243727
2024-08-23,4780.0,4850.0,4720.0,4720.0,287728
2024-08-26,4760.0,4870.0,4720.0,4800.0,153879
2024-08-27,4815.0,4830.0,4720.0,4760.0,135102
2024-08-28,4805.0,4815.0,4700.0,4800.0,153458
2024-08-29,4805.0,4875.0,4765.0,4800.0,226303
2024-08-30,4995.0,5060.0,4930.0,4935.0,490484
2024-09-02,5080.0,5190.0,4935.0,5030.0,183800
2024-09-03,5030.0,5060.0,4925.0,5060.0,303484
2024-09-04,5280.0,5320.0,5030.0,5060.0,296598
2024-09-05,5290.0,5580.0,5240.0,5420.0,356867
2024-09-06,5110.0,5390.0,4975.0,5330.0,188373
2024-09-09,5150.0,5290.0,5000.0,5140.0,161244
2024-09-10,4995.0,5140.0,4820.0,5140.0,362566
2024-09-11,5130.0,5220.0,4960.0,5020.0,119651
2024-09-12,5230.0,5260.0,5100.0,5130.0,124303
2024-09-13,5300.0,5320.0,5180.0,5230.0,174613
2024-09-16,5300.0,5440.0,5250.0,5380.0,176857
2024-09-17,5200.0,5300.0,5170.0,5250.0,150600
2024-09-18,5090.0,5240.0,4950.0,5240.0,280864
2024-09-19,5120.0,5190.0,5090.0,5150.0,286349
2024-09-20,5030.0,5170.0,4960.0,5170.0,151452
2024-09-23,5000.0,5080.0,4880.0,5000.0,179187
2024-09-24,5140.0,5260.0,4880.0,5010.0,470535
2024-09-25,5020.0,5230.0,4995.0,5140.0,230820
2024-09-26,4750.0,5070.0,4730.0,5070.0,407657
2024-09-27,4640.0,4830.0,4580.0,4760.0,605814
2024-09-30,4550.0,4660.0,4490.0,4640.0,177878
2024-10-01,4690.0,4765.0,4500.0,4590.0,316479
2024-10-02,4590.0,4770.0,4575.0,4740.0,327804
2024-10-03,4740.0,4775.0,4600.0,4600.0,223031
2024-10-04,4820.0,4900.0,4700.0,4750.0,297429
2024-10-07,4710.0,4800.0,4650.0,4800.0,179434
2024-10-08,4685.0,4735.0,4615.0,4710.0,173781
2024-10-09,4955.0,5030.0,4595.0,4690.0,553364
2024-10-10,4915.0,5060.0,4900.0,4900.0,204381
2024-10-14,4975.0,5070.0,4805.0,5070.0,190488
2024-10-15,4905.0,5010.0,4825.0,4900.0,262419
2024-10-16,4815.0,5020.0,4805.0,4885.0,222830
2024-10-17,4900.0,4945.0,4810.0,4810.0,194080
2024-10-18,5040.0,5050.0,4840.0,4910.0,219911
2024-10-21,5110.0,5140.0,4920.0,4995.0,235007
2024-10-22,5060.0,5160.0,5050.0,5110.0,190025
2024-10-23,4980.0,5050.0,4890.0,4950.0,150614
2024-10-24,5160.0,5200.0,4940.0,4950.0,224013
2024-10-25,5190.0,5340.0,5160.0,5160.0,236038
2024-10-28,5110.0,5380.0,5060.0,5270.0,210684
2024-10-29,5190.0,5310.0,5030.0,5230.0,239396
2024-10-30,5190.0,5270.0,5070.0,5200.0,310048
2024-10-31,5200.0,5240.0,5060.0,5090.0,191557
2024-11-01,5300.0,5450.0,5230.0,5230.0,153030
2024-11-04,5480.0,5590.0,5240.0,5300.0,282160
2024-11-05,5450.0,5600.0,5310.0,5600.0,348492
2024-11-06,5340.0,5800.0,5300.0,5690.0,379498
2024-11-07,5580.0,5610.0,5310.0,5400.0,344719
2024-11-08,5400.0,5850.0,5150.0,5610.0,289056
2024-11-11,5480.0,5530.0,5200.0,5400.0,200514
2024-11-12,5680.0,5720.0,5380.0,5470.0,327798
2024-11-13,5960.0,5970.0,5700.0,5700.0,600511
2024-11-14,6270.0,6370.0,5970.0,5970.0,496707
2024-11-15,6110.0,6760.0,6010.0,6300.0,773789
2024-11-19,6280.0,6600.0,6200.0,6440.0,1149300
2024-11-20,6290.0,6430.0,6200.0,6430.0,653645
2024-11-21,6380.0,6560.0,6270.0,6350.0,702587
2024-11-22,6580.0,6620.0,6360.0,6500.0,3064909
2024-11-25,6500.0,6850.0,6430.0,6520.0,530644
2024-11-26,6430.0,6610.0,6200.0,6500.0,475628
2024-11-27,6490.0,6530.0,6300.0,6500.0,354089
2024-11-28,6620.0,6620.0,6300.0,6500.0,181930
2024-11-29,6600.0,6680.0,6460.0,6600.0,324648
2024-12-02,6440.0,6690.0,6420.0,6690.0,876275
2024-12-03,6540.0,6670.0,6390.0,6490.0,331283
2024-12-04,6260.0,6650.0,6120.0,6620.0,668901
2024-12-05,6150.0,6410.0,6090.0,6300.0,381049
2024-12-06,6090.0,6350.0,5880.0,6150.0,253210
2024-12-09,6170.0,6220.0,5990.0,6090.0,290143
2024-12-10,6140.0,6270.0,6040.0,6170.0,274823
2024-12-11,6510.0,6540.0,6120.0,6160.0,260804
2024-12-12,6510.0,6570.0,6380.0,6530.0,546196
2024-12-13,6490.0,6640.0,6470.0,6550.0,381656
2024-12-16,6700.0,6730.0,6500.0,6590.0,706621
2024-12-17,6860.0,6900.0,6700.0,6750.0,469910
2024-12-18,6640.0,7100.0,6600.0,6990.0,628973
2024-12-19,6370.0,6890.0,6330.0,6640.0,384399
2024-12-20,6600.0,6630.0,6130.0,6370.0,377982
2024-12-23,6580.0,6800.0,6440.0,6680.0,295624
2024-12-24,6760.0,6790.0,6510.0,6600.0,48278
2024-12-26,6950.0,6980.0,6650.0,6740.0,311069
2024-12-27,7080.0,7100.0,6840.0,6940.0,282036
2024-12-30,7020.0,7250.0,6870.0,7070.0,301236
2025-01-02,7690.0,7730.0,7030.0,7060.0,550497
2025-01-03,7760.0,8200.0,7330.0,7750.0,796339
2025-01-06,7730.0,8170.0,7550.0,7810.0,501416
2025-01-07,7990.0,8150.0,7660.0,7850.0,605619
2025-01-08,7910.0,8250.0,7600.0,8030.0,597771
2025-01-09,7970.0,8190.0,7890.0,8100.0,278876
2025-01-10,7650.0,8070.0,7430.0,8030.0,922665
2025-01-13,7040.0,7660.0,7010.0,7650.0,498961
2025-01-14,7260.0,7420.0,7020.0,7070.0,636494
2025-01-15,7120.0,7540.0,7030.0,7350.0,480476
2025-01-16,6870.0,7330.0,6600.0,7130.0,577559
2025-01-17,6720.0,7350.0,6610.0,6950.0,448881
2025-01-20,6690.0,7090.0,6660.0,6790.0,174119
2025-01-21,7010.0,7020.0,6690.0,6800.0,347203
2025-01-22,7330.0,7350.0,6930.0,7100.0,386335
2025-01-23,7020.0,7320.0,7000.0,7230.0,428223
2025-01-24,6750.0,7080.0,6500.0,7080.0,322345
2025-01-27,6450.0,6740.0,6320.0,6700.0,461032
2025-01-28,6360.0,6710.0,6150.0,6500.0,597292
2025-01-29,6760.0,6770.0,6300.0,6390.0,573131
2025-01-30,7000.0,7030.0,6770.0,6830.0,236415
2025-01-31,6750.0,7180.0,6680.0,7000.0,422406
2025-02-03,6630.0,6740.0,6270.0,6600.0,423583
2025-02-04,6750.0,6800.0,6640.0,6700.0,160026
2025-02-05,6680.0,6870.0,6540.0,6770.0,129200
2025-02-06,6570.0,6780.0,6550.0,6680.0,198537
2025-02-07,6310.0,6660.0,6200.0,6630.0,472970
2025-02-10,6310.0,6470.0,6100.0,6380.0,414545
2025-02-11,6090.0,6380.0,5940.0,6350.0,1264316
2025-02-12,6200.0,6390.0,5800.0,6000.0,461917
2025-02-13,6610.0,6670.0,6270.0,6290.0,366948
2025-02-14,6620.0,6740.0,6480.0,6660.0,260576
2025-02-17,6170.0,6460.0,6100.0,6460.0,919084
2025-02-18,6730.0,6790.0,6140.0,6150.0,828489
2025-02-19,6640.0,6890.0,6600.0,6880.0,380097
2025-02-20,6810.0,6850.0,6520.0,6600.0,204939
2025-02-21,6630.0,7000.0,6600.0,6820.0,164274
2025-02-24,6560.0,6920.0,6400.0,6730.0,241438
2025-02-25,6310.0,6600.0,6170.0,6600.0,423119
2025-02-26,6210.0,6470.0,6150.0,6310.0,329284
2025-02-27,6130.0,6320.0,6030.0,6300.0,377418
2025-02-28,6060.0,6340.0,5880.0,6130.0,361224
2025-03-05,6270.0,6330.0,5950.0,6070.0,267822
2025-03-06,6140.0,6470.0,6060.0,6330.0,242425
2025-03-07,6140.0,6240.0,5820.0,6240.0,460460
2025-03-10,5810.0,6040.0,5640.0,6040.0,423081
2025-03-11,5980.0,6080.0,5780.0,5860.0,303436
2025-03-12,6570.0,6600.0,6050.0,6050.0,603451
2025-03-13,6280.0,6580.0,6260.0,6540.0,260226
2025-03-14,6790.0,6810.0,6320.0,6350.0,450244
2025-03-17,6820.0,6930.0,6730.0,6840.0,248555
2025-03-18,6550.0,6810.0,6480.0,6800.0,338397
2025-03-19,6980.0,7000.0,6650.0,6650.0,258315
2025-03-20,6920.0,7130.0,6880.0,6980.0,244820
2025-03-21,7110.0,7140.0,6820.0,7070.0,158007
2025-03-25,7390.0,7460.0,7130.0,7180.0,328084
2025-03-26,7300.0,7490.0,7240.0,7410.0,165953
2025-03-27,7280.0,7580.0,7180.0,7350.0,413075
2025-03-28,7120.0,7280.0,6920.0,7260.0,372888
2025-03-31,6950.0,7100.0,6770.0,7100.0,191547
2025-04-01,7130.0,7150.0,6890.0,7000.0,164564
2025-04-03,6720.0,6940.0,6680.0,6940.0,275643
2025-04-04,6240.0,6500.0,5870.0,6500.0,619311
2025-04-07,5930.0,6390.0,5890.0,6000.0,558616
2025-04-08,5950.0,6300.0,5810.0,6100.0,594865
2025-04-09,7010.0,7090.0,5610.0,5970.0,924453
2025-04-10,6380.0,6790.0,6130.0,6790.0,698217
2025-04-11,6680.0,6880.0,6480.0,6480.0,539168
2025-04-14,7110.0,7500.0,6690.0,7260.0,579341
2025-04-15,6880.0,6990.0,6770.0,6980.0,479464
