Price,('Close', 'TRAN.BA'),('High', 'TRAN.BA'),('Low', 'TRAN.BA'),('Open', 'TRAN.BA'),('Volume', 'TRAN.BA')
Ticker,TRAN.BA,TRAN.BA,TRAN.BA,TRAN.BA,TRAN.BA
Date,,,,,
2020-04-17,20.100000381469727,21.0,19.899999618530273,21.0,128426
2020-04-20,20.25,20.799999237060547,19.200000762939453,20.600000381469727,125121
2020-04-21,19.75,20.25,19.600000381469727,20.25,134553
2020-04-22,20.25,20.600000381469727,19.799999237060547,19.850000381469727,209552
2020-04-23,20.25,20.5,19.700000762939453,20.5,139662
2020-04-24,19.450000762939453,20.299999237060547,19.200000762939453,20.299999237060547,146227
2020-04-27,20.149999618530273,20.299999237060547,19.049999237060547,19.450000762939453,171204
2020-04-28,21.700000762939453,22.299999237060547,20.149999618530273,20.149999618530273,514961
2020-04-29,21.799999237060547,22.700000762939453,21.299999237060547,22.350000381469727,437005
2020-04-30,23.049999237060547,23.200000762939453,21.5,21.5,405531
2020-05-04,24.75,24.799999237060547,22.399999618530273,23.0,294879
2020-05-05,24.75,25.200000762939453,24.0,24.950000762939453,553309
2020-05-06,27.950000762939453,28.200000762939453,24.049999237060547,24.700000762939453,1005601
2020-05-07,27.700000762939453,28.350000381469727,26.100000381469727,27.950000762939453,1014709
2020-05-08,27.0,28.200000762939453,27.0,27.700000762939453,504715
2020-05-11,27.799999237060547,28.149999618530273,27.0,27.450000762939453,401125
2020-05-12,28.700000762939453,29.0,28.0,28.0,527204
2020-05-13,27.649999618530273,28.700000762939453,26.600000381469727,28.0,246832
2020-05-14,28.899999618530273,29.049999237060547,27.649999618530273,27.649999618530273,328286
2020-05-15,29.450000762939453,29.600000381469727,28.049999237060547,29.0,213942
2020-05-18,29.549999237060547,30.450000762939453,29.0,30.0,280356
2020-05-19,29.450000762939453,29.549999237060547,28.600000381469727,29.549999237060547,326953
2020-05-20,28.399999618530273,29.450000762939453,27.799999237060547,28.649999618530273,712494
2020-05-21,28.350000381469727,29.0,28.0,28.399999618530273,492968
2020-05-22,27.75,28.700000762939453,27.100000381469727,28.5,304282
2020-05-26,27.850000381469727,28.5,27.0,28.0,215706
2020-05-27,27.850000381469727,28.299999237060547,26.850000381469727,28.149999618530273,242120
2020-05-28,26.75,28.0,26.5,27.700000762939453,156826
2020-05-29,25.899999618530273,27.149999618530273,25.0,26.75,142186
2020-06-01,26.450000762939453,26.950000762939453,26.0,26.0,766148
2020-06-02,27.399999618530273,28.0,27.0,27.0,214094
2020-06-03,27.549999237060547,28.700000762939453,27.200000762939453,28.0,306592
2020-06-04,27.450000762939453,27.799999237060547,26.299999237060547,27.25,314547
2020-06-05,27.700000762939453,28.200000762939453,27.5,27.5,367201
2020-06-08,30.0,30.200000762939453,28.299999237060547,28.5,984022
2020-06-09,28.399999618530273,29.850000381469727,27.899999618530273,29.700000762939453,515354
2020-06-10,28.299999237060547,28.899999618530273,27.100000381469727,28.149999618530273,409897
2020-06-11,25.950000762939453,28.399999618530273,24.649999618530273,28.399999618530273,600246
2020-06-12,26.0,27.450000762939453,25.200000762939453,26.25,275372
2020-06-16,26.600000381469727,27.5,26.100000381469727,26.100000381469727,406203
2020-06-17,26.0,27.5,25.899999618530273,27.5,155719
2020-06-18,24.100000381469727,25.0,23.0,25.0,294344
2020-06-19,24.799999237060547,25.5,23.399999618530273,25.0,302796
2020-06-22,24.049999237060547,25.450000762939453,24.0,25.450000762939453,307995
2020-06-23,23.450000762939453,25.0,23.299999237060547,24.299999237060547,502222
2020-06-24,22.799999237060547,23.700000762939453,22.75,23.700000762939453,144520
2020-06-25,23.549999237060547,23.649999618530273,22.950000762939453,23.200000762939453,261365
2020-06-26,23.100000381469727,23.899999618530273,23.0,23.600000381469727,88433
2020-06-29,23.200000762939453,23.75,23.0,23.0,113606
2020-06-30,22.100000381469727,24.0,22.0,23.299999237060547,198970
2020-07-01,22.350000381469727,23.100000381469727,21.700000762939453,22.149999618530273,224811
2020-07-02,22.200000762939453,22.950000762939453,22.0,22.950000762939453,165510
2020-07-03,22.799999237060547,23.0,22.200000762939453,22.25,460273
2020-07-06,25.200000762939453,25.299999237060547,23.700000762939453,23.899999618530273,751545
2020-07-07,25.100000381469727,25.75,24.549999237060547,25.75,640915
2020-07-08,26.75,26.950000762939453,25.0,25.100000381469727,722166
2020-07-13,27.25,27.850000381469727,27.0,27.5,663839
2020-07-14,27.700000762939453,27.799999237060547,26.200000762939453,27.299999237060547,348013
2020-07-15,27.450000762939453,28.0,27.049999237060547,27.799999237060547,388579
2020-07-16,27.100000381469727,27.450000762939453,26.0,27.450000762939453,217344
2020-07-17,27.25,27.600000381469727,26.299999237060547,27.5,428373
2020-07-20,26.75,27.25,26.600000381469727,27.25,328478
2020-07-21,27.149999618530273,27.299999237060547,26.600000381469727,26.75,318852
2020-07-22,28.049999237060547,28.100000381469727,26.899999618530273,27.299999237060547,587396
2020-07-23,27.5,28.700000762939453,26.5,28.0,716836
2020-07-24,27.5,27.600000381469727,26.100000381469727,27.549999237060547,504478
2020-07-27,26.950000762939453,27.899999618530273,26.5,27.600000381469727,1056343
2020-07-28,26.350000381469727,27.350000381469727,26.100000381469727,26.899999618530273,534739
2020-07-29,26.049999237060547,27.0,25.549999237060547,27.0,385996
2020-07-30,26.5,26.700000762939453,25.100000381469727,26.0,303050
2020-07-31,26.600000381469727,27.049999237060547,26.100000381469727,27.0,147262
2020-08-03,27.850000381469727,27.899999618530273,25.200000762939453,26.299999237060547,1260703
2020-08-04,28.600000381469727,29.75,27.200000762939453,28.700000762939453,1476553
2020-08-05,27.700000762939453,29.299999237060547,27.450000762939453,29.299999237060547,370747
2020-08-06,27.799999237060547,28.200000762939453,27.0,27.899999618530273,195390
2020-08-07,27.649999618530273,28.100000381469727,27.049999237060547,28.0,308008
2020-08-10,27.799999237060547,27.899999618530273,27.200000762939453,27.75,307428
2020-08-11,27.549999237060547,27.950000762939453,27.350000381469727,27.850000381469727,220201
2020-08-12,26.649999618530273,27.75,25.200000762939453,27.350000381469727,578724
2020-08-13,26.950000762939453,27.100000381469727,26.600000381469727,26.700000762939453,286610
2020-08-14,26.799999237060547,27.299999237060547,26.350000381469727,26.950000762939453,187414
2020-08-18,26.0,26.799999237060547,25.450000762939453,26.799999237060547,130781
2020-08-19,26.149999618530273,26.350000381469727,25.25,26.350000381469727,176641
2020-08-20,26.600000381469727,26.700000762939453,26.0,26.149999618530273,108010
2020-08-21,26.75,27.149999618530273,26.5,26.950000762939453,459250
2020-08-24,25.950000762939453,26.75,25.799999237060547,26.75,263993
2020-08-25,25.299999237060547,25.899999618530273,25.049999237060547,25.700000762939453,352562
2020-08-26,25.100000381469727,25.5,23.0,25.350000381469727,173316
2020-08-27,23.549999237060547,25.299999237060547,23.399999618530273,25.100000381469727,292864
2020-08-28,24.350000381469727,24.5,23.149999618530273,23.899999618530273,424122
2020-08-31,24.200000762939453,24.899999618530273,24.0,24.850000381469727,314532
2020-09-01,24.25,24.700000762939453,23.899999618530273,24.700000762939453,122223
2020-09-02,23.799999237060547,24.25,23.75,24.200000762939453,76649
2020-09-03,23.700000762939453,24.100000381469727,23.399999618530273,24.100000381469727,86326
2020-09-04,23.399999618530273,23.950000762939453,23.0,23.850000381469727,199068
2020-09-07,23.75,23.850000381469727,23.350000381469727,23.5,163810
2020-09-08,24.75,24.799999237060547,22.600000381469727,22.899999618530273,209930
2020-09-09,25.25,25.399999618530273,24.549999237060547,25.0,314229
2020-09-10,25.799999237060547,25.850000381469727,25.100000381469727,25.100000381469727,276818
2020-09-11,25.200000762939453,26.100000381469727,24.799999237060547,25.799999237060547,144706
2020-09-14,24.700000762939453,26.200000762939453,24.600000381469727,26.200000762939453,94195
2020-09-15,24.100000381469727,25.0,23.649999618530273,25.0,119286
2020-09-16,22.549999237060547,23.850000381469727,22.200000762939453,23.850000381469727,355860
2020-09-17,21.0,22.5,20.950000762939453,22.200000762939453,253619
2020-09-18,22.899999618530273,23.399999618530273,20.799999237060547,21.0,363181
2020-09-21,23.399999618530273,23.399999618530273,21.700000762939453,22.0,197176
2020-09-22,23.399999618530273,24.0,22.5,23.799999237060547,240492
2020-09-23,23.399999618530273,23.799999237060547,22.299999237060547,23.799999237060547,269541
2020-09-24,24.0,24.100000381469727,23.299999237060547,23.299999237060547,245574
2020-09-25,24.850000381469727,24.899999618530273,24.0,24.049999237060547,197462
2020-09-28,24.75,25.0,24.200000762939453,24.899999618530273,122019
2020-09-29,24.700000762939453,24.950000762939453,23.5,24.600000381469727,201983
2020-09-30,24.700000762939453,25.450000762939453,24.200000762939453,24.700000762939453,334173
2020-10-01,25.649999618530273,25.850000381469727,23.950000762939453,24.700000762939453,399232
2020-10-02,25.899999618530273,26.100000381469727,25.100000381469727,25.5,336256
2020-10-05,26.049999237060547,26.350000381469727,25.5,25.850000381469727,428495
2020-10-06,25.899999618530273,26.600000381469727,25.700000762939453,26.049999237060547,235861
2020-10-07,24.850000381469727,26.0,24.75,25.899999618530273,473131
2020-10-08,24.850000381469727,25.149999618530273,24.700000762939453,24.75,325155
2020-10-09,24.600000381469727,25.0,24.049999237060547,25.0,315128
2020-10-13,25.600000381469727,25.850000381469727,24.049999237060547,24.75,347179
2020-10-14,26.350000381469727,26.450000762939453,25.0,25.5,398524
2020-10-15,26.299999237060547,26.549999237060547,25.799999237060547,26.450000762939453,391982
2020-10-16,26.399999618530273,26.450000762939453,25.600000381469727,26.299999237060547,595425
2020-10-19,28.299999237060547,28.5,25.5,26.700000762939453,1141534
2020-10-20,29.450000762939453,29.600000381469727,27.5,28.5,751779
2020-10-21,29.950000762939453,30.149999618530273,28.649999618530273,29.100000381469727,617960
2020-10-22,30.700000762939453,30.899999618530273,29.549999237060547,29.850000381469727,752421
2020-10-23,30.950000762939453,31.0,27.75,30.700000762939453,607946
2020-10-26,29.149999618530273,30.950000762939453,29.100000381469727,30.799999237060547,453367
2020-10-27,27.350000381469727,29.799999237060547,27.200000762939453,29.149999618530273,363199
2020-10-28,26.149999618530273,26.950000762939453,25.649999618530273,26.700000762939453,195870
2020-10-29,26.850000381469727,27.0,25.700000762939453,26.149999618530273,55700
2020-10-30,26.149999618530273,27.399999618530273,26.0,27.399999618530273,80924
2020-11-02,27.899999618530273,28.299999237060547,26.600000381469727,26.600000381469727,223275
2020-11-03,28.200000762939453,29.0,27.899999618530273,28.950000762939453,204479
2020-11-04,27.649999618530273,28.799999237060547,27.600000381469727,28.200000762939453,168542
2020-11-05,28.549999237060547,28.700000762939453,26.5,28.200000762939453,434755
2020-11-06,28.950000762939453,28.950000762939453,27.25,28.450000762939453,91408
2020-11-09,29.0,30.0,28.899999618530273,29.700000762939453,499238
2020-11-10,29.700000762939453,29.700000762939453,28.0,29.0,693093
2020-11-11,30.200000762939453,30.299999237060547,29.5,30.100000381469727,1145027
2020-11-12,28.049999237060547,30.200000762939453,27.799999237060547,30.200000762939453,806068
2020-11-13,27.850000381469727,28.5,27.600000381469727,28.5,284640
2020-11-16,27.899999618530273,28.649999618530273,27.600000381469727,28.649999618530273,340093
2020-11-17,28.0,28.5,27.5,28.5,280733
2020-11-18,27.0,28.350000381469727,26.899999618530273,28.0,299142
2020-11-19,26.700000762939453,27.5,26.600000381469727,27.5,267931
2020-11-20,26.399999618530273,26.799999237060547,26.0,26.799999237060547,189078
2020-11-24,27.0,27.649999618530273,26.450000762939453,26.450000762939453,1400132
2020-11-25,27.200000762939453,27.700000762939453,27.0,27.700000762939453,736671
2020-11-26,27.200000762939453,27.899999618530273,27.100000381469727,27.899999618530273,423209
2020-11-27,29.200000762939453,29.549999237060547,27.200000762939453,27.299999237060547,1218814
2020-11-30,29.25,30.049999237060547,28.549999237060547,29.950000762939453,690178
2020-12-01,31.299999237060547,31.799999237060547,29.200000762939453,29.399999618530273,1619131
2020-12-02,32.0,32.54999923706055,31.450000762939453,31.600000381469727,1547014
2020-12-03,31.350000381469727,33.0,30.200000762939453,32.5,715918
2020-12-04,30.25,31.799999237060547,29.799999237060547,31.799999237060547,439061
2020-12-09,28.850000381469727,31.5,28.649999618530273,30.100000381469727,478880
2020-12-10,29.399999618530273,30.0,28.100000381469727,28.950000762939453,569481
2020-12-11,29.950000762939453,30.100000381469727,29.0,29.0,275722
2020-12-14,29.899999618530273,31.0,29.600000381469727,31.0,365636
2020-12-15,30.149999618530273,30.799999237060547,29.299999237060547,30.799999237060547,153738
2020-12-16,29.700000762939453,30.5,29.700000762939453,30.5,159022
2020-12-17,29.049999237060547,30.5,28.899999618530273,30.5,410546
2020-12-18,28.25,29.549999237060547,27.5,29.0,396329
2020-12-21,27.149999618530273,27.899999618530273,25.5,27.899999618530273,422935
2020-12-22,26.450000762939453,27.899999618530273,26.299999237060547,27.149999618530273,295478
2020-12-23,26.649999618530273,26.75,26.200000762939453,26.450000762939453,325796
2020-12-28,26.5,27.0,26.25,26.600000381469727,481280
2020-12-29,28.399999618530273,28.75,26.200000762939453,26.200000762939453,475697
2020-12-30,29.25,29.299999237060547,27.950000762939453,28.950000762939453,462398
2021-01-04,29.25,29.350000381469727,28.149999618530273,29.25,327156
2021-01-05,29.200000762939453,29.450000762939453,28.399999618530273,29.0,338683
2021-01-06,29.049999237060547,29.450000762939453,28.5,29.299999237060547,322914
2021-01-07,28.700000762939453,29.399999618530273,28.450000762939453,29.100000381469727,479219
2021-01-08,27.850000381469727,29.0,27.799999237060547,28.700000762939453,149430
2021-01-11,27.75,28.200000762939453,26.600000381469727,27.799999237060547,192853
2021-01-12,27.200000762939453,27.950000762939453,27.100000381469727,27.700000762939453,255410
2021-01-13,27.100000381469727,27.850000381469727,26.75,27.299999237060547,341740
2021-01-14,27.5,27.5,26.799999237060547,27.149999618530273,187158
2021-01-15,27.350000381469727,27.649999618530273,26.950000762939453,27.649999618530273,349597
2021-01-18,27.5,27.600000381469727,26.450000762939453,27.0,98836
2021-01-19,27.799999237060547,27.899999618530273,27.100000381469727,27.899999618530273,163128
2021-01-20,27.549999237060547,27.649999618530273,27.100000381469727,27.100000381469727,245691
2021-01-21,27.0,27.850000381469727,26.299999237060547,27.850000381469727,240868
2021-01-22,27.149999618530273,27.5,26.149999618530273,26.200000762939453,79678
2021-01-25,27.350000381469727,27.649999618530273,26.899999618530273,27.0,190988
2021-01-26,27.200000762939453,27.950000762939453,26.850000381469727,27.950000762939453,116838
2021-01-27,27.299999237060547,27.700000762939453,26.950000762939453,27.450000762939453,117040
2021-01-28,27.100000381469727,27.5,26.799999237060547,27.5,215558
2021-01-29,26.399999618530273,27.5,26.299999237060547,27.0,86652
2021-02-01,26.950000762939453,27.350000381469727,26.0,26.25,135564
2021-02-02,26.600000381469727,27.5,26.600000381469727,27.200000762939453,91575
2021-02-03,27.549999237060547,27.649999618530273,26.600000381469727,27.149999618530273,457741
2021-02-04,27.649999618530273,28.149999618530273,27.450000762939453,27.799999237060547,211430
2021-02-05,27.399999618530273,28.149999618530273,27.299999237060547,27.5,103541
2021-02-08,28.950000762939453,29.100000381469727,27.5,27.5,512585
2021-02-09,28.950000762939453,29.549999237060547,28.5,29.100000381469727,383642
2021-02-10,28.549999237060547,29.200000762939453,28.5,29.100000381469727,105148
2021-02-11,28.299999237060547,29.100000381469727,28.100000381469727,28.600000381469727,85470
2021-02-12,28.25,28.450000762939453,28.0,28.049999237060547,94637
2021-02-17,28.450000762939453,28.700000762939453,27.700000762939453,28.5,128203
2021-02-18,28.799999237060547,28.899999618530273,27.5,28.049999237060547,240083
2021-02-19,28.25,28.799999237060547,27.799999237060547,28.799999237060547,52820
2021-02-22,27.049999237060547,28.850000381469727,27.0,28.850000381469727,90129
2021-02-23,26.549999237060547,27.850000381469727,25.799999237060547,27.049999237060547,189310
2021-02-24,27.25,27.600000381469727,26.0,26.600000381469727,191488
2021-02-25,26.700000762939453,27.899999618530273,26.600000381469727,27.5,132635
2021-02-26,26.350000381469727,26.950000762939453,26.100000381469727,26.899999618530273,67498
2021-03-01,26.0,27.0,25.549999237060547,26.100000381469727,157419
2021-03-02,25.5,26.0,25.149999618530273,26.0,193464
2021-03-03,24.700000762939453,25.5,24.399999618530273,25.5,244911
2021-03-04,24.200000762939453,24.899999618530273,24.049999237060547,24.600000381469727,373320
2021-03-05,23.549999237060547,24.5,23.450000762939453,24.149999618530273,267501
2021-03-08,22.700000762939453,23.899999618530273,22.600000381469727,23.899999618530273,308841
2021-03-09,22.649999618530273,23.450000762939453,22.399999618530273,22.899999618530273,373216
2021-03-10,23.049999237060547,23.149999618530273,22.299999237060547,22.649999618530273,434998
2021-03-11,23.850000381469727,23.899999618530273,22.799999237060547,23.299999237060547,274376
2021-03-12,24.950000762939453,25.0,23.5,23.899999618530273,515381
2021-03-15,25.399999618530273,26.0,24.5,24.5,568165
2021-03-16,24.700000762939453,25.600000381469727,24.600000381469727,25.600000381469727,448363
2021-03-17,24.0,24.899999618530273,23.799999237060547,24.700000762939453,317545
2021-03-18,23.350000381469727,24.399999618530273,23.049999237060547,24.399999618530273,418058
2021-03-19,22.700000762939453,23.899999618530273,22.600000381469727,23.0,654287
2021-03-22,23.100000381469727,23.299999237060547,22.75,23.0,485504
2021-03-23,23.049999237060547,23.350000381469727,22.899999618530273,23.100000381469727,103825
2021-03-25,22.5,23.0,22.200000762939453,22.5,259085
2021-03-26,22.049999237060547,23.649999618530273,22.0,22.700000762939453,107359
2021-03-29,22.299999237060547,22.450000762939453,21.350000381469727,22.0,111145
2021-03-30,22.649999618530273,22.950000762939453,22.0,22.100000381469727,87694
2021-03-31,22.299999237060547,23.299999237060547,22.0,22.899999618530273,147684
2021-04-05,22.450000762939453,22.700000762939453,22.100000381469727,22.100000381469727,175948
2021-04-06,23.100000381469727,23.350000381469727,22.450000762939453,22.600000381469727,1228507
2021-04-07,23.200000762939453,23.899999618530273,22.850000381469727,23.899999618530273,736515
2021-04-08,22.899999618530273,23.299999237060547,22.799999237060547,23.100000381469727,81294
2021-04-09,22.799999237060547,23.200000762939453,22.600000381469727,23.0,64035
2021-04-12,22.649999618530273,23.0,22.549999237060547,23.0,218311
2021-04-13,22.899999618530273,23.0,22.0,22.75,125263
2021-04-14,22.149999618530273,23.149999618530273,22.0,22.5,354465
2021-04-15,21.700000762939453,22.350000381469727,21.600000381469727,22.25,274396
2021-04-16,22.100000381469727,22.200000762939453,20.799999237060547,21.700000762939453,165653
2021-04-19,22.100000381469727,22.299999237060547,22.0,22.149999618530273,150887
2021-04-20,21.5,22.149999618530273,21.350000381469727,22.0,394122
2021-04-21,22.299999237060547,22.700000762939453,21.0,21.399999618530273,1053399
2021-04-22,22.950000762939453,23.200000762939453,21.700000762939453,22.350000381469727,375521
2021-04-23,22.850000381469727,23.100000381469727,22.5,23.0,97567
2021-04-26,23.700000762939453,23.899999618530273,22.649999618530273,22.850000381469727,380525
2021-04-27,23.799999237060547,23.899999618530273,23.149999618530273,23.600000381469727,384255
2021-04-28,24.100000381469727,24.5,23.649999618530273,23.850000381469727,448360
2021-04-29,23.75,24.450000762939453,23.700000762939453,24.100000381469727,358342
2021-04-30,23.799999237060547,24.5,23.149999618530273,23.950000762939453,604853
2021-05-03,23.799999237060547,24.100000381469727,23.299999237060547,23.549999237060547,404749
2021-05-04,23.049999237060547,23.5,22.899999618530273,23.399999618530273,211178
2021-05-05,22.899999618530273,23.450000762939453,22.899999618530273,23.450000762939453,126601
2021-05-06,23.0,23.299999237060547,22.5,22.799999237060547,146338
2021-05-07,24.0,24.149999618530273,23.25,23.25,425431
2021-05-10,23.75,24.700000762939453,23.700000762939453,24.700000762939453,176858
2021-05-11,23.5,23.799999237060547,23.25,23.799999237060547,118020
2021-05-12,23.299999237060547,23.75,23.200000762939453,23.200000762939453,137957
2021-05-13,23.399999618530273,23.700000762939453,23.149999618530273,23.200000762939453,288104
2021-05-14,24.200000762939453,24.299999237060547,23.399999618530273,23.399999618530273,499304
2021-05-17,24.549999237060547,24.649999618530273,23.549999237060547,24.5,350742
2021-05-18,24.200000762939453,24.899999618530273,23.799999237060547,24.399999618530273,870053
2021-05-19,24.0,24.450000762939453,23.100000381469727,24.299999237060547,100782
2021-05-20,23.950000762939453,24.299999237060547,23.5,23.549999237060547,469152
2021-05-21,24.0,24.299999237060547,23.75,24.25,282311
2021-05-26,25.299999237060547,25.399999618530273,23.850000381469727,24.149999618530273,365608
2021-05-27,26.200000762939453,26.450000762939453,25.100000381469727,25.399999618530273,1951137
2021-05-28,26.450000762939453,26.799999237060547,26.0,26.200000762939453,529882
2021-05-31,26.350000381469727,27.25,25.899999618530273,26.600000381469727,387128
2021-06-01,27.5,27.700000762939453,26.75,27.0,697883
2021-06-02,28.100000381469727,28.5,27.399999618530273,27.799999237060547,742021
2021-06-03,28.399999618530273,28.899999618530273,25.899999618530273,28.0,715164
2021-06-04,29.450000762939453,29.600000381469727,28.100000381469727,28.5,791410
2021-06-07,30.399999618530273,31.700000762939453,29.399999618530273,29.549999237060547,2396477
2021-06-08,31.049999237060547,31.299999237060547,28.700000762939453,30.799999237060547,763396
2021-06-09,33.400001525878906,33.599998474121094,31.0,31.0,1280175
2021-06-10,31.649999618530273,35.400001525878906,31.0,33.400001525878906,1598480
2021-06-11,31.399999618530273,32.0,30.450000762939453,31.799999237060547,583933
2021-06-14,33.349998474121094,33.5,31.450000762939453,31.600000381469727,661529
2021-06-15,33.849998474121094,34.0,32.0,33.400001525878906,459071
2021-06-16,33.599998474121094,34.70000076293945,33.20000076293945,33.849998474121094,659133
2021-06-17,32.20000076293945,34.70000076293945,32.0,33.599998474121094,643435
2021-06-18,32.54999923706055,33.20000076293945,30.549999237060547,32.900001525878906,437664
2021-06-22,31.25,32.599998474121094,31.0,31.5,1492314
2021-06-23,31.0,32.0,30.700000762939453,31.600000381469727,797857
2021-06-24,32.0,32.150001525878906,30.899999618530273,31.700000762939453,654631
2021-06-25,31.600000381469727,31.700000762939453,30.049999237060547,30.899999618530273,554339
2021-06-28,32.0,32.79999923706055,31.0,31.600000381469727,230772
2021-06-29,31.299999237060547,32.5,31.100000381469727,32.0,486734
2021-06-30,31.5,31.799999237060547,30.5,30.5,685167
2021-07-01,31.5,32.0,31.200000762939453,31.850000381469727,209023
2021-07-02,32.20000076293945,32.29999923706055,31.5,32.0,113468
2021-07-05,32.400001525878906,32.79999923706055,32.04999923706055,32.04999923706055,308598
2021-07-06,31.450000762939453,32.79999923706055,31.25,32.45000076293945,295294
2021-07-07,30.700000762939453,32.400001525878906,30.399999618530273,32.400001525878906,435024
2021-07-08,30.799999237060547,30.950000762939453,29.649999618530273,30.700000762939453,396588
2021-07-12,32.0,32.0,30.799999237060547,31.0,122267
2021-07-13,32.75,32.75,31.700000762939453,32.5,105268
2021-07-14,33.20000076293945,33.400001525878906,32.79999923706055,33.150001525878906,230667
2021-07-15,33.29999923706055,33.70000076293945,33.0,33.20000076293945,270741
2021-07-16,33.0,33.29999923706055,32.29999923706055,33.29999923706055,262327
2021-07-19,32.54999923706055,33.150001525878906,31.549999237060547,32.5,231636
2021-07-20,33.29999923706055,33.5,32.0,33.0,118917
2021-07-21,34.349998474121094,34.45000076293945,33.349998474121094,33.349998474121094,269255
2021-07-22,34.400001525878906,34.5,33.5,34.0,436162
2021-07-23,34.400001525878906,34.599998474121094,33.54999923706055,34.0,744856
2021-07-26,33.70000076293945,34.900001525878906,33.5,34.400001525878906,205076
2021-07-27,33.400001525878906,33.900001525878906,32.150001525878906,33.150001525878906,393102
2021-07-28,32.95000076293945,33.95000076293945,32.70000076293945,33.70000076293945,80024
2021-07-29,33.54999923706055,34.0,32.650001525878906,32.650001525878906,337675
2021-07-30,32.45000076293945,33.900001525878906,32.29999923706055,33.900001525878906,171228
2021-08-02,32.349998474121094,33.29999923706055,31.75,33.29999923706055,325199
2021-08-03,32.04999923706055,33.20000076293945,31.049999237060547,32.29999923706055,126838
2021-08-04,31.350000381469727,32.70000076293945,31.350000381469727,32.25,79072
2021-08-05,32.599998474121094,32.79999923706055,31.450000762939453,31.950000762939453,246594
2021-08-06,32.75,33.0,32.099998474121094,32.79999923706055,98592
2021-08-09,32.25,33.0,32.04999923706055,32.75,125724
2021-08-10,32.849998474121094,33.25,32.04999923706055,32.25,297953
2021-08-11,33.349998474121094,33.900001525878906,32.25,32.849998474121094,723616
2021-08-12,33.54999923706055,34.0,33.20000076293945,33.349998474121094,281513
2021-08-13,33.75,33.900001525878906,33.25,33.54999923706055,287960
2021-08-17,33.0,33.75,32.599998474121094,33.70000076293945,237038
2021-08-18,32.849998474121094,33.150001525878906,32.150001525878906,32.349998474121094,186380
2021-08-19,31.850000381469727,32.70000076293945,31.399999618530273,32.70000076293945,421072
2021-08-20,32.150001525878906,32.20000076293945,31.549999237060547,31.850000381469727,376402
2021-08-23,33.45000076293945,33.5,32.0,32.150001525878906,272759
2021-08-24,36.04999923706055,36.400001525878906,33.75,34.0,988884
2021-08-25,36.349998474121094,37.0,35.5,36.20000076293945,1170006
2021-08-26,38.54999923706055,39.5,36.349998474121094,36.45000076293945,911256
2021-08-27,39.45000076293945,40.650001525878906,37.150001525878906,38.5,1088270
2021-08-30,43.849998474121094,44.0,40.0,40.45000076293945,1713783
2021-08-31,43.400001525878906,44.5,42.0,44.0,924309
2021-09-01,41.849998474121094,45.70000076293945,41.70000076293945,43.5,1215359
2021-09-02,41.349998474121094,42.900001525878906,40.29999923706055,42.599998474121094,682758
2021-09-03,40.900001525878906,41.5,40.29999923706055,41.29999923706055,335486
2021-09-06,42.75,42.95000076293945,40.5,40.5,474071
2021-09-07,43.04999923706055,44.70000076293945,43.0,43.599998474121094,1532101
2021-09-08,43.20000076293945,43.599998474121094,41.75,43.599998474121094,950894
2021-09-09,41.599998474121094,44.0,41.099998474121094,43.5,716698
2021-09-10,40.54999923706055,42.150001525878906,40.099998474121094,41.79999923706055,830850
2021-09-13,44.900001525878906,45.599998474121094,43.54999923706055,44.5,1646861
2021-09-14,45.45000076293945,45.5,44.0,45.20000076293945,1295815
2021-09-15,46.5,47.400001525878906,44.400001525878906,45.900001525878906,1462236
2021-09-16,50.29999923706055,50.5,44.5,46.20000076293945,1596511
2021-09-17,52.099998474121094,53.20000076293945,49.0,49.400001525878906,1193946
2021-09-20,47.0,50.70000076293945,46.849998474121094,50.70000076293945,878239
2021-09-21,47.95000076293945,48.29999923706055,47.0,47.20000076293945,593017
2021-09-22,49.04999923706055,49.75,48.349998474121094,49.0,821296
2021-09-23,49.29999923706055,50.400001525878906,48.099998474121094,49.599998474121094,524973
2021-09-24,48.400001525878906,50.0,48.099998474121094,49.70000076293945,171899
2021-09-27,48.54999923706055,49.25,48.04999923706055,48.95000076293945,161485
2021-09-28,47.95000076293945,48.599998474121094,47.0,48.599998474121094,158745
2021-09-29,48.900001525878906,49.0,48.0,48.0,170718
2021-09-30,49.79999923706055,51.29999923706055,48.599998474121094,48.900001525878906,440022
2021-10-01,50.599998474121094,52.099998474121094,49.5,50.900001525878906,138421
2021-10-04,53.70000076293945,53.900001525878906,50.400001525878906,50.5,457822
2021-10-05,53.5,54.79999923706055,52.79999923706055,53.900001525878906,588306
2021-10-06,52.400001525878906,53.70000076293945,52.0,53.20000076293945,157966
2021-10-07,52.400001525878906,53.400001525878906,51.599998474121094,52.29999923706055,356650
2021-10-12,53.400001525878906,54.5,52.0,53.5,290979
2021-10-13,54.400001525878906,54.5,53.0,53.900001525878906,338802
2021-10-14,55.0,55.20000076293945,54.400001525878906,54.400001525878906,172067
2021-10-15,55.900001525878906,55.900001525878906,55.099998474121094,55.900001525878906,331021
2021-10-18,57.099998474121094,57.5,55.099998474121094,55.099998474121094,287510
2021-10-19,59.20000076293945,59.20000076293945,56.0,57.70000076293945,240619
2021-10-20,62.900001525878906,62.900001525878906,59.20000076293945,60.0,442827
2021-10-21,67.5,68.19999694824219,60.0,62.79999923706055,737061
2021-10-22,68.0,68.19999694824219,65.0,67.19999694824219,637868
2021-10-25,69.9000015258789,71.0,68.0999984741211,68.69999694824219,581830
2021-10-26,69.9000015258789,71.0,68.5999984741211,70.4000015258789,490355
2021-10-27,66.0,70.80000305175781,65.0,69.9000015258789,470465
2021-10-28,65.80000305175781,67.4000015258789,64.0,65.9000015258789,277659
2021-10-29,61.5,67.0,61.29999923706055,67.0,366644
2021-11-01,64.9000015258789,65.0,61.099998474121094,61.099998474121094,380829
2021-11-02,64.9000015258789,65.80000305175781,63.900001525878906,65.69999694824219,363257
2021-11-03,65.9000015258789,65.9000015258789,64.0,65.0,368767
2021-11-04,64.69999694824219,65.9000015258789,63.5,65.9000015258789,238590
2021-11-05,65.30000305175781,65.80000305175781,64.80000305175781,65.80000305175781,150948
2021-11-08,67.80000305175781,67.9000015258789,64.0,65.30000305175781,570894
2021-11-09,67.0999984741211,70.4000015258789,66.80000305175781,68.0,922839
2021-11-10,66.5,69.80000305175781,65.5,68.0,1044538
2021-11-11,63.70000076293945,68.30000305175781,63.70000076293945,66.5,723679
2021-11-12,61.29999923706055,64.5,61.0,64.5,447234
2021-11-15,58.70000076293945,63.599998474121094,58.400001525878906,61.70000076293945,600756
2021-11-16,56.5,59.29999923706055,55.400001525878906,59.0,725780
2021-11-17,55.900001525878906,57.79999923706055,54.0,57.0,276200
2021-11-18,56.29999923706055,56.5,54.099998474121094,56.5,308671
2021-11-19,56.20000076293945,57.5,54.79999923706055,56.5,229451
2021-11-23,56.29999923706055,57.29999923706055,54.29999923706055,56.0,127809
2021-11-24,57.0,57.400001525878906,55.20000076293945,55.20000076293945,63740
2021-11-25,58.5,59.0,56.0,57.0,127067
2021-11-26,54.79999923706055,57.29999923706055,53.099998474121094,57.29999923706055,296293
2021-11-29,53.20000076293945,58.5,53.0,55.0,55814
2021-11-30,53.400001525878906,54.5,51.599998474121094,53.400001525878906,176131
2021-12-01,57.099998474121094,57.400001525878906,53.79999923706055,53.79999923706055,483201
2021-12-02,60.0,60.900001525878906,57.29999923706055,58.0,252405
2021-12-03,59.599998474121094,61.0,56.5,60.900001525878906,168013
2021-12-06,61.400001525878906,61.900001525878906,59.599998474121094,60.0,152128
2021-12-07,61.099998474121094,62.79999923706055,59.5,59.5,160525
2021-12-09,60.79999923706055,61.5,59.79999923706055,61.0,271675
2021-12-10,60.900001525878906,61.900001525878906,59.79999923706055,61.900001525878906,135225
2021-12-13,59.599998474121094,61.0,59.20000076293945,60.900001525878906,260638
2021-12-14,59.29999923706055,59.900001525878906,58.5,59.599998474121094,104505
2021-12-15,57.20000076293945,59.400001525878906,56.5,59.0,127568
2021-12-16,57.5,58.5,56.70000076293945,57.29999923706055,283509
2021-12-17,56.70000076293945,58.0,56.5,58.0,120457
2021-12-20,56.099998474121094,57.0,55.0,57.0,166979
2021-12-21,56.0,56.900001525878906,55.70000076293945,56.0,140339
2021-12-22,55.099998474121094,56.79999923706055,55.0,56.5,96734
2021-12-23,55.099998474121094,55.900001525878906,54.79999923706055,55.0,151324
2021-12-27,54.5,55.79999923706055,54.099998474121094,55.0,72830
2021-12-28,53.099998474121094,55.0,52.900001525878906,55.0,302993
2021-12-29,54.400001525878906,54.5,52.599998474121094,54.5,74415
2021-12-30,54.099998474121094,55.5,53.29999923706055,55.5,130636
2022-01-03,54.400001525878906,54.5,53.0,54.099998474121094,256077
2022-01-04,54.20000076293945,54.900001525878906,52.0,54.900001525878906,49148
2022-01-05,53.70000076293945,54.400001525878906,52.599998474121094,54.20000076293945,45814
2022-01-06,53.400001525878906,53.900001525878906,52.5,53.29999923706055,77631
2022-01-07,52.900001525878906,54.0,52.400001525878906,53.400001525878906,103148
2022-01-10,52.29999923706055,52.900001525878906,51.900001525878906,52.900001525878906,99511
2022-01-11,52.79999923706055,52.79999923706055,51.79999923706055,52.5,94893
2022-01-12,52.70000076293945,53.5,52.0,53.0,122789
2022-01-13,52.599998474121094,53.29999923706055,52.20000076293945,52.5,55849
2022-01-14,52.79999923706055,53.0,51.79999923706055,52.900001525878906,88645
2022-01-17,52.29999923706055,52.900001525878906,52.0,52.5,55487
2022-01-18,51.79999923706055,53.0,51.400001525878906,52.400001525878906,130085
2022-01-19,51.0,52.5,50.0,52.0,150958
2022-01-20,51.599998474121094,51.900001525878906,51.0,51.0,79906
2022-01-21,49.150001525878906,51.70000076293945,49.0,51.70000076293945,337398
2022-01-24,46.099998474121094,50.29999923706055,45.900001525878906,49.25,293028
2022-01-25,49.150001525878906,49.400001525878906,45.20000076293945,46.5,318310
2022-01-26,48.150001525878906,50.400001525878906,48.0,49.5,307915
2022-01-27,49.25,49.54999923706055,48.0,49.0,195361
2022-01-28,51.0,52.599998474121094,49.599998474121094,51.0,408034
2022-01-31,58.29999923706055,59.400001525878906,51.0,51.29999923706055,811190
2022-02-01,58.70000076293945,60.79999923706055,54.099998474121094,57.79999923706055,650519
2022-02-02,57.70000076293945,60.0,56.29999923706055,59.099998474121094,484279
2022-02-03,57.5,58.20000076293945,54.5,58.20000076293945,706562
2022-02-04,58.0,58.79999923706055,55.70000076293945,58.400001525878906,330453
2022-02-07,59.599998474121094,60.0,57.79999923706055,58.5,246114
2022-02-08,58.5,61.0,58.099998474121094,60.0,271183
2022-02-09,57.79999923706055,59.0,57.29999923706055,58.5,117160
2022-02-10,57.400001525878906,58.900001525878906,57.0,58.0,73720
2022-02-11,59.099998474121094,59.5,57.400001525878906,58.79999923706055,196161
2022-02-14,57.79999923706055,60.0,57.099998474121094,60.0,193370
2022-02-15,57.599998474121094,58.400001525878906,56.70000076293945,57.900001525878906,33359
2022-02-16,59.099998474121094,59.400001525878906,57.29999923706055,58.0,266883
2022-02-17,60.79999923706055,61.20000076293945,59.400001525878906,59.400001525878906,370570
2022-02-18,63.400001525878906,64.5,59.099998474121094,60.79999923706055,842080
2022-02-21,65.0,66.69999694824219,62.29999923706055,63.5,592112
2022-02-22,65.80000305175781,66.69999694824219,64.4000015258789,66.69999694824219,225290
2022-02-23,65.19999694824219,66.9000015258789,62.79999923706055,65.80000305175781,427983
2022-02-24,63.099998474121094,65.0,60.20000076293945,64.5,300213
2022-02-25,63.29999923706055,65.4000015258789,62.5,63.20000076293945,402287
2022-03-02,64.5,65.80000305175781,64.0,64.9000015258789,251739
2022-03-03,63.599998474121094,65.5999984741211,63.20000076293945,65.5,364303
2022-03-04,63.79999923706055,64.5999984741211,62.0,63.5,307457
2022-03-07,62.70000076293945,64.69999694824219,62.599998474121094,63.70000076293945,153180
2022-03-08,62.79999923706055,64.69999694824219,60.29999923706055,64.0,95193
2022-03-09,61.79999923706055,63.79999923706055,60.900001525878906,62.099998474121094,81246
2022-03-10,62.599998474121094,62.900001525878906,61.0,62.70000076293945,146104
2022-03-11,62.20000076293945,63.70000076293945,61.099998474121094,62.79999923706055,172225
2022-03-14,59.0,61.5,57.5,61.5,154446
2022-03-15,57.79999923706055,60.70000076293945,56.70000076293945,59.400001525878906,99660
2022-03-16,58.29999923706055,59.5,57.0,58.900001525878906,158912
2022-03-17,57.29999923706055,59.0,57.0,58.0,251836
2022-03-18,57.0,58.5,56.79999923706055,58.29999923706055,160124
2022-03-21,56.400001525878906,58.400001525878906,56.099998474121094,57.0,105734
2022-03-22,56.400001525878906,58.20000076293945,55.099998474121094,57.29999923706055,294831
2022-03-23,54.70000076293945,57.70000076293945,54.20000076293945,57.0,313045
2022-03-25,58.79999923706055,59.400001525878906,55.0,55.5,309283
2022-03-28,58.70000076293945,59.599998474121094,57.0,58.79999923706055,64289
2022-03-29,57.0,59.29999923706055,56.5,58.900001525878906,153529
2022-03-30,56.099998474121094,57.5,55.70000076293945,57.5,330572
2022-03-31,55.400001525878906,57.0,54.5,56.099998474121094,153608
2022-04-01,56.5,56.5,54.5,56.0,104274
2022-04-04,56.400001525878906,56.599998474121094,55.400001525878906,56.5,435013
2022-04-05,56.0,56.79999923706055,55.20000076293945,56.0,197473
2022-04-06,56.79999923706055,57.20000076293945,55.0,55.0,358287
2022-04-07,57.900001525878906,58.900001525878906,56.099998474121094,56.79999923706055,209823
2022-04-08,58.79999923706055,59.20000076293945,58.0,58.5,152397
2022-04-11,57.400001525878906,59.099998474121094,57.0,59.099998474121094,99522
2022-04-12,56.599998474121094,58.70000076293945,55.5,58.70000076293945,68061
2022-04-13,56.0,57.0,54.70000076293945,56.79999923706055,162461
2022-04-18,54.900001525878906,56.70000076293945,54.70000076293945,56.29999923706055,105899
2022-04-19,55.29999923706055,55.5,54.099998474121094,54.79999923706055,235618
2022-04-20,54.79999923706055,56.0,54.29999923706055,55.29999923706055,63493
2022-04-21,52.599998474121094,55.79999923706055,52.5,54.900001525878906,274976
2022-04-22,52.29999923706055,54.20000076293945,52.0,52.900001525878906,240305
2022-04-25,51.5,53.0,50.099998474121094,52.20000076293945,254961
2022-04-26,50.5,51.900001525878906,50.0,51.79999923706055,407525
2022-04-27,50.599998474121094,51.29999923706055,50.099998474121094,50.900001525878906,249465
2022-04-28,50.599998474121094,51.0,49.5,49.79999923706055,490867
2022-04-29,50.400001525878906,51.29999923706055,50.0,51.0,294943
2022-05-02,49.150001525878906,51.599998474121094,48.75,51.599998474121094,248963
2022-05-03,51.5,51.5,48.5,48.75,816003
2022-05-04,50.79999923706055,51.900001525878906,50.099998474121094,51.900001525878906,291539
2022-05-05,49.349998474121094,51.5,49.099998474121094,51.5,387972
2022-05-06,49.20000076293945,49.79999923706055,48.599998474121094,49.79999923706055,187570
2022-05-09,47.79999923706055,48.79999923706055,47.0,48.79999923706055,187530
2022-05-10,47.04999923706055,48.5,46.20000076293945,47.099998474121094,194168
2022-05-11,47.900001525878906,50.5,47.20000076293945,48.0,230720
2022-05-12,49.95000076293945,50.5,47.29999923706055,49.0,231771
2022-05-13,51.20000076293945,51.5,49.900001525878906,51.0,279735
2022-05-16,50.0,51.5,50.0,51.5,269419
2022-05-17,51.099998474121094,51.900001525878906,50.099998474121094,50.79999923706055,270291
2022-05-19,50.5,51.0,49.099998474121094,51.0,176341
2022-05-20,49.95000076293945,51.5,49.0,50.0,78117
2022-05-23,51.0,51.20000076293945,49.79999923706055,49.79999923706055,138361
2022-05-24,51.400001525878906,51.5,49.5,50.79999923706055,147582
2022-05-26,55.599998474121094,55.70000076293945,51.5,51.5,709590
2022-05-27,56.20000076293945,57.400001525878906,54.5,55.79999923706055,321283
2022-05-30,55.900001525878906,57.400001525878906,55.099998474121094,55.5,77958
2022-05-31,54.5,56.900001525878906,54.0,56.5,220793
2022-06-01,56.0,56.29999923706055,54.0,54.599998474121094,170095
2022-06-02,57.29999923706055,57.900001525878906,56.0,56.0,333598
2022-06-03,59.900001525878906,60.599998474121094,55.599998474121094,57.29999923706055,1323445
2022-06-06,57.29999923706055,60.400001525878906,56.70000076293945,59.900001525878906,570223
2022-06-07,57.20000076293945,59.0,56.29999923706055,57.79999923706055,241268
2022-06-08,55.70000076293945,58.0,54.0,56.29999923706055,743546
2022-06-09,54.0,56.400001525878906,53.20000076293945,56.099998474121094,619066
2022-06-10,55.400001525878906,55.70000076293945,53.099998474121094,53.900001525878906,384225
2022-06-13,54.20000076293945,55.400001525878906,51.0,55.400001525878906,242791
2022-06-14,54.79999923706055,55.400001525878906,53.20000076293945,54.0,192431
2022-06-15,53.79999923706055,55.5,53.400001525878906,55.099998474121094,276751
2022-06-16,52.5,53.79999923706055,52.099998474121094,53.599998474121094,124314
2022-06-21,52.70000076293945,54.20000076293945,52.099998474121094,53.5,96465
2022-06-22,51.79999923706055,53.400001525878906,51.20000076293945,52.0,144447
2022-06-23,50.70000076293945,53.0,48.599998474121094,51.70000076293945,156218
2022-06-24,49.400001525878906,51.5,49.29999923706055,49.29999923706055,184198
2022-06-27,51.20000076293945,51.5,48.79999923706055,49.0,453443
2022-06-28,53.79999923706055,54.0,51.0,51.0,274661
2022-06-29,53.79999923706055,54.29999923706055,52.099998474121094,54.0,106749
2022-06-30,53.20000076293945,54.5,52.5,53.900001525878906,354146
2022-07-01,54.20000076293945,54.400001525878906,52.70000076293945,53.5,247037
2022-07-04,52.20000076293945,54.0,50.099998474121094,53.5,481210
2022-07-05,54.5,54.70000076293945,50.29999923706055,50.29999923706055,296549
2022-07-06,56.79999923706055,57.0,52.599998474121094,54.70000076293945,347550
2022-07-07,60.0,62.5,55.20000076293945,57.0,650048
2022-07-08,62.900001525878906,64.4000015258789,59.0,61.0,419588
2022-07-11,61.900001525878906,63.20000076293945,60.0,62.900001525878906,307474
2022-07-12,60.599998474121094,62.0,60.5,61.79999923706055,618090
2022-07-13,60.599998474121094,61.70000076293945,59.099998474121094,59.099998474121094,553453
2022-07-14,60.400001525878906,61.0,59.29999923706055,61.0,135971
2022-07-15,61.599998474121094,62.20000076293945,59.599998474121094,62.0,161275
2022-07-18,63.400001525878906,63.5,61.5,61.5,291111
2022-07-19,64.9000015258789,65.30000305175781,62.599998474121094,64.0,259638
2022-07-20,68.5,69.0,64.4000015258789,65.0,378678
2022-07-21,69.30000305175781,71.0999984741211,66.19999694824219,66.19999694824219,504076
2022-07-22,70.19999694824219,71.5,68.4000015258789,69.4000015258789,698061
2022-07-25,72.5999984741211,73.0,70.5,70.80000305175781,593579
2022-07-26,71.69999694824219,73.30000305175781,70.80000305175781,72.5999984741211,613966
2022-07-27,74.80000305175781,75.5,70.9000015258789,72.19999694824219,1827307
2022-07-28,77.0999984741211,77.69999694824219,74.30000305175781,76.0,846511
2022-07-29,75.80000305175781,78.19999694824219,71.9000015258789,77.0,398420
2022-08-01,72.69999694824219,76.9000015258789,72.5,75.80000305175781,697243
2022-08-02,74.69999694824219,75.0,71.19999694824219,73.0,297119
2022-08-03,73.9000015258789,75.4000015258789,72.69999694824219,74.9000015258789,481792
2022-08-04,77.0,77.5,73.9000015258789,75.0999984741211,543869
2022-08-05,83.4000015258789,89.0,77.0,77.5999984741211,1285232
2022-08-08,87.0999984741211,89.30000305175781,83.69999694824219,85.0,688247
2022-08-09,83.69999694824219,87.9000015258789,82.5,87.19999694824219,295227
2022-08-10,82.30000305175781,85.4000015258789,81.69999694824219,84.0,497785
2022-08-11,82.4000015258789,85.0,81.5,85.0,237700
2022-08-12,84.30000305175781,84.5999984741211,81.5,83.5,238584
2022-08-16,82.5,85.80000305175781,82.19999694824219,85.80000305175781,314844
2022-08-17,83.0,84.0,81.19999694824219,82.80000305175781,156032
2022-08-18,87.0,87.5,82.19999694824219,83.5,449965
2022-08-19,86.9000015258789,87.9000015258789,82.30000305175781,86.0999984741211,286448
2022-08-22,85.5999984741211,87.4000015258789,83.0999984741211,87.4000015258789,126302
2022-08-23,89.5,89.80000305175781,85.0999984741211,85.0999984741211,172397
2022-08-24,93.80000305175781,94.19999694824219,89.5,90.0,766205
2022-08-25,97.0999984741211,98.0,91.5,94.69999694824219,322246
2022-08-26,95.5,99.80000305175781,93.5999984741211,99.80000305175781,316674
2022-08-29,95.0999984741211,98.69999694824219,93.4000015258789,93.4000015258789,256120
2022-08-30,93.0999984741211,95.5,92.5,95.5,346367
2022-08-31,89.80000305175781,96.5,87.30000305175781,93.0999984741211,342792
2022-09-01,88.5,91.0,86.5,89.9000015258789,229972
2022-09-05,91.4000015258789,91.5,86.30000305175781,86.30000305175781,181811
2022-09-06,89.9000015258789,91.9000015258789,86.80000305175781,86.80000305175781,47211
2022-09-07,96.0,96.5,88.30000305175781,88.30000305175781,446899
2022-09-08,94.80000305175781,97.69999694824219,90.0,97.4000015258789,281716
2022-09-09,94.30000305175781,97.0,93.5,97.0,204130
2022-09-12,95.5999984741211,95.80000305175781,92.19999694824219,95.0,343106
2022-09-13,92.69999694824219,96.9000015258789,92.0,96.9000015258789,152543
2022-09-14,96.0,96.80000305175781,92.9000015258789,92.9000015258789,236857
2022-09-15,97.0,99.5,94.0,97.0,435659
2022-09-16,102.5,103.5,96.0,96.0,507496
2022-09-19,101.5,104.75,100.5,104.75,211978
2022-09-20,101.0,102.0,98.5,101.0,166813
2022-09-21,99.69999694824219,102.0,97.5,97.5,149797
2022-09-22,99.69999694824219,101.25,97.5,99.69999694824219,105339
2022-09-23,94.0999984741211,99.0,94.0,98.80000305175781,169570
2022-09-26,89.30000305175781,95.9000015258789,88.0,94.0,222993
2022-09-27,86.80000305175781,92.80000305175781,83.0,89.5999984741211,178254
2022-09-28,91.30000305175781,93.0,86.80000305175781,86.80000305175781,92882
2022-09-29,92.9000015258789,94.69999694824219,86.30000305175781,91.0,178531
2022-09-30,92.0,95.19999694824219,91.19999694824219,94.5,107400
2022-10-03,92.80000305175781,96.19999694824219,91.69999694824219,93.0,251077
2022-10-04,93.80000305175781,94.9000015258789,91.5,92.0,87178
2022-10-05,92.19999694824219,94.9000015258789,91.80000305175781,93.0,312813
2022-10-06,91.30000305175781,94.4000015258789,91.0,94.4000015258789,219462
2022-10-11,86.5,93.19999694824219,86.5,91.30000305175781,126562
2022-10-12,85.5999984741211,89.80000305175781,85.0,86.4000015258789,296162
2022-10-13,90.0,90.0,84.69999694824219,84.69999694824219,448184
2022-10-14,88.4000015258789,92.0,87.0,91.0,34918
2022-10-17,87.5999984741211,91.9000015258789,87.0999984741211,91.9000015258789,210925
2022-10-18,87.80000305175781,89.30000305175781,84.0,87.19999694824219,155106
2022-10-19,85.5,88.19999694824219,85.0,85.19999694824219,209518
2022-10-20,84.0,87.4000015258789,83.0,86.0,59098
2022-10-21,85.9000015258789,86.69999694824219,83.30000305175781,83.9000015258789,112536
2022-10-24,87.80000305175781,87.9000015258789,84.19999694824219,85.0,243660
2022-10-25,94.5,95.80000305175781,86.0999984741211,87.80000305175781,431877
2022-10-26,93.9000015258789,98.5,92.0,95.0,627029
2022-10-27,95.80000305175781,97.30000305175781,92.5,92.5,589470
2022-10-28,98.5,98.5999984741211,95.0,97.9000015258789,406221
2022-10-31,99.5999984741211,100.5,97.5,98.80000305175781,479106
2022-11-01,103.5,103.5,99.5,100.0,402180
2022-11-02,101.0,104.5,99.69999694824219,99.69999694824219,111462
2022-11-03,99.30000305175781,103.0,95.0,101.0,86387
2022-11-04,101.5,103.0,99.30000305175781,99.30000305175781,315992
2022-11-07,98.5999984741211,104.25,98.19999694824219,101.5,48928
2022-11-08,97.9000015258789,101.0,97.69999694824219,100.75,56649
2022-11-09,95.30000305175781,100.0,95.19999694824219,98.9000015258789,116458
2022-11-10,98.5,99.9000015258789,97.0,97.0,74363
2022-11-11,102.0,103.0,99.30000305175781,100.0,295455
2022-11-14,104.25,106.0,97.4000015258789,102.0,219667
2022-11-15,106.5,108.0,103.0,104.0,508851
2022-11-16,114.0,116.0,104.5,106.75,576049
2022-11-17,116.0,119.0,113.5,114.0,512744
2022-11-18,120.0,121.0,115.0,116.0,396072
2022-11-22,119.0,122.0,118.0,119.75,311604
2022-11-23,116.5,130.0,116.0,119.0,784380
2022-11-24,121.25,121.5,118.0,119.0,140851
2022-11-25,123.0,125.75,120.25,122.0,406575
2022-11-28,122.75,127.0,118.5,123.0,393163
2022-11-29,129.0,129.75,124.0,124.0,287042
2022-11-30,131.0,132.0,129.0,129.0,212215
2022-12-01,141.75,142.0,131.0,132.0,527090
2022-12-02,148.5,150.0,137.0,143.0,1004584
2022-12-05,139.75,151.5,138.0,149.75,385662
2022-12-06,144.0,144.0,140.0,141.0,405193
2022-12-07,151.75,151.75,147.0,149.5,255250
2022-12-12,151.75,153.75,142.0,153.5,289326
2022-12-13,156.0,158.0,152.75,152.75,246838
2022-12-14,156.0,159.75,152.0,157.5,378632
2022-12-15,158.75,159.75,154.0,157.0,152486
2022-12-16,156.5,161.5,154.0,161.5,640815
2022-12-19,160.75,161.0,150.0,156.0,949090
2022-12-20,165.75,170.0,158.25,164.75,35679
2022-12-21,168.0,175.0,166.0,170.0,929954
2022-12-22,166.0,171.75,163.0,171.75,248215
2022-12-23,169.0,169.75,164.25,168.0,173408
2022-12-26,173.25,174.75,167.25,167.25,341857
2022-12-27,172.25,183.0,172.0,175.0,460410
2022-12-28,174.75,175.0,170.5,170.5,632969
2022-12-29,174.0,177.0,170.0,171.5,236241
2022-12-30,187.0,187.0,174.0,180.0,345048
2023-01-02,190.0,196.0,185.0,189.0,459125
2023-01-03,189.0,194.0,183.0,194.0,641967
2023-01-04,194.5,195.0,189.0,193.0,228132
2023-01-05,205.5,209.0,194.0,196.0,451424
2023-01-06,200.0,213.0,198.5,209.0,850255
2023-01-09,204.25,206.0,198.0,206.0,458155
2023-01-10,204.25,206.0,200.0,205.0,230973
2023-01-11,208.5,210.0,197.0,207.5,595336
2023-01-12,209.5,212.0,206.25,209.0,356797
2023-01-13,208.0,212.5,207.0,212.5,349154
2023-01-16,210.0,212.75,200.0,210.0,318938
2023-01-17,217.0,220.0,207.0,210.0,1056361
2023-01-18,206.0,221.0,190.0,215.5,692916
2023-01-19,193.25,207.5,182.25,201.75,330630
2023-01-20,207.5,210.0,192.5,193.5,242693
2023-01-23,217.5,218.25,206.5,214.0,738038
2023-01-24,223.0,223.5,210.0,219.0,339687
2023-01-25,243.0,249.0,223.0,229.0,648150
2023-01-26,253.0,254.5,245.0,245.0,515222
2023-01-27,250.0,257.0,240.0,253.5,413825
2023-01-30,239.5,252.0,238.0,247.0,398188
2023-01-31,243.0,246.0,237.25,238.75,369551
2023-02-01,246.0,250.0,243.0,246.0,254753
2023-02-02,244.5,251.0,244.0,250.0,142770
2023-02-03,233.25,252.0,224.25,245.25,308979
2023-02-06,233.0,249.0,231.5,238.5,301223
2023-02-07,237.5,241.0,225.0,235.5,105560
2023-02-08,241.5,244.75,236.0,239.0,118595
2023-02-09,246.5,253.5,242.75,249.75,182514
2023-02-10,247.0,253.5,241.0,253.5,106803
2023-02-13,249.0,252.5,241.75,247.0,195770
2023-02-14,249.0,254.5,247.5,254.5,92520
2023-02-15,253.0,254.5,244.0,249.0,418036
2023-02-16,251.5,254.0,246.25,253.0,60570
2023-02-17,245.0,252.0,238.25,252.0,59195
2023-02-22,238.75,250.0,236.0,250.0,94261
2023-02-23,230.0,244.75,225.0,237.25,366582
2023-02-24,223.0,233.0,215.0,230.5,204768
2023-02-27,224.0,229.0,221.0,222.75,214809
2023-02-28,219.5,227.75,218.5,227.75,138498
2023-03-01,226.5,226.75,218.0,218.0,167849
2023-03-02,242.0,247.75,232.5,235.0,457725
2023-03-03,244.0,253.5,236.0,240.0,881214
2023-03-06,242.0,247.0,238.0,239.0,246929
2023-03-07,237.5,250.0,234.5,250.0,418549
2023-03-08,229.25,242.0,225.5,237.0,187084
2023-03-09,227.25,237.0,220.0,229.0,179595
2023-03-10,212.0,227.5,209.0,227.5,457428
2023-03-13,194.0,211.0,191.0,210.0,649263
2023-03-14,188.5,204.0,181.0,197.0,723486
2023-03-15,178.0,187.0,176.25,181.0,733891
2023-03-16,186.5,190.0,178.0,178.0,395492
2023-03-17,189.5,196.0,183.0,190.0,320757
2023-03-20,187.0,195.0,186.0,189.0,770542
2023-03-21,193.25,195.0,188.0,188.0,321894
2023-03-22,191.5,200.0,189.75,196.0,470553
2023-03-23,185.0,195.5,183.5,192.0,748277
2023-03-27,198.75,200.0,182.0,182.0,823110
2023-03-28,206.75,210.0,193.5,200.0,538897
2023-03-29,211.5,215.0,207.5,207.5,197293
2023-03-30,205.75,218.0,200.0,212.0,678808
2023-03-31,199.75,209.5,198.0,205.75,457916
2023-04-03,204.0,206.0,199.0,199.0,463072
2023-04-04,201.25,207.0,198.5,206.0,173153
2023-04-05,199.75,200.0,197.0,198.0,144835
2023-04-10,210.25,210.75,200.0,200.0,232427
2023-04-11,226.5,229.5,210.25,211.0,1106753
2023-04-12,226.25,232.0,225.25,230.0,392634
2023-04-13,235.0,236.0,226.0,226.5,941468
2023-04-14,240.0,244.5,235.0,239.0,572614
2023-04-17,254.0,256.0,238.0,241.0,451572
2023-04-18,258.5,269.0,255.0,256.0,470546
2023-04-19,248.25,260.0,244.0,260.0,382955
2023-04-20,243.5,255.5,240.0,249.0,1031488
2023-04-21,241.75,250.0,240.0,245.0,820869
2023-04-24,245.0,247.0,242.0,244.75,488219
2023-04-25,245.0,252.0,240.0,247.0,1609444
2023-04-26,246.5,249.5,239.0,249.5,371999
2023-04-27,245.0,250.5,230.0,246.5,440055
2023-04-28,247.75,249.0,237.25,247.0,329921
2023-05-02,250.0,250.0,238.0,249.5,118290
2023-05-03,249.0,254.0,243.25,243.25,202612
2023-05-04,244.0,253.5,244.0,253.5,140315
2023-05-05,250.5,253.0,244.0,244.0,593760
2023-05-08,258.0,260.0,251.0,254.5,492139
2023-05-09,264.5,268.0,255.5,258.0,409386
2023-05-10,270.0,270.0,260.5,268.0,398032
2023-05-11,277.5,279.0,267.0,268.0,329704
2023-05-12,285.0,287.0,271.0,280.0,377705
2023-05-15,284.5,289.5,276.0,284.5,255891
2023-05-16,284.5,300.0,283.0,289.5,806204
2023-05-17,298.5,299.5,282.0,286.0,680585
2023-05-18,294.5,303.0,291.0,299.0,387775
2023-05-19,304.5,305.0,295.0,296.0,288091
2023-05-22,309.0,313.0,299.0,304.0,366184
2023-05-23,292.5,312.0,291.0,312.0,957736
2023-05-24,287.0,297.0,280.0,297.0,532537
2023-05-29,297.0,298.5,285.5,289.5,251568
2023-05-30,295.0,299.5,286.0,296.0,282634
2023-05-31,298.5,299.5,285.0,297.0,286725
2023-06-01,312.0,313.0,296.0,300.0,301231
2023-06-02,306.0,318.5,302.0,313.0,414975
2023-06-05,314.5,315.0,306.0,306.0,498664
2023-06-06,322.0,327.0,315.0,318.0,369900
2023-06-07,312.0,327.0,309.0,326.0,346729
2023-06-08,314.0,323.0,308.0,319.5,307114
2023-06-09,312.5,320.0,307.5,320.0,161676
2023-06-12,312.0,320.0,310.5,320.0,80251
2023-06-13,303.5,314.5,302.5,312.0,224843
2023-06-14,294.0,306.0,289.5,303.0,290500
2023-06-15,302.5,304.0,289.0,294.0,284494
2023-06-16,302.5,310.0,291.0,310.0,444026
2023-06-21,323.5,326.0,305.0,305.0,673467
2023-06-22,319.0,329.0,317.0,325.0,578147
2023-06-23,342.0,344.0,320.0,323.0,1057696
2023-06-26,350.5,359.0,342.0,353.0,981915
2023-06-27,326.0,355.0,321.0,350.5,954310
2023-06-28,321.0,334.0,315.0,327.5,445886
2023-06-29,340.5,345.0,320.0,323.0,312690
2023-06-30,346.0,353.0,340.0,340.5,316125
2023-07-03,368.5,370.0,346.0,350.0,772871
2023-07-04,375.0,380.0,360.0,368.5,399750
2023-07-05,379.5,392.5,361.0,375.0,767263
2023-07-06,366.0,382.0,364.0,376.0,293609
2023-07-07,375.5,386.0,367.0,369.5,787138
2023-07-10,364.0,380.0,358.0,380.0,365654
2023-07-11,361.5,367.0,358.0,365.5,510163
2023-07-12,367.5,373.5,361.5,361.5,304951
2023-07-13,373.0,378.0,366.0,367.5,464275
2023-07-14,369.5,373.0,360.0,373.0,176461
2023-07-17,379.0,379.5,372.0,372.5,155524
2023-07-18,374.5,383.0,371.0,380.0,289407
2023-07-19,377.5,383.0,367.0,383.0,131241
2023-07-20,376.0,383.0,362.5,383.0,83171
2023-07-21,382.0,382.5,375.0,379.5,341271
2023-07-24,377.5,391.5,367.0,379.0,212038
2023-07-25,382.0,382.5,368.5,368.5,168456
2023-07-26,380.5,388.0,374.0,388.0,153320
2023-07-27,363.5,388.0,361.0,387.0,177722
2023-07-28,363.0,371.0,361.0,364.0,166031
2023-07-31,363.0,374.0,350.0,363.0,281312
2023-08-01,351.5,364.5,350.0,364.5,280066
2023-08-02,341.5,352.0,339.0,350.0,376988
2023-08-03,331.0,348.0,329.0,342.0,859896
2023-08-04,338.5,340.0,331.0,331.0,308495
2023-08-07,325.0,342.0,322.0,342.0,393248
2023-08-08,325.5,330.0,321.0,325.0,588216
2023-08-09,333.0,336.0,325.0,326.0,388658
2023-08-10,332.5,344.5,325.0,331.0,421325
2023-08-11,339.5,340.0,332.0,339.0,403776
2023-08-14,339.5,365.0,319.0,332.0,552363
2023-08-15,373.5,381.0,340.0,340.5,600166
2023-08-16,384.5,418.0,374.5,374.5,1730022
2023-08-17,429.5,434.0,392.0,399.0,1160842
2023-08-18,438.0,444.0,401.5,429.5,822780
2023-08-22,449.0,449.5,425.5,438.0,466832
2023-08-23,444.5,452.0,437.0,437.0,459131
2023-08-24,441.0,447.5,429.0,444.5,436838
2023-08-25,440.5,444.0,432.5,441.0,505531
2023-08-28,478.0,479.0,435.5,441.0,829223
2023-08-29,491.0,498.0,471.0,471.0,559412
2023-08-30,485.0,499.0,476.0,495.0,394116
2023-08-31,463.5,485.0,453.0,485.0,574958
2023-09-01,453.0,478.0,451.0,470.0,481152
2023-09-04,457.0,463.0,449.0,453.0,267621
2023-09-05,436.5,464.0,426.5,457.0,450852
2023-09-06,436.0,448.0,431.0,431.0,279698
2023-09-07,407.5,441.0,405.0,436.0,332812
2023-09-08,403.0,435.0,390.0,405.0,419761
2023-09-11,393.5,413.5,383.0,403.0,470372
2023-09-12,404.5,413.0,383.0,395.0,433468
2023-09-13,418.5,419.0,408.0,410.0,250239
2023-09-14,430.0,434.0,424.0,434.0,402527
2023-09-15,428.5,442.0,415.0,442.0,195097
2023-09-18,461.5,462.0,422.0,430.0,582331
2023-09-19,440.0,469.0,433.0,469.0,818755
2023-09-20,424.0,449.0,420.0,440.5,262841
2023-09-21,400.5,419.0,395.0,419.0,671952
2023-09-22,402.0,410.0,390.0,402.0,135368
2023-09-25,396.5,404.0,391.0,400.0,195594
2023-09-26,405.5,408.0,390.0,397.0,338682
2023-09-27,428.5,429.0,400.5,400.5,424040
2023-09-28,443.5,453.5,425.0,425.0,330042
2023-09-29,443.5,458.0,430.0,443.5,483364
2023-10-02,449.5,450.0,425.5,443.5,140635
2023-10-03,460.0,462.0,432.0,440.0,690398
2023-10-04,470.5,489.0,460.0,460.0,295863
2023-10-05,482.5,496.0,470.0,470.0,333946
2023-10-06,504.5,505.5,483.5,485.0,221471
2023-10-09,523.0,529.5,502.5,503.0,560157
2023-10-10,555.5,562.0,523.0,523.0,1241158
2023-10-11,541.0,569.0,510.0,552.0,315595
2023-10-12,568.0,580.0,534.0,542.0,625902
2023-10-17,568.0,604.0,563.5,565.0,613613
2023-10-18,580.5,589.5,568.5,572.0,861322
2023-10-19,552.0,593.0,532.0,593.0,236708
2023-10-20,597.0,599.0,550.0,550.0,492822
2023-10-23,561.0,594.0,525.5,580.0,416829
2023-10-24,558.0,594.0,525.0,561.0,784017
2023-10-25,560.5,575.0,542.0,542.0,277114
2023-10-26,570.0,585.5,561.0,580.0,160961
2023-10-27,553.0,580.0,545.5,570.0,78148
2023-10-30,476.5,560.0,473.0,549.0,615293
2023-10-31,481.0,490.0,453.0,465.0,27752
2023-11-01,520.0,521.0,465.0,500.0,380306
2023-11-02,526.0,546.0,522.0,539.0,176745
2023-11-03,515.0,560.0,503.0,536.0,187146
2023-11-07,518.0,522.5,512.0,512.0,169409
2023-11-08,493.5,531.0,482.5,519.0,111032
2023-11-09,529.0,530.0,473.0,500.0,231314
2023-11-10,559.0,569.5,517.0,517.0,191464
2023-11-13,543.0,560.0,535.0,559.0,117743
2023-11-14,524.0,545.0,501.0,525.0,164885
2023-11-15,544.0,549.5,516.5,520.5,171549
2023-11-16,503.5,545.5,489.0,544.0,222341
2023-11-17,508.5,524.0,490.0,500.0,170042
2023-11-21,711.5,740.0,539.0,570.0,1389262
2023-11-22,749.5,814.0,700.0,711.5,1471381
2023-11-23,781.5,800.0,749.5,749.5,741371
2023-11-24,837.0,842.0,782.0,785.0,393225
2023-11-27,763.5,870.0,751.0,840.0,741019
2023-11-28,765.0,800.0,735.0,753.0,441341
2023-11-29,794.0,795.0,752.0,772.0,518362
2023-11-30,796.0,820.0,770.5,801.0,159567
2023-12-01,859.5,862.0,783.0,819.5,369851
2023-12-04,918.5,920.0,841.5,869.5,427989
2023-12-05,1027.0,1040.0,918.0,919.0,864013
2023-12-06,1024.5,1100.0,980.0,1027.0,590883
2023-12-07,1047.5,1050.0,1011.0,1030.0,383241
2023-12-11,1146.5,1148.0,1065.0,1065.0,1339709
2023-12-12,1196.5,1238.0,1170.0,1195.0,992266
2023-12-13,1210.0,1315.0,1120.0,1269.0,686951
2023-12-14,1187.5,1261.0,1165.0,1210.0,198554
2023-12-15,1114.5,1225.0,1101.0,1160.0,315441
2023-12-18,1128.5,1138.0,1050.0,1118.0,312418
2023-12-19,1113.0,1175.5,1081.0,1137.0,215153
2023-12-20,1093.0,1149.0,1058.0,1135.0,207371
2023-12-21,1147.5,1164.5,1094.0,1100.0,970075
2023-12-22,1173.0,1180.0,1102.0,1170.0,191834
2023-12-26,1166.0,1204.0,1142.0,1200.0,246647
2023-12-27,1141.0,1180.0,1122.0,1130.0,445933
2023-12-28,1200.0,1218.0,1121.0,1150.0,677430
2023-12-29,1210.0,1250.0,1187.5,1200.0,187120
2024-01-02,1234.0,1249.0,1204.0,1234.0,260181
2024-01-03,1213.0,1260.0,1205.0,1235.0,488088
2024-01-04,1183.5,1238.0,1180.0,1223.0,489394
2024-01-05,1185.0,1203.0,1180.0,1185.0,537124
2024-01-08,1224.0,1247.5,1190.0,1210.0,330334
2024-01-09,1220.5,1258.0,1170.0,1225.0,370186
2024-01-10,1259.5,1265.0,1185.0,1239.5,329399
2024-01-11,1262.5,1300.0,1236.0,1265.0,364194
2024-01-12,1251.0,1289.5,1225.0,1270.0,182902
2024-01-15,1285.0,1295.0,1222.0,1263.0,151059
2024-01-16,1359.0,1370.0,1300.0,1300.0,727589
2024-01-17,1395.0,1415.0,1362.0,1362.0,380860
2024-01-18,1360.0,1450.0,1345.0,1426.0,654752
2024-01-19,1399.0,1426.0,1350.0,1370.0,556473
2024-01-22,1418.0,1457.0,1400.0,1429.0,240523
2024-01-23,1448.0,1467.0,1420.0,1420.0,494617
2024-01-24,1472.0,1484.0,1410.0,1467.0,494703
2024-01-25,1500.0,1525.0,1465.0,1485.0,1338366
2024-01-26,1499.0,1560.0,1465.0,1495.0,405142
2024-01-29,1479.5,1505.0,1400.0,1467.0,240438
2024-01-30,1504.0,1514.0,1490.0,1490.0,379854
2024-01-31,1506.5,1522.0,1425.0,1517.0,269587
2024-02-01,1525.5,1550.0,1490.0,1520.0,177752
2024-02-02,1532.0,1548.0,1500.0,1545.0,799657
2024-02-05,1459.0,1556.0,1451.0,1532.0,267989
2024-02-06,1438.5,1500.0,1416.0,1500.0,154260
2024-02-07,1299.5,1405.5,1290.0,1390.0,275503
2024-02-08,1216.0,1300.0,1206.5,1292.5,1031834
2024-02-09,1209.5,1246.0,1190.0,1220.0,1151867
2024-02-14,1184.5,1227.5,1171.0,1215.0,220006
2024-02-15,1226.0,1229.0,1157.0,1157.0,150574
2024-02-16,1253.5,1260.0,1212.0,1260.0,374214
2024-02-19,1291.0,1313.0,1254.0,1256.5,462451
2024-02-20,1322.5,1339.0,1291.0,1300.0,922605
2024-02-21,1336.0,1364.0,1325.0,1326.0,700549
2024-02-22,1290.5,1385.0,1279.0,1336.0,616406
2024-02-23,1258.5,1297.0,1222.0,1285.0,536210
2024-02-26,1264.5,1269.0,1196.5,1255.0,354228
2024-02-27,1198.0,1270.0,1170.0,1264.0,1104398
2024-02-28,1111.0,1259.0,1080.0,1190.0,1450287
2024-02-29,1091.5,1166.0,1081.0,1119.0,455460
2024-03-01,1133.0,1140.0,1091.5,1092.0,383917
2024-03-04,1097.5,1199.0,1089.0,1178.0,251017
2024-03-05,1007.0,1084.0,995.0,1080.0,553456
2024-03-06,952.0,1039.0,940.0,993.0,842424
2024-03-07,912.0,945.0,902.0,945.0,498550
2024-03-08,912.0,928.0,885.0,912.0,717127
2024-03-11,897.0,935.0,867.5,925.0,1225991
2024-03-12,988.0,1009.5,908.0,908.0,444935
2024-03-13,1049.5,1052.0,995.5,1000.0,479364
2024-03-14,1017.5,1069.0,1006.5,1068.0,336621
2024-03-15,1064.5,1065.0,1001.0,1002.0,453529
2024-03-18,1140.0,1150.0,1080.0,1093.0,383829
2024-03-19,1153.5,1189.0,1130.0,1140.0,495633
2024-03-20,1177.5,1190.0,1150.0,1161.0,373496
2024-03-21,1191.0,1200.0,1157.0,1200.0,609489
2024-03-22,1199.5,1220.0,1161.0,1191.0,548995
2024-03-25,1245.5,1280.0,1200.0,1210.0,361585
2024-03-26,1294.5,1295.0,1200.0,1216.0,252868
2024-03-27,1313.5,1320.0,1266.0,1295.0,201197
2024-04-03,1319.0,1325.0,1199.0,1261.0,298561
2024-04-04,1352.0,1399.5,1300.0,1350.0,490278
2024-04-05,1418.0,1429.0,1364.0,1364.0,498111
2024-04-08,1474.0,1487.5,1400.0,1433.0,458883
2024-04-09,1452.5,1489.0,1401.0,1474.0,544447
2024-04-10,1427.5,1487.0,1378.0,1400.0,677803
2024-04-11,1373.0,1469.0,1366.5,1448.0,73453
2024-04-12,1313.0,1388.0,1306.0,1370.0,359605
2024-04-15,1198.0,1345.0,1185.0,1320.0,1515996
2024-04-16,1183.5,1230.0,1130.0,1190.0,642389
2024-04-17,1139.5,1216.5,1120.0,1195.0,158622
2024-04-18,1149.0,1178.0,1114.0,1168.0,160411
2024-04-19,1153.0,1179.0,1140.0,1150.0,195114
2024-04-22,1230.0,1240.0,1165.0,1175.0,416204
2024-04-23,1199.5,1290.0,1185.0,1230.0,139926
2024-04-24,1171.5,1234.0,1161.0,1210.0,143350
2024-04-25,1228.5,1234.0,1171.5,1172.0,228722
2024-04-26,1278.5,1297.5,1200.0,1240.0,220196
2024-04-29,1324.5,1348.0,1280.0,1300.0,261313
2024-04-30,1360.5,1400.0,1338.0,1350.0,532510
2024-05-02,1408.0,1410.0,1290.0,1390.0,319985
2024-05-03,1471.5,1497.0,1410.0,1410.0,359540
2024-05-06,1467.0,1498.0,1376.0,1498.0,490740
2024-05-07,1515.5,1520.0,1450.0,1480.0,591877
2024-05-08,1441.5,1530.0,1430.0,1525.0,351498
2024-05-09,1432.0,1457.5,1356.0,1444.0,443809
2024-05-10,1384.0,1450.0,1371.0,1428.0,890639
2024-05-13,1369.5,1400.0,1330.0,1376.5,200094
2024-05-14,1427.5,1436.0,1340.0,1369.5,427567
2024-05-15,1451.0,1486.0,1425.0,1480.0,983388
2024-05-16,1526.5,1529.0,1425.5,1475.0,503164
2024-05-17,1526.0,1565.0,1484.0,1530.0,865219
2024-05-20,1568.5,1584.0,1475.0,1526.0,359661
2024-05-21,1593.5,1625.0,1560.0,1565.0,333532
2024-05-22,1541.5,1604.5,1530.0,1583.5,422270
2024-05-23,1567.5,1600.0,1500.0,1541.5,519280
2024-05-24,1601.0,1605.0,1501.0,1550.0,480791
2024-05-27,1669.0,1702.0,1620.0,1636.0,307835
2024-05-28,1646.0,1714.5,1638.0,1669.0,409924
2024-05-29,1678.0,1679.0,1576.0,1650.0,612793
2024-05-30,1729.5,1756.0,1700.0,1700.0,683589
2024-05-31,1666.0,1764.0,1632.5,1730.0,724382
2024-06-03,1707.0,1718.0,1638.5,1680.0,388381
2024-06-04,1630.5,1700.0,1611.0,1700.0,351173
2024-06-05,1603.5,1630.0,1515.0,1600.0,2410168
2024-06-06,1531.0,1595.0,1520.0,1542.0,244914
2024-06-07,1584.5,1608.0,1510.0,1535.5,181685
2024-06-10,1635.0,1650.0,1550.0,1550.0,350776
2024-06-11,1647.0,1690.0,1577.5,1650.0,233231
2024-06-12,1620.0,1685.0,1580.0,1625.0,867987
2024-06-13,1703.5,1711.0,1641.0,1660.0,693016
2024-06-14,1679.5,1715.0,1655.0,1710.0,173597
2024-06-18,1645.0,1679.5,1610.0,1679.5,216465
2024-06-19,1729.5,1735.0,1625.0,1656.0,590809
2024-06-24,1767.5,1790.0,1660.5,1709.0,437841
2024-06-25,1796.5,1798.0,1711.0,1711.0,375829
2024-06-26,1784.0,1810.0,1770.0,1798.0,139798
2024-06-27,1808.5,1818.0,1725.0,1800.0,291641
2024-06-28,1782.5,1834.0,1750.5,1810.0,145384
2024-07-01,1730.5,1784.0,1705.0,1779.0,145439
2024-07-02,1797.0,1805.0,1710.5,1728.0,1710364
2024-07-03,1784.0,1834.5,1743.0,1798.0,175408
2024-07-04,1823.5,1839.0,1770.0,1770.0,183853
2024-07-05,1859.0,1859.0,1824.0,1824.0,134548
2024-07-08,1887.0,1925.0,1845.0,1860.0,652761
2024-07-10,1910.0,1925.0,1870.0,1885.0,307738
2024-07-11,1925.0,1955.0,1855.0,1955.0,316614
2024-07-12,1895.0,1940.0,1865.0,1930.0,229456
2024-07-15,1630.0,1900.0,1610.0,1885.0,334101
2024-07-16,1580.0,1660.0,1510.0,1640.0,1839775
2024-07-17,1565.0,1615.0,1545.0,1600.0,291215
2024-07-18,1600.0,1605.0,1555.0,1580.0,197136
2024-07-19,1630.0,1650.0,1600.0,1625.0,1053630
2024-07-22,1635.0,1675.0,1590.0,1650.0,352035
2024-07-23,1630.0,1660.0,1625.0,1635.0,286552
2024-07-24,1580.0,1670.0,1570.0,1645.0,204268
2024-07-25,1550.0,1595.0,1530.0,1580.0,141923
2024-07-26,1530.0,1600.0,1480.0,1565.0,1165201
2024-07-29,1495.0,1560.0,1480.0,1560.0,149036
2024-07-30,1420.0,1520.0,1400.0,1520.0,391982
2024-07-31,1540.0,1545.0,1430.0,1455.0,25882
2024-08-01,1575.0,1580.0,1470.0,1535.0,233345
2024-08-02,1570.0,1620.0,1490.0,1535.0,325712
2024-08-05,1640.0,1695.0,1430.0,1500.0,1802675
2024-08-06,1710.0,1710.0,1650.0,1650.0,287629
2024-08-07,1760.0,1765.0,1690.0,1720.0,706469
2024-08-08,1750.0,1830.0,1700.0,1785.0,294568
2024-08-09,1750.0,1790.0,1685.0,1760.0,698502
2024-08-12,1690.0,1780.0,1680.0,1750.0,164718
2024-08-13,1680.0,1715.0,1660.0,1690.0,150346
2024-08-14,1635.0,1715.0,1610.0,1640.0,269360
2024-08-15,1665.0,1685.0,1640.0,1660.0,326553
2024-08-16,1660.0,1710.0,1650.0,1665.0,214135
2024-08-19,1620.0,1700.0,1600.0,1675.0,478358
2024-08-20,1630.0,1660.0,1600.0,1620.0,1791189
2024-08-21,1610.0,1665.0,1600.0,1645.0,1523678
2024-08-22,1535.0,1630.0,1510.0,1615.0,1323598
2024-08-23,1550.0,1595.0,1510.0,1575.0,658485
2024-08-26,1515.0,1590.0,1510.0,1590.0,607238
2024-08-27,1585.0,1595.0,1515.0,1520.0,215004
2024-08-28,1605.0,1630.0,1560.0,1600.0,278454
2024-08-29,1630.0,1645.0,1605.0,1605.0,251969
2024-08-30,1735.0,1770.0,1650.0,1655.0,1822509
2024-09-02,1765.0,1790.0,1725.0,1745.0,463943
2024-09-03,1710.0,1795.0,1705.0,1735.0,332291
2024-09-04,1760.0,1820.0,1710.0,1755.0,584225
2024-09-05,1800.0,1815.0,1730.0,1775.0,1492595
2024-09-06,1695.0,1845.0,1670.0,1820.0,272483
2024-09-09,1685.0,1730.0,1670.0,1700.0,467942
2024-09-10,1650.0,1730.0,1625.0,1685.0,690685
2024-09-11,1715.0,1730.0,1650.0,1655.0,579570
2024-09-12,1790.0,1820.0,1720.0,1750.0,282457
2024-09-13,1845.0,1850.0,1780.0,1790.0,675582
2024-09-16,1855.0,1880.0,1825.0,1845.0,296629
2024-09-17,1840.0,1860.0,1790.0,1855.0,265172
2024-09-18,1790.0,1880.0,1720.0,1850.0,5279390
2024-09-19,1780.0,1840.0,1760.0,1820.0,419141
2024-09-20,1755.0,1800.0,1715.0,1780.0,418599
2024-09-23,1740.0,1765.0,1680.0,1755.0,378257
2024-09-24,1800.0,1805.0,1715.0,1750.0,292975
2024-09-25,1750.0,1810.0,1745.0,1800.0,222180
2024-09-26,1725.0,1795.0,1705.0,1750.0,508405
2024-09-27,1805.0,1820.0,1700.0,1700.0,845922
2024-09-30,1850.0,1860.0,1775.0,1800.0,226464
2024-10-01,1865.0,1890.0,1775.0,1850.0,304724
2024-10-02,1850.0,1895.0,1820.0,1875.0,276081
2024-10-03,1890.0,1910.0,1815.0,1860.0,379718
2024-10-04,1900.0,1920.0,1860.0,1910.0,223848
2024-10-07,1880.0,1910.0,1845.0,1905.0,341572
2024-10-08,1835.0,1900.0,1830.0,1900.0,229376
2024-10-09,1835.0,1865.0,1810.0,1835.0,262469
2024-10-10,1830.0,1855.0,1800.0,1835.0,142462
2024-10-14,1800.0,1860.0,1785.0,1840.0,1334176
2024-10-15,1795.0,1815.0,1755.0,1780.0,250898
2024-10-16,1775.0,1815.0,1735.0,1765.0,386327
2024-10-17,1820.0,1840.0,1740.0,1810.0,443016
2024-10-18,1810.0,1845.0,1770.0,1770.0,165240
2024-10-21,1810.0,1850.0,1785.0,1850.0,132550
2024-10-22,1830.0,1835.0,1790.0,1830.0,122257
2024-10-23,1845.0,1845.0,1780.0,1830.0,146320
2024-10-24,1890.0,1895.0,1840.0,1845.0,264536
2024-10-25,1845.0,1935.0,1825.0,1900.0,225960
2024-10-28,1860.0,1890.0,1795.0,1850.0,157804
2024-10-29,2010.0,2070.0,1820.0,1930.0,2529702
2024-10-30,2050.0,2095.0,1970.0,2000.0,486988
2024-10-31,2040.0,2070.0,2005.0,2040.0,199236
2024-11-01,2110.0,2120.0,2040.0,2040.0,206001
2024-11-04,2260.0,2270.0,2080.0,2120.0,1665750
2024-11-05,2210.0,2250.0,2125.0,2250.0,1239503
2024-11-06,2175.0,2280.0,2160.0,2255.0,431122
2024-11-07,2210.0,2290.0,2175.0,2200.0,386158
2024-11-08,2030.0,2260.0,1995.0,2235.0,4439125
2024-11-11,2020.0,2060.0,1980.0,2055.0,326444
2024-11-12,2070.0,2075.0,1995.0,2040.0,378101
2024-11-13,2125.0,2130.0,2060.0,2085.0,669838
2024-11-14,2200.0,2215.0,2105.0,2125.0,521237
2024-11-15,2165.0,2235.0,2140.0,2200.0,564581
2024-11-19,2215.0,2265.0,2170.0,2200.0,421221
2024-11-20,2210.0,2260.0,2160.0,2260.0,369830
2024-11-21,2155.0,2265.0,2100.0,2215.0,478351
2024-11-22,2145.0,2175.0,2095.0,2130.0,413767
2024-11-25,2200.0,2230.0,2075.0,2185.0,1109532
2024-11-26,2180.0,2225.0,2170.0,2195.0,252737
2024-11-27,2190.0,2225.0,2155.0,2180.0,696406
2024-11-28,2225.0,2245.0,2140.0,2245.0,558080
2024-11-29,2210.0,2260.0,2175.0,2225.0,316717
2024-12-02,2235.0,2265.0,2195.0,2265.0,1675674
2024-12-03,2365.0,2400.0,2215.0,2235.0,695212
2024-12-04,2265.0,2400.0,2230.0,2360.0,352122
2024-12-05,2200.0,2300.0,2190.0,2300.0,310619
2024-12-06,2255.0,2275.0,2155.0,2225.0,1740860
2024-12-09,2300.0,2320.0,2225.0,2255.0,330433
2024-12-10,2300.0,2380.0,2240.0,2300.0,370637
2024-12-11,2390.0,2395.0,2280.0,2360.0,479505
2024-12-12,2345.0,2440.0,2320.0,2400.0,600591
2024-12-13,2755.0,2910.0,2335.0,2335.0,2725081
2024-12-16,3075.0,3180.0,2830.0,2830.0,2544472
2024-12-17,3035.0,3155.0,2855.0,3150.0,1475181
2024-12-18,2915.0,3155.0,2870.0,3130.0,980676
2024-12-19,2920.0,3050.0,2840.0,2915.0,1726805
2024-12-20,2790.0,3000.0,2770.0,2920.0,1405821
2024-12-23,2870.0,3000.0,2705.0,2800.0,768014
2024-12-24,2920.0,2990.0,2860.0,2990.0,189406
2024-12-26,2940.0,2990.0,2890.0,2950.0,824804
2024-12-27,2860.0,2985.0,2775.0,2950.0,647498
2024-12-30,2750.0,2875.0,2695.0,2850.0,459645
2025-01-02,2830.0,2885.0,2700.0,2770.0,889870
2025-01-03,2830.0,2940.0,2765.0,2850.0,1048028
2025-01-06,2965.0,2965.0,2830.0,2870.0,504469
2025-01-07,3060.0,3080.0,2900.0,3010.0,654783
2025-01-08,2955.0,3080.0,2930.0,3080.0,745148
2025-01-09,2920.0,3025.0,2890.0,2975.0,966425
2025-01-10,2835.0,2960.0,2805.0,2925.0,445673
2025-01-13,2650.0,2845.0,2600.0,2845.0,927368
2025-01-14,2675.0,2735.0,2620.0,2650.0,1334950
2025-01-15,2675.0,2725.0,2580.0,2675.0,348491
2025-01-16,2545.0,2680.0,2525.0,2675.0,699932
2025-01-17,2480.0,2590.0,2400.0,2545.0,430887
2025-01-20,2560.0,2570.0,2450.0,2490.0,218916
2025-01-21,2650.0,2650.0,2505.0,2560.0,173416
2025-01-22,2655.0,2700.0,2575.0,2700.0,718448
2025-01-23,2685.0,2710.0,2570.0,2655.0,312455
2025-01-24,2690.0,2740.0,2545.0,2655.0,233992
2025-01-27,2675.0,2690.0,2570.0,2680.0,403018
2025-01-28,2740.0,2760.0,2630.0,2675.0,380253
2025-01-29,2840.0,2865.0,2695.0,2750.0,530707
2025-01-30,2820.0,2900.0,2780.0,2830.0,181773
2025-01-31,2785.0,2870.0,2780.0,2870.0,226359
2025-02-03,2610.0,2735.0,2600.0,2735.0,317392
2025-02-04,2685.0,2745.0,2505.0,2680.0,343966
2025-02-05,2615.0,2700.0,2580.0,2700.0,215382
2025-02-06,2630.0,2665.0,2580.0,2610.0,326460
2025-02-07,2595.0,2695.0,2570.0,2675.0,558523
2025-02-10,2505.0,2690.0,2490.0,2615.0,140291
2025-02-11,2420.0,2540.0,2300.0,2500.0,732573
2025-02-12,2435.0,2495.0,2330.0,2400.0,418341
2025-02-13,2500.0,2530.0,2400.0,2400.0,222039
2025-02-14,2600.0,2650.0,2450.0,2540.0,231058
2025-02-17,2415.0,2535.0,2395.0,2490.0,1578090
2025-02-18,2475.0,2520.0,2410.0,2415.0,987918
2025-02-19,2515.0,2560.0,2450.0,2480.0,716673
2025-02-20,2470.0,2535.0,2455.0,2515.0,433994
2025-02-21,2480.0,2515.0,2460.0,2480.0,533249
2025-02-24,2420.0,2550.0,2415.0,2550.0,348319
2025-02-25,2315.0,2450.0,2285.0,2450.0,619203
2025-02-26,2260.0,2340.0,2230.0,2310.0,317982
2025-02-27,2070.0,2275.0,2045.0,2270.0,748883
2025-02-28,2000.0,2120.0,1970.0,2090.0,841049
2025-03-05,2260.0,2300.0,1950.0,2010.0,966285
2025-03-06,2320.0,2360.0,2150.0,2230.0,937163
2025-03-07,2385.0,2440.0,2275.0,2320.0,1084589
2025-03-10,2115.0,2370.0,2050.0,2370.0,572528
2025-03-11,2140.0,2190.0,2055.0,2140.0,494928
2025-03-12,2225.0,2260.0,2055.0,2175.0,358066
2025-03-13,2175.0,2270.0,2155.0,2220.0,171933
2025-03-14,2240.0,2280.0,2190.0,2190.0,512768
2025-03-17,2245.0,2295.0,2235.0,2295.0,248240
2025-03-18,2150.0,2205.0,2075.0,2205.0,339693
2025-03-19,2215.0,2250.0,2070.0,2190.0,473548
2025-03-20,2170.0,2270.0,2150.0,2230.0,196310
2025-03-21,2190.0,2210.0,2100.0,2200.0,581005
2025-03-25,2210.0,2230.0,2170.0,2200.0,846296
2025-03-26,2165.0,2245.0,2140.0,2210.0,385968
2025-03-27,2150.0,2230.0,2130.0,2200.0,268109
2025-03-28,2105.0,2150.0,2095.0,2150.0,205669
2025-03-31,2065.0,2095.0,2005.0,2095.0,516036
2025-04-01,2065.0,2135.0,2055.0,2065.0,272988
2025-04-03,1980.0,2055.0,1970.0,2010.0,184004
2025-04-04,1855.0,1900.0,1750.0,1900.0,234895
2025-04-07,1690.0,1880.0,1650.0,1780.0,774797
2025-04-08,1545.0,1775.0,1515.0,1760.0,1182909
2025-04-09,1590.0,1740.0,1460.0,1550.0,1238930
2025-04-10,1530.0,1620.0,1465.0,1570.0,1207733
2025-04-11,1630.0,1675.0,1545.0,1590.0,1330255
2025-04-14,1850.0,1870.0,1700.0,1790.0,936902
2025-04-15,1885.0,1905.0,1760.0,1880.0,940657
