Price,('Close', 'TXAR.BA'),('High', 'TXAR.BA'),('Low', 'TXAR.BA'),('Open', 'TXAR.BA'),('Volume', 'TXAR.BA')
Ticker,TXAR.BA,TXAR.BA,TXAR.BA,TXAR.BA,TXAR.BA
Date,,,,,
2020-04-17,20.802780151367188,21.14949282323869,19.935997645060223,20.412727362226484,513772
2020-04-20,21.06281280517578,21.14949138054506,20.15269189693912,20.802778732324256,688560
2020-04-21,21.149492263793945,21.2795093056495,20.629422443115327,21.062813684804777,493062
2020-04-22,21.5395450592041,21.842919259271618,21.322849438192506,21.62622363826002,378494
2020-04-23,21.886259078979492,21.929597544565965,20.022676953400854,21.669563444534152,598273
2020-04-24,21.626224517822266,21.929597076971888,20.716101880604036,21.929597076971888,660698
2020-04-27,22.23297119140625,22.319649773605523,21.669562886995653,21.669562886995653,589168
2020-04-28,24.26991081237793,24.356589395930573,22.016275906291543,22.362988587245646,1251883
2020-04-29,24.183231353759766,24.356588514592158,23.489806016943017,24.22657147059607,853665
2020-04-30,24.48660659790039,24.70330223151013,23.14309433082261,24.269910964290652,439092
2020-05-04,24.05321502685547,24.22657219285611,23.05641545549293,24.18323207472772,308124
2020-05-05,24.963336944580078,25.13669411703465,23.40312900551502,24.269911561274835,381234
2020-05-06,25.13669204711914,25.743440447490087,24.35658814182534,25.093353584202525,1155751
2020-05-07,25.656761169433594,25.83011666963372,25.006674323856338,25.18002982405647,1220225
2020-05-08,25.873456954956055,26.350186650215246,25.52674429901698,26.17683114887388,1063378
2020-05-11,26.653562545776367,26.783579593397157,24.789980454527846,25.87345860679518,858654
2020-05-12,25.310049057006836,27.65036075917635,24.443266577701895,26.87025685845318,1189678
2020-05-13,25.180030822753906,25.96013639099245,23.66316145624448,25.96013639099245,431721
2020-05-14,26.003475189208984,26.39352797834969,24.57328438445378,25.13669268290202,1677398
2020-05-15,26.870256423950195,27.303647656594553,25.526744264055225,26.350186614125693,431863
2020-05-18,26.523544311523438,27.65036087816643,26.263508574659095,27.65036087816643,427559
2020-05-19,26.39352798461914,26.82691923787557,26.003475195385782,26.82691923787557,645382
2020-05-20,26.7402400970459,27.04361429862872,26.00347465127516,26.826918676534763,715832
2020-05-21,27.73703956604004,27.823716492078802,26.69689992101098,27.043614238191594,1329940
2020-05-22,27.997074127197266,28.083754361224162,27.216970206775798,27.82371696565631,465980
2020-05-26,28.257108688354492,28.56048455274799,26.870257985881874,28.56048455274799,437504
2020-05-27,28.64716148376465,29.037214277148323,27.6503619213198,28.25710869038097,618599
2020-05-28,28.343788146972656,29.03721347920331,28.170430987286792,29.03721347920331,547330
2020-05-29,28.907196044921875,29.080553212176653,26.870258422588865,28.34378938448504,845258
2020-06-01,30.944135665893555,31.030812592601013,28.603822273151337,29.427266302923407,605318
2020-06-02,31.507543563842773,31.63756226562174,31.204171001709113,31.204171001709113,756312
2020-06-03,31.55088233947754,31.940931794750753,31.2041680386651,31.55088233947754,705190
2020-06-04,31.377527236938477,32.02761411350552,30.684101896569533,31.507542628344183,227475
2020-06-05,32.721038818359375,32.76437728131955,31.204169469163904,31.59422224883101,498253
2020-06-08,34.584625244140625,35.32138909279619,32.67770296310423,32.93773706812896,660229
2020-06-09,31.724239349365234,34.62796281554352,31.204171152757787,34.58462435024506,1459232
2020-06-10,32.85105895996094,33.111093055682275,30.077354223736492,31.897596200298793,710106
2020-06-11,30.510744094848633,32.67770030461753,29.47060445285701,32.67770030461753,655044
2020-06-12,31.420866012573242,32.591021079401855,30.16403071076774,31.204170384900323,474200
2020-06-16,30.900798797607422,32.330988001182206,30.770780094321996,31.63756263219022,298586
2020-06-17,28.82051658630371,31.85425517433568,28.603820972872857,31.204168334043118,302581
2020-06-18,27.73703956604004,28.777179211069097,26.35018725708676,28.777179211069097,1179186
2020-06-19,30.944135665893555,32.07095224565453,26.870257286899744,27.73703978002554,1276022
2020-06-22,31.464202880859375,31.59422157347339,30.51074349006561,31.20416880214405,683200
2020-06-23,32.50434112548828,32.981070800692926,31.63755869547526,31.63755869547526,944091
2020-06-24,32.33098602294922,32.93773442363452,31.20416945396954,32.67770033948732,701175
2020-06-25,32.24430847167969,32.937733784793856,31.29084577294908,32.07095131677297,397243
2020-06-26,32.02761459350586,32.200971757824426,31.117493613974514,32.200971757824426,289449
2020-06-29,30.42406463623047,32.461005509120056,30.337387708240637,31.20417021419037,400220
2020-06-30,28.343788146972656,30.770778463036343,27.86705843772113,30.51074437676395,876053
2020-07-01,28.213769912719727,29.037213954830936,27.303648942602223,28.69049962978005,553080
2020-07-02,27.910398483276367,28.907196421581922,27.477007212748823,28.517146923317526,460466
2020-07-03,28.430465698242188,28.603822861737108,27.737040350775377,28.603822861737108,104632
2020-07-06,28.213769912719727,29.90399646094529,27.780378659662546,29.383928279881818,1226537
2020-07-07,27.260311126708984,28.733842083438944,26.870258328381503,28.517146451758446,1093051
2020-07-08,27.043615341186523,27.997074792551622,26.30684986701275,27.910397862977675,1318728
2020-07-13,26.566883087158203,28.60382227692375,26.350187463848176,26.870257290443526,1724828
2020-07-14,27.477006912231445,27.693702545125205,26.00347594725128,26.870258478826322,1572741
2020-07-15,28.603822708129883,28.77717987069385,27.216970367387454,28.603822708129883,1346653
2020-07-16,28.560483932495117,29.297247732212103,27.910397059857956,28.7771795567075,436331
2020-07-17,29.037212371826172,29.557280524537394,28.34378706604032,28.603821142395933,1041240
2020-07-20,30.59741973876953,30.7274384285137,29.03721199440266,29.7739757522526,1070347
2020-07-21,31.420866012573242,31.85425726791908,30.770779129554487,30.770779129554487,746112
2020-07-22,32.24430847167969,32.46100408868491,31.29084577294908,31.81091723766924,581862
2020-07-23,31.334186553955078,33.15442835682265,31.204167865244848,32.5910184477618,1371000
2020-07-24,31.680898666381836,31.724237128646575,29.90399526142575,31.37752612401594,827387
2020-07-27,33.1544303894043,33.197768852793764,31.637561025183185,31.810918185253875,1256314
2020-07-28,33.71784210205078,34.28124876869928,32.59102215572781,33.11109366322603,744732
2020-07-29,34.28125,34.454607175392646,33.37112896232998,33.37112896232998,828313
2020-07-30,34.584625244140625,34.627963710559236,31.854258875098402,34.23791089976563,869484
2020-07-31,34.36792755126953,34.58462317692315,33.71784067430867,34.58462317692315,685923
2020-08-03,34.28125,36.36152949168555,33.28445202789021,34.36793024095287,1257564
2020-08-04,33.76117706298828,37.2716453215016,32.93773307481537,37.2716453215016,1360197
2020-08-05,33.024410247802734,35.711437845050604,32.807714633823686,34.237907008690506,1376564
2020-08-06,33.80451583862305,33.9345345298382,32.7643762284398,33.11109053400511,577196
2020-08-07,35.49474334716797,35.53808181002398,33.97787400161816,34.32458501097903,1775637
2020-08-10,36.36152648925781,36.534883650336084,35.23470990201826,35.23470990201826,590830
2020-08-11,36.448204040527344,37.098290925815625,34.80131924837141,36.66489966895677,753504
2020-08-12,34.931331634521484,36.83825366184914,33.84785358564357,36.83825366184914,701610
2020-08-13,35.321388244628906,35.71144104605623,34.931335443201576,34.931335443201576,431945
2020-08-14,34.10789108276367,35.53808357357364,33.41446572311848,35.53808357357364,320172
2020-08-18,32.24430847167969,34.67129872083564,31.63756008276252,32.98107224689236,809538
2020-08-19,33.674495697021484,33.80451438263664,31.984272623099674,32.02761108280055,881581
2020-08-20,34.541282653808594,34.97467392076485,33.28445062484581,34.0645529214593,667774
2020-08-21,34.23790740966797,35.321385492252396,33.804516176634195,34.67129864270174,750559
2020-08-24,34.064552307128906,34.93133482540961,33.37112695380693,34.23790947208763,697384
2020-08-25,33.414466857910156,34.23791094705329,32.721041474715484,34.06455377462636,461058
2020-08-26,32.721038818359375,34.064551009201374,32.63436189243903,33.111091598026476,409211
2020-08-27,31.247507095336914,32.93773355762272,30.38072463329421,32.72103794211205,495260
2020-08-28,31.98427391052246,32.85105636547957,30.77077715097744,31.637559605934552,865129
2020-08-31,32.417667388916016,32.89439711094154,31.724238731592102,32.070953060254055,244079
2020-09-01,31.8109188079834,32.67770131879214,31.464204481054754,32.67770131879214,327753
2020-09-02,31.20417022705078,32.07095273335775,30.944136136461264,31.81091864276823,644222
2020-09-03,32.85105895996094,32.981074354565145,29.47060579604475,30.944136747149575,751080
2020-09-04,33.19776916503906,33.37112632674028,32.0709525737504,32.93773507574365,221520
2020-09-07,32.807716369628906,33.71784064170433,32.547682280398575,33.71784064170433,157944
2020-09-08,32.634361267089844,32.72103819134926,31.637560105542992,32.677699729219555,194078
2020-09-09,33.327789306640625,33.327789306640625,32.54768369844884,32.93773650254473,323139
2020-09-10,33.674495697021484,34.19456713296957,33.414461632303706,33.63115723732061,525831
2020-09-11,33.58782196044922,33.89119451361588,32.85105815617998,33.8045175860005,285402
2020-09-14,33.024410247802734,33.89119270371895,32.8943948633229,33.89119270371895,253890
2020-09-15,33.89119338989258,33.934535158776036,32.070951518220305,33.024410916427165,813269
2020-09-16,34.28125,35.32138974584277,32.070955106654786,32.85106074266515,1562746
2020-09-17,31.07415199279785,34.62796230566382,31.030813528137525,34.23790951069509,627272
2020-09-18,32.157630920410156,32.677702428463746,30.467407612146694,31.074152745106407,396303
2020-09-21,30.68410301208496,32.070953743241574,30.38072714141679,32.070953743241574,364346
2020-09-22,31.20417022705078,31.55088455217871,29.557282142462405,31.20417022705078,599070
2020-09-23,33.024410247802734,33.63115862824662,30.25070903408098,31.20416841298375,446383
2020-09-24,33.24110412597656,33.847852474736875,32.07094919419863,33.544479953612964,625343
2020-09-25,33.71784210205078,33.84785749904059,32.24431112390866,33.19777059455257,276549
2020-09-28,34.584625244140625,34.75797910981508,33.371128345341184,33.891196555390636,664581
2020-09-29,35.49474334716797,35.66810050510478,34.237908085267,34.9313334105015,671025
2020-09-30,33.58782196044922,36.361526628808235,33.41446479870562,35.97147384151336,667643
2020-10-01,34.887996673583984,35.321387936609874,33.19777008648043,33.71784158601926,352089
2020-10-02,35.538082122802734,35.79811620874019,33.41446435904001,34.88799525470268,423996
2020-10-05,36.75157928466797,36.838256211973366,35.711439624439095,36.31818803511534,871345
2020-10-06,41.08549118041992,41.60555934968588,36.404864430975145,36.838255674201044,1822605
2020-10-07,41.302188873291016,41.82225706863781,39.52528204174475,40.608760204144694,934200
2020-10-08,40.262046813964844,41.60555899521615,40.002012731547296,40.132028119499694,403415
2020-10-09,40.5654182434082,40.738775395756505,38.18176649152883,40.738775395756505,597828
2020-10-13,39.74197769165039,40.30538765895058,39.09189079392538,40.30538765895058,584341
2020-10-14,41.258846282958984,41.60556061065291,39.048551536820625,39.69863842136208,755063
2020-10-15,42.992408752441406,43.079088982468065,39.87199321476085,41.43220098360113,660489
2020-10-16,44.29258346557617,44.63929778065236,42.645698735246164,43.85919222498731,836613
2020-10-19,42.992408752441406,45.15936490541754,42.21230652127761,45.07268798190357,686685
2020-10-20,44.4659423828125,44.55262261826822,41.69223767197448,42.992411445194215,567226
2020-10-21,45.59275817871094,46.8062550013511,44.032550339968466,44.63929875128855,834276
2020-10-22,46.28618621826172,46.54622030356397,45.07268941150081,46.54622030356397,500994
2020-10-23,49.926673889160156,50.01335412864397,43.68584213289992,46.28618980017937,1003185
2020-10-26,48.62649917602539,50.96681269555085,47.67303970453979,50.18671039338435,843738
2020-10-27,44.29258346557617,49.66663551018056,43.77251529947464,48.71317610349018,517836
2020-10-28,42.515682220458984,45.07269133234662,40.8254556341934,43.339126281102516,463582
2020-10-29,44.4659423828125,44.812656711609584,42.47234325851148,42.51568172298289,483746
2020-10-30,50.18670654296875,50.966808785284385,43.42580060382357,44.89933147021451,1115968
2020-11-02,50.01335144042969,51.66023622394557,46.80625549519696,50.18670860356632,441229
2020-11-03,49.579959869384766,51.0534907868716,48.626497131475475,49.40660270735464,312928
2020-11-04,47.239646911621094,50.273385704110524,46.806255655551176,50.273385704110524,460465
2020-11-05,47.93307113647461,48.19310522271876,46.026148993162835,48.106428296141644,552630
2020-11-06,47.413002014160156,48.973209806882174,45.93947114627885,48.973209806882174,348318
2020-11-09,46.45954132080078,48.53982067221516,46.37286439220555,48.45314374361992,461769
2020-11-10,45.506080627441406,47.23964560372489,44.20590689522879,46.45954004179221,533254
2020-11-11,45.506080627441406,46.546220274514056,45.07268938337054,45.506080627441406,915945
2020-11-12,43.94587326049805,46.2861866637696,43.339124851277596,46.112829503061924,505753
2020-11-13,42.515682220458984,45.07269133234662,41.86559532624245,43.51248344752951,718410
2020-11-16,43.29578399658203,43.94587083344809,42.47234000858249,42.73237408202639,640840
2020-11-17,44.29258346557617,44.465940623114264,42.992409743809596,43.77251529947464,539678
2020-11-18,44.03255081176758,44.986013555918944,43.51248262878528,44.986013555918944,531744
2020-11-19,43.42580032348633,44.81265425617133,42.9057321652999,43.59915747838604,642736
2020-11-20,43.68584060668945,44.11923186942838,43.07909217755236,43.51248344029129,696625
2020-11-24,44.98601150512695,45.50607966440073,43.079089410268566,43.12242787245593,716724
2020-11-25,45.766117095947266,46.719579866464414,45.07269173062486,45.766117095947266,712443
2020-11-26,46.80625534057617,46.892932268601726,45.76611567170524,45.93947283426921,313646
2020-11-27,46.19950866699219,47.673039644581856,44.89933485850359,46.97961427469054,517716
2020-11-30,47.06629180908203,47.49968308413162,45.59276081261085,46.80625770535489,1742039
2020-12-01,47.49967956542969,48.10642796685474,46.892931164004644,47.06628832248505,686667
2020-12-02,48.10643005371094,48.45314438571222,46.80625626847551,47.673038791965794,816094
2020-12-03,48.10643005371094,48.62649824519994,47.41300469622129,48.53982131545608,1159777
2020-12-04,46.8929328918457,48.53982099832252,46.54622186862257,48.53982099832252,331884
2020-12-09,44.37926483154297,47.4130035931805,44.2059076695754,46.806255179550426,794827
2020-12-10,46.8929328918457,46.97961312753616,43.339125891359394,44.20590840918658,774349
2020-12-11,47.49967956542969,48.01975104087092,46.459539921060006,47.49967956542969,528290
2020-12-14,45.332725524902344,48.01975334393889,44.899334261171894,47.673039010349356,971052
2020-12-15,46.19950866699219,46.37286583609326,44.72597768940251,45.506083297100865,881673
2020-12-16,46.37286376953125,47.15296934246495,45.67943843054176,46.80625501971379,623569
2020-12-17,45.59275817871094,46.8062550013511,45.072690001301055,46.28618682394122,687861
2020-12-18,44.4659423828125,46.3728645781707,44.20590828947113,45.07269080495096,628880
2020-12-21,42.255645751953125,44.46594040690658,42.03895013271234,44.46594040690658,684427
2020-12-22,42.949073791503906,43.33912659213572,41.60556152845029,42.68903969325368,1082744
2020-12-23,42.08229064941406,43.42580289298503,41.51888399579419,43.42580289298503,572654
2020-12-28,40.73877716064453,42.47234214620387,39.43860342147502,42.3423234496818,1382038
2020-12-29,40.5654182434082,41.21550508482985,40.348722629600985,40.82545231867433,327253
2020-12-30,40.08869171142578,41.12883140091671,39.39526635393614,40.998812699788,763456
2021-01-04,43.12242889404297,43.3391245166261,40.13202864109321,40.13202864109321,850194
2021-01-05,45.332725524902344,45.332725524902344,43.079092276109186,43.079092276109186,693253
2021-01-06,47.49967956542969,48.01975104087092,45.506080509186916,45.506080509186916,894001
2021-01-07,47.84639358520508,48.106427668054174,46.37286270704321,47.67303642780143,773082
2021-01-08,47.84639358520508,48.19310459349962,46.80625394729595,47.84639358520508,611715
2021-01-11,48.97321319580078,49.40660446302026,46.372865592483926,47.84639656233274,739792
2021-01-12,48.71317672729492,48.9732108136756,47.67303707525943,48.9732108136756,463563
2021-01-13,47.75971603393555,48.713178799915816,46.80625657446822,48.539821632781866,382646
2021-01-14,47.75971603393555,48.97321289736027,46.37286530988982,47.23964783904663,261449
2021-01-15,46.979610443115234,48.53981822475112,46.02614774407857,47.84639291141436,201530
2021-01-18,46.80625534057617,47.58636091885759,45.50608158111572,46.80625534057617,153192
2021-01-19,47.75971603393555,48.01975343789295,46.37286530988982,46.80625657446822,477402
2021-01-20,47.75971603393555,47.9330732010695,46.45954224020032,47.673039103625044,605929
2021-01-21,47.239646911621094,48.10642942376093,46.806255655551176,47.67303816769101,660784
2021-01-22,47.06629180908203,47.23964898040447,45.852798222851014,47.23964898040447,362510
2021-01-25,44.205909729003906,48.01975424391533,43.77251845715093,47.23964863197477,584285
2021-01-26,44.63930130004883,44.63930130004883,43.165770304569854,44.205910025291075,981852
2021-01-27,44.205909729003906,45.072692272709865,43.94587562719472,44.205909729003906,137714
2021-01-28,43.25244903564453,45.159367932892856,43.12243033514446,45.159367932892856,398537
2021-01-29,41.86559295654297,43.8591919913283,41.692235799928426,43.8591919913283,239887
2021-02-01,43.512481689453125,44.20590702063105,41.86559363470685,42.038950794129526,625740
2021-02-02,44.03255081176758,44.81265639275389,43.42580239394632,43.42580239394632,200753
2021-02-03,42.559017181396484,44.81265354637137,42.515678719986184,44.03254801493532,680183
2021-02-04,42.47234344482422,43.16576879894734,41.7789180907011,42.90573470446528,556121
2021-02-05,42.38566589355469,42.472342821605885,41.86559440570894,41.86559440570894,319293
2021-02-08,42.342323303222656,43.33912448907654,42.255646376849626,43.33912448907654,288865
2021-02-09,42.90573501586914,43.685840611490114,42.038952490296026,42.342325051641446,533094
2021-02-10,43.772518157958984,43.85919508913193,42.905735620177616,43.339126889068304,296964
2021-02-11,43.772518157958984,44.63930069574035,43.42580382024125,43.68584122678604,379162
2021-02-12,44.03255081176758,44.55262230126274,43.33912546562023,44.20590797493263,256148
2021-02-17,44.4659423828125,45.07269080495096,43.339125773991306,44.20590828947113,343918
2021-02-18,44.29258346557617,45.07268902124122,43.16576690134769,44.465940623114264,613840
2021-02-19,45.332725524902344,45.4194057615562,43.85919456691623,45.07269142796666,442988
2021-02-22,46.28618621826172,46.80625438886623,45.67943781488126,45.93947190018352,741517
2021-02-23,44.4659423828125,46.80625583591061,43.51248293838985,46.80625583591061,514624
2021-02-24,45.8527946472168,46.19950565631187,44.205906607848696,44.205906607848696,389180
2021-02-25,44.725975036621094,46.286186159478746,44.29258379283014,45.852794915687795,656040
2021-02-26,44.98601150512695,45.41940274002601,43.339123489905454,44.29258288407829,277022
2021-03-01,44.205909729003906,45.24604944275366,43.77251845715093,44.2925866607693,493020
2021-03-02,42.21230697631836,44.4659400771022,42.12562674535731,44.4659400771022,966111
2021-03-03,40.998809814453125,42.81905496958879,40.91213289080925,42.4723406619879,463038
2021-03-04,41.042152404785156,42.03895365952339,40.3053885601616,40.99881393860372,374248
2021-03-05,41.47554397583008,41.60556268181597,39.87199757007364,40.91213729842165,345646
2021-03-08,39.74197769165039,41.60556145440059,39.52528205907539,41.432204287038005,247792
2021-03-09,38.22510528564453,40.65209882661656,38.138428361972394,39.785316363844466,824719
2021-03-10,37.705039978027344,39.00521377037311,36.83825744979683,38.65849943647573,1040222
2021-03-11,39.5252799987793,39.56862176824542,37.31498532303075,38.13842934519548,825489
2021-03-12,40.652099609375,40.912133691911066,39.22190719565753,39.87199405525406,731669
2021-03-15,41.38886260986328,41.51888130192343,40.30538453107105,40.30538453107105,577337
2021-03-16,40.5654182434082,41.82225346479259,40.088688554334865,41.77891500333367,675864
2021-03-17,40.43540573120117,40.91213545413713,39.61196167894112,40.91213545413713,497078
2021-03-18,39.3519287109375,40.56542228526022,38.571823100898406,40.39206511563897,628033
2021-03-19,39.65530014038086,40.305387027928084,38.52848352993491,39.35192758213064,558322
2021-03-22,41.99561309814453,42.25564718877287,39.43860404285468,40.435405247861645,923204
2021-03-23,42.60236358642578,42.819059223576446,41.60556233292752,42.38566794927512,1010261
2021-03-25,40.73877716064453,42.42900368286745,40.1320287543962,40.73877716064453,805079
2021-03-26,40.608760833740234,41.51888514947705,39.43860572281147,41.51888514947705,602677
2021-03-29,43.25244903564453,43.42580289429408,40.34872561208384,41.085492737396066,947475
2021-03-30,43.94587326049805,44.20590734830314,42.29898519354437,43.25244792418017,619555
2021-03-31,43.42580032348633,44.20590586727869,42.298983776407255,43.33912339929283,1001399
2021-04-05,43.94587326049805,44.11923042120572,42.862395139216105,43.42580177837502,519398
2021-04-06,45.24604797363281,45.5060820669988,43.33912577809409,43.33912577809409,744005
2021-04-07,45.766117095947266,46.28618859982379,45.07269173062486,45.2460488985837,788283
2021-04-08,44.725975036621094,46.286186159478746,43.94587278170505,46.286186159478746,570900
2021-04-09,44.11922836303711,44.639296514386054,43.33912282950102,44.205905286091046,457870
2021-04-12,43.42580032348633,44.3792630221784,42.038949697314045,44.3792630221784,1068721
2021-04-13,43.599159240722656,43.7725164026297,42.472342648096145,43.425802078815614,224263
2021-04-14,43.0790901184082,44.11922976056643,42.51568018117294,43.25244727652004,377709
2021-04-15,43.12242889404297,43.68583883536422,42.515680489507645,43.68583883536422,346577
2021-04-16,43.772518157958984,44.11923249567672,42.51568281687341,43.339126889068304,518692
2021-04-19,44.29258346557617,44.63929778065236,43.079089975835025,43.079089975835025,297430
2021-04-20,43.29578399658203,44.55261920915894,42.68903562087118,44.55261920915894,638008
2021-04-21,44.205909729003906,44.55262406909149,42.47234464159199,42.73237874340118,710051
2021-04-22,44.37926483154297,44.6392989212379,43.33912516625039,44.2059076695754,1371970
2021-04-23,46.979610443115234,47.239644522302434,44.20590588325549,44.37926303821786,1487418
2021-04-26,46.63290023803711,48.27978839537735,46.37286613596049,47.67303995285658,702827
2021-04-27,46.979610443115234,47.239644522302434,45.15936527577944,46.80625328815287,716166
2021-04-28,47.75971603393555,47.9330732010695,46.80625657446822,47.673039103625044,758448
2021-04-29,48.71317672729492,48.799853653917545,47.67303707525943,48.45314264091425,481961
2021-04-30,47.673038482666016,48.886535330284495,47.23964722373269,48.886535330284495,540674
2021-05-03,47.49967956542969,47.6730367239101,46.80625423802083,47.6730367239101,796211
2021-05-04,47.75971603393555,47.9330732010695,46.89293350477873,47.06629067191268,664495
2021-05-05,47.75971603393555,48.279787535337405,46.45954224020032,47.9330732010695,1375685
2021-05-06,47.49967956542969,48.10642796685474,46.63289707954041,47.84639388239051,1077751
2021-05-07,49.146568298339844,49.40660238643959,46.806254892416455,47.67303739042417,815626
2021-05-10,48.71317672729492,50.01335046571109,48.106428321398155,49.40660205981432,557938
2021-05-11,48.62649917602539,48.88653658326054,47.67303970453979,48.88653658326054,554034
2021-05-12,47.93307113647461,49.31992510729809,47.67303705023046,48.626496468629945,542109
2021-05-13,49.146568298339844,49.40660238643959,48.36646272752777,48.36646272752777,797129
2021-05-14,51.226844787597656,51.40020195011919,48.27978625078304,49.14656875687785,904263
2021-05-17,49.75331497192383,52.00694806548997,49.493277586386206,51.573556831610894,1612748
2021-05-18,50.18670654296875,50.620097779759455,48.973209757349686,48.973209757349686,541672
2021-05-19,51.140167236328125,51.140167236328125,48.62649667668314,49.83999349303165,764184
2021-05-20,51.74691390991211,52.006947988552334,50.36005997964309,51.05348859803396,550780
2021-05-21,50.793453216552734,52.006950040093386,50.44674220019315,51.9202731126317,559724
2021-05-26,51.486881256103516,52.006949427776156,50.44674160624543,50.8801328514769,364054
2021-05-27,52.00695037841797,52.26698446900749,51.14016787211101,51.57355912526449,1220923
2021-05-28,54.17390441894531,54.260581343410536,51.920271317722275,52.0069482421875,814421
2021-05-31,54.95401382446289,55.47408202080273,54.17390822344017,54.60729948922769,498485
2021-06-01,53.307125091552734,55.56075832566362,52.960410760222025,54.95401320560425,922260
2021-06-02,55.64743423461914,55.90747163160433,51.5735591020226,53.2204471858688,1435816
2021-06-03,57.38100051879883,57.81439178136687,54.69397601348212,55.82079594136938,1073685
2021-06-04,59.80799102783203,60.24138226716415,57.034289741316684,57.641034831171446,1050731
2021-06-07,58.24778366088867,61.541559936503454,58.07442979923565,59.80799486786955,668568
2021-06-08,57.98775100708008,59.374601694865966,56.42753985017989,58.074427935124376,1000002
2021-06-09,59.461280822753906,59.72131822953292,57.81439267688075,57.81439267688075,1025530
2021-06-10,58.854530334472656,60.24138094734606,57.90107095143628,60.06802710062139,1026954
2021-06-11,59.54795455932617,59.80799195215448,58.24778082123586,59.02788638669517,864362
2021-06-14,60.76144790649414,61.36819958415763,59.027883021213135,59.807988542194636,731477
2021-06-15,60.934814453125,61.36820571776166,58.941211990586,61.10816831376931,788703
2021-06-16,61.19483947753906,61.36819993487304,59.5479515045052,61.1081625553847,761378
2021-06-17,61.54155731201172,61.88827163355776,60.501420960399244,61.45488038488162,792241
2021-06-18,60.32806396484375,61.801598262956254,60.06803316848933,61.801598262956254,241821
2021-06-22,60.934814453125,61.021491383447156,58.941211990586,59.80799451985933,602232
2021-06-23,63.53515625,63.621833172421944,60.674771518898936,60.934808899190045,1214639
2021-06-24,66.56890106201172,66.8289318536368,61.974951000016894,63.275124797220045,639137
2021-06-25,66.82893371582031,67.17564806067418,61.6282383820907,63.70851783818777,1124346
2021-06-28,64.83533477783203,67.60903618107612,63.79519179184616,66.74225366593411,504471
2021-06-29,63.70851516723633,65.18204280480562,63.18844697827221,65.18204280480562,899356
2021-06-30,61.19483947753906,64.48861542360679,60.2413801077906,64.05522419980973,949788
2021-07-01,60.76144790649414,61.97494464879589,60.241379763514885,61.36819958415763,458703
2021-07-02,63.44847869873047,63.5351622423533,60.58810031087655,61.368205912300674,625438
2021-07-05,65.70211791992188,65.78879484965802,63.70851547086145,63.70851547086145,474369
2021-07-06,66.39553833007812,66.74225265348056,64.1419051475008,65.70211629629893,572360
2021-07-07,65.8754653930664,67.52235335049811,64.66196865532594,66.74224783244885,634851
2021-07-08,64.48861694335938,66.04882141798173,64.14190263354594,66.04882141798173,455423
2021-07-12,64.31526184082031,66.5689017358729,63.53516284502239,64.8353366553869,704997
2021-07-13,64.83533477783203,65.35540296431208,62.92840927670416,64.57529737807911,1355199
2021-07-14,64.66197204589844,65.44207760485278,63.62183570930967,65.00868636243653,304215
2021-07-15,65.00868225097656,65.00868225097656,63.44847123174307,64.48861411557377,422716
2021-07-16,65.09536743164062,65.7021191774585,64.14190796024222,65.7021191774585,213824
2021-07-19,63.10176467895508,65.44207463664486,63.015081143983025,64.40193834723279,396396
2021-07-20,64.66197204589844,65.00868636243653,63.10176754101529,63.10176754101529,558657
2021-07-21,69.16925048828125,69.3426043539557,65.0953685146707,65.0953685146707,758541
2021-07-22,68.90921020507812,69.94934658183124,68.30246508747643,68.47581894592669,385566
2021-07-23,68.649169921875,69.34259855261132,68.47581607070367,68.99588423724316,401665
2021-07-26,68.04242706298828,69.25592390009258,67.86907320612727,69.25592390009258,233111
2021-07-27,69.42927551269531,69.77598982823575,67.60903362238992,68.47581610472825,539796
2021-07-28,72.4630126953125,72.54968961914034,67.69570914150214,69.25592022250477,561812
2021-07-29,73.76319122314453,74.02322862468536,72.6363779135279,73.24312303308871,762608
2021-07-30,72.98308563232422,74.97668807608953,72.63637791430054,74.5432968155341,592665
2021-08-02,73.24311828613281,74.36993813574502,71.50955335628352,73.67650951859514,617707
2021-08-03,71.85626983642578,74.02322606422496,71.3362016643591,73.24312049961213,458311
2021-08-04,72.02962493896484,73.06976791416757,69.42927742049662,73.06976791416757,630780
2021-08-05,72.3763427734375,72.54969663786406,71.5962371574659,72.54969663786406,553370
2021-08-06,70.0360336303711,72.72305824902821,68.7358597878248,71.94295262089521,1250300
2021-08-09,73.06976318359375,73.24311702839167,69.6026333834332,69.7759872282311,729074
2021-08-10,74.9766845703125,75.2367219596972,73.15644268369614,73.7631877748931,692753
2021-08-11,75.93014526367188,77.31699593351016,74.62997152075617,74.89000891454957,417327
2021-08-12,76.79692840576172,77.66371090833923,75.41007772424285,76.7102514781091,580865
2021-08-13,78.01042938232422,78.01042938232422,75.41008173624674,77.14364683363172,321176
2021-08-17,77.57703399658203,79.1372451467515,76.27686024244937,78.44381649933713,324218
2021-08-18,75.93014526367188,78.27046196873552,74.89000891454957,77.75038718114872,498236
2021-08-19,76.62357330322266,76.71025022946439,73.7631884460663,75.84346774099588,427302
2021-08-20,78.01042938232422,78.09710631458826,75.84347301059299,76.27686428493924,661160
2021-08-23,78.27046203613281,79.74398963416252,77.92374771511828,78.18377849610995,428110
2021-08-24,77.92374420166016,79.74398603863257,76.27685621086593,79.74398603863257,610986
2021-08-25,77.4903564453125,78.79053018898209,76.45021348256145,78.01042462017521,521799
2021-08-26,76.19017791748047,77.57702850103925,75.84346361833447,77.57702850103925,552613
2021-08-27,76.71025085449219,77.40367949612722,75.49675403814368,76.71025085449219,635836
2021-08-30,78.18377685546875,78.35713731885096,76.4502118997996,77.23031745245582,586730
2021-08-31,78.35713958740234,78.61717037046567,76.88360536460733,78.44381651509012,486122
2021-09-01,79.0505599975586,79.57063477904988,77.14364117550905,77.83706980881372,634762
2021-09-02,80.09070587158203,80.26405972972448,78.0104265087437,78.0104265087437,576969
2021-09-03,82.95108795166016,83.21112536363194,79.74399514014728,80.61077769601845,610817
2021-09-06,85.55142974853516,85.81146714266258,82.77772840529572,83.12444272645706,367557
2021-09-07,86.67825317382812,87.5450357055664,85.0313650409202,85.81147064208984,730943
2021-09-08,86.67825317382812,88.19512260437011,84.94468811035156,87.5450357055664,628165
2021-09-09,86.24485778808594,86.89494465583533,84.07790156225464,86.89494465583533,480470
2021-09-10,83.99122619628906,87.9784244032912,82.34433811145482,86.67825064363666,543934
2021-09-13,86.89494323730469,92.52902933249153,84.07790018971127,88.41181257062422,862659
2021-09-14,86.50489807128906,86.67825192993861,85.03136382066461,85.81146941063922,728030
2021-09-15,86.67825317382812,88.41181823730469,84.94468811035156,86.59157624325948,347062
2021-09-16,87.32833862304688,88.84520802840997,84.16458111211297,86.33153740548882,769554
2021-09-17,85.03136444091797,88.19512198204363,84.16458191529593,86.67825256220503,281865
2021-09-20,81.1308364868164,84.85800368951064,79.83066280397311,81.99761894204526,1179207
2021-09-21,81.99761962890625,83.2111163989967,80.69744593517193,81.4775514740176,659802
2021-09-22,78.61717224121094,83.3844761207624,78.01042711993291,82.34433973770696,903929
2021-09-23,78.53048706054688,80.52408930047271,76.97028264988874,80.00402116358667,1305882
2021-09-24,79.13724517822266,79.74399028518224,78.27046267512284,79.74399028518224,444609
2021-09-27,78.09709930419922,80.17737855693005,78.01042237971573,79.7439873214872,416681
2021-09-28,79.0505599975586,79.22392046239754,77.31699502732243,78.01042366062711,520227
2021-09-29,79.0505599975586,80.35073372523571,78.44381490318615,79.0505599975586,679174
2021-09-30,80.87081146240234,80.95748839147691,79.31060028695681,79.83066847443006,534211
2021-10-01,81.82427215576172,82.1709864903718,80.87081269535342,81.91094908615777,435001
2021-10-04,80.35073852539062,83.64451481081981,79.74399339477122,82.17098714330072,378324
2021-10-05,81.21752166748047,83.2111241624154,79.83067092071208,80.61077653233993,963308
2021-10-06,79.8306655883789,81.56423055930148,79.7439886624379,81.56423055930148,248323
2021-10-07,78.35713958740234,80.61077277241306,78.01042526362554,80.52409584472527,836350
2021-10-12,78.01042938232422,79.91734834423728,77.92375245006018,78.44382065667045,842477
2021-10-13,80.69744873046875,81.39087736969037,78.79052989214772,78.79052989214772,882903
2021-10-14,84.25125122070312,84.68464244429322,81.04415881134658,81.47755003493667,552214
2021-10-15,86.33153533935547,86.59157273354754,84.25125602489587,84.25125602489587,816866
2021-10-18,87.54503631591797,89.2786013914807,85.81147124035523,86.67825377813661,906095
2021-10-19,90.14537811279297,91.44555183557364,87.76172628769508,88.41181314908542,1019443
2021-10-20,90.79546356201172,91.44555041329103,89.06189862526686,90.57876794491861,1192563
2021-10-21,90.36207580566406,91.44555393283031,87.97842392589835,90.79546705653055,861729
2021-10-22,90.57876586914062,91.01215709339489,88.84520097212358,91.01215709339489,460979
2021-10-25,95.12937927246094,96.42955302105949,91.01216240189885,91.66224927619812,1017984
2021-10-26,93.39581298828125,98.81320353284514,91.87894363580337,97.07963855858469,1320612
2021-10-27,89.49529266357422,95.12937888452562,88.62851016804323,94.26259638899464,636325
2021-10-28,90.14537811279297,91.44555183557364,86.89494380584131,87.11163942630475,643083
2021-10-29,91.01216125488281,95.34607369559151,89.27859627859934,91.44555249895369,1204763
2021-11-01,95.56277465820312,97.94642663380456,91.01216634114583,91.01216634114583,1400183
2021-11-02,99.24659729003906,99.46329291730989,95.562771626435,97.9464235264141,925466
2021-11-03,105.74746704101562,106.18085829938045,96.21285935698963,96.21285935698963,2943658
2021-11-04,111.38155364990234,112.46503179824771,104.01390224115394,104.88068475983023,1717723
2021-11-05,117.01563262939453,117.88241509331597,111.1648509979248,111.38154661390517,3779717
2021-11-08,118.74919891357422,119.61598138739592,113.54850407064396,115.93215587365366,2315633
2021-11-09,112.0316390991211,120.48276854760411,110.29807408404766,120.48276854760411,1483967
2021-11-10,115.93215942382812,116.7989419241932,105.74746504453856,113.33181192273291,2101241
2021-11-11,118.53251647949219,120.0493859774016,115.28208184111489,115.93216876879035,1647604
2021-11-12,118.53251647949219,120.48277726251857,110.94816898994516,120.48277726251857,1630767
2021-11-15,118.31581115722656,120.48276740552741,113.54850741096469,118.74920240688674,1280863
2021-11-16,117.23233032226562,119.61598214027842,113.11511354569807,118.74919966100104,682344
2021-11-17,113.11511993408203,117.88242383934985,108.3478160288142,117.01564131111934,1085496
2021-11-18,115.06537628173828,115.28207190562102,108.78120318913864,108.78120318913864,1256182
2021-11-19,110.94815826416016,116.58224442601204,110.0813757777214,115.71546193957329,1343099
2021-11-23,110.08137512207031,110.94815760334646,105.31407147505152,110.08137512207031,1286075
2021-11-24,107.91442108154297,112.46502919943936,107.04763858289604,110.0813773281603,858526
2021-11-25,108.78120422363281,109.43129110146329,107.48103046797186,107.91442171985884,1042628
2021-11-26,104.01390075683594,107.48103078206381,102.28033574422201,107.48103078206381,831994
2021-11-29,102.71372985839844,107.26433814326418,100.9801647974972,104.88068618452499,596860
2021-11-30,99.67998504638672,103.14711496104364,97.07963761039402,103.14711496104364,747012
2021-12-01,102.71372985839844,104.01390365407437,99.67999100182126,99.67999100182126,842579
2021-12-02,106.39755249023438,107.91442187400554,102.930422470186,104.88068310646321,853939
2021-12-03,106.39755249023438,108.78120437901762,103.36381372269204,107.48103062149949,868128
2021-12-06,108.78120422363281,109.64798672740677,107.04763921608487,108.13111734580234,333116
2021-12-07,109.64798736572266,110.94816112895256,108.7812048569027,108.99790048410769,552528
2021-12-09,110.08137512207031,111.8149400846226,107.26433205792284,111.8149400846226,659269
2021-12-10,110.73146057128906,111.81493865907076,109.2145912483947,110.08137371862004,437157
2021-12-13,108.99789428710938,111.38154605084338,108.13111182756974,110.94815482107356,511132
2021-12-14,109.21459197998047,110.51476569402784,106.18085331386989,110.08137445601206,287855
2021-12-15,109.21459197998047,110.51476569402784,107.69772264692517,110.51476569402784,951642
2021-12-16,110.08137512207031,110.94815760334646,107.69772329856092,109.21459264079417,489656
2021-12-17,110.2980728149414,110.94815968811395,108.34781219542377,109.64798594176887,454790
2021-12-20,105.31407928466797,110.7314701943731,104.44729673911515,110.7314701943731,886689
2021-12-21,106.61425018310547,107.48103270491933,105.0973807699312,106.83094581355894,471353
2021-12-22,108.56450653076172,112.46502772348369,104.01389847258608,105.53076782531129,2326406
2021-12-23,111.81494140625,113.11511514353198,108.34781144016473,108.34781144016473,528648
2021-12-27,112.68172454833984,113.98189829312838,110.94815955528846,113.54850704486553,645629
2021-12-28,110.94815826416016,113.54850572347641,108.99789766967297,111.81494075059891,687038
2021-12-29,111.16485595703125,113.54850783915083,109.21459532620614,113.54850783915083,1063501
2021-12-30,108.13111114501953,112.68171902887806,107.4810243044683,112.46502341536099,822969
2022-01-03,110.73146057128906,110.9481561888454,107.04763507283131,108.34780877816934,380258
2022-01-04,113.11511993408203,113.98190246231253,110.94816361350574,110.94816361350574,409732
2022-01-05,111.5982437133789,114.415286758571,111.38154809451798,113.33180866426635,272629
2022-01-06,110.73146057128906,113.33180798196513,109.2145912483947,113.33180798196513,450150
2022-01-07,110.73146057128906,112.46502551173977,109.43128686595104,110.9481561888454,465253
2022-01-10,110.5147705078125,110.94816176470589,109.21459673713235,110.7314661362592,261844
2022-01-11,109.64798736572266,112.46503051938745,109.21459611131267,110.29807424733761,479618
2022-01-12,109.86467742919922,110.94815551035504,108.13111249934992,109.64798181296807,604017
2022-01-13,108.78120422363281,110.73146485712424,108.34781297174582,110.51476923118074,444588
2022-01-14,109.21459197998047,109.64798321799626,107.48102702791728,109.64798321799626,488272
2022-01-17,107.91442108154297,109.21459482951336,107.4810298322195,109.21459482951336,246726
2022-01-18,106.39755249023438,107.48103062149949,105.09737873271624,107.48103062149949,452870
2022-01-19,106.61425018310547,107.6977283353728,105.53077203083814,105.53077203083814,1105851
2022-01-20,107.91442108154297,108.7812035801899,105.74746483492564,107.4810298322195,804982
2022-01-21,107.48102569580078,108.78119939373386,105.74746076522335,108.78119939373386,327834
2022-01-24,105.09738159179688,107.26433791327723,104.44729469535278,107.26433791327723,764327
2022-01-25,107.48102569580078,107.91441692844514,102.49702652039066,105.74746076522335,464608
2022-01-26,107.69772338867188,108.99789711167395,107.04763652717084,107.69772338867188,284355
2022-01-27,108.78120422363281,108.9978998495763,106.83094359014139,106.83094359014139,316148
2022-01-28,108.13111114501953,112.68171902887806,107.04763307743416,109.64798043963904,396121
2022-01-31,108.13111114501953,108.99789359908782,107.26432869095123,108.3478067585366,669164
2022-02-01,108.99789428710938,110.29806797641884,106.61424252337537,108.13111182756974,646473
2022-02-02,107.48102569580078,110.94815555695564,107.48102569580078,110.51476432431129,311594
2022-02-03,107.04763793945312,109.2145941730453,105.74746419929782,105.74746419929782,786138
2022-02-04,108.56450653076172,108.7812021525796,106.18085469076495,107.48102842167228,281454
2022-02-07,110.73146057128906,111.81493865907076,109.64798248350738,110.08137371862004,1227714
2022-02-08,111.38155364990234,112.68172742791677,110.08137987188792,112.46503179824771,511690
2022-02-09,109.64798736572266,112.68172614659245,108.34781360249274,111.8149436377725,556058
2022-02-10,108.56450653076172,110.5147671271227,108.34781090894383,109.64798463985115,350621
2022-02-11,108.34780883789062,110.08137377929687,107.04763513183593,108.56450445556641,654656
2022-02-14,108.56450653076172,110.08137588348693,107.0476371780365,108.34781090894383,393618
2022-02-15,109.21459197998047,110.29807007501995,108.13111388494097,109.64798321799626,389131
2022-02-16,110.2980728149414,113.76520280519496,108.99789906859633,110.94815968811395,1002092
2022-02-17,109.43128967285156,111.8149415271117,108.99789842662246,111.38155028088259,774957
2022-02-18,107.48102569580078,111.3815467896,105.74746076522335,111.3815467896,560622
2022-02-21,107.91442108154297,110.0813773281603,104.88068233627871,108.34781233086643,329358
2022-02-22,107.04763793945312,109.86468104312294,104.88068170586095,107.91442043289,703976
2022-02-23,109.86467742919922,110.08137304543038,106.6142431857318,108.13111249934992,1835386
2022-02-24,108.56450653076172,109.21459339621538,105.74746344712918,108.7812021525796,564715
2022-02-25,107.26432800292969,110.08137096058239,104.88067626953125,108.34780606356534,677741
2022-03-02,107.26432800292969,110.9481534090909,107.04763239080255,109.21458851207386,825755
2022-03-03,112.0316390991211,112.68172597977363,105.74746591947986,107.91442218832167,940440
2022-03-04,111.5982437133789,112.03163495110077,109.21459190590868,111.81493933223983,1042208
2022-03-07,112.89842224121094,114.41529163792586,110.0813790758832,110.94816158829174,811499
2022-03-08,110.5147705078125,114.19859619140625,110.08137925091913,114.19859619140625,472738
2022-03-09,107.48102569580078,110.73145994063346,106.83093884683424,110.2980687079891,683963
2022-03-10,108.13111114501953,109.21458921260489,106.18085062336587,109.21458921260489,754482
2022-03-11,108.99789428710938,109.6479811317641,107.2643293680301,108.34780744245465,591064
2022-03-14,107.48102569580078,110.08137309166692,104.01389583464591,110.08137309166692,478001
2022-03-15,104.66398620605469,108.34781180751003,104.01389933520963,106.61424681858988,422320
2022-03-16,111.38155364990234,112.46503179824771,104.88068475983023,104.88068475983023,939638
2022-03-17,113.98190307617188,114.63198997584587,109.21459914522933,110.94816421102662,567238
2022-03-18,115.06537628173828,116.14885440115202,112.46502879514533,114.41528941009004,648862
2022-03-21,111.81494140625,117.01563635537791,110.08137642320736,115.28207137233527,846748
2022-03-22,107.04763793945312,113.54850664022963,106.6142466927347,113.54850664022963,1396785
2022-03-23,106.18086242675781,107.91442752760284,104.66399296351841,107.04764497718033,1641790
2022-03-25,107.48102569580078,108.13111254476732,105.09737391625681,106.61424323051206,731616
2022-03-28,106.83094024658203,108.13111396155057,106.18085338909776,108.13111396155057,290566
2022-03-29,106.18086242675781,107.26434061478595,104.88068860112404,107.04764497718033,402870
2022-03-30,105.53076934814453,107.48102997264823,102.71372622386141,107.48102997264823,1229854
2022-03-31,107.91442108154297,108.7812035801899,105.74746483492564,105.74746483492564,713248
2022-04-01,110.5147705078125,110.94816176470589,107.48103170955883,108.3478142233456,955970
2022-04-04,109.21459197998047,111.81493940807523,108.56450512295677,111.81493940807523,660442
2022-04-05,108.99789428710938,110.08137236153392,107.69772059779991,109.21458990199429,405865
2022-04-06,107.91442108154297,108.99789920485163,106.61424733357256,108.99789920485163,388104
2022-04-07,108.13111114501953,108.99789359908782,105.53076378281465,108.78119798557074,742306
2022-04-08,106.39755249023438,108.34781312651158,105.96416123772832,108.34781312651158,408760
2022-04-11,106.18086242675781,108.34781880281409,105.74747115154655,106.61425370196906,301813
2022-04-12,105.53076934814453,107.48102997264823,104.01389997353054,106.1808562229791,544720
2022-04-13,105.53076934814453,106.1808562229791,103.14711747375112,105.7474649730894,378542
2022-04-18,104.66398620605469,106.39755119497485,103.36381246436457,105.7474643241298,327093
2022-04-19,104.44729614257812,105.74746995348158,103.7972092371264,104.6639917777287,303094
2022-04-20,104.23059844970703,105.53077223494246,103.58051155708932,104.01390281883447,434407
2022-04-21,104.23059844970703,105.3140766040699,103.14712029534418,104.01390281883447,542047
2022-04-22,105.31407928466797,106.6142531029972,103.58051419356232,104.88068801189155,388906
2022-04-25,103.58051300048828,105.5307737055184,103.14712173270381,105.5307737055184,612662
2022-04-26,102.71372985839844,104.23059928668702,99.67999100182126,104.01390365407437,566949
2022-04-27,105.74746704101562,106.39755392856284,103.14711949082671,103.14711949082671,498580
2022-04-28,105.96416473388672,106.61425163409461,104.66399093347093,105.09738220027619,297744
2022-04-29,105.53076934814453,107.26433434770338,104.01389997353054,106.61424747286881,648184
2022-05-02,104.01390075683594,105.31407451629639,101.63024886449179,101.63024886449179,623770
2022-05-03,107.48102569580078,107.69772131212295,104.01389583464591,104.01389583464591,616001
2022-05-04,106.39755249023438,108.13111750025855,105.31407435896925,107.26433499524646,439258
2022-05-05,101.8469467163086,106.39755497384579,101.413555453686,104.88068555466673,814239
2022-05-06,101.4135513305664,103.1471163105761,99.67998635055673,102.28033382057124,426329
2022-05-09,97.29634094238281,101.41355804239456,97.07964530554008,100.54677549502367,611946
2022-05-10,101.19685363769531,102.28033172803467,97.51302813054153,97.51302813054153,766838
2022-05-11,102.49703216552734,103.58051030681199,101.4135540242427,103.14711905029813,250387
2022-05-12,100.98016357421875,102.9304242441071,97.51303349441726,102.28033735414432,574038
2022-05-13,102.28033447265625,102.71372572042175,100.33007385771154,102.06363884877351,355857
2022-05-16,100.33007049560547,103.58050474492315,99.89667926236311,102.49702666181724,455513
2022-05-17,101.19685363769531,102.28033172803467,100.11337554735596,102.28033172803467,383938
2022-05-19,99.02989959716797,100.76346457917528,98.59650835166613,100.76346457917528,518981
2022-05-20,97.94642639160156,100.11338272769895,97.72973075799183,99.02990455965026,384666
2022-05-23,99.02989959716797,99.46329084266979,97.07963899240974,97.94642148341339,281816
2022-05-24,98.81320190429688,99.67998437714158,96.86294134039628,99.67998437714158,435843
2022-05-26,100.54676818847656,102.06363753614755,98.81320321970972,98.81320321970972,1066746
2022-05-27,100.98016357421875,102.28033735414432,100.11338105426837,101.19685920420635,341402
2022-05-30,99.89668273925781,101.41355210840055,99.67998711509456,100.54676961174756,172401
2022-05-31,100.76346588134766,101.84694400910408,98.81320525138608,99.89668337914252,949745
2022-06-01,102.28033447265625,102.71372572042175,100.11337823382878,101.19685635324252,577204
2022-06-02,100.98016357421875,102.49703298413192,100.54677231424357,102.49703298413192,354396
2022-06-03,100.98016357421875,101.63025046418154,99.4632941643056,101.63025046418154,552189
2022-06-06,99.02989959716797,102.71372518393352,97.94642148341339,101.19685582467712,735403
2022-06-07,100.76346588134766,101.4135527580015,98.81320525138608,99.67998775359122,537660
2022-06-08,101.4135513305664,101.63024695306761,99.0298994830531,101.4135513305664,524141
2022-06-09,100.98016357421875,102.28033735414432,99.67998979429319,101.19685920420635,422939
2022-06-10,99.46328735351562,101.41354788985907,98.59650489291855,100.54676542926198,494033
2022-06-13,96.64624786376953,100.1133778319765,96.64624786376953,98.59650847088595,312681
2022-06-14,95.12937927246094,97.94642239442447,93.61250989909595,97.07963989535877,932883
2022-06-15,95.34607696533203,96.64625074213201,94.04590318853205,95.34607696533203,350226
2022-06-16,93.82920837402344,96.21286031886007,93.17912147997708,95.12938216211614,615172
2022-06-21,91.01216125488281,95.34607369559151,90.3620743887765,93.82920434134347,1074462
2022-06-22,89.92868041992188,91.87894095914909,88.62850672710373,91.01215849727033,842480
2022-06-23,88.62850952148438,91.01216136680547,85.81146643155945,88.41181389918246,891392
2022-06-24,88.62850952148438,89.9286832552959,87.32833578767287,89.27859638839013,389515
2022-06-27,91.2288589477539,91.66225020166247,87.76172891648535,87.76172891648535,520087
2022-06-28,94.47929382324219,94.69598945127714,91.01216377468285,92.31233754289259,434611
2022-06-29,99.24659729003906,99.67998854458071,93.61251098099754,94.91268474462251,560234
2022-06-30,102.71372985839844,104.01390365407437,94.47929581911755,99.46329536920861,833382
2022-07-01,102.930419921875,104.01389802631579,100.98015933388157,100.98015933388157,280817
2022-07-04,103.79720306396484,104.01389868622782,99.67998624096832,101.41355121907212,739222
2022-07-05,103.79720306396484,106.18085490885757,101.84694246359807,104.66398555301674,430994
2022-07-06,107.48102569580078,107.69772131212295,100.54676597349105,105.74746076522335,399566
2022-07-07,115.93215942382812,117.01563754928446,106.18085629472108,108.34781254563376,1240866
2022-07-08,125.25007629394531,129.1505977010232,112.68172953780547,115.28207714252406,2050492
2022-07-11,125.46676635742188,126.76694010205837,118.7492020101333,126.76694010205837,817416
2022-07-12,128.28379821777344,129.1505806381638,122.4330168801385,125.46675535150476,587057
2022-07-13,128.93389892578125,130.88415958180147,126.55024701286766,127.8504207835478,592530
2022-07-14,123.08311462402344,130.01737460284167,122.6497233753473,129.58398335416553,439605
2022-07-15,127.41703033447266,129.1505953730369,119.83268329075405,124.59998714680574,332349
2022-07-18,125.03337097167969,130.88415262893332,125.03337097167969,128.2838052257095,448223
2022-07-19,128.50050354003906,130.23406851191143,124.81667797481029,126.98363418965074,824339
2022-07-20,133.05111694335938,134.35129072456485,128.28381307893935,129.15059559974299,835720
2022-07-21,138.0351104736328,145.18606596127785,132.18432871101416,133.05111119436506,1329596
2022-07-22,143.66920471191406,148.6532042720559,138.25181388567296,138.68520515177227,1412946
2022-07-25,149.5199737548828,149.95336498315783,140.63545357524484,143.88588778730752,658515
2022-07-26,145.61944580078125,153.4204875401088,143.01909855433874,149.08657546270462,655498
2022-07-27,151.9036407470703,152.987118926436,143.0191196762716,147.78642366548067,780476
2022-07-28,152.9871063232422,155.80414935752287,143.0191078942491,153.42049755928537,864489
2022-07-29,145.18606567382812,156.02084669426307,144.75267443301072,155.80415107385437,565581
2022-08-01,135.4347686767578,149.51998461914062,133.91789926757812,147.13633269042967,886930
2022-08-02,136.51824951171875,141.28555346292163,131.96764119466147,135.43477134099084,782491
2022-08-03,138.0351104736328,138.685197336146,133.91789367771597,137.8184148527951,575795
2022-08-04,138.90188598632812,140.4187552560696,133.9178869571775,138.68519037636506,549292
2022-08-05,139.78182983398438,143.90653956679049,139.55267929327292,142.07333524109887,603880
2022-08-08,140.6984405517578,143.21909665284792,139.32353722389047,140.2401394424687,730474
2022-08-09,139.78182983398438,142.07333524109887,134.28221685690957,142.07333524109887,355587
2022-08-10,139.09437561035156,143.2190852660127,137.49032185537223,143.2190852660127,739815
2022-08-11,138.865234375,141.84419154806108,137.49033106435644,139.7818365820957,397845
2022-08-12,138.865234375,140.24013768564356,137.0320299608086,137.2611805125825,304372
2022-08-16,136.57373046875,140.92759100382762,132.90732159710572,140.2401393403943,760660
2022-08-17,137.2611846923828,138.86523860364605,131.9907218410893,137.4903352511347,825754
2022-08-18,143.4482421875,143.90654328075078,136.1154246954872,137.4903279752396,517266
2022-08-19,147.3437957763672,148.26039792738658,138.86522587943782,142.9899355590251,865604
2022-08-22,152.84341430664062,153.5308659452012,145.73974737484772,146.6563495595952,901336
2022-08-23,155.82237243652344,157.6555768181296,152.3851142210119,153.9891680549173,487087
2022-08-24,162.23858642578125,164.07179079217426,155.36407005180746,156.73897332660223,563280
2022-08-25,163.38433837890625,164.530091102461,159.48877911882013,164.07179001303908,909585
2022-08-26,162.92604064941406,164.071793396597,155.82237361687984,163.61349229772384,684944
2022-08-29,165.67584228515625,166.36329391289547,159.71792817808284,162.23858414646006,338553
2022-08-30,167.50904846191406,169.5714033677379,153.0725641211472,165.9049946462733,470226
2022-08-31,159.71792602539062,169.57139922351374,156.7389690120046,167.2798938286014,631129
2022-09-01,161.55113220214844,162.92603545493267,154.44746539609653,159.48877732297208,652142
2022-09-05,157.65557861328125,166.3632995250613,155.82237421080123,161.55113796855127,456317
2022-09-06,152.1559600830078,159.2596268941121,151.46850845612676,157.6555730980563,490824
2022-09-07,149.177001953125,154.4474643877208,147.57294816868279,153.98916330645162,706064
2022-09-08,152.84341430664062,153.5308659452012,148.03125283671642,148.03125283671642,661336
2022-09-09,154.21832275390625,155.36407552325178,151.69766666134612,153.53087109229895,506585
2022-09-12,153.76002502441406,157.19728340797027,152.61427222989533,155.82238005454778,323797
2022-09-13,155.5932159423828,156.2806675592122,152.8434094750653,154.90576432555343,465460
2022-09-14,155.82237243652344,157.6555768181296,154.21831860261804,156.7389746273265,385144
2022-09-15,150.32275390625,159.4887754858994,147.1146463533727,158.113872248952,899632
2022-09-16,148.26040649414062,151.23936365708317,144.13569657622017,150.09361090210527,540219
2022-09-19,146.65635681152344,150.32276573181153,145.9689051389694,148.48956127166747,1337309
2022-09-20,142.53164672851562,148.03126010710787,140.69844226898488,146.6563567624598,787764
2022-09-21,145.51060485839844,145.73975541723055,140.2401420052596,142.98994871124506,561002
2022-09-22,149.177001953125,149.4061524937596,142.98993735599078,145.739743843606,537100
2022-09-23,149.63531494140625,150.0936160591441,145.73975544063455,148.71871270593056,578382
2022-09-26,148.03125,153.9891640866873,143.906540247678,151.23935758513932,449917
2022-09-27,147.80210876464844,151.23936710801235,143.67739875261174,151.23936710801235,474219
2022-09-28,147.5729522705078,151.2393610225701,144.36484461245328,147.8021028175117,272063
2022-09-29,151.92681884765625,152.15596940398757,140.46929103109093,147.57295827736144,357031
2022-09-30,151.23936462402344,153.98917125355112,148.947859099417,149.63531075679893,252756
2022-10-03,148.94786071777344,154.44747403658351,146.65635516826922,151.69766737717848,589083
2022-10-04,144.1356964111328,150.7810623823933,142.53164255600097,150.09361073019394,1151480
2022-10-05,141.6150360107422,145.73974579746283,141.15673492332877,145.51059525375612,559690
2022-10-06,140.6984405517578,143.9065483167816,139.7818383331796,141.1567416610469,372293
2022-10-11,135.427978515625,141.15674241222504,134.05307518044097,140.24014018876903,943283
2022-10-12,136.57373046875,137.49033268666108,133.36562270606126,133.36562270606126,559573
2022-10-13,138.4069366455078,138.4069366455078,134.05307605566568,134.740527727746,868448
2022-10-14,136.57373046875,139.32353712248323,136.11542935979446,138.40693490457215,503770
2022-10-17,138.63607788085938,139.78183059061854,136.1154219193892,136.8028735452447,499738
2022-10-18,137.2611846923828,139.7818408386536,135.19882966361578,138.86523860364605,837971
2022-10-19,138.4069366455078,138.86523776022804,135.65712995718647,135.65712995718647,1494979
2022-10-20,137.49032592773438,139.78183135986328,135.65712158203127,138.40692810058593,426252
2022-10-21,140.010986328125,141.15673908040097,137.26117972266263,139.3235346767594,494818
2022-10-24,143.21908569335938,143.44823623046875,137.71947280273437,140.01097817382814,673813
2022-10-25,146.1980438232422,147.1146459788738,143.44823735634736,143.90653843416317,526374
2022-10-26,150.78106689453125,151.2393680097122,144.82315239717897,147.57295908826464,1192052
2022-10-27,158.80133056640625,159.4887822138799,148.48955585430195,151.23936244419644,726640
2022-10-28,161.32199096679688,161.32199096679688,156.0515281937339,158.5721843025901,525191
2022-10-31,162.92604064941406,164.98839559434336,157.88472856180914,160.4053846056116,934730
2022-11-01,163.84263610839844,167.73819528859812,160.634528548234,164.07178664841018,759296
2022-11-02,159.71792602539062,164.98838843368904,159.25962494640817,163.15518411775915,243783
2022-11-03,157.65557861328125,164.9883962232013,153.3017181573912,158.57218081452126,510837
2022-11-04,156.50982666015625,159.48878382938324,153.98917059388725,157.65557941755125,336641
2022-11-07,153.53086853027344,159.48878283144822,151.2393630298216,156.5098256808608,338308
2022-11-08,156.7389678955078,157.65557004694352,150.78105391117563,155.8223657440721,234369
2022-11-09,159.03048706054688,162.92604654185712,156.73898148330557,159.03048706054688,517059
2022-11-10,163.61349487304688,164.07179597913384,159.4887849182642,162.92604321391644,371606
2022-11-11,169.34225463867188,169.57140518622083,161.55113602200768,164.530093140144,492901
2022-11-14,164.3009490966797,171.40461635190573,163.6134974268191,169.57141189894418,774238
2022-11-15,162.46774291992188,167.7382056662663,160.86368904059967,164.75924846181076,915726
2022-11-16,162.0094451904297,164.53010133907853,160.63454183662122,163.15519798527006,497411
2022-11-17,165.4467010498047,165.4467010498047,163.15519549509824,164.5300988279221,460965
2022-11-18,169.34225463867188,169.57140518622083,164.98839423524188,167.73820080582925,258356
2022-11-22,172.3212127685547,174.1544171597095,164.30094355725228,169.57140618182243,785893
2022-11-23,168.19650268554688,174.15441694961257,166.82159939383942,169.57140597725436,529919
2022-11-24,171.4046173095703,173.92527344647576,168.88396117266487,169.11311173056535,523466
2022-11-25,169.11309814453125,174.1544100133384,167.73819490758385,173.2378078553735,757956
2022-11-28,170.0297088623047,174.15441878079724,167.73820335203104,172.32121437257834,662121
2022-11-29,172.3212127685547,173.2378149641321,169.34225563292807,172.7795138663434,576231
2022-11-30,168.8839569091797,173.92526905572237,164.9883975232149,173.23781739937564,718036
2022-12-01,168.8839569091797,172.7795162951445,165.67584917956162,171.40461298245103,827037
2022-12-02,169.5714111328125,173.2378200221706,167.27990557696367,171.40461557749157,728268
2022-12-05,166.5924530029297,171.17546408966777,164.98839912257134,168.65480799196183,535677
2022-12-06,168.4256591796875,170.25886363334396,165.2175513857887,169.1131108498087,546114
2022-12-07,171.8629150390625,171.8629150390625,167.73820507812502,170.48801171875002,544185
2022-12-12,170.48800659179688,174.1544153357065,169.57140440581946,174.1544153357065,341218
2022-12-13,170.48800659179688,173.0086626032347,168.88395276633642,170.48800659179688,216514
2022-12-14,168.8839569091797,172.32121519091334,167.73820414860182,171.40461298245103,304341
2022-12-15,169.34225463867188,170.9463084715145,167.27989971073137,170.48800737641662,288795
2022-12-16,167.2799072265625,170.488015036387,167.2799072265625,169.57141280500858,253830
2022-12-19,170.48800659179688,171.86290987076296,166.13414620840422,167.73820003386467,309716
2022-12-20,167.2799072265625,169.34226224716394,166.8216061108733,167.7382083422517,36861
2022-12-21,174.1544189453125,175.98762335526317,167.7382035104852,169.34225736919203,623363
2022-12-22,177.82083129882812,179.42488518941033,171.40461573649927,177.82083129882812,921504
2022-12-23,189.7366485595703,189.7366485595703,177.82082038916252,179.65402472307142,1675154
2022-12-26,195.92372131347656,196.1528718647204,186.98684981496712,189.7366564298931,683514
2022-12-27,204.860595703125,205.31889681208054,196.1528746329698,196.1528746329698,644106
2022-12-28,210.1310577392578,210.8185094003459,202.5690894672889,205.31889611164124,717713
2022-12-29,206.23548889160156,214.48490844726564,204.40228454589845,210.8184997558594,673545
2022-12-30,209.9019012451172,210.58935288674965,197.9860727901542,203.71483647042487,418984
2023-01-02,208.9853057861328,210.5893596682632,197.0694769474498,208.06870356777256,699017
2023-01-03,210.81851196289062,211.73511418881623,202.1107908165973,208.9853075110394,1010112
2023-01-04,213.5683135986328,213.5683135986328,197.98607612577118,210.3602058836319,735664
2023-01-05,220.901123046875,221.58857467461422,210.3601980882067,213.56830568432312,451335
2023-01-06,232.35865783691406,233.7335611377242,223.65093693178315,228.0047973843486,1106298
2023-01-09,236.0250701904297,243.35788790508383,228.2339513686097,230.98375801160498,1396532
2023-01-10,243.81617736816406,244.73277953872108,232.81695132147996,238.316564344822,839774
2023-01-11,252.98220825195312,261.2316280862559,245.64939062146172,245.64939062146172,953412
2023-01-12,259.3984069824219,260.31500912723607,245.64937481020868,252.9821919687224,983337
2023-01-13,266.27294921875,269.4810570406626,252.0656145788511,258.4818302226764,1092629
2023-01-16,276.8138732910156,279.563679979337,259.8567320463673,267.64785099661117,1027401
2023-01-17,273.1474609375,279.105375353922,267.18954652107806,279.105375353922,1070778
2023-01-18,240.1497802734375,274.9806644352338,240.1497802734375,273.14746000566555,1424297
2023-01-19,231.90036010742188,249.3158021708251,222.7343379687886,244.73279110150844,763956
2023-01-20,240.6080780029297,245.19108901250928,228.2339482770647,233.73356148856024,986296
2023-01-23,250.69070434570312,252.9822098698869,233.73356346674333,238.31657451511086,906929
2023-01-24,261.23162841796875,264.4397361353824,242.89958431846216,250.2324019582648,898676
2023-01-25,263.0648193359375,265.8146258098323,254.81539991425305,256.6486042301829,733688
2023-01-26,265.3563232421875,267.64782862424437,261.68991463089645,263.9814200129534,541209
2023-01-27,260.3150329589844,267.64785078881494,258.02352738716235,264.8980441026285,512817
2023-01-30,253.8988037109375,263.0648255055562,247.48258845470443,261.23162114663245,403060
2023-01-31,250.69070434570312,260.31502754727495,245.64939219249888,254.8154142892339,770519
2023-02-01,255.7320098876953,256.6486120736727,246.56598802792126,253.8988055157405,258854
2023-02-02,254.3571014404297,256.64860685881195,249.31578951998875,256.64860685881195,400233
2023-02-03,243.81617736816406,255.73200558540518,236.48336000370801,255.73200558540518,405092
2023-02-06,250.23240661621094,250.69070772722964,237.39997550768732,242.89958883991173,500228
2023-02-07,256.64862060546875,257.56522282191685,238.3165762765067,252.98221173967633,384327
2023-02-08,265.81463623046875,266.7312384243669,253.44050661284348,257.56521648538524,296119
2023-02-09,265.81463623046875,270.3976471999596,259.3984208731816,264.8980340365706,521251
2023-02-10,257.5652160644531,267.6478401808552,256.6486138720529,266.731237988455,286946
2023-02-13,265.3563232421875,265.8146243185989,251.1489898734348,256.64860279037134,533187
2023-02-14,255.7320098876953,267.18953721241286,255.2737087947066,262.14822518953713,356278
2023-02-15,245.1910858154297,257.5652153799467,243.35788143550124,252.9822044301256,850400
2023-02-16,248.39920043945312,251.14900708638433,239.23317828301575,247.4825982238094,770444
2023-02-17,238.3165740966797,251.14900500957782,234.65016526442307,249.3158005934495,430908
2023-02-22,230.52545166015625,240.60807578843344,227.775645079717,240.60807578843344,541961
2023-02-23,224.10923767089844,233.27525966152822,223.65093657136694,232.35865746246523,479400
2023-02-24,223.42178344726562,229.15054712540064,221.359428523137,227.08819220127205,461258
2023-02-27,226.40074157714844,228.6922470586985,221.35942951773825,224.7966877400634,712136
2023-02-28,224.56753540039062,230.98375069754465,221.35942775181363,227.08819140998685,475075
2023-03-01,223.65093994140625,226.8590476864674,221.817735515657,223.65093994140625,607934
2023-03-02,224.56753540039062,226.40073977100607,211.7351048060826,223.65093321508292,433049
2023-03-03,233.7335662841797,235.56677072562422,221.81773741479012,224.56754407695695,494776
2023-03-06,223.8800811767578,232.81695238033362,223.8800811767578,227.77564041934215,959009
2023-03-07,226.40074157714844,229.15054815500855,219.9845262288082,225.7132899326834,920806
2023-03-08,219.98452758789062,231.4420550664266,218.15132319132488,228.23394737243652,349892
2023-03-09,218.1513214111328,223.6509345559513,211.73510607551125,223.4217840082505,840881
2023-03-10,205.3188934326172,219.98452867780415,202.56908682414465,218.15132427215576,955200
2023-03-13,194.09051513671875,207.15209643871754,192.48646129261365,199.8192788656656,646989
2023-03-14,185.1536407470703,201.19417893060364,182.40383420132176,196.1528669300646,1509303
2023-03-15,184.23704528808594,186.07024971881316,175.98762534981344,180.5706364266315,2783671
2023-03-16,200.7358856201172,201.65248783756064,185.61194903230015,187.44515346718705,1694064
2023-03-17,208.9853057861328,210.81851022285326,196.61117583826967,200.73588582089073,901028
2023-03-20,217.0055694580078,217.6930211035981,207.61039696827356,210.81850464769502,665301
2023-03-21,212.880859375,221.81773075888051,205.31889128094727,216.31811759956943,2183425
2023-03-22,214.7140655517578,217.23472160412638,207.83954904529813,212.88086115003523,856446
2023-03-23,211.96426391601562,219.98453336148648,208.29785502665752,214.48492002744933,1074723
2023-03-27,225.71328735351562,228.69224444549096,210.81850189363897,215.40151280437024,987913
2023-03-28,237.39996337890625,238.3165655541144,222.73432857557614,223.65093075078428,1332831
2023-03-29,248.39920043945312,250.2324048707406,233.7335649891533,241.52468382212507,929301
2023-03-30,249.3157958984375,255.73201123405906,245.64938713522517,247.48259151683135,1215262
2023-03-31,237.8582763671875,252.06561079374399,236.02507192505118,252.06561079374399,923898
2023-04-03,242.8995819091797,244.27448520300524,233.73355995034274,239.2331731256449,525512
2023-04-04,240.1497802734375,246.10769466953425,235.56676919951695,243.81618913257395,696848
2023-04-05,243.81617736816406,246.5659838798351,230.52544589508744,238.316564344822,1727333
2023-04-10,245.1910858154297,250.23239786023294,239.23317158066226,245.6493869104118,719048
2023-04-11,246.10769653320312,251.14900875269146,243.81619097889023,247.48259986579083,1192317
2023-04-12,249.3157958984375,252.9822046616498,241.52467727661133,247.48259151683135,1111617
2023-04-13,254.81541442871094,256.19031774397376,247.48259674730917,247.94089785239677,532122
2023-04-14,257.1069030761719,262.60651597619693,252.06559125114887,256.64860200116976,827894
2023-04-17,259.8567199707031,262.1482254378169,254.8154079430528,261.68992434439417,894759
2023-04-18,265.3563232421875,268.5644307770671,258.48180709601684,260.31501140166233,887243
2023-04-19,265.81463623046875,268.10614171521416,254.81540990369072,267.6478406182651,1558634
2023-04-20,278.1887512207031,279.1053533664056,263.06481581661217,267.1895254722733,1803627
2023-04-21,291.93780517578125,293.3127084968603,272.6891586806748,278.6470730720173,1185102
2023-04-24,298.35400390625,300.645509312596,284.14667038690476,291.479487687212,2424758
2023-04-25,314.85284423828125,319.89415615476025,299.27060740552787,301.10381173879296,2419455
2023-04-26,333.6431884765625,334.5597906427069,302.4787148276528,316.22774731981883,1162909
2023-04-27,324.4771728515625,341.8926143322961,316.22775320279396,338.2262055995101,927631
2023-04-28,331.80999755859375,332.72659976179426,320.35247001858704,329.97679315219267,1028877
2023-05-02,340.0,344.0,322.0,339.0,763740
2023-05-03,346.5,354.0,338.0,344.0,1461224
2023-05-04,323.0,351.0,320.0,347.0,491424
2023-05-05,324.0,334.0,320.0,325.0,485573
2023-05-08,346.5,347.5,321.5,327.0,956824
2023-05-09,354.5,359.0,346.0,347.0,1052023
2023-05-10,362.0,363.0,343.0,359.5,804674
2023-05-11,347.0,370.0,345.0,361.0,1644835
2023-05-12,362.0,366.5,336.0,348.0,1002226
2023-05-15,363.5,366.0,346.0,362.0,434660
2023-05-16,376.5,380.0,355.0,355.0,796863
2023-05-17,383.5,399.5,376.5,381.0,1849077
2023-05-18,396.0,397.0,373.0,385.0,1225292
2023-05-19,416.0,419.5,395.5,396.0,1116489
2023-05-22,418.0,422.0,407.0,407.0,548113
2023-05-23,401.5,424.0,394.0,418.0,579587
2023-05-24,395.5,403.5,385.0,395.0,566650
2023-05-29,399.0,405.0,380.0,395.5,543304
2023-05-30,397.0,403.0,385.0,402.0,411505
2023-05-31,399.5,403.0,390.0,396.5,518803
2023-06-01,397.0,405.0,396.0,397.0,467530
2023-06-02,398.0,404.5,397.5,404.5,1323283
2023-06-05,407.0,413.0,395.0,406.5,529843
2023-06-06,428.0,430.0,390.0,411.0,828227
2023-06-07,413.0,433.0,400.0,431.0,525715
2023-06-08,409.0,420.0,402.0,415.0,380872
2023-06-09,418.0,424.0,400.0,411.0,540349
2023-06-12,425.0,426.0,407.0,419.0,608949
2023-06-13,423.0,428.5,414.0,427.0,338370
2023-06-14,406.5,425.0,405.5,425.0,319605
2023-06-15,406.5,410.0,400.5,409.0,398545
2023-06-16,398.0,409.5,395.0,409.0,1065279
2023-06-21,397.0,408.0,391.0,408.0,1496743
2023-06-22,395.5,405.0,392.0,401.5,1140342
2023-06-23,393.5,400.0,391.5,400.0,749339
2023-06-26,401.5,405.0,391.5,397.0,1111261
2023-06-27,383.5,408.0,377.5,406.5,1080755
2023-06-28,378.5,390.0,370.5,385.0,767769
2023-06-29,380.0,385.5,377.5,380.0,503843
2023-06-30,390.0,409.0,378.0,381.0,1061417
2023-07-03,415.0,417.5,387.5,399.0,1111607
2023-07-04,414.0,422.0,408.0,415.0,463855
2023-07-05,412.5,417.0,406.0,417.0,524503
2023-07-06,411.0,415.0,398.0,415.0,438531
2023-07-07,413.0,420.0,406.5,410.0,620167
2023-07-10,417.0,419.0,410.0,415.0,400248
2023-07-11,426.0,427.5,404.0,417.0,575826
2023-07-12,428.0,434.0,421.0,426.0,526193
2023-07-13,448.0,458.0,425.5,428.0,1297816
2023-07-14,429.0,455.0,426.0,455.0,863835
2023-07-17,438.0,445.0,428.0,434.0,573201
2023-07-18,436.5,444.0,430.0,437.0,314451
2023-07-19,444.0,445.0,434.0,437.0,946951
2023-07-20,460.0,463.0,440.0,445.0,790807
2023-07-21,480.0,482.0,453.0,460.0,873592
2023-07-24,460.5,485.0,458.5,485.0,814423
2023-07-25,456.5,467.0,450.0,464.0,979176
2023-07-26,446.0,463.0,439.0,450.0,1200883
2023-07-27,448.0,450.0,438.5,445.0,985209
2023-07-28,448.5,456.5,445.0,451.0,708854
2023-07-31,436.0,453.5,431.0,449.0,804328
2023-08-01,430.5,446.0,427.0,436.0,630724
2023-08-02,426.5,439.0,403.0,433.0,1237105
2023-08-03,408.5,442.5,407.0,430.0,1054463
2023-08-04,414.5,421.0,410.0,411.0,529031
2023-08-07,414.0,425.0,409.0,418.0,732878
2023-08-08,432.5,450.0,408.0,416.0,1164594
2023-08-09,421.0,443.0,419.0,435.0,939275
2023-08-10,412.0,432.0,410.0,423.0,731960
2023-08-11,440.5,447.0,410.0,420.0,1011061
2023-08-14,459.5,467.0,429.5,447.0,806921
2023-08-15,489.5,494.0,452.0,459.5,893894
2023-08-16,507.0,511.0,485.0,485.0,1839486
2023-08-17,545.5,552.0,505.0,507.0,2211259
2023-08-18,563.0,566.0,520.0,545.5,1185094
2023-08-22,570.0,573.0,545.0,565.0,1036956
2023-08-23,588.5,598.0,564.0,565.0,691339
2023-08-24,576.5,600.0,572.0,590.0,1014191
2023-08-25,597.0,599.5,568.0,587.0,646814
2023-08-28,600.0,650.0,580.0,598.0,1451078
2023-08-29,612.0,635.0,600.0,600.0,1515687
2023-08-30,627.0,628.0,601.5,612.0,865638
2023-08-31,615.0,640.0,611.0,628.0,643231
2023-09-01,608.0,634.0,600.5,615.0,599486
2023-09-04,601.0,618.0,597.0,601.0,227875
2023-09-05,553.5,615.0,550.0,602.0,739092
2023-09-06,526.0,568.0,522.0,556.0,749909
2023-09-07,502.5,547.0,495.0,526.0,1081426
2023-09-08,503.0,534.0,495.0,510.0,526742
2023-09-11,469.5,517.0,466.0,503.0,2034269
2023-09-12,487.0,491.0,467.0,470.0,1613062
2023-09-13,517.0,526.5,488.5,490.0,839373
2023-09-14,564.5,570.0,525.0,527.5,818338
2023-09-15,595.0,599.0,550.5,579.0,986571
2023-09-18,629.0,631.0,600.0,610.0,1318854
2023-09-19,630.0,640.5,590.0,635.0,1095218
2023-09-20,602.5,644.0,593.5,629.0,1033749
2023-09-21,580.0,599.5,560.0,596.0,683244
2023-09-22,581.0,593.5,563.5,581.0,553873
2023-09-25,589.0,599.5,562.0,583.0,432363
2023-09-26,580.5,600.0,576.0,598.0,570369
2023-09-27,592.5,608.0,583.5,583.5,584172
2023-09-28,622.5,625.0,597.0,609.5,881343
2023-09-29,614.0,640.0,601.5,629.0,933246
2023-10-02,589.5,619.0,585.0,619.0,691282
2023-10-03,618.5,631.5,575.0,591.0,967994
2023-10-04,666.5,672.0,619.0,619.0,694749
2023-10-05,730.0,733.0,671.0,685.0,1404257
2023-10-06,799.0,814.0,745.5,763.0,1516082
2023-10-09,848.5,855.0,795.0,805.0,988676
2023-10-10,868.0,979.0,850.0,860.0,2323716
2023-10-11,923.5,927.5,795.0,885.0,1880947
2023-10-12,1073.5,1090.0,908.0,940.0,2924987
2023-10-17,1144.5,1200.0,1090.0,1090.0,3502029
2023-10-18,1109.5,1194.5,1050.0,1180.0,2758504
2023-10-19,1104.0,1140.0,985.5,1112.0,2386427
2023-10-20,1123.0,1169.5,1101.0,1130.0,1660326
2023-10-23,866.5,1060.0,858.0,1060.0,1805949
2023-10-24,810.0,948.0,760.0,881.0,1588327
2023-10-25,890.5,902.0,761.0,810.0,1448918
2023-10-26,869.5,960.0,850.0,905.0,1003017
2023-10-27,882.5,925.0,851.5,893.0,863150
2023-10-30,755.5,924.5,747.0,900.0,968770
2023-10-31,706.5,780.0,689.5,756.0,234546
2023-11-01,717.5,750.0,706.5,715.0,1196417
2023-11-02,821.5,825.0,745.0,748.5,1649663
2023-11-03,798.0,880.0,767.5,829.0,1401000
2023-11-07,766.5,825.0,745.0,799.0,831472
2023-11-08,732.0,789.5,727.0,766.0,473565
2023-11-09,845.0,860.0,702.0,746.0,1035759
2023-11-10,919.0,925.0,848.0,848.0,1333354
2023-11-13,873.5,949.0,850.0,917.5,1143597
2023-11-14,838.5,893.0,826.0,882.5,477806
2023-11-15,813.5,870.0,803.0,850.0,460325
2023-11-16,750.5,833.5,745.0,815.0,1420579
2023-11-17,791.0,815.0,745.0,745.0,1559122
2023-11-21,928.5,1000.0,829.5,999.0,2192616
2023-11-22,1011.5,1054.0,900.0,935.0,1836138
2023-11-23,1024.5,1060.0,951.0,1010.0,1469746
2023-11-24,946.5,1060.0,930.0,1045.0,2189320
2023-11-27,831.0,948.0,788.0,940.0,2296739
2023-11-28,757.5,870.5,750.0,840.0,2211208
2023-11-29,790.0,810.0,760.0,760.0,1257766
2023-11-30,826.0,833.5,774.0,800.0,860389
2023-12-01,919.0,950.0,840.0,849.0,1927022
2023-12-04,920.0,949.0,855.0,949.0,846127
2023-12-05,882.0,939.0,865.0,920.0,1293610
2023-12-06,941.5,948.0,877.0,890.0,1154991
2023-12-07,1004.0,1015.0,922.0,946.0,1843833
2023-12-11,991.0,1050.0,942.0,1020.0,2234291
2023-12-12,1003.0,1025.0,951.0,995.0,1473954
2023-12-13,929.0,1070.0,909.0,1040.0,1293332
2023-12-14,882.0,955.0,870.0,939.5,1429027
2023-12-15,810.0,897.0,793.5,880.0,1660000
2023-12-18,815.5,839.0,780.0,830.0,1424612
2023-12-19,837.0,846.5,820.5,822.0,1793556
2023-12-20,825.0,869.0,817.0,852.0,1340287
2023-12-21,858.0,885.0,792.0,830.0,1588837
2023-12-22,845.5,876.0,835.0,876.0,413513
2023-12-26,800.0,855.0,788.5,845.0,1527899
2023-12-27,769.0,813.0,747.0,813.0,1540861
2023-12-28,816.5,829.0,780.5,786.5,1861894
2023-12-29,849.0,850.0,825.0,825.0,1001501
2024-01-02,825.0,851.0,818.5,850.0,780675
2024-01-03,865.0,876.0,817.0,829.5,1550627
2024-01-04,933.0,945.0,865.0,870.0,1537267
2024-01-05,1011.5,1045.0,936.5,938.0,2376334
2024-01-08,986.0,1025.0,970.0,1008.0,2682546
2024-01-09,941.0,1000.0,940.0,986.0,1670516
2024-01-10,947.5,973.5,913.0,942.5,905898
2024-01-11,919.5,970.0,913.0,950.0,684020
2024-01-12,886.5,933.0,870.0,920.5,708784
2024-01-15,881.0,912.5,879.0,900.0,814024
2024-01-16,920.0,928.5,881.0,890.0,1631070
2024-01-17,971.0,980.0,926.0,927.0,2252340
2024-01-18,953.5,999.0,948.0,971.0,945857
2024-01-19,955.0,972.0,950.0,950.0,971645
2024-01-22,982.5,987.0,955.0,960.0,753937
2024-01-23,1002.0,1014.0,957.0,982.0,933273
2024-01-24,1083.0,1090.0,1012.0,1020.0,1753852
2024-01-25,1094.0,1123.0,1080.0,1090.0,1208051
2024-01-26,1033.5,1097.0,1022.5,1087.5,990705
2024-01-29,1045.5,1070.0,996.0,1025.0,479178
2024-01-30,1022.5,1063.0,1010.0,1038.0,732371
2024-01-31,1021.5,1045.0,997.0,1024.0,675998
2024-02-01,1051.5,1062.5,1000.0,1030.0,716737
2024-02-02,1066.5,1072.0,1032.0,1053.5,519724
2024-02-05,1057.0,1081.5,1000.0,1071.0,729376
2024-02-06,996.5,1051.0,992.0,1045.0,671860
2024-02-07,950.5,996.0,930.0,988.0,2013257
2024-02-08,920.0,970.0,908.0,959.0,758314
2024-02-09,920.5,950.0,902.0,906.0,1675078
2024-02-14,896.5,933.0,858.0,925.0,561314
2024-02-15,892.5,917.0,881.5,901.0,389008
2024-02-16,879.0,906.0,840.0,892.5,671054
2024-02-19,889.0,900.0,860.0,875.0,1039140
2024-02-20,836.0,898.0,817.0,889.0,1366109
2024-02-21,795.5,838.0,790.0,827.0,836053
2024-02-22,803.5,832.0,796.0,802.0,1209188
2024-02-23,869.0,872.5,774.0,805.0,1189782
2024-02-26,865.0,895.0,841.0,869.0,1385437
2024-02-27,795.0,870.0,790.0,865.0,658438
2024-02-28,745.5,800.0,736.0,790.0,1027624
2024-02-29,755.5,780.0,745.5,750.0,855240
2024-03-01,812.5,823.0,752.0,770.0,840006
2024-03-04,787.5,838.0,783.0,830.0,773706
2024-03-05,729.0,790.0,716.0,784.0,674658
2024-03-06,716.5,768.5,692.0,748.0,1447849
2024-03-07,748.5,760.0,682.0,721.0,1402770
2024-03-08,732.5,769.5,699.5,760.0,1605140
2024-03-11,712.5,739.5,694.0,732.5,1016805
2024-03-12,735.5,764.0,716.0,716.0,1515939
2024-03-13,750.0,775.0,740.0,741.0,979965
2024-03-14,746.5,750.0,721.0,749.5,538362
2024-03-15,737.5,758.5,715.0,749.0,595480
2024-03-18,741.0,749.0,720.0,740.0,1376525
2024-03-19,803.5,818.5,730.0,742.0,1962993
2024-03-20,820.0,832.0,802.0,805.0,1137096
2024-03-21,874.0,889.5,774.0,840.0,1583152
2024-03-22,860.0,883.5,845.0,879.0,660379
2024-03-25,878.5,884.0,835.0,860.0,997604
2024-03-26,910.5,914.0,855.0,869.0,732118
2024-03-27,895.0,928.0,880.0,908.0,874896
2024-04-03,851.0,900.0,841.0,900.0,1231483
2024-04-04,806.5,860.0,803.0,850.0,1305932
2024-04-05,773.0,815.0,762.0,800.0,1892357
2024-04-08,804.0,808.0,770.0,780.0,1426737
2024-04-09,846.5,850.0,793.0,809.5,1044722
2024-04-10,832.0,847.5,817.0,847.5,713572
2024-04-11,859.5,865.0,817.0,826.0,126607
2024-04-12,859.0,866.5,837.0,860.0,628681
2024-04-15,851.5,896.5,838.0,859.0,1344578
2024-04-16,860.5,901.0,813.0,850.0,710220
2024-04-17,806.5,885.0,802.0,865.0,1296858
2024-04-18,807.0,821.0,801.0,810.0,846390
2024-04-19,806.0,813.0,795.0,807.0,659551
2024-04-22,827.0,840.0,795.0,810.0,878233
2024-04-23,816.5,839.0,810.0,826.5,847770
2024-04-24,814.5,833.5,801.0,811.0,712653
2024-04-25,859.5,875.0,810.0,810.0,795155
2024-04-26,863.5,886.5,847.5,860.0,457510
2024-04-29,864.5,899.0,860.0,865.0,818248
2024-04-30,842.5,893.5,840.0,874.5,1158112
2024-05-02,868.0,874.0,828.0,843.0,1594863
2024-05-03,947.0,970.0,838.0,870.0,2019011
2024-05-06,921.0,975.0,898.0,947.0,1569608
2024-05-07,899.0,932.0,888.0,926.0,1452735
2024-05-08,888.0,920.0,885.0,890.0,1077448
2024-05-09,872.0,898.0,867.0,887.0,432146
2024-05-10,914.0,924.0,871.0,888.5,971994
2024-05-13,883.0,928.0,876.0,918.0,534904
2024-05-14,878.0,895.0,867.0,879.0,544766
2024-05-15,903.0,912.0,878.5,881.0,2002455
2024-05-16,929.5,947.0,896.0,905.0,1320274
2024-05-17,928.5,950.0,910.0,931.0,997760
2024-05-20,966.0,970.5,906.0,935.0,1154068
2024-05-21,1003.5,1010.0,967.0,969.5,2052956
2024-05-22,1026.0,1030.0,990.0,1004.0,1255592
2024-05-23,1019.5,1032.0,982.0,1031.0,928957
2024-05-24,994.0,1000.0,991.0,1000.0,1350
2024-05-27,1025.0,1050.0,999.0,1030.0,1472075
2024-05-28,1033.0,1046.0,992.0,1028.0,1173689
2024-05-29,1002.0,1039.0,999.0,1039.0,678809
2024-05-30,1009.0,1018.0,1000.0,1004.0,1914869
2024-05-31,1020.5,1023.0,994.0,1004.0,994178
2024-06-03,1027.5,1034.0,1002.0,1021.0,585492
2024-06-04,983.5,1024.0,982.0,1024.0,733848
2024-06-05,972.0,985.0,950.0,983.5,1789953
2024-06-06,924.0,979.5,920.5,979.5,1335973
2024-06-07,949.0,960.0,921.0,924.5,577724
2024-06-10,951.0,977.0,939.0,949.0,702809
2024-06-11,935.5,959.5,930.0,950.0,441988
2024-06-12,926.0,953.0,918.5,942.0,1159009
2024-06-13,920.0,952.0,890.0,949.0,1333470
2024-06-14,906.5,943.0,895.0,925.0,930774
2024-06-18,865.0,920.0,863.0,906.0,1297658
2024-06-19,874.5,880.0,850.0,865.0,541685
2024-06-24,874.5,885.0,859.5,874.5,728425
2024-06-25,873.5,889.5,865.0,879.0,1298956
2024-06-26,896.0,909.0,867.0,867.0,929090
2024-06-27,965.5,968.0,901.0,905.0,965797
2024-06-28,974.0,994.0,945.0,977.0,1411473
2024-07-01,1016.0,1019.0,935.0,975.0,1800561
2024-07-02,1032.0,1066.0,1005.0,1015.0,1159062
2024-07-03,995.5,1048.0,990.0,1048.0,689522
2024-07-04,1001.0,1006.5,980.0,998.0,500321
2024-07-05,1054.5,1060.0,990.0,1018.5,909578
2024-07-08,1057.5,1080.0,1030.0,1039.0,475911
2024-07-10,1100.0,1105.0,1035.0,1055.0,504744
2024-07-11,1085.0,1120.0,1060.0,1100.0,883979
2024-07-12,1085.0,1125.0,1070.0,1110.0,866508
2024-07-15,922.0,1060.0,910.0,1050.0,1008187
2024-07-16,980.0,983.0,870.0,939.0,1430041
2024-07-17,1050.0,1075.0,965.0,998.0,801139
2024-07-18,1030.0,1090.0,1005.0,1025.0,843706
2024-07-19,1030.0,1060.0,1025.0,1040.0,390242
2024-07-22,1070.0,1080.0,1005.0,1040.0,678400
2024-07-23,1100.0,1110.0,1040.0,1065.0,1104709
2024-07-24,1060.0,1110.0,1050.0,1100.0,749870
2024-07-25,1010.0,1070.0,995.0,1070.0,671026
2024-07-26,1000.0,1035.0,995.0,1010.0,495564
2024-07-29,947.0,1010.0,930.0,981.0,315370
2024-07-30,901.0,955.0,895.0,940.0,370621
2024-07-31,944.0,953.0,883.0,904.0,121610
2024-08-01,928.0,958.0,925.0,947.0,1018266
2024-08-02,886.0,926.0,871.0,926.0,1146895
2024-08-05,851.0,875.0,821.0,850.0,1795118
2024-08-06,848.0,880.0,846.0,860.0,721740
2024-08-07,844.0,868.0,841.0,860.0,475968
2024-08-08,865.0,871.0,843.0,843.0,495668
2024-08-09,907.0,920.0,867.0,886.0,2206990
2024-08-12,886.0,935.0,865.0,908.0,512267
2024-08-13,903.0,908.0,878.0,891.0,482486
2024-08-14,891.0,910.0,890.0,909.0,648592
2024-08-15,908.0,911.0,887.0,895.0,767516
2024-08-16,911.0,922.0,901.0,908.0,764630
2024-08-19,899.0,924.0,888.0,915.0,801298
2024-08-20,887.0,910.0,876.0,900.0,1163349
2024-08-21,869.0,890.0,865.0,890.0,504445
2024-08-22,874.0,901.0,861.0,872.0,1188186
2024-08-23,870.0,902.0,863.0,902.0,598923
2024-08-26,866.0,879.0,856.0,872.0,348970
2024-08-27,873.0,879.0,861.0,875.0,340145
2024-08-28,866.0,882.0,859.0,861.0,702483
2024-08-29,853.0,880.0,850.0,875.0,1257094
2024-08-30,834.0,864.0,819.0,860.0,2963697
2024-09-02,827.0,841.0,821.0,837.0,1533774
2024-09-03,800.0,828.0,793.0,827.0,1465229
2024-09-04,785.0,814.0,777.0,802.0,1913477
2024-09-05,756.0,797.0,746.0,792.0,2656827
2024-09-06,765.0,769.0,753.0,759.0,1110084
2024-09-09,789.0,800.0,770.0,775.0,1321049
2024-09-10,799.0,820.0,775.0,797.0,2582620
2024-09-11,828.0,835.0,800.0,819.0,1561705
2024-09-12,836.0,840.0,825.0,838.0,1168354
2024-09-13,841.0,849.0,815.0,836.0,966119
2024-09-16,862.0,867.0,815.0,841.0,2162620
2024-09-17,860.0,874.0,851.0,863.0,1459713
2024-09-18,835.0,869.0,820.0,867.0,1287023
2024-09-19,858.0,862.0,822.0,836.0,2205817
2024-09-20,850.0,860.0,841.0,858.0,449798
2024-09-23,840.0,859.0,830.0,842.0,828687
2024-09-24,871.0,879.0,831.0,831.0,1746163
2024-09-25,848.0,882.0,844.0,872.0,518153
2024-09-26,839.0,855.0,820.0,850.0,782359
2024-09-27,852.0,856.0,834.0,835.0,871965
2024-09-30,831.0,865.0,828.0,852.0,428151
2024-10-01,844.0,859.0,825.0,835.0,483985
2024-10-02,857.0,860.0,840.0,858.0,649330
2024-10-03,851.0,860.0,838.0,857.0,646430
2024-10-04,846.0,860.0,840.0,850.0,372405
2024-10-07,836.0,856.0,834.0,856.0,632595
2024-10-08,823.0,844.0,820.0,844.0,612849
2024-10-09,822.0,834.0,816.0,828.0,1271758
2024-10-10,818.0,830.0,813.0,822.0,628913
2024-10-14,802.0,820.0,800.0,816.0,677844
2024-10-15,800.0,810.0,790.0,808.0,1018950
2024-10-16,801.0,808.0,794.0,805.0,1575346
2024-10-17,799.0,810.0,788.0,801.0,1066741
2024-10-18,797.0,808.0,781.0,808.0,833081
2024-10-21,783.0,803.0,780.0,797.0,799738
2024-10-22,766.0,788.0,755.0,785.0,1445383
2024-10-23,761.0,773.0,743.0,770.0,1342843
2024-10-24,792.0,798.0,760.0,767.0,1250209
2024-10-25,790.0,805.0,783.0,800.0,1421803
2024-10-28,776.0,811.0,771.0,799.0,1834074
2024-10-29,786.0,795.0,776.0,788.0,1011379
2024-10-30,789.0,795.0,772.0,772.0,964095
2024-10-31,795.0,805.0,784.0,791.0,796200
2024-11-01,817.0,819.0,798.0,798.0,1247994
2024-11-04,817.0,830.0,807.0,813.0,1128961
2024-11-05,811.0,823.0,804.0,812.0,1211887
2024-11-06,793.0,804.0,789.0,798.0,1691129
2024-11-07,781.0,808.0,779.0,799.0,1863006
2024-11-08,764.0,790.0,751.0,780.0,1157828
2024-11-11,789.0,794.0,759.0,762.0,1478828
2024-11-12,790.0,800.0,777.0,790.0,932612
2024-11-13,790.0,797.0,779.0,792.0,1302789
2024-11-14,812.0,814.0,780.0,790.0,1415476
2024-11-15,840.0,845.0,805.0,815.0,2244600
2024-11-19,832.0,860.0,830.0,850.0,2677029
2024-11-20,826.0,833.0,809.0,832.0,1884896
2024-11-21,832.0,834.0,817.0,826.0,2109966
2024-11-22,940.0,947.0,865.0,870.0,9269633
2024-11-25,966.0,1000.0,940.0,950.0,6501851
2024-11-26,965.0,989.0,945.0,979.0,3420851
2024-11-27,949.0,979.0,925.0,967.0,3629532
2024-11-28,945.0,955.0,930.0,949.0,657803
2024-11-29,962.0,971.0,934.0,949.0,1419052
2024-12-02,995.0,1025.0,952.0,956.0,3168365
2024-12-03,995.0,1020.0,972.0,1000.0,1532212
2024-12-04,962.0,1015.0,950.0,1000.0,1680573
2024-12-05,942.0,985.0,933.0,960.0,1183636
2024-12-06,925.0,956.0,905.0,942.0,1488557
2024-12-09,919.0,950.0,904.0,932.0,743513
2024-12-10,895.0,919.0,889.0,919.0,1065754
2024-12-11,916.0,920.0,883.0,891.0,706435
2024-12-12,888.0,922.0,883.0,917.0,1145155
2024-12-13,923.0,926.0,888.0,892.0,1865362
2024-12-16,954.0,955.0,924.0,924.0,3500293
2024-12-17,967.0,979.0,925.0,960.0,6030429
2024-12-18,956.0,983.0,955.0,978.0,3527753
2024-12-19,934.0,959.0,922.0,956.0,1091092
2024-12-20,912.0,950.0,910.0,940.0,1047143
2024-12-23,917.0,924.0,905.0,918.0,753100
2024-12-24,921.0,925.0,912.0,919.0,136839
2024-12-26,893.0,932.0,885.0,912.0,3477899
2024-12-27,896.0,905.0,881.0,897.0,973938
2024-12-30,895.0,906.0,865.0,900.0,1197374
2025-01-02,898.0,911.0,885.0,910.0,2147198
2025-01-03,882.0,905.0,879.0,900.0,2300783
2025-01-06,866.0,890.0,859.0,882.0,1665288
2025-01-07,868.0,874.0,852.0,870.0,1353653
2025-01-08,864.0,899.0,820.0,861.0,1673441
2025-01-09,878.0,888.0,861.0,861.0,2526645
2025-01-10,901.0,903.0,872.0,872.0,2215789
2025-01-13,873.0,910.0,871.0,909.0,1404138
2025-01-14,846.0,890.0,841.0,890.0,2534618
2025-01-15,819.0,854.0,817.0,842.0,1131789
2025-01-16,800.0,827.0,794.0,827.0,1571697
2025-01-17,796.0,814.0,766.0,800.0,2161552
2025-01-20,793.0,814.0,785.0,797.0,983741
2025-01-21,782.0,804.0,774.0,797.0,1633310
2025-01-22,808.0,811.0,782.0,782.0,2357725
2025-01-23,827.0,829.0,798.0,808.0,2161030
2025-01-24,816.0,836.0,798.0,830.0,2617869
2025-01-27,798.0,815.0,791.0,807.0,875254
2025-01-28,777.0,805.0,765.0,805.0,2343104
2025-01-29,808.0,815.0,778.0,779.0,1416918
2025-01-30,838.0,844.0,805.0,805.0,2428730
2025-01-31,854.0,859.0,835.0,837.0,2812321
2025-02-03,841.0,863.0,806.0,848.0,1377473
2025-02-04,850.0,857.0,829.0,836.0,766660
2025-02-05,827.0,853.0,827.0,840.0,958422
2025-02-06,814.0,833.0,797.0,827.0,2612303
2025-02-07,804.0,830.0,795.0,815.0,1074044
2025-02-10,811.0,819.0,763.0,785.0,1848239
2025-02-11,782.0,815.0,772.0,811.0,1384294
2025-02-12,771.0,787.0,761.0,779.0,1951541
2025-02-13,782.0,785.0,767.0,772.0,836176
2025-02-14,819.0,823.0,758.0,786.0,5226143
2025-02-17,810.0,830.0,781.0,805.0,2876620
2025-02-18,819.0,823.0,797.0,811.0,2229796
2025-02-19,816.0,823.0,801.0,814.0,1322388
2025-02-20,804.0,821.0,802.0,819.0,1187117
2025-02-21,795.0,812.0,784.0,810.0,2010095
2025-02-24,772.0,807.0,769.0,795.0,2480032
2025-02-25,753.0,776.0,749.0,769.0,1481059
2025-02-26,737.0,761.0,733.0,760.0,1776206
2025-02-27,724.0,746.0,715.0,738.0,4500756
2025-02-28,720.0,733.0,708.0,723.0,1370987
2025-03-05,745.0,748.0,711.0,725.0,1952173
2025-03-06,760.0,772.0,730.0,756.0,1955437
2025-03-07,760.0,768.0,734.0,750.0,934602
2025-03-10,722.0,754.0,720.0,741.0,576457
2025-03-11,722.0,742.0,713.0,723.0,697024
2025-03-12,738.0,747.0,715.0,735.0,1477677
2025-03-13,726.0,740.0,710.0,740.0,1051086
2025-03-14,749.0,757.0,729.0,738.0,3737281
2025-03-17,791.0,798.0,739.0,739.0,2268025
2025-03-18,793.0,825.0,781.0,801.0,3178976
2025-03-19,811.0,815.0,767.0,795.0,2666431
2025-03-20,794.0,806.0,780.0,806.0,672860
2025-03-21,820.0,829.0,782.0,792.0,1856455
2025-03-25,808.0,829.0,803.0,829.0,1715451
2025-03-26,783.0,814.0,775.0,808.0,2460806
2025-03-27,791.0,797.0,772.0,790.0,1024424
2025-03-28,800.0,803.0,771.0,795.0,1027543
2025-03-31,820.0,825.0,771.0,800.0,2476541
2025-04-01,789.0,825.0,787.0,822.0,762876
2025-04-03,752.0,783.0,749.0,760.0,1012076
2025-04-04,740.0,760.0,692.0,744.0,2651754
2025-04-07,710.0,752.0,705.0,727.0,1968214
2025-04-08,680.0,739.0,670.0,725.0,1793624
2025-04-09,717.0,754.0,625.0,680.0,4767460
2025-04-10,744.0,752.0,688.0,716.0,2464239
2025-04-11,767.0,789.0,730.0,750.0,3609837
2025-04-14,776.0,806.0,762.0,795.0,1106635
2025-04-15,725.0,780.0,716.0,780.0,1339163
